测试类型,文件,编号,推荐分,特征标签,回放链接,json绝对地址,数据目录,类型,总赢,倍率,请求数,掉落次数,补牌总数,消除位置总数,wp中奖位置总数,wild总数(可见盘面),单次最大wild数(可见盘面),是否免费旋转,免费送胡,是否金色百搭,中奖线,Scatter,起始SID,结束SID,spinId,起始余额,结束余额,为什么要测
免费中大奖,181.json,181,185,免费旋转 / 免费中大奖 / 免费送胡 / 金色/百搭,https://fish-games.s3.amazonaws.com/MahjongWays1/index.html?env=ceshislot.osshaiwai.com&hasFloat=0&token=436475c81b51e6893c740657870f86b7&language=en&debug=1&debugDataPath=https://raw.githubusercontent.com/jygameclub/testdataapi/main/mahjong1date/0525_0842&debugStart=181,https://raw.githubusercontent.com/jygameclub/testdataapi/main/mahjong1date/0525_0842/181.json,https://raw.githubusercontent.com/jygameclub/testdataapi/main/mahjong1date/0525_0842,Big Win,952.00,23.80,23,22,50,51,52,1,1,是,是,是,2,3,701077,701196,5641779692717691,9473388.0,9474300.0,Big Win / 23段连消/续转 / Scatter / Free Spin / 金色符号/百搭转换
免费中大奖,344.json,344,185,免费旋转 / 免费中大奖 / 免费送胡 / 金色/百搭,https://fish-games.s3.amazonaws.com/MahjongWays1/index.html?env=ceshislot.osshaiwai.com&hasFloat=0&token=436475c81b51e6893c740657870f86b7&language=en&debug=1&debugDataPath=https://raw.githubusercontent.com/jygameclub/testdataapi/main/mahjong1date/0525_0842&debugStart=344,https://raw.githubusercontent.com/jygameclub/testdataapi/main/mahjong1date/0525_0842/344.json,https://raw.githubusercontent.com/jygameclub/testdataapi/main/mahjong1date/0525_0842,Big Win,720.00,18.00,33,32,46,47,47,1,1,是,是,是,2,3,702404,702476,3631779694179939,9473298.0,9473978.0,Big Win / 33段连消/续转 / Scatter / Free Spin / 金色符号/百搭转换
Super Mega Win,827.json,827,155,金色/百搭,https://fish-games.s3.amazonaws.com/MahjongWays1/index.html?env=ceshislot.osshaiwai.com&hasFloat=0&token=436475c81b51e6893c740657870f86b7&language=en&debug=1&debugDataPath=https://raw.githubusercontent.com/jygameclub/testdataapi/main/mahjong1date/0525_0842&debugStart=827,https://raw.githubusercontent.com/jygameclub/testdataapi/main/mahjong1date/0525_0842/827.json,https://raw.githubusercontent.com/jygameclub/testdataapi/main/mahjong1date/0525_0842,Super Mega Win,4208.00,105.20,6,5,28,30,32,2,2,否,否,是,2,0,703935,703944,8451779695452783,9464354.0,9468522.0,Super Mega Win / 6段连消/续转 / 金色符号/百搭转换
Mega Win,279.json,279,145,金色/百搭,https://fish-games.s3.amazonaws.com/MahjongWays1/index.html?env=ceshislot.osshaiwai.com&hasFloat=0&token=436475c81b51e6893c740657870f86b7&language=en&debug=1&debugDataPath=https://raw.githubusercontent.com/jygameclub/testdataapi/main/mahjong1date/0525_0842&debugStart=279,https://raw.githubusercontent.com/jygameclub/testdataapi/main/mahjong1date/0525_0842/279.json,https://raw.githubusercontent.com/jygameclub/testdataapi/main/mahjong1date/0525_0842,Mega Win,1440.00,36.00,2,1,9,9,9,0,0,否,否,是,1,2,701438,701439,3321779692953074,9472096.0,9473496.0,Mega Win / 2段连消/续转 / 金色符号/百搭转换
Big Win,316.json,316,135,金色/百搭,https://fish-games.s3.amazonaws.com/MahjongWays1/index.html?env=ceshislot.osshaiwai.com&hasFloat=0&token=436475c81b51e6893c740657870f86b7&language=en&debug=1&debugDataPath=https://raw.githubusercontent.com/jygameclub/testdataapi/main/mahjong1date/0525_0842&debugStart=316,https://raw.githubusercontent.com/jygameclub/testdataapi/main/mahjong1date/0525_0842/316.json,https://raw.githubusercontent.com/jygameclub/testdataapi/main/mahjong1date/0525_0842,Big Win,1296.00,32.40,3,2,15,15,15,0,0,否,否,是,2,1,702307,702311,4911779694119739,9472818.0,9474074.0,Big Win / 3段连消/续转 / 金色符号/百搭转换
Big Win,187.json,187,135,金色/百搭,https://fish-games.s3.amazonaws.com/MahjongWays1/index.html?env=ceshislot.osshaiwai.com&hasFloat=0&token=436475c81b51e6893c740657870f86b7&language=en&debug=1&debugDataPath=https://raw.githubusercontent.com/jygameclub/testdataapi/main/mahjong1date/0525_0842&debugStart=187,https://raw.githubusercontent.com/jygameclub/testdataapi/main/mahjong1date/0525_0842/187.json,https://raw.githubusercontent.com/jygameclub/testdataapi/main/mahjong1date/0525_0842,Big Win,888.00,22.20,4,3,14,14,14,0,0,否,否,是,1,1,701221,701228,7181779692803690,9474100.0,9474948.0,Big Win / 4段连消/续转 / 金色符号/百搭转换
Big Win,947.json,947,135,金色/百搭,https://fish-games.s3.amazonaws.com/MahjongWays1/index.html?env=ceshislot.osshaiwai.com&hasFloat=0&token=436475c81b51e6893c740657870f86b7&language=en&debug=1&debugDataPath=https://raw.githubusercontent.com/jygameclub/testdataapi/main/mahjong1date/0525_0842&debugStart=947,https://raw.githubusercontent.com/jygameclub/testdataapi/main/mahjong1date/0525_0842/947.json,https://raw.githubusercontent.com/jygameclub/testdataapi/main/mahjong1date/0525_0842,Big Win,700.00,17.50,3,2,13,13,13,0,0,否,否,是,1,1,704281,704285,1681779695688748,9465264.0,9465924.0,Big Win / 3段连消/续转 / 金色符号/百搭转换
免费送胡,683.json,683,125,免费旋转 / 免费送胡 / 金色/百搭,https://fish-games.s3.amazonaws.com/MahjongWays1/index.html?env=ceshislot.osshaiwai.com&hasFloat=0&token=436475c81b51e6893c740657870f86b7&language=en&debug=1&debugDataPath=https://raw.githubusercontent.com/jygameclub/testdataapi/main/mahjong1date/0525_0842&debugStart=683,https://raw.githubusercontent.com/jygameclub/testdataapi/main/mahjong1date/0525_0842/683.json,https://raw.githubusercontent.com/jygameclub/testdataapi/main/mahjong1date/0525_0842,普通中奖,496.00,12.40,18,17,22,23,23,1,1,是,是,是,1,3,703431,703480,9811779695049167,9465506.0,9466098.0,18段连消/续转 / Scatter / Free Spin / 金色符号/百搭转换
免费送胡,354.json,354,125,免费旋转 / 免费送胡 / 金色/百搭,https://fish-games.s3.amazonaws.com/MahjongWays1/index.html?env=ceshislot.osshaiwai.com&hasFloat=0&token=436475c81b51e6893c740657870f86b7&language=en&debug=1&debugDataPath=https://raw.githubusercontent.com/jygameclub/testdataapi/main/mahjong1date/0525_0842&debugStart=354,https://raw.githubusercontent.com/jygameclub/testdataapi/main/mahjong1date/0525_0842/354.json,https://raw.githubusercontent.com/jygameclub/testdataapi/main/mahjong1date/0525_0842,普通中奖,168.00,4.20,18,17,23,23,23,0,0,是,是,是,1,3,702495,702535,7901779694300004,9473706.0,9473834.0,18段连消/续转 / Scatter / Free Spin / 金色符号/百搭转换
免费送胡,738.json,738,125,免费旋转 / 免费送胡 / 金色/百搭,https://fish-games.s3.amazonaws.com/MahjongWays1/index.html?env=ceshislot.osshaiwai.com&hasFloat=0&token=436475c81b51e6893c740657870f86b7&language=en&debug=1&debugDataPath=https://raw.githubusercontent.com/jygameclub/testdataapi/main/mahjong1date/0525_0842&debugStart=738,https://raw.githubusercontent.com/jygameclub/testdataapi/main/mahjong1date/0525_0842/738.json,https://raw.githubusercontent.com/jygameclub/testdataapi/main/mahjong1date/0525_0842,普通中奖,40.00,1.00,19,18,28,33,34,5,2,是,是,是,2,3,703661,703712,5241779695217235,9465104.0,9465824.0,19段连消/续转 / Scatter / Free Spin / 金色符号/百搭转换
免费送胡,657.json,657,125,免费旋转 / 免费送胡 / 金色/百搭,https://fish-games.s3.amazonaws.com/MahjongWays1/index.html?env=ceshislot.osshaiwai.com&hasFloat=0&token=436475c81b51e6893c740657870f86b7&language=en&debug=1&debugDataPath=https://raw.githubusercontent.com/jygameclub/testdataapi/main/mahjong1date/0525_0842&debugStart=657,https://raw.githubusercontent.com/jygameclub/testdataapi/main/mahjong1date/0525_0842/657.json,https://raw.githubusercontent.com/jygameclub/testdataapi/main/mahjong1date/0525_0842,普通中奖,16.00,0.40,18,17,28,28,28,0,0,是,是,是,2,3,703324,703368,6081779694943002,9466162.0,9466394.0,18段连消/续转 / Scatter / Free Spin / 金色符号/百搭转换
免费送胡,126.json,126,125,免费旋转 / 免费送胡 / 金色/百搭,https://fish-games.s3.amazonaws.com/MahjongWays1/index.html?env=ceshislot.osshaiwai.com&hasFloat=0&token=436475c81b51e6893c740657870f86b7&language=en&debug=1&debugDataPath=https://raw.githubusercontent.com/jygameclub/testdataapi/main/mahjong1date/0525_0842&debugStart=126,https://raw.githubusercontent.com/jygameclub/testdataapi/main/mahjong1date/0525_0842/126.json,https://raw.githubusercontent.com/jygameclub/testdataapi/main/mahjong1date/0525_0842,普通中奖,16.00,0.40,16,15,13,13,13,0,0,是,是,是,1,3,700847,700896,9221779692562141,9474680.0,9474832.0,16段连消/续转 / Scatter / Free Spin / 金色符号/百搭转换
免费送胡,367.json,367,125,免费旋转 / 免费送胡 / 金色/百搭,https://fish-games.s3.amazonaws.com/MahjongWays1/index.html?env=ceshislot.osshaiwai.com&hasFloat=0&token=436475c81b51e6893c740657870f86b7&language=en&debug=1&debugDataPath=https://raw.githubusercontent.com/jygameclub/testdataapi/main/mahjong1date/0525_0842&debugStart=367,https://raw.githubusercontent.com/jygameclub/testdataapi/main/mahjong1date/0525_0842/367.json,https://raw.githubusercontent.com/jygameclub/testdataapi/main/mahjong1date/0525_0842,普通中奖,16.00,0.40,14,13,3,3,3,0,0,是,是,是,1,3,702559,702587,9971779694391972,9473378.0,9473354.0,14段连消/续转 / Scatter / Free Spin / 金色符号/百搭转换
连消/掉落,931.json,931,90,金色/百搭,https://fish-games.s3.amazonaws.com/MahjongWays1/index.html?env=ceshislot.osshaiwai.com&hasFloat=0&token=436475c81b51e6893c740657870f86b7&language=en&debug=1&debugDataPath=https://raw.githubusercontent.com/jygameclub/testdataapi/main/mahjong1date/0525_0842&debugStart=931,https://raw.githubusercontent.com/jygameclub/testdataapi/main/mahjong1date/0525_0842/931.json,https://raw.githubusercontent.com/jygameclub/testdataapi/main/mahjong1date/0525_0842,普通中奖,504.00,12.60,5,4,27,31,35,4,1,否,否,是,3,1,704235,704243,4831779695659466,9465160.0,9465624.0,5段连消/续转 / 金色符号/百搭转换 / 多线中奖 3线
连消/掉落,257.json,257,90,金色/百搭,https://fish-games.s3.amazonaws.com/MahjongWays1/index.html?env=ceshislot.osshaiwai.com&hasFloat=0&token=436475c81b51e6893c740657870f86b7&language=en&debug=1&debugDataPath=https://raw.githubusercontent.com/jygameclub/testdataapi/main/mahjong1date/0525_0842&debugStart=257,https://raw.githubusercontent.com/jygameclub/testdataapi/main/mahjong1date/0525_0842/257.json,https://raw.githubusercontent.com/jygameclub/testdataapi/main/mahjong1date/0525_0842,普通中奖,320.00,8.00,4,3,17,19,21,2,1,否,否,是,3,0,701383,701388,8911779692915661,9472504.0,9472784.0,4段连消/续转 / 金色符号/百搭转换 / 多线中奖 3线
连消/掉落,637.json,637,90,金色/百搭,https://fish-games.s3.amazonaws.com/MahjongWays1/index.html?env=ceshislot.osshaiwai.com&hasFloat=0&token=436475c81b51e6893c740657870f86b7&language=en&debug=1&debugDataPath=https://raw.githubusercontent.com/jygameclub/testdataapi/main/mahjong1date/0525_0842&debugStart=637,https://raw.githubusercontent.com/jygameclub/testdataapi/main/mahjong1date/0525_0842/637.json,https://raw.githubusercontent.com/jygameclub/testdataapi/main/mahjong1date/0525_0842,普通中奖,228.00,5.70,3,2,13,16,20,3,2,否,否,是,3,0,703275,703277,7201779694905802,9466630.0,9466818.0,3段连消/续转 / 金色符号/百搭转换 / 多线中奖 3线
连消/掉落,420.json,420,75,金色/百搭,https://fish-games.s3.amazonaws.com/MahjongWays1/index.html?env=ceshislot.osshaiwai.com&hasFloat=0&token=436475c81b51e6893c740657870f86b7&language=en&debug=1&debugDataPath=https://raw.githubusercontent.com/jygameclub/testdataapi/main/mahjong1date/0525_0842&debugStart=420,https://raw.githubusercontent.com/jygameclub/testdataapi/main/mahjong1date/0525_0842/420.json,https://raw.githubusercontent.com/jygameclub/testdataapi/main/mahjong1date/0525_0842,普通中奖,512.00,12.80,4,3,20,22,23,2,1,否,否,是,2,0,702688,702692,9951779694532370,9471514.0,9471986.0,4段连消/续转 / 金色符号/百搭转换
连消/掉落,747.json,747,75,金色/百搭,https://fish-games.s3.amazonaws.com/MahjongWays1/index.html?env=ceshislot.osshaiwai.com&hasFloat=0&token=436475c81b51e6893c740657870f86b7&language=en&debug=1&debugDataPath=https://raw.githubusercontent.com/jygameclub/testdataapi/main/mahjong1date/0525_0842&debugStart=747,https://raw.githubusercontent.com/jygameclub/testdataapi/main/mahjong1date/0525_0842/747.json,https://raw.githubusercontent.com/jygameclub/testdataapi/main/mahjong1date/0525_0842,普通中奖,496.00,12.40,3,2,13,14,14,1,1,否,否,是,1,0,703746,703749,4001779695308649,9466058.0,9466514.0,3段连消/续转 / 金色符号/百搭转换
连消/掉落,527.json,527,75,金色/百搭,https://fish-games.s3.amazonaws.com/MahjongWays1/index.html?env=ceshislot.osshaiwai.com&hasFloat=0&token=436475c81b51e6893c740657870f86b7&language=en&debug=1&debugDataPath=https://raw.githubusercontent.com/jygameclub/testdataapi/main/mahjong1date/0525_0842&debugStart=527,https://raw.githubusercontent.com/jygameclub/testdataapi/main/mahjong1date/0525_0842/527.json,https://raw.githubusercontent.com/jygameclub/testdataapi/main/mahjong1date/0525_0842,普通中奖,488.00,12.20,3,2,13,13,13,0,0,否,否,是,1,1,702944,702950,3091779694719119,9469070.0,9469518.0,3段连消/续转 / 金色符号/百搭转换
连消/掉落,685.json,685,75,金色/百搭,https://fish-games.s3.amazonaws.com/MahjongWays1/index.html?env=ceshislot.osshaiwai.com&hasFloat=0&token=436475c81b51e6893c740657870f86b7&language=en&debug=1&debugDataPath=https://raw.githubusercontent.com/jygameclub/testdataapi/main/mahjong1date/0525_0842&debugStart=685,https://raw.githubusercontent.com/jygameclub/testdataapi/main/mahjong1date/0525_0842/685.json,https://raw.githubusercontent.com/jygameclub/testdataapi/main/mahjong1date/0525_0842,普通中奖,468.00,11.70,6,5,29,30,31,1,1,否,否,是,2,1,703493,703502,6271779695122168,9466078.0,9466506.0,6段连消/续转 / 金色符号/百搭转换
连消/掉落,969.json,969,75,金色/百搭,https://fish-games.s3.amazonaws.com/MahjongWays1/index.html?env=ceshislot.osshaiwai.com&hasFloat=0&token=436475c81b51e6893c740657870f86b7&language=en&debug=1&debugDataPath=https://raw.githubusercontent.com/jygameclub/testdataapi/main/mahjong1date/0525_0842&debugStart=969,https://raw.githubusercontent.com/jygameclub/testdataapi/main/mahjong1date/0525_0842/969.json,https://raw.githubusercontent.com/jygameclub/testdataapi/main/mahjong1date/0525_0842,普通中奖,416.00,10.40,4,3,15,16,16,1,1,否,否,是,1,0,704353,704358,4221779695741149,9465296.0,9465672.0,4段连消/续转 / 金色符号/百搭转换
连消/掉落,098.json,98,75,金色/百搭,https://fish-games.s3.amazonaws.com/MahjongWays1/index.html?env=ceshislot.osshaiwai.com&hasFloat=0&token=436475c81b51e6893c740657870f86b7&language=en&debug=1&debugDataPath=https://raw.githubusercontent.com/jygameclub/testdataapi/main/mahjong1date/0525_0842&debugStart=98,https://raw.githubusercontent.com/jygameclub/testdataapi/main/mahjong1date/0525_0842/098.json,https://raw.githubusercontent.com/jygameclub/testdataapi/main/mahjong1date/0525_0842,普通中奖,336.00,8.40,5,4,19,20,21,1,1,否,否,是,2,0,700776,700780,7111779692507739,9474756.0,9475052.0,5段连消/续转 / 金色符号/百搭转换
连消/掉落,578.json,578,75,金色/百搭,https://fish-games.s3.amazonaws.com/MahjongWays1/index.html?env=ceshislot.osshaiwai.com&hasFloat=0&token=436475c81b51e6893c740657870f86b7&language=en&debug=1&debugDataPath=https://raw.githubusercontent.com/jygameclub/testdataapi/main/mahjong1date/0525_0842&debugStart=578,https://raw.githubusercontent.com/jygameclub/testdataapi/main/mahjong1date/0525_0842/578.json,https://raw.githubusercontent.com/jygameclub/testdataapi/main/mahjong1date/0525_0842,普通中奖,320.00,8.00,2,1,9,9,9,0,0,否,否,是,1,1,703097,703099,5711779694803218,9468064.0,9468344.0,2段连消/续转 / 金色符号/百搭转换
连消/掉落,458.json,458,75,金色/百搭,https://fish-games.s3.amazonaws.com/MahjongWays1/index.html?env=ceshislot.osshaiwai.com&hasFloat=0&token=436475c81b51e6893c740657870f86b7&language=en&debug=1&debugDataPath=https://raw.githubusercontent.com/jygameclub/testdataapi/main/mahjong1date/0525_0842&debugStart=458,https://raw.githubusercontent.com/jygameclub/testdataapi/main/mahjong1date/0525_0842/458.json,https://raw.githubusercontent.com/jygameclub/testdataapi/main/mahjong1date/0525_0842,普通中奖,300.00,7.50,4,3,19,21,23,2,1,否,否,是,2,0,702750,702754,5631779694596853,9470790.0,9471050.0,4段连消/续转 / 金色符号/百搭转换
连消/掉落,313.json,313,75,金色/百搭,https://fish-games.s3.amazonaws.com/MahjongWays1/index.html?env=ceshislot.osshaiwai.com&hasFloat=0&token=436475c81b51e6893c740657870f86b7&language=en&debug=1&debugDataPath=https://raw.githubusercontent.com/jygameclub/testdataapi/main/mahjong1date/0525_0842&debugStart=313,https://raw.githubusercontent.com/jygameclub/testdataapi/main/mahjong1date/0525_0842/313.json,https://raw.githubusercontent.com/jygameclub/testdataapi/main/mahjong1date/0525_0842,普通中奖,288.00,7.20,4,3,16,17,17,1,1,否,否,是,1,0,702292,702300,8251779694111306,9472650.0,9472898.0,4段连消/续转 / 金色符号/百搭转换
连消/掉落,743.json,743,75,金色/百搭,https://fish-games.s3.amazonaws.com/MahjongWays1/index.html?env=ceshislot.osshaiwai.com&hasFloat=0&token=436475c81b51e6893c740657870f86b7&language=en&debug=1&debugDataPath=https://raw.githubusercontent.com/jygameclub/testdataapi/main/mahjong1date/0525_0842&debugStart=743,https://raw.githubusercontent.com/jygameclub/testdataapi/main/mahjong1date/0525_0842/743.json,https://raw.githubusercontent.com/jygameclub/testdataapi/main/mahjong1date/0525_0842,普通中奖,240.00,6.00,3,2,14,14,14,0,0,否,否,是,1,1,703737,703740,5451779695299149,9465978.0,9466178.0,3段连消/续转 / 金色符号/百搭转换
连消/掉落,107.json,107,75,金色/百搭,https://fish-games.s3.amazonaws.com/MahjongWays1/index.html?env=ceshislot.osshaiwai.com&hasFloat=0&token=436475c81b51e6893c740657870f86b7&language=en&debug=1&debugDataPath=https://raw.githubusercontent.com/jygameclub/testdataapi/main/mahjong1date/0525_0842&debugStart=107,https://raw.githubusercontent.com/jygameclub/testdataapi/main/mahjong1date/0525_0842/107.json,https://raw.githubusercontent.com/jygameclub/testdataapi/main/mahjong1date/0525_0842,普通中奖,240.00,6.00,2,1,9,9,9,0,0,否,否,是,1,0,700799,700800,1541779692531176,9474964.0,9475164.0,2段连消/续转 / 金色符号/百搭转换
连消/掉落,946.json,946,75,金色/百搭,https://fish-games.s3.amazonaws.com/MahjongWays1/index.html?env=ceshislot.osshaiwai.com&hasFloat=0&token=436475c81b51e6893c740657870f86b7&language=en&debug=1&debugDataPath=https://raw.githubusercontent.com/jygameclub/testdataapi/main/mahjong1date/0525_0842&debugStart=946,https://raw.githubusercontent.com/jygameclub/testdataapi/main/mahjong1date/0525_0842/946.json,https://raw.githubusercontent.com/jygameclub/testdataapi/main/mahjong1date/0525_0842,普通中奖,240.00,6.00,2,1,9,9,9,0,0,否,否,是,1,1,704276,704279,6021779695685033,9465064.0,9465264.0,2段连消/续转 / 金色符号/百搭转换
连消/掉落,740.json,740,75,金色/百搭,https://fish-games.s3.amazonaws.com/MahjongWays1/index.html?env=ceshislot.osshaiwai.com&hasFloat=0&token=436475c81b51e6893c740657870f86b7&language=en&debug=1&debugDataPath=https://raw.githubusercontent.com/jygameclub/testdataapi/main/mahjong1date/0525_0842&debugStart=740,https://raw.githubusercontent.com/jygameclub/testdataapi/main/mahjong1date/0525_0842/740.json,https://raw.githubusercontent.com/jygameclub/testdataapi/main/mahjong1date/0525_0842,普通中奖,218.00,5.45,3,2,12,14,16,2,2,否,否,是,2,0,703724,703726,9361779695287785,9465784.0,9465962.0,3段连消/续转 / 金色符号/百搭转换
连消/掉落,179.json,179,75,金色/百搭,https://fish-games.s3.amazonaws.com/MahjongWays1/index.html?env=ceshislot.osshaiwai.com&hasFloat=0&token=436475c81b51e6893c740657870f86b7&language=en&debug=1&debugDataPath=https://raw.githubusercontent.com/jygameclub/testdataapi/main/mahjong1date/0525_0842&debugStart=179,https://raw.githubusercontent.com/jygameclub/testdataapi/main/mahjong1date/0525_0842/179.json,https://raw.githubusercontent.com/jygameclub/testdataapi/main/mahjong1date/0525_0842,普通中奖,208.00,5.20,3,2,10,11,11,1,1,否,否,是,1,2,701070,701073,2391779692712043,9473260.0,9473428.0,3段连消/续转 / 金色符号/百搭转换
连消/掉落,716.json,716,75,金色/百搭,https://fish-games.s3.amazonaws.com/MahjongWays1/index.html?env=ceshislot.osshaiwai.com&hasFloat=0&token=436475c81b51e6893c740657870f86b7&language=en&debug=1&debugDataPath=https://raw.githubusercontent.com/jygameclub/testdataapi/main/mahjong1date/0525_0842&debugStart=716,https://raw.githubusercontent.com/jygameclub/testdataapi/main/mahjong1date/0525_0842/716.json,https://raw.githubusercontent.com/jygameclub/testdataapi/main/mahjong1date/0525_0842,普通中奖,208.00,5.20,3,2,14,15,16,1,1,否,否,是,2,0,703599,703602,7211779695183935,9465734.0,9465902.0,3段连消/续转 / 金色符号/百搭转换
连消/掉落,304.json,304,75,金色/百搭,https://fish-games.s3.amazonaws.com/MahjongWays1/index.html?env=ceshislot.osshaiwai.com&hasFloat=0&token=436475c81b51e6893c740657870f86b7&language=en&debug=1&debugDataPath=https://raw.githubusercontent.com/jygameclub/testdataapi/main/mahjong1date/0525_0842&debugStart=304,https://raw.githubusercontent.com/jygameclub/testdataapi/main/mahjong1date/0525_0842/304.json,https://raw.githubusercontent.com/jygameclub/testdataapi/main/mahjong1date/0525_0842,普通中奖,192.00,4.80,3,2,15,15,15,0,0,否,否,是,2,0,702255,702259,7081779694090241,9472714.0,9472866.0,3段连消/续转 / 金色符号/百搭转换
连消/掉落,004.json,4,75,金色/百搭,https://fish-games.s3.amazonaws.com/MahjongWays1/index.html?env=ceshislot.osshaiwai.com&hasFloat=0&token=436475c81b51e6893c740657870f86b7&language=en&debug=1&debugDataPath=https://raw.githubusercontent.com/jygameclub/testdataapi/main/mahjong1date/0525_0842&debugStart=4,https://raw.githubusercontent.com/jygameclub/testdataapi/main/mahjong1date/0525_0842/004.json,https://raw.githubusercontent.com/jygameclub/testdataapi/main/mahjong1date/0525_0842,普通中奖,184.00,4.60,3,2,12,14,15,2,1,否,否,是,2,2,700473,700480,1211779692357406,9477812.0,9477956.0,3段连消/续转 / 金色符号/百搭转换
连消/掉落,623.json,623,75,金色/百搭,https://fish-games.s3.amazonaws.com/MahjongWays1/index.html?env=ceshislot.osshaiwai.com&hasFloat=0&token=436475c81b51e6893c740657870f86b7&language=en&debug=1&debugDataPath=https://raw.githubusercontent.com/jygameclub/testdataapi/main/mahjong1date/0525_0842&debugStart=623,https://raw.githubusercontent.com/jygameclub/testdataapi/main/mahjong1date/0525_0842/623.json,https://raw.githubusercontent.com/jygameclub/testdataapi/main/mahjong1date/0525_0842,普通中奖,184.00,4.60,3,2,20,21,22,1,1,否,否,是,2,0,703243,703247,6661779694886284,9466946.0,9467090.0,3段连消/续转 / 金色符号/百搭转换
连消/掉落,796.json,796,75,金色/百搭,https://fish-games.s3.amazonaws.com/MahjongWays1/index.html?env=ceshislot.osshaiwai.com&hasFloat=0&token=436475c81b51e6893c740657870f86b7&language=en&debug=1&debugDataPath=https://raw.githubusercontent.com/jygameclub/testdataapi/main/mahjong1date/0525_0842&debugStart=796,https://raw.githubusercontent.com/jygameclub/testdataapi/main/mahjong1date/0525_0842/796.json,https://raw.githubusercontent.com/jygameclub/testdataapi/main/mahjong1date/0525_0842,普通中奖,180.00,4.50,3,2,12,12,12,0,0,否,否,是,1,2,703862,703864,7191779695394967,9465042.0,9465182.0,3段连消/续转 / 金色符号/百搭转换
连消/掉落,709.json,709,75,金色/百搭,https://fish-games.s3.amazonaws.com/MahjongWays1/index.html?env=ceshislot.osshaiwai.com&hasFloat=0&token=436475c81b51e6893c740657870f86b7&language=en&debug=1&debugDataPath=https://raw.githubusercontent.com/jygameclub/testdataapi/main/mahjong1date/0525_0842&debugStart=709,https://raw.githubusercontent.com/jygameclub/testdataapi/main/mahjong1date/0525_0842/709.json,https://raw.githubusercontent.com/jygameclub/testdataapi/main/mahjong1date/0525_0842,普通中奖,176.00,4.40,4,3,11,12,12,1,1,否,否,是,1,1,703575,703583,8141779695170018,9465838.0,9465974.0,4段连消/续转 / 金色符号/百搭转换
连消/掉落,462.json,462,75,金色/百搭,https://fish-games.s3.amazonaws.com/MahjongWays1/index.html?env=ceshislot.osshaiwai.com&hasFloat=0&token=436475c81b51e6893c740657870f86b7&language=en&debug=1&debugDataPath=https://raw.githubusercontent.com/jygameclub/testdataapi/main/mahjong1date/0525_0842&debugStart=462,https://raw.githubusercontent.com/jygameclub/testdataapi/main/mahjong1date/0525_0842/462.json,https://raw.githubusercontent.com/jygameclub/testdataapi/main/mahjong1date/0525_0842,普通中奖,170.00,4.25,3,2,8,9,9,1,1,否,否,是,1,0,702761,702765,3841779694608221,9470938.0,9471068.0,3段连消/续转 / 金色符号/百搭转换
连消/掉落,495.json,495,75,金色/百搭,https://fish-games.s3.amazonaws.com/MahjongWays1/index.html?env=ceshislot.osshaiwai.com&hasFloat=0&token=436475c81b51e6893c740657870f86b7&language=en&debug=1&debugDataPath=https://raw.githubusercontent.com/jygameclub/testdataapi/main/mahjong1date/0525_0842&debugStart=495,https://raw.githubusercontent.com/jygameclub/testdataapi/main/mahjong1date/0525_0842/495.json,https://raw.githubusercontent.com/jygameclub/testdataapi/main/mahjong1date/0525_0842,普通中奖,160.00,4.00,2,1,8,8,8,0,0,否,否,是,1,1,702846,702848,9961779694665203,9470030.0,9470150.0,2段连消/续转 / 金色符号/百搭转换
连消/掉落,807.json,807,75,金色/百搭,https://fish-games.s3.amazonaws.com/MahjongWays1/index.html?env=ceshislot.osshaiwai.com&hasFloat=0&token=436475c81b51e6893c740657870f86b7&language=en&debug=1&debugDataPath=https://raw.githubusercontent.com/jygameclub/testdataapi/main/mahjong1date/0525_0842&debugStart=807,https://raw.githubusercontent.com/jygameclub/testdataapi/main/mahjong1date/0525_0842/807.json,https://raw.githubusercontent.com/jygameclub/testdataapi/main/mahjong1date/0525_0842,普通中奖,160.00,4.00,2,1,8,8,8,0,0,否,否,是,1,1,703889,703890,8311779695415800,9464894.0,9465014.0,2段连消/续转 / 金色符号/百搭转换
连消/掉落,165.json,165,75,金色/百搭,https://fish-games.s3.amazonaws.com/MahjongWays1/index.html?env=ceshislot.osshaiwai.com&hasFloat=0&token=436475c81b51e6893c740657870f86b7&language=en&debug=1&debugDataPath=https://raw.githubusercontent.com/jygameclub/testdataapi/main/mahjong1date/0525_0842&debugStart=165,https://raw.githubusercontent.com/jygameclub/testdataapi/main/mahjong1date/0525_0842/165.json,https://raw.githubusercontent.com/jygameclub/testdataapi/main/mahjong1date/0525_0842,普通中奖,156.00,3.90,4,3,12,13,13,1,1,否,否,是,1,0,701023,701031,5491779692688158,9473580.0,9473696.0,4段连消/续转 / 金色符号/百搭转换
连消/掉落,100.json,100,75,金色/百搭,https://fish-games.s3.amazonaws.com/MahjongWays1/index.html?env=ceshislot.osshaiwai.com&hasFloat=0&token=436475c81b51e6893c740657870f86b7&language=en&debug=1&debugDataPath=https://raw.githubusercontent.com/jygameclub/testdataapi/main/mahjong1date/0525_0842&debugStart=100,https://raw.githubusercontent.com/jygameclub/testdataapi/main/mahjong1date/0525_0842/100.json,https://raw.githubusercontent.com/jygameclub/testdataapi/main/mahjong1date/0525_0842,普通中奖,152.00,3.80,3,2,11,12,12,1,1,否,否,是,1,0,700782,700785,9491779692518156,9475012.0,9475124.0,3段连消/续转 / 金色符号/百搭转换
连消/掉落,770.json,770,75,金色/百搭,https://fish-games.s3.amazonaws.com/MahjongWays1/index.html?env=ceshislot.osshaiwai.com&hasFloat=0&token=436475c81b51e6893c740657870f86b7&language=en&debug=1&debugDataPath=https://raw.githubusercontent.com/jygameclub/testdataapi/main/mahjong1date/0525_0842&debugStart=770,https://raw.githubusercontent.com/jygameclub/testdataapi/main/mahjong1date/0525_0842/770.json,https://raw.githubusercontent.com/jygameclub/testdataapi/main/mahjong1date/0525_0842,普通中奖,148.00,3.70,4,3,13,14,14,1,1,否,否,是,1,1,703791,703795,7201779695343067,9465690.0,9465798.0,4段连消/续转 / 金色符号/百搭转换
连消/掉落,574.json,574,75,金色/百搭,https://fish-games.s3.amazonaws.com/MahjongWays1/index.html?env=ceshislot.osshaiwai.com&hasFloat=0&token=436475c81b51e6893c740657870f86b7&language=en&debug=1&debugDataPath=https://raw.githubusercontent.com/jygameclub/testdataapi/main/mahjong1date/0525_0842&debugStart=574,https://raw.githubusercontent.com/jygameclub/testdataapi/main/mahjong1date/0525_0842/574.json,https://raw.githubusercontent.com/jygameclub/testdataapi/main/mahjong1date/0525_0842,普通中奖,140.00,3.50,3,2,11,11,11,0,0,否,否,是,1,0,703077,703082,7361779694793402,9468004.0,9468104.0,3段连消/续转 / 金色符号/百搭转换
连消/掉落,290.json,290,75,金色/百搭,https://fish-games.s3.amazonaws.com/MahjongWays1/index.html?env=ceshislot.osshaiwai.com&hasFloat=0&token=436475c81b51e6893c740657870f86b7&language=en&debug=1&debugDataPath=https://raw.githubusercontent.com/jygameclub/testdataapi/main/mahjong1date/0525_0842&debugStart=290,https://raw.githubusercontent.com/jygameclub/testdataapi/main/mahjong1date/0525_0842/290.json,https://raw.githubusercontent.com/jygameclub/testdataapi/main/mahjong1date/0525_0842,普通中奖,130.00,3.25,3,2,11,11,11,0,0,否,否,是,1,1,701473,701479,5801779692980825,9473116.0,9473206.0,3段连消/续转 / 金色符号/百搭转换
连消/掉落,589.json,589,75,金色/百搭,https://fish-games.s3.amazonaws.com/MahjongWays1/index.html?env=ceshislot.osshaiwai.com&hasFloat=0&token=436475c81b51e6893c740657870f86b7&language=en&debug=1&debugDataPath=https://raw.githubusercontent.com/jygameclub/testdataapi/main/mahjong1date/0525_0842&debugStart=589,https://raw.githubusercontent.com/jygameclub/testdataapi/main/mahjong1date/0525_0842/589.json,https://raw.githubusercontent.com/jygameclub/testdataapi/main/mahjong1date/0525_0842,普通中奖,128.00,3.20,4,3,13,13,13,0,0,否,否,是,1,1,703129,703136,3571779694819335,9467956.0,9468044.0,4段连消/续转 / 金色符号/百搭转换
连消/掉落,332.json,332,75,金色/百搭,https://fish-games.s3.amazonaws.com/MahjongWays1/index.html?env=ceshislot.osshaiwai.com&hasFloat=0&token=436475c81b51e6893c740657870f86b7&language=en&debug=1&debugDataPath=https://raw.githubusercontent.com/jygameclub/testdataapi/main/mahjong1date/0525_0842&debugStart=332,https://raw.githubusercontent.com/jygameclub/testdataapi/main/mahjong1date/0525_0842/332.json,https://raw.githubusercontent.com/jygameclub/testdataapi/main/mahjong1date/0525_0842,普通中奖,128.00,3.20,3,2,11,11,11,0,0,否,否,是,1,0,702370,702374,6851779694162522,9473642.0,9473730.0,3段连消/续转 / 金色符号/百搭转换
连消/掉落,863.json,863,75,金色/百搭,https://fish-games.s3.amazonaws.com/MahjongWays1/index.html?env=ceshislot.osshaiwai.com&hasFloat=0&token=436475c81b51e6893c740657870f86b7&language=en&debug=1&debugDataPath=https://raw.githubusercontent.com/jygameclub/testdataapi/main/mahjong1date/0525_0842&debugStart=863,https://raw.githubusercontent.com/jygameclub/testdataapi/main/mahjong1date/0525_0842/863.json,https://raw.githubusercontent.com/jygameclub/testdataapi/main/mahjong1date/0525_0842,普通中奖,120.00,3.00,3,2,11,11,11,0,0,否,否,是,1,1,704074,704077,5321779695543651,9467352.0,9467432.0,3段连消/续转 / 金色符号/百搭转换
连消/掉落,989.json,989,75,金色/百搭,https://fish-games.s3.amazonaws.com/MahjongWays1/index.html?env=ceshislot.osshaiwai.com&hasFloat=0&token=436475c81b51e6893c740657870f86b7&language=en&debug=1&debugDataPath=https://raw.githubusercontent.com/jygameclub/testdataapi/main/mahjong1date/0525_0842&debugStart=989,https://raw.githubusercontent.com/jygameclub/testdataapi/main/mahjong1date/0525_0842/989.json,https://raw.githubusercontent.com/jygameclub/testdataapi/main/mahjong1date/0525_0842,普通中奖,120.00,3.00,3,2,11,12,12,1,1,否,否,是,1,0,704395,704398,6561779695771884,9464954.0,9465034.0,3段连消/续转 / 金色符号/百搭转换
连消/掉落,260.json,260,75,金色/百搭,https://fish-games.s3.amazonaws.com/MahjongWays1/index.html?env=ceshislot.osshaiwai.com&hasFloat=0&token=436475c81b51e6893c740657870f86b7&language=en&debug=1&debugDataPath=https://raw.githubusercontent.com/jygameclub/testdataapi/main/mahjong1date/0525_0842&debugStart=260,https://raw.githubusercontent.com/jygameclub/testdataapi/main/mahjong1date/0525_0842/260.json,https://raw.githubusercontent.com/jygameclub/testdataapi/main/mahjong1date/0525_0842,普通中奖,120.00,3.00,2,1,8,8,8,0,0,否,否,是,1,1,701394,701395,7221779692924674,9472704.0,9472784.0,2段连消/续转 / 金色符号/百搭转换
连消/掉落,452.json,452,75,金色/百搭,https://fish-games.s3.amazonaws.com/MahjongWays1/index.html?env=ceshislot.osshaiwai.com&hasFloat=0&token=436475c81b51e6893c740657870f86b7&language=en&debug=1&debugDataPath=https://raw.githubusercontent.com/jygameclub/testdataapi/main/mahjong1date/0525_0842&debugStart=452,https://raw.githubusercontent.com/jygameclub/testdataapi/main/mahjong1date/0525_0842/452.json,https://raw.githubusercontent.com/jygameclub/testdataapi/main/mahjong1date/0525_0842,普通中奖,120.00,3.00,2,1,8,8,8,0,0,否,否,是,1,1,702737,702738,5861779694580319,9470882.0,9470962.0,2段连消/续转 / 金色符号/百搭转换
连消/掉落,696.json,696,75,金色/百搭,https://fish-games.s3.amazonaws.com/MahjongWays1/index.html?env=ceshislot.osshaiwai.com&hasFloat=0&token=436475c81b51e6893c740657870f86b7&language=en&debug=1&debugDataPath=https://raw.githubusercontent.com/jygameclub/testdataapi/main/mahjong1date/0525_0842&debugStart=696,https://raw.githubusercontent.com/jygameclub/testdataapi/main/mahjong1date/0525_0842/696.json,https://raw.githubusercontent.com/jygameclub/testdataapi/main/mahjong1date/0525_0842,普通中奖,120.00,3.00,2,1,8,8,8,0,0,否,否,是,1,1,703537,703540,6841779695149401,9466154.0,9466234.0,2段连消/续转 / 金色符号/百搭转换
连消/掉落,317.json,317,75,金色/百搭,https://fish-games.s3.amazonaws.com/MahjongWays1/index.html?env=ceshislot.osshaiwai.com&hasFloat=0&token=436475c81b51e6893c740657870f86b7&language=en&debug=1&debugDataPath=https://raw.githubusercontent.com/jygameclub/testdataapi/main/mahjong1date/0525_0842&debugStart=317,https://raw.githubusercontent.com/jygameclub/testdataapi/main/mahjong1date/0525_0842/317.json,https://raw.githubusercontent.com/jygameclub/testdataapi/main/mahjong1date/0525_0842,普通中奖,112.00,2.80,4,3,12,13,14,1,1,否,否,是,2,0,702321,702329,7801779694134005,9474074.0,9474146.0,4段连消/续转 / 金色符号/百搭转换
连消/掉落,431.json,431,75,金色/百搭,https://fish-games.s3.amazonaws.com/MahjongWays1/index.html?env=ceshislot.osshaiwai.com&hasFloat=0&token=436475c81b51e6893c740657870f86b7&language=en&debug=1&debugDataPath=https://raw.githubusercontent.com/jygameclub/testdataapi/main/mahjong1date/0525_0842&debugStart=431,https://raw.githubusercontent.com/jygameclub/testdataapi/main/mahjong1date/0525_0842/431.json,https://raw.githubusercontent.com/jygameclub/testdataapi/main/mahjong1date/0525_0842,普通中奖,100.00,2.50,2,1,12,12,12,0,0,否,否,是,2,0,702707,702709,6071779694552704,9471614.0,9471674.0,2段连消/续转 / 金色符号/百搭转换
连消/掉落,569.json,569,75,金色/百搭,https://fish-games.s3.amazonaws.com/MahjongWays1/index.html?env=ceshislot.osshaiwai.com&hasFloat=0&token=436475c81b51e6893c740657870f86b7&language=en&debug=1&debugDataPath=https://raw.githubusercontent.com/jygameclub/testdataapi/main/mahjong1date/0525_0842&debugStart=569,https://raw.githubusercontent.com/jygameclub/testdataapi/main/mahjong1date/0525_0842/569.json,https://raw.githubusercontent.com/jygameclub/testdataapi/main/mahjong1date/0525_0842,普通中奖,96.00,2.40,3,2,10,10,10,0,0,否,否,是,1,2,703060,703066,7141779694782336,9468108.0,9468164.0,3段连消/续转 / 金色符号/百搭转换
连消/掉落,741.json,741,75,金色/百搭,https://fish-games.s3.amazonaws.com/MahjongWays1/index.html?env=ceshislot.osshaiwai.com&hasFloat=0&token=436475c81b51e6893c740657870f86b7&language=en&debug=1&debugDataPath=https://raw.githubusercontent.com/jygameclub/testdataapi/main/mahjong1date/0525_0842&debugStart=741,https://raw.githubusercontent.com/jygameclub/testdataapi/main/mahjong1date/0525_0842/741.json,https://raw.githubusercontent.com/jygameclub/testdataapi/main/mahjong1date/0525_0842,普通中奖,96.00,2.40,3,2,8,8,8,0,0,否,否,是,1,1,703729,703733,6541779695292568,9465962.0,9466018.0,3段连消/续转 / 金色符号/百搭转换
连消/掉落,305.json,305,75,金色/百搭,https://fish-games.s3.amazonaws.com/MahjongWays1/index.html?env=ceshislot.osshaiwai.com&hasFloat=0&token=436475c81b51e6893c740657870f86b7&language=en&debug=1&debugDataPath=https://raw.githubusercontent.com/jygameclub/testdataapi/main/mahjong1date/0525_0842&debugStart=305,https://raw.githubusercontent.com/jygameclub/testdataapi/main/mahjong1date/0525_0842/305.json,https://raw.githubusercontent.com/jygameclub/testdataapi/main/mahjong1date/0525_0842,普通中奖,88.00,2.20,3,2,8,8,8,0,0,否,否,是,1,1,702264,702270,2891779694094990,9472866.0,9472914.0,3段连消/续转 / 金色符号/百搭转换
连消/掉落,593.json,593,75,金色/百搭,https://fish-games.s3.amazonaws.com/MahjongWays1/index.html?env=ceshislot.osshaiwai.com&hasFloat=0&token=436475c81b51e6893c740657870f86b7&language=en&debug=1&debugDataPath=https://raw.githubusercontent.com/jygameclub/testdataapi/main/mahjong1date/0525_0842&debugStart=593,https://raw.githubusercontent.com/jygameclub/testdataapi/main/mahjong1date/0525_0842/593.json,https://raw.githubusercontent.com/jygameclub/testdataapi/main/mahjong1date/0525_0842,普通中奖,88.00,2.20,3,2,9,10,10,1,1,否,否,是,1,1,703143,703148,5771779694830135,9467924.0,9467972.0,3段连消/续转 / 金色符号/百搭转换
连消/掉落,924.json,924,75,金色/百搭,https://fish-games.s3.amazonaws.com/MahjongWays1/index.html?env=ceshislot.osshaiwai.com&hasFloat=0&token=436475c81b51e6893c740657870f86b7&language=en&debug=1&debugDataPath=https://raw.githubusercontent.com/jygameclub/testdataapi/main/mahjong1date/0525_0842&debugStart=924,https://raw.githubusercontent.com/jygameclub/testdataapi/main/mahjong1date/0525_0842/924.json,https://raw.githubusercontent.com/jygameclub/testdataapi/main/mahjong1date/0525_0842,普通中奖,80.00,2.00,4,3,12,13,14,1,1,否,否,是,2,1,704217,704222,3081779695642417,9465316.0,9465356.0,4段连消/续转 / 金色符号/百搭转换
连消/掉落,117.json,117,75,金色/百搭,https://fish-games.s3.amazonaws.com/MahjongWays1/index.html?env=ceshislot.osshaiwai.com&hasFloat=0&token=436475c81b51e6893c740657870f86b7&language=en&debug=1&debugDataPath=https://raw.githubusercontent.com/jygameclub/testdataapi/main/mahjong1date/0525_0842&debugStart=117,https://raw.githubusercontent.com/jygameclub/testdataapi/main/mahjong1date/0525_0842/117.json,https://raw.githubusercontent.com/jygameclub/testdataapi/main/mahjong1date/0525_0842,普通中奖,80.00,2.00,3,2,11,11,11,0,0,否,否,是,1,1,700820,700825,9251779692544241,9474820.0,9474860.0,3段连消/续转 / 金色符号/百搭转换
连消/掉落,256.json,256,75,金色/百搭,https://fish-games.s3.amazonaws.com/MahjongWays1/index.html?env=ceshislot.osshaiwai.com&hasFloat=0&token=436475c81b51e6893c740657870f86b7&language=en&debug=1&debugDataPath=https://raw.githubusercontent.com/jygameclub/testdataapi/main/mahjong1date/0525_0842&debugStart=256,https://raw.githubusercontent.com/jygameclub/testdataapi/main/mahjong1date/0525_0842/256.json,https://raw.githubusercontent.com/jygameclub/testdataapi/main/mahjong1date/0525_0842,普通中奖,80.00,2.00,3,2,10,10,10,0,0,否,否,是,1,2,701379,701381,8981779692909824,9472464.0,9472504.0,3段连消/续转 / 金色符号/百搭转换
连消/掉落,005.json,5,75,金色/百搭,https://fish-games.s3.amazonaws.com/MahjongWays1/index.html?env=ceshislot.osshaiwai.com&hasFloat=0&token=436475c81b51e6893c740657870f86b7&language=en&debug=1&debugDataPath=https://raw.githubusercontent.com/jygameclub/testdataapi/main/mahjong1date/0525_0842&debugStart=5,https://raw.githubusercontent.com/jygameclub/testdataapi/main/mahjong1date/0525_0842/005.json,https://raw.githubusercontent.com/jygameclub/testdataapi/main/mahjong1date/0525_0842,普通中奖,80.00,2.00,2,1,7,7,7,0,0,否,否,是,1,0,700483,700485,9381779692363574,9477956.0,9477996.0,2段连消/续转 / 金色符号/百搭转换
连消/掉落,040.json,40,75,金色/百搭,https://fish-games.s3.amazonaws.com/MahjongWays1/index.html?env=ceshislot.osshaiwai.com&hasFloat=0&token=436475c81b51e6893c740657870f86b7&language=en&debug=1&debugDataPath=https://raw.githubusercontent.com/jygameclub/testdataapi/main/mahjong1date/0525_0842&debugStart=40,https://raw.githubusercontent.com/jygameclub/testdataapi/main/mahjong1date/0525_0842/040.json,https://raw.githubusercontent.com/jygameclub/testdataapi/main/mahjong1date/0525_0842,普通中奖,80.00,2.00,2,1,6,7,7,1,1,否,否,是,1,0,700609,700611,7421779692427907,9476824.0,9476864.0,2段连消/续转 / 金色符号/百搭转换
连消/掉落,066.json,66,75,金色/百搭,https://fish-games.s3.amazonaws.com/MahjongWays1/index.html?env=ceshislot.osshaiwai.com&hasFloat=0&token=436475c81b51e6893c740657870f86b7&language=en&debug=1&debugDataPath=https://raw.githubusercontent.com/jygameclub/testdataapi/main/mahjong1date/0525_0842&debugStart=66,https://raw.githubusercontent.com/jygameclub/testdataapi/main/mahjong1date/0525_0842/066.json,https://raw.githubusercontent.com/jygameclub/testdataapi/main/mahjong1date/0525_0842,普通中奖,80.00,2.00,2,1,7,7,7,0,0,否,否,是,1,0,700683,700684,3391779692462573,9475892.0,9475932.0,2段连消/续转 / 金色符号/百搭转换
连消/掉落,105.json,105,75,金色/百搭,https://fish-games.s3.amazonaws.com/MahjongWays1/index.html?env=ceshislot.osshaiwai.com&hasFloat=0&token=436475c81b51e6893c740657870f86b7&language=en&debug=1&debugDataPath=https://raw.githubusercontent.com/jygameclub/testdataapi/main/mahjong1date/0525_0842&debugStart=105,https://raw.githubusercontent.com/jygameclub/testdataapi/main/mahjong1date/0525_0842/105.json,https://raw.githubusercontent.com/jygameclub/testdataapi/main/mahjong1date/0525_0842,普通中奖,80.00,2.00,2,1,7,7,7,0,0,否,否,是,1,0,700792,700794,9031779692526989,9474964.0,9475004.0,2段连消/续转 / 金色符号/百搭转换
连消/掉落,124.json,124,75,金色/百搭,https://fish-games.s3.amazonaws.com/MahjongWays1/index.html?env=ceshislot.osshaiwai.com&hasFloat=0&token=436475c81b51e6893c740657870f86b7&language=en&debug=1&debugDataPath=https://raw.githubusercontent.com/jygameclub/testdataapi/main/mahjong1date/0525_0842&debugStart=124,https://raw.githubusercontent.com/jygameclub/testdataapi/main/mahjong1date/0525_0842/124.json,https://raw.githubusercontent.com/jygameclub/testdataapi/main/mahjong1date/0525_0842,普通中奖,80.00,2.00,2,1,6,7,7,1,1,否,否,是,1,0,700841,700842,6121779692558643,9474680.0,9474720.0,2段连消/续转 / 金色符号/百搭转换
连消/掉落,149.json,149,75,金色/百搭,https://fish-games.s3.amazonaws.com/MahjongWays1/index.html?env=ceshislot.osshaiwai.com&hasFloat=0&token=436475c81b51e6893c740657870f86b7&language=en&debug=1&debugDataPath=https://raw.githubusercontent.com/jygameclub/testdataapi/main/mahjong1date/0525_0842&debugStart=149,https://raw.githubusercontent.com/jygameclub/testdataapi/main/mahjong1date/0525_0842/149.json,https://raw.githubusercontent.com/jygameclub/testdataapi/main/mahjong1date/0525_0842,普通中奖,80.00,2.00,2,1,7,7,7,0,0,否,否,是,1,0,700982,700983,9721779692663143,9474068.0,9474108.0,2段连消/续转 / 金色符号/百搭转换
连消/掉落,177.json,177,75,金色/百搭,https://fish-games.s3.amazonaws.com/MahjongWays1/index.html?env=ceshislot.osshaiwai.com&hasFloat=0&token=436475c81b51e6893c740657870f86b7&language=en&debug=1&debugDataPath=https://raw.githubusercontent.com/jygameclub/testdataapi/main/mahjong1date/0525_0842&debugStart=177,https://raw.githubusercontent.com/jygameclub/testdataapi/main/mahjong1date/0525_0842/177.json,https://raw.githubusercontent.com/jygameclub/testdataapi/main/mahjong1date/0525_0842,普通中奖,80.00,2.00,2,1,7,7,7,0,0,否,否,是,1,0,701058,701061,3531779692705626,9473256.0,9473296.0,2段连消/续转 / 金色符号/百搭转换
连消/掉落,353.json,353,75,金色/百搭,https://fish-games.s3.amazonaws.com/MahjongWays1/index.html?env=ceshislot.osshaiwai.com&hasFloat=0&token=436475c81b51e6893c740657870f86b7&language=en&debug=1&debugDataPath=https://raw.githubusercontent.com/jygameclub/testdataapi/main/mahjong1date/0525_0842&debugStart=353,https://raw.githubusercontent.com/jygameclub/testdataapi/main/mahjong1date/0525_0842/353.json,https://raw.githubusercontent.com/jygameclub/testdataapi/main/mahjong1date/0525_0842,普通中奖,80.00,2.00,2,1,6,6,6,0,0,否,否,是,1,1,702493,702494,9551779694297254,9473666.0,9473706.0,2段连消/续转 / 金色符号/百搭转换
连消/掉落,575.json,575,75,金色/百搭,https://fish-games.s3.amazonaws.com/MahjongWays1/index.html?env=ceshislot.osshaiwai.com&hasFloat=0&token=436475c81b51e6893c740657870f86b7&language=en&debug=1&debugDataPath=https://raw.githubusercontent.com/jygameclub/testdataapi/main/mahjong1date/0525_0842&debugStart=575,https://raw.githubusercontent.com/jygameclub/testdataapi/main/mahjong1date/0525_0842/575.json,https://raw.githubusercontent.com/jygameclub/testdataapi/main/mahjong1date/0525_0842,普通中奖,80.00,2.00,2,1,4,4,4,0,0,否,否,是,1,1,703086,703087,3371779694798152,9468104.0,9468144.0,2段连消/续转 / 金色符号/百搭转换
连消/掉落,595.json,595,75,金色/百搭,https://fish-games.s3.amazonaws.com/MahjongWays1/index.html?env=ceshislot.osshaiwai.com&hasFloat=0&token=436475c81b51e6893c740657870f86b7&language=en&debug=1&debugDataPath=https://raw.githubusercontent.com/jygameclub/testdataapi/main/mahjong1date/0525_0842&debugStart=595,https://raw.githubusercontent.com/jygameclub/testdataapi/main/mahjong1date/0525_0842/595.json,https://raw.githubusercontent.com/jygameclub/testdataapi/main/mahjong1date/0525_0842,普通中奖,80.00,2.00,2,1,6,6,6,0,0,否,否,是,1,0,703154,703155,1741779694837469,9467932.0,9467972.0,2段连消/续转 / 金色符号/百搭转换
连消/掉落,800.json,800,75,金色/百搭,https://fish-games.s3.amazonaws.com/MahjongWays1/index.html?env=ceshislot.osshaiwai.com&hasFloat=0&token=436475c81b51e6893c740657870f86b7&language=en&debug=1&debugDataPath=https://raw.githubusercontent.com/jygameclub/testdataapi/main/mahjong1date/0525_0842&debugStart=800,https://raw.githubusercontent.com/jygameclub/testdataapi/main/mahjong1date/0525_0842/800.json,https://raw.githubusercontent.com/jygameclub/testdataapi/main/mahjong1date/0525_0842,普通中奖,80.00,2.00,2,1,7,7,7,0,0,否,否,是,1,0,703871,703872,7701779695403816,9465062.0,9465102.0,2段连消/续转 / 金色符号/百搭转换
连消/掉落,853.json,853,75,金色/百搭,https://fish-games.s3.amazonaws.com/MahjongWays1/index.html?env=ceshislot.osshaiwai.com&hasFloat=0&token=436475c81b51e6893c740657870f86b7&language=en&debug=1&debugDataPath=https://raw.githubusercontent.com/jygameclub/testdataapi/main/mahjong1date/0525_0842&debugStart=853,https://raw.githubusercontent.com/jygameclub/testdataapi/main/mahjong1date/0525_0842/853.json,https://raw.githubusercontent.com/jygameclub/testdataapi/main/mahjong1date/0525_0842,普通中奖,80.00,2.00,2,1,7,7,7,0,0,否,否,是,1,1,704044,704047,1371779695527866,9467592.0,9467632.0,2段连消/续转 / 金色符号/百搭转换
连消/掉落,854.json,854,75,金色/百搭,https://fish-games.s3.amazonaws.com/MahjongWays1/index.html?env=ceshislot.osshaiwai.com&hasFloat=0&token=436475c81b51e6893c740657870f86b7&language=en&debug=1&debugDataPath=https://raw.githubusercontent.com/jygameclub/testdataapi/main/mahjong1date/0525_0842&debugStart=854,https://raw.githubusercontent.com/jygameclub/testdataapi/main/mahjong1date/0525_0842/854.json,https://raw.githubusercontent.com/jygameclub/testdataapi/main/mahjong1date/0525_0842,普通中奖,80.00,2.00,2,1,7,7,7,0,0,否,否,是,1,0,704050,704052,9001779695531533,9467632.0,9467672.0,2段连消/续转 / 金色符号/百搭转换
连消/掉落,959.json,959,75,金色/百搭,https://fish-games.s3.amazonaws.com/MahjongWays1/index.html?env=ceshislot.osshaiwai.com&hasFloat=0&token=436475c81b51e6893c740657870f86b7&language=en&debug=1&debugDataPath=https://raw.githubusercontent.com/jygameclub/testdataapi/main/mahjong1date/0525_0842&debugStart=959,https://raw.githubusercontent.com/jygameclub/testdataapi/main/mahjong1date/0525_0842/959.json,https://raw.githubusercontent.com/jygameclub/testdataapi/main/mahjong1date/0525_0842,普通中奖,80.00,2.00,2,1,6,6,6,0,0,否,否,是,1,0,704332,704333,9561779695721649,9465592.0,9465632.0,2段连消/续转 / 金色符号/百搭转换
连消/掉落,663.json,663,75,金色/百搭,https://fish-games.s3.amazonaws.com/MahjongWays1/index.html?env=ceshislot.osshaiwai.com&hasFloat=0&token=436475c81b51e6893c740657870f86b7&language=en&debug=1&debugDataPath=https://raw.githubusercontent.com/jygameclub/testdataapi/main/mahjong1date/0525_0842&debugStart=663,https://raw.githubusercontent.com/jygameclub/testdataapi/main/mahjong1date/0525_0842/663.json,https://raw.githubusercontent.com/jygameclub/testdataapi/main/mahjong1date/0525_0842,普通中奖,76.00,1.90,3,2,10,11,11,1,1,否,否,是,1,0,703382,703384,9841779695019986,9466198.0,9466234.0,3段连消/续转 / 金色符号/百搭转换
连消/掉落,535.json,535,75,金色/百搭,https://fish-games.s3.amazonaws.com/MahjongWays1/index.html?env=ceshislot.osshaiwai.com&hasFloat=0&token=436475c81b51e6893c740657870f86b7&language=en&debug=1&debugDataPath=https://raw.githubusercontent.com/jygameclub/testdataapi/main/mahjong1date/0525_0842&debugStart=535,https://raw.githubusercontent.com/jygameclub/testdataapi/main/mahjong1date/0525_0842/535.json,https://raw.githubusercontent.com/jygameclub/testdataapi/main/mahjong1date/0525_0842,普通中奖,70.00,1.75,3,2,8,9,9,1,1,否,否,是,1,0,702969,702972,8181779694731802,9469238.0,9469268.0,3段连消/续转 / 金色符号/百搭转换
连消/掉落,403.json,403,75,金色/百搭,https://fish-games.s3.amazonaws.com/MahjongWays1/index.html?env=ceshislot.osshaiwai.com&hasFloat=0&token=436475c81b51e6893c740657870f86b7&language=en&debug=1&debugDataPath=https://raw.githubusercontent.com/jygameclub/testdataapi/main/mahjong1date/0525_0842&debugStart=403,https://raw.githubusercontent.com/jygameclub/testdataapi/main/mahjong1date/0525_0842/403.json,https://raw.githubusercontent.com/jygameclub/testdataapi/main/mahjong1date/0525_0842,普通中奖,68.00,1.70,3,2,8,8,8,0,0,否,否,是,1,1,702655,702658,9261779694507205,9472106.0,9472134.0,3段连消/续转 / 金色符号/百搭转换
连消/掉落,120.json,120,75,金色/百搭,https://fish-games.s3.amazonaws.com/MahjongWays1/index.html?env=ceshislot.osshaiwai.com&hasFloat=0&token=436475c81b51e6893c740657870f86b7&language=en&debug=1&debugDataPath=https://raw.githubusercontent.com/jygameclub/testdataapi/main/mahjong1date/0525_0842&debugStart=120,https://raw.githubusercontent.com/jygameclub/testdataapi/main/mahjong1date/0525_0842/120.json,https://raw.githubusercontent.com/jygameclub/testdataapi/main/mahjong1date/0525_0842,普通中奖,60.00,1.50,2,1,6,7,7,1,1,否,否,是,1,0,700831,700832,9611779692552958,9474780.0,9474800.0,2段连消/续转 / 金色符号/百搭转换
连消/掉落,627.json,627,75,金色/百搭,https://fish-games.s3.amazonaws.com/MahjongWays1/index.html?env=ceshislot.osshaiwai.com&hasFloat=0&token=436475c81b51e6893c740657870f86b7&language=en&debug=1&debugDataPath=https://raw.githubusercontent.com/jygameclub/testdataapi/main/mahjong1date/0525_0842&debugStart=627,https://raw.githubusercontent.com/jygameclub/testdataapi/main/mahjong1date/0525_0842/627.json,https://raw.githubusercontent.com/jygameclub/testdataapi/main/mahjong1date/0525_0842,普通中奖,60.00,1.50,2,1,4,4,4,0,0,否,否,是,1,0,703254,703255,7721779694893452,9466970.0,9466990.0,2段连消/续转 / 金色符号/百搭转换
连消/掉落,788.json,788,75,金色/百搭,https://fish-games.s3.amazonaws.com/MahjongWays1/index.html?env=ceshislot.osshaiwai.com&hasFloat=0&token=436475c81b51e6893c740657870f86b7&language=en&debug=1&debugDataPath=https://raw.githubusercontent.com/jygameclub/testdataapi/main/mahjong1date/0525_0842&debugStart=788,https://raw.githubusercontent.com/jygameclub/testdataapi/main/mahjong1date/0525_0842/788.json,https://raw.githubusercontent.com/jygameclub/testdataapi/main/mahjong1date/0525_0842,普通中奖,60.00,1.50,2,1,7,7,7,0,0,否,否,是,1,0,703845,703846,6491779695382317,9465258.0,9465278.0,2段连消/续转 / 金色符号/百搭转换
连消/掉落,555.json,555,75,金色/百搭,https://fish-games.s3.amazonaws.com/MahjongWays1/index.html?env=ceshislot.osshaiwai.com&hasFloat=0&token=436475c81b51e6893c740657870f86b7&language=en&debug=1&debugDataPath=https://raw.githubusercontent.com/jygameclub/testdataapi/main/mahjong1date/0525_0842&debugStart=555,https://raw.githubusercontent.com/jygameclub/testdataapi/main/mahjong1date/0525_0842/555.json,https://raw.githubusercontent.com/jygameclub/testdataapi/main/mahjong1date/0525_0842,普通中奖,56.00,1.40,3,2,9,9,9,0,0,否,否,是,1,0,703020,703023,3641779694760153,9468604.0,9468620.0,3段连消/续转 / 金色符号/百搭转换
连消/掉落,954.json,954,75,金色/百搭,https://fish-games.s3.amazonaws.com/MahjongWays1/index.html?env=ceshislot.osshaiwai.com&hasFloat=0&token=436475c81b51e6893c740657870f86b7&language=en&debug=1&debugDataPath=https://raw.githubusercontent.com/jygameclub/testdataapi/main/mahjong1date/0525_0842&debugStart=954,https://raw.githubusercontent.com/jygameclub/testdataapi/main/mahjong1date/0525_0842/954.json,https://raw.githubusercontent.com/jygameclub/testdataapi/main/mahjong1date/0525_0842,普通中奖,52.00,1.30,3,2,9,9,9,0,0,否,否,是,1,1,704318,704324,4301779695712731,9465740.0,9465752.0,3段连消/续转 / 金色符号/百搭转换
连消/掉落,201.json,201,75,金色/百搭,https://fish-games.s3.amazonaws.com/MahjongWays1/index.html?env=ceshislot.osshaiwai.com&hasFloat=0&token=436475c81b51e6893c740657870f86b7&language=en&debug=1&debugDataPath=https://raw.githubusercontent.com/jygameclub/testdataapi/main/mahjong1date/0525_0842&debugStart=201,https://raw.githubusercontent.com/jygameclub/testdataapi/main/mahjong1date/0525_0842/201.json,https://raw.githubusercontent.com/jygameclub/testdataapi/main/mahjong1date/0525_0842,普通中奖,52.00,1.30,2,1,10,10,10,0,0,否,否,是,2,0,701265,701267,6021779692835025,9474436.0,9474448.0,2段连消/续转 / 金色符号/百搭转换
连消/掉落,907.json,907,75,金色/百搭,https://fish-games.s3.amazonaws.com/MahjongWays1/index.html?env=ceshislot.osshaiwai.com&hasFloat=0&token=436475c81b51e6893c740657870f86b7&language=en&debug=1&debugDataPath=https://raw.githubusercontent.com/jygameclub/testdataapi/main/mahjong1date/0525_0842&debugStart=907,https://raw.githubusercontent.com/jygameclub/testdataapi/main/mahjong1date/0525_0842/907.json,https://raw.githubusercontent.com/jygameclub/testdataapi/main/mahjong1date/0525_0842,普通中奖,48.00,1.20,3,2,8,8,8,0,0,否,否,是,1,0,704181,704184,8881779695616566,9465920.0,9465928.0,3段连消/续转 / 金色符号/百搭转换
连消/掉落,478.json,478,75,金色/百搭,https://fish-games.s3.amazonaws.com/MahjongWays1/index.html?env=ceshislot.osshaiwai.com&hasFloat=0&token=436475c81b51e6893c740657870f86b7&language=en&debug=1&debugDataPath=https://raw.githubusercontent.com/jygameclub/testdataapi/main/mahjong1date/0525_0842&debugStart=478,https://raw.githubusercontent.com/jygameclub/testdataapi/main/mahjong1date/0525_0842/478.json,https://raw.githubusercontent.com/jygameclub/testdataapi/main/mahjong1date/0525_0842,普通中奖,44.00,1.10,3,2,7,8,8,1,1,否,否,是,1,0,702799,702803,6611779694635570,9470542.0,9470546.0,3段连消/续转 / 金色符号/百搭转换
连消/掉落,022.json,22,75,金色/百搭,https://fish-games.s3.amazonaws.com/MahjongWays1/index.html?env=ceshislot.osshaiwai.com&hasFloat=0&token=436475c81b51e6893c740657870f86b7&language=en&debug=1&debugDataPath=https://raw.githubusercontent.com/jygameclub/testdataapi/main/mahjong1date/0525_0842&debugStart=22,https://raw.githubusercontent.com/jygameclub/testdataapi/main/mahjong1date/0525_0842/022.json,https://raw.githubusercontent.com/jygameclub/testdataapi/main/mahjong1date/0525_0842,普通中奖,40.00,1.00,2,1,6,6,6,0,0,否,否,是,1,0,700543,700545,3801779692395139,9477436.0,9477436.0,2段连消/续转 / 金色符号/百搭转换
连消/掉落,082.json,82,75,金色/百搭,https://fish-games.s3.amazonaws.com/MahjongWays1/index.html?env=ceshislot.osshaiwai.com&hasFloat=0&token=436475c81b51e6893c740657870f86b7&language=en&debug=1&debugDataPath=https://raw.githubusercontent.com/jygameclub/testdataapi/main/mahjong1date/0525_0842&debugStart=82,https://raw.githubusercontent.com/jygameclub/testdataapi/main/mahjong1date/0525_0842/082.json,https://raw.githubusercontent.com/jygameclub/testdataapi/main/mahjong1date/0525_0842,普通中奖,40.00,1.00,2,1,6,6,6,0,0,否,否,是,1,0,700734,700736,1811779692486941,9475348.0,9475348.0,2段连消/续转 / 金色符号/百搭转换
连消/掉落,128.json,128,75,金色/百搭,https://fish-games.s3.amazonaws.com/MahjongWays1/index.html?env=ceshislot.osshaiwai.com&hasFloat=0&token=436475c81b51e6893c740657870f86b7&language=en&debug=1&debugDataPath=https://raw.githubusercontent.com/jygameclub/testdataapi/main/mahjong1date/0525_0842&debugStart=128,https://raw.githubusercontent.com/jygameclub/testdataapi/main/mahjong1date/0525_0842/128.json,https://raw.githubusercontent.com/jygameclub/testdataapi/main/mahjong1date/0525_0842,普通中奖,40.00,1.00,2,1,6,6,6,0,0,否,否,是,1,0,700910,700911,4281779692626927,9474792.0,9474792.0,2段连消/续转 / 金色符号/百搭转换
连消/掉落,236.json,236,75,金色/百搭,https://fish-games.s3.amazonaws.com/MahjongWays1/index.html?env=ceshislot.osshaiwai.com&hasFloat=0&token=436475c81b51e6893c740657870f86b7&language=en&debug=1&debugDataPath=https://raw.githubusercontent.com/jygameclub/testdataapi/main/mahjong1date/0525_0842&debugStart=236,https://raw.githubusercontent.com/jygameclub/testdataapi/main/mahjong1date/0525_0842/236.json,https://raw.githubusercontent.com/jygameclub/testdataapi/main/mahjong1date/0525_0842,普通中奖,40.00,1.00,2,1,6,6,6,0,0,否,否,是,1,2,701337,701340,4501779692874124,9473132.0,9473132.0,2段连消/续转 / 金色符号/百搭转换
连消/掉落,251.json,251,75,金色/百搭,https://fish-games.s3.amazonaws.com/MahjongWays1/index.html?env=ceshislot.osshaiwai.com&hasFloat=0&token=436475c81b51e6893c740657870f86b7&language=en&debug=1&debugDataPath=https://raw.githubusercontent.com/jygameclub/testdataapi/main/mahjong1date/0525_0842&debugStart=251,https://raw.githubusercontent.com/jygameclub/testdataapi/main/mahjong1date/0525_0842/251.json,https://raw.githubusercontent.com/jygameclub/testdataapi/main/mahjong1date/0525_0842,普通中奖,40.00,1.00,2,1,6,6,6,0,0,否,否,是,1,1,701370,701372,7361779692902960,9472624.0,9472624.0,2段连消/续转 / 金色符号/百搭转换
连消/掉落,383.json,383,75,金色/百搭,https://fish-games.s3.amazonaws.com/MahjongWays1/index.html?env=ceshislot.osshaiwai.com&hasFloat=0&token=436475c81b51e6893c740657870f86b7&language=en&debug=1&debugDataPath=https://raw.githubusercontent.com/jygameclub/testdataapi/main/mahjong1date/0525_0842&debugStart=383,https://raw.githubusercontent.com/jygameclub/testdataapi/main/mahjong1date/0525_0842/383.json,https://raw.githubusercontent.com/jygameclub/testdataapi/main/mahjong1date/0525_0842,普通中奖,40.00,1.00,2,1,6,6,6,0,0,否,否,是,1,1,702616,702618,6441779694472104,9472798.0,9472798.0,2段连消/续转 / 金色符号/百搭转换
连消/掉落,385.json,385,75,金色/百搭,https://fish-games.s3.amazonaws.com/MahjongWays1/index.html?env=ceshislot.osshaiwai.com&hasFloat=0&token=436475c81b51e6893c740657870f86b7&language=en&debug=1&debugDataPath=https://raw.githubusercontent.com/jygameclub/testdataapi/main/mahjong1date/0525_0842&debugStart=385,https://raw.githubusercontent.com/jygameclub/testdataapi/main/mahjong1date/0525_0842/385.json,https://raw.githubusercontent.com/jygameclub/testdataapi/main/mahjong1date/0525_0842,普通中奖,40.00,1.00,2,1,5,5,5,0,0,否,否,是,1,2,702621,702622,1071779694476187,9472758.0,9472758.0,2段连消/续转 / 金色符号/百搭转换
连消/掉落,463.json,463,75,金色/百搭,https://fish-games.s3.amazonaws.com/MahjongWays1/index.html?env=ceshislot.osshaiwai.com&hasFloat=0&token=436475c81b51e6893c740657870f86b7&language=en&debug=1&debugDataPath=https://raw.githubusercontent.com/jygameclub/testdataapi/main/mahjong1date/0525_0842&debugStart=463,https://raw.githubusercontent.com/jygameclub/testdataapi/main/mahjong1date/0525_0842/463.json,https://raw.githubusercontent.com/jygameclub/testdataapi/main/mahjong1date/0525_0842,普通中奖,40.00,1.00,2,1,6,6,6,0,0,否,否,是,1,0,702767,702768,8661779694612954,9471068.0,9471068.0,2段连消/续转 / 金色符号/百搭转换
连消/掉落,485.json,485,75,金色/百搭,https://fish-games.s3.amazonaws.com/MahjongWays1/index.html?env=ceshislot.osshaiwai.com&hasFloat=0&token=436475c81b51e6893c740657870f86b7&language=en&debug=1&debugDataPath=https://raw.githubusercontent.com/jygameclub/testdataapi/main/mahjong1date/0525_0842&debugStart=485,https://raw.githubusercontent.com/jygameclub/testdataapi/main/mahjong1date/0525_0842/485.json,https://raw.githubusercontent.com/jygameclub/testdataapi/main/mahjong1date/0525_0842,普通中奖,40.00,1.00,2,1,5,6,6,1,1,否,否,是,1,0,702817,702818,6921779694648820,9470310.0,9470310.0,2段连消/续转 / 金色符号/百搭转换
连消/掉落,489.json,489,75,金色/百搭,https://fish-games.s3.amazonaws.com/MahjongWays1/index.html?env=ceshislot.osshaiwai.com&hasFloat=0&token=436475c81b51e6893c740657870f86b7&language=en&debug=1&debugDataPath=https://raw.githubusercontent.com/jygameclub/testdataapi/main/mahjong1date/0525_0842&debugStart=489,https://raw.githubusercontent.com/jygameclub/testdataapi/main/mahjong1date/0525_0842/489.json,https://raw.githubusercontent.com/jygameclub/testdataapi/main/mahjong1date/0525_0842,普通中奖,40.00,1.00,2,1,6,6,6,0,0,否,否,是,1,0,702826,702827,3521779694654453,9470190.0,9470190.0,2段连消/续转 / 金色符号/百搭转换
连消/掉落,490.json,490,75,金色/百搭,https://fish-games.s3.amazonaws.com/MahjongWays1/index.html?env=ceshislot.osshaiwai.com&hasFloat=0&token=436475c81b51e6893c740657870f86b7&language=en&debug=1&debugDataPath=https://raw.githubusercontent.com/jygameclub/testdataapi/main/mahjong1date/0525_0842&debugStart=490,https://raw.githubusercontent.com/jygameclub/testdataapi/main/mahjong1date/0525_0842/490.json,https://raw.githubusercontent.com/jygameclub/testdataapi/main/mahjong1date/0525_0842,普通中奖,40.00,1.00,2,1,5,6,6,1,1,否,否,是,1,1,702831,702833,2151779694657120,9470190.0,9470190.0,2段连消/续转 / 金色符号/百搭转换
连消/掉落,505.json,505,75,金色/百搭,https://fish-games.s3.amazonaws.com/MahjongWays1/index.html?env=ceshislot.osshaiwai.com&hasFloat=0&token=436475c81b51e6893c740657870f86b7&language=en&debug=1&debugDataPath=https://raw.githubusercontent.com/jygameclub/testdataapi/main/mahjong1date/0525_0842&debugStart=505,https://raw.githubusercontent.com/jygameclub/testdataapi/main/mahjong1date/0525_0842/505.json,https://raw.githubusercontent.com/jygameclub/testdataapi/main/mahjong1date/0525_0842,普通中奖,40.00,1.00,2,1,6,6,6,0,0,否,否,是,1,0,702878,702879,1331779694679520,9469814.0,9469814.0,2段连消/续转 / 金色符号/百搭转换
连消/掉落,518.json,518,75,金色/百搭,https://fish-games.s3.amazonaws.com/MahjongWays1/index.html?env=ceshislot.osshaiwai.com&hasFloat=0&token=436475c81b51e6893c740657870f86b7&language=en&debug=1&debugDataPath=https://raw.githubusercontent.com/jygameclub/testdataapi/main/mahjong1date/0525_0842&debugStart=518,https://raw.githubusercontent.com/jygameclub/testdataapi/main/mahjong1date/0525_0842/518.json,https://raw.githubusercontent.com/jygameclub/testdataapi/main/mahjong1date/0525_0842,普通中奖,40.00,1.00,2,1,6,6,6,0,0,否,否,是,1,0,702911,702912,5161779694696835,9469350.0,9469350.0,2段连消/续转 / 金色符号/百搭转换
连消/掉落,538.json,538,75,金色/百搭,https://fish-games.s3.amazonaws.com/MahjongWays1/index.html?env=ceshislot.osshaiwai.com&hasFloat=0&token=436475c81b51e6893c740657870f86b7&language=en&debug=1&debugDataPath=https://raw.githubusercontent.com/jygameclub/testdataapi/main/mahjong1date/0525_0842&debugStart=538,https://raw.githubusercontent.com/jygameclub/testdataapi/main/mahjong1date/0525_0842/538.json,https://raw.githubusercontent.com/jygameclub/testdataapi/main/mahjong1date/0525_0842,普通中奖,40.00,1.00,2,1,6,6,6,0,0,否,否,是,1,0,702983,702984,6051779694741719,9469204.0,9469204.0,2段连消/续转 / 金色符号/百搭转换
连消/掉落,540.json,540,75,金色/百搭,https://fish-games.s3.amazonaws.com/MahjongWays1/index.html?env=ceshislot.osshaiwai.com&hasFloat=0&token=436475c81b51e6893c740657870f86b7&language=en&debug=1&debugDataPath=https://raw.githubusercontent.com/jygameclub/testdataapi/main/mahjong1date/0525_0842&debugStart=540,https://raw.githubusercontent.com/jygameclub/testdataapi/main/mahjong1date/0525_0842/540.json,https://raw.githubusercontent.com/jygameclub/testdataapi/main/mahjong1date/0525_0842,普通中奖,40.00,1.00,2,1,6,6,6,0,0,否,否,是,1,1,702989,702990,6821779694745186,9469164.0,9469164.0,2段连消/续转 / 金色符号/百搭转换
连消/掉落,645.json,645,75,金色/百搭,https://fish-games.s3.amazonaws.com/MahjongWays1/index.html?env=ceshislot.osshaiwai.com&hasFloat=0&token=436475c81b51e6893c740657870f86b7&language=en&debug=1&debugDataPath=https://raw.githubusercontent.com/jygameclub/testdataapi/main/mahjong1date/0525_0842&debugStart=645,https://raw.githubusercontent.com/jygameclub/testdataapi/main/mahjong1date/0525_0842/645.json,https://raw.githubusercontent.com/jygameclub/testdataapi/main/mahjong1date/0525_0842,普通中奖,40.00,1.00,2,1,6,6,6,0,0,否,否,是,1,0,703296,703297,2731779694923568,9466578.0,9466578.0,2段连消/续转 / 金色符号/百搭转换
连消/掉落,700.json,700,75,金色/百搭,https://fish-games.s3.amazonaws.com/MahjongWays1/index.html?env=ceshislot.osshaiwai.com&hasFloat=0&token=436475c81b51e6893c740657870f86b7&language=en&debug=1&debugDataPath=https://raw.githubusercontent.com/jygameclub/testdataapi/main/mahjong1date/0525_0842&debugStart=700,https://raw.githubusercontent.com/jygameclub/testdataapi/main/mahjong1date/0525_0842/700.json,https://raw.githubusercontent.com/jygameclub/testdataapi/main/mahjong1date/0525_0842,普通中奖,40.00,1.00,2,1,6,6,6,0,0,否,否,是,1,0,703555,703556,9621779695159200,9466158.0,9466158.0,2段连消/续转 / 金色符号/百搭转换
连消/掉落,774.json,774,75,金色/百搭,https://fish-games.s3.amazonaws.com/MahjongWays1/index.html?env=ceshislot.osshaiwai.com&hasFloat=0&token=436475c81b51e6893c740657870f86b7&language=en&debug=1&debugDataPath=https://raw.githubusercontent.com/jygameclub/testdataapi/main/mahjong1date/0525_0842&debugStart=774,https://raw.githubusercontent.com/jygameclub/testdataapi/main/mahjong1date/0525_0842/774.json,https://raw.githubusercontent.com/jygameclub/testdataapi/main/mahjong1date/0525_0842,普通中奖,40.00,1.00,2,1,6,6,6,0,0,否,否,是,1,0,703806,703808,2191779695357217,9465702.0,9465702.0,2段连消/续转 / 金色符号/百搭转换
连消/掉落,779.json,779,75,金色/百搭,https://fish-games.s3.amazonaws.com/MahjongWays1/index.html?env=ceshislot.osshaiwai.com&hasFloat=0&token=436475c81b51e6893c740657870f86b7&language=en&debug=1&debugDataPath=https://raw.githubusercontent.com/jygameclub/testdataapi/main/mahjong1date/0525_0842&debugStart=779,https://raw.githubusercontent.com/jygameclub/testdataapi/main/mahjong1date/0525_0842/779.json,https://raw.githubusercontent.com/jygameclub/testdataapi/main/mahjong1date/0525_0842,普通中奖,40.00,1.00,2,1,5,6,6,1,1,否,否,是,1,1,703820,703821,3811779695364400,9465542.0,9465542.0,2段连消/续转 / 金色符号/百搭转换
连消/掉落,791.json,791,75,金色/百搭,https://fish-games.s3.amazonaws.com/MahjongWays1/index.html?env=ceshislot.osshaiwai.com&hasFloat=0&token=436475c81b51e6893c740657870f86b7&language=en&debug=1&debugDataPath=https://raw.githubusercontent.com/jygameclub/testdataapi/main/mahjong1date/0525_0842&debugStart=791,https://raw.githubusercontent.com/jygameclub/testdataapi/main/mahjong1date/0525_0842/791.json,https://raw.githubusercontent.com/jygameclub/testdataapi/main/mahjong1date/0525_0842,普通中奖,40.00,1.00,2,1,6,6,6,0,0,否,否,是,1,0,703852,703853,2851779695387251,9465198.0,9465198.0,2段连消/续转 / 金色符号/百搭转换
连消/掉落,878.json,878,75,金色/百搭,https://fish-games.s3.amazonaws.com/MahjongWays1/index.html?env=ceshislot.osshaiwai.com&hasFloat=0&token=436475c81b51e6893c740657870f86b7&language=en&debug=1&debugDataPath=https://raw.githubusercontent.com/jygameclub/testdataapi/main/mahjong1date/0525_0842&debugStart=878,https://raw.githubusercontent.com/jygameclub/testdataapi/main/mahjong1date/0525_0842/878.json,https://raw.githubusercontent.com/jygameclub/testdataapi/main/mahjong1date/0525_0842,普通中奖,40.00,1.00,2,1,6,6,6,0,0,否,否,是,1,1,704124,704125,2901779695572599,9466920.0,9466920.0,2段连消/续转 / 金色符号/百搭转换
连消/掉落,900.json,900,75,金色/百搭,https://fish-games.s3.amazonaws.com/MahjongWays1/index.html?env=ceshislot.osshaiwai.com&hasFloat=0&token=436475c81b51e6893c740657870f86b7&language=en&debug=1&debugDataPath=https://raw.githubusercontent.com/jygameclub/testdataapi/main/mahjong1date/0525_0842&debugStart=900,https://raw.githubusercontent.com/jygameclub/testdataapi/main/mahjong1date/0525_0842/900.json,https://raw.githubusercontent.com/jygameclub/testdataapi/main/mahjong1date/0525_0842,普通中奖,40.00,1.00,2,1,5,6,6,1,1,否,否,是,1,0,704168,704169,1561779695607032,9466160.0,9466160.0,2段连消/续转 / 金色符号/百搭转换
连消/掉落,926.json,926,75,金色/百搭,https://fish-games.s3.amazonaws.com/MahjongWays1/index.html?env=ceshislot.osshaiwai.com&hasFloat=0&token=436475c81b51e6893c740657870f86b7&language=en&debug=1&debugDataPath=https://raw.githubusercontent.com/jygameclub/testdataapi/main/mahjong1date/0525_0842&debugStart=926,https://raw.githubusercontent.com/jygameclub/testdataapi/main/mahjong1date/0525_0842/926.json,https://raw.githubusercontent.com/jygameclub/testdataapi/main/mahjong1date/0525_0842,普通中奖,40.00,1.00,2,1,5,5,5,0,0,否,否,是,1,0,704225,704226,4761779695650099,9465316.0,9465316.0,2段连消/续转 / 金色符号/百搭转换
连消/掉落,949.json,949,75,金色/百搭,https://fish-games.s3.amazonaws.com/MahjongWays1/index.html?env=ceshislot.osshaiwai.com&hasFloat=0&token=436475c81b51e6893c740657870f86b7&language=en&debug=1&debugDataPath=https://raw.githubusercontent.com/jygameclub/testdataapi/main/mahjong1date/0525_0842&debugStart=949,https://raw.githubusercontent.com/jygameclub/testdataapi/main/mahjong1date/0525_0842/949.json,https://raw.githubusercontent.com/jygameclub/testdataapi/main/mahjong1date/0525_0842,普通中奖,40.00,1.00,2,1,6,6,6,0,0,否,否,是,1,0,704302,704303,5851779695704417,9465884.0,9465884.0,2段连消/续转 / 金色符号/百搭转换
连消/掉落,809.json,809,75,金色/百搭,https://fish-games.s3.amazonaws.com/MahjongWays1/index.html?env=ceshislot.osshaiwai.com&hasFloat=0&token=436475c81b51e6893c740657870f86b7&language=en&debug=1&debugDataPath=https://raw.githubusercontent.com/jygameclub/testdataapi/main/mahjong1date/0525_0842&debugStart=809,https://raw.githubusercontent.com/jygameclub/testdataapi/main/mahjong1date/0525_0842/809.json,https://raw.githubusercontent.com/jygameclub/testdataapi/main/mahjong1date/0525_0842,普通中奖,36.00,0.90,4,3,10,10,10,0,0,否,否,是,1,0,703894,703899,6611779695419283,9464974.0,9464970.0,4段连消/续转 / 金色符号/百搭转换
连消/掉落,017.json,17,75,金色/百搭,https://fish-games.s3.amazonaws.com/MahjongWays1/index.html?env=ceshislot.osshaiwai.com&hasFloat=0&token=436475c81b51e6893c740657870f86b7&language=en&debug=1&debugDataPath=https://raw.githubusercontent.com/jygameclub/testdataapi/main/mahjong1date/0525_0842&debugStart=17,https://raw.githubusercontent.com/jygameclub/testdataapi/main/mahjong1date/0525_0842/017.json,https://raw.githubusercontent.com/jygameclub/testdataapi/main/mahjong1date/0525_0842,普通中奖,36.00,0.90,3,2,8,8,8,0,0,否,否,是,1,0,700525,700529,4041779692386590,9477600.0,9477596.0,3段连消/续转 / 金色符号/百搭转换
连消/掉落,694.json,694,75,金色/百搭,https://fish-games.s3.amazonaws.com/MahjongWays1/index.html?env=ceshislot.osshaiwai.com&hasFloat=0&token=436475c81b51e6893c740657870f86b7&language=en&debug=1&debugDataPath=https://raw.githubusercontent.com/jygameclub/testdataapi/main/mahjong1date/0525_0842&debugStart=694,https://raw.githubusercontent.com/jygameclub/testdataapi/main/mahjong1date/0525_0842/694.json,https://raw.githubusercontent.com/jygameclub/testdataapi/main/mahjong1date/0525_0842,普通中奖,36.00,0.90,3,2,9,9,9,0,0,否,否,是,1,0,703528,703533,1671779695143885,9466198.0,9466194.0,3段连消/续转 / 金色符号/百搭转换
连消/掉落,036.json,36,75,金色/百搭,https://fish-games.s3.amazonaws.com/MahjongWays1/index.html?env=ceshislot.osshaiwai.com&hasFloat=0&token=436475c81b51e6893c740657870f86b7&language=en&debug=1&debugDataPath=https://raw.githubusercontent.com/jygameclub/testdataapi/main/mahjong1date/0525_0842&debugStart=36,https://raw.githubusercontent.com/jygameclub/testdataapi/main/mahjong1date/0525_0842/036.json,https://raw.githubusercontent.com/jygameclub/testdataapi/main/mahjong1date/0525_0842,普通中奖,32.00,0.80,3,2,8,9,9,1,1,否,否,是,1,0,700594,700599,8571779692419690,9476952.0,9476944.0,3段连消/续转 / 金色符号/百搭转换
连消/掉落,373.json,373,75,金色/百搭,https://fish-games.s3.amazonaws.com/MahjongWays1/index.html?env=ceshislot.osshaiwai.com&hasFloat=0&token=436475c81b51e6893c740657870f86b7&language=en&debug=1&debugDataPath=https://raw.githubusercontent.com/jygameclub/testdataapi/main/mahjong1date/0525_0842&debugStart=373,https://raw.githubusercontent.com/jygameclub/testdataapi/main/mahjong1date/0525_0842/373.json,https://raw.githubusercontent.com/jygameclub/testdataapi/main/mahjong1date/0525_0842,普通中奖,32.00,0.80,3,2,7,8,8,1,1,否,否,是,1,0,702601,702604,7651779694456338,9473158.0,9473150.0,3段连消/续转 / 金色符号/百搭转换
连消/掉落,802.json,802,75,金色/百搭,https://fish-games.s3.amazonaws.com/MahjongWays1/index.html?env=ceshislot.osshaiwai.com&hasFloat=0&token=436475c81b51e6893c740657870f86b7&language=en&debug=1&debugDataPath=https://raw.githubusercontent.com/jygameclub/testdataapi/main/mahjong1date/0525_0842&debugStart=802,https://raw.githubusercontent.com/jygameclub/testdataapi/main/mahjong1date/0525_0842/802.json,https://raw.githubusercontent.com/jygameclub/testdataapi/main/mahjong1date/0525_0842,普通中奖,32.00,0.80,3,2,9,9,9,0,0,否,否,是,1,0,703877,703881,6011779695407917,9465062.0,9465054.0,3段连消/续转 / 金色符号/百搭转换
连消/掉落,988.json,988,75,金色/百搭,https://fish-games.s3.amazonaws.com/MahjongWays1/index.html?env=ceshislot.osshaiwai.com&hasFloat=0&token=436475c81b51e6893c740657870f86b7&language=en&debug=1&debugDataPath=https://raw.githubusercontent.com/jygameclub/testdataapi/main/mahjong1date/0525_0842&debugStart=988,https://raw.githubusercontent.com/jygameclub/testdataapi/main/mahjong1date/0525_0842/988.json,https://raw.githubusercontent.com/jygameclub/testdataapi/main/mahjong1date/0525_0842,普通中奖,32.00,0.80,3,2,9,9,9,0,0,否,否,是,1,1,704389,704393,6941779695767182,9464962.0,9464954.0,3段连消/续转 / 金色符号/百搭转换
连消/掉落,476.json,476,75,金色/百搭,https://fish-games.s3.amazonaws.com/MahjongWays1/index.html?env=ceshislot.osshaiwai.com&hasFloat=0&token=436475c81b51e6893c740657870f86b7&language=en&debug=1&debugDataPath=https://raw.githubusercontent.com/jygameclub/testdataapi/main/mahjong1date/0525_0842&debugStart=476,https://raw.githubusercontent.com/jygameclub/testdataapi/main/mahjong1date/0525_0842/476.json,https://raw.githubusercontent.com/jygameclub/testdataapi/main/mahjong1date/0525_0842,普通中奖,30.00,0.75,2,1,4,4,4,0,0,否,否,是,1,0,702795,702796,1481779694632070,9470592.0,9470582.0,2段连消/续转 / 金色符号/百搭转换
连消/掉落,828.json,828,75,金色/百搭,https://fish-games.s3.amazonaws.com/MahjongWays1/index.html?env=ceshislot.osshaiwai.com&hasFloat=0&token=436475c81b51e6893c740657870f86b7&language=en&debug=1&debugDataPath=https://raw.githubusercontent.com/jygameclub/testdataapi/main/mahjong1date/0525_0842&debugStart=828,https://raw.githubusercontent.com/jygameclub/testdataapi/main/mahjong1date/0525_0842/828.json,https://raw.githubusercontent.com/jygameclub/testdataapi/main/mahjong1date/0525_0842,普通中奖,30.00,0.75,2,1,4,4,4,0,0,否,否,是,1,0,703976,703978,8421779695490518,9468522.0,9468512.0,2段连消/续转 / 金色符号/百搭转换
连消/掉落,639.json,639,75,金色/百搭,https://fish-games.s3.amazonaws.com/MahjongWays1/index.html?env=ceshislot.osshaiwai.com&hasFloat=0&token=436475c81b51e6893c740657870f86b7&language=en&debug=1&debugDataPath=https://raw.githubusercontent.com/jygameclub/testdataapi/main/mahjong1date/0525_0842&debugStart=639,https://raw.githubusercontent.com/jygameclub/testdataapi/main/mahjong1date/0525_0842/639.json,https://raw.githubusercontent.com/jygameclub/testdataapi/main/mahjong1date/0525_0842,普通中奖,28.00,0.70,3,2,8,8,8,0,0,否,否,是,1,0,703281,703284,4741779694911418,9466778.0,9466766.0,3段连消/续转 / 金色符号/百搭转换
连消/掉落,842.json,842,75,金色/百搭,https://fish-games.s3.amazonaws.com/MahjongWays1/index.html?env=ceshislot.osshaiwai.com&hasFloat=0&token=436475c81b51e6893c740657870f86b7&language=en&debug=1&debugDataPath=https://raw.githubusercontent.com/jygameclub/testdataapi/main/mahjong1date/0525_0842&debugStart=842,https://raw.githubusercontent.com/jygameclub/testdataapi/main/mahjong1date/0525_0842/842.json,https://raw.githubusercontent.com/jygameclub/testdataapi/main/mahjong1date/0525_0842,普通中奖,28.00,0.70,3,2,7,7,7,0,0,否,否,是,1,1,704009,704016,1821779695510283,9467996.0,9467984.0,3段连消/续转 / 金色符号/百搭转换
连消/掉落,816.json,816,75,金色/百搭,https://fish-games.s3.amazonaws.com/MahjongWays1/index.html?env=ceshislot.osshaiwai.com&hasFloat=0&token=436475c81b51e6893c740657870f86b7&language=en&debug=1&debugDataPath=https://raw.githubusercontent.com/jygameclub/testdataapi/main/mahjong1date/0525_0842&debugStart=816,https://raw.githubusercontent.com/jygameclub/testdataapi/main/mahjong1date/0525_0842/816.json,https://raw.githubusercontent.com/jygameclub/testdataapi/main/mahjong1date/0525_0842,普通中奖,28.00,0.70,2,1,8,8,8,0,0,否,否,是,2,1,703910,703912,5141779695432149,9464730.0,9464718.0,2段连消/续转 / 金色符号/百搭转换
连消/掉落,611.json,611,75,金色/百搭,https://fish-games.s3.amazonaws.com/MahjongWays1/index.html?env=ceshislot.osshaiwai.com&hasFloat=0&token=436475c81b51e6893c740657870f86b7&language=en&debug=1&debugDataPath=https://raw.githubusercontent.com/jygameclub/testdataapi/main/mahjong1date/0525_0842&debugStart=611,https://raw.githubusercontent.com/jygameclub/testdataapi/main/mahjong1date/0525_0842/611.json,https://raw.githubusercontent.com/jygameclub/testdataapi/main/mahjong1date/0525_0842,普通中奖,26.00,0.65,3,2,7,8,8,1,1,否,否,是,1,1,703205,703211,6131779694866135,9467392.0,9467378.0,3段连消/续转 / 金色符号/百搭转换
连消/掉落,246.json,246,75,金色/百搭,https://fish-games.s3.amazonaws.com/MahjongWays1/index.html?env=ceshislot.osshaiwai.com&hasFloat=0&token=436475c81b51e6893c740657870f86b7&language=en&debug=1&debugDataPath=https://raw.githubusercontent.com/jygameclub/testdataapi/main/mahjong1date/0525_0842&debugStart=246,https://raw.githubusercontent.com/jygameclub/testdataapi/main/mahjong1date/0525_0842/246.json,https://raw.githubusercontent.com/jygameclub/testdataapi/main/mahjong1date/0525_0842,普通中奖,24.00,0.60,3,2,8,8,8,0,0,否,否,是,1,1,701359,701362,8391779692889460,9472788.0,9472772.0,3段连消/续转 / 金色符号/百搭转换
连消/掉落,773.json,773,75,金色/百搭,https://fish-games.s3.amazonaws.com/MahjongWays1/index.html?env=ceshislot.osshaiwai.com&hasFloat=0&token=436475c81b51e6893c740657870f86b7&language=en&debug=1&debugDataPath=https://raw.githubusercontent.com/jygameclub/testdataapi/main/mahjong1date/0525_0842&debugStart=773,https://raw.githubusercontent.com/jygameclub/testdataapi/main/mahjong1date/0525_0842/773.json,https://raw.githubusercontent.com/jygameclub/testdataapi/main/mahjong1date/0525_0842,普通中奖,24.00,0.60,3,2,7,8,8,1,1,否,否,是,1,1,703799,703802,2251779695351484,9465718.0,9465702.0,3段连消/续转 / 金色符号/百搭转换
连消/掉落,162.json,162,75,金色/百搭,https://fish-games.s3.amazonaws.com/MahjongWays1/index.html?env=ceshislot.osshaiwai.com&hasFloat=0&token=436475c81b51e6893c740657870f86b7&language=en&debug=1&debugDataPath=https://raw.githubusercontent.com/jygameclub/testdataapi/main/mahjong1date/0525_0842&debugStart=162,https://raw.githubusercontent.com/jygameclub/testdataapi/main/mahjong1date/0525_0842/162.json,https://raw.githubusercontent.com/jygameclub/testdataapi/main/mahjong1date/0525_0842,普通中奖,24.00,0.60,2,1,6,6,6,0,0,否,否,是,1,0,701013,701014,4881779692683260,9473676.0,9473660.0,2段连消/续转 / 金色符号/百搭转换
连消/掉落,699.json,699,75,金色/百搭,https://fish-games.s3.amazonaws.com/MahjongWays1/index.html?env=ceshislot.osshaiwai.com&hasFloat=0&token=436475c81b51e6893c740657870f86b7&language=en&debug=1&debugDataPath=https://raw.githubusercontent.com/jygameclub/testdataapi/main/mahjong1date/0525_0842&debugStart=699,https://raw.githubusercontent.com/jygameclub/testdataapi/main/mahjong1date/0525_0842/699.json,https://raw.githubusercontent.com/jygameclub/testdataapi/main/mahjong1date/0525_0842,普通中奖,24.00,0.60,2,1,8,8,8,0,0,否,否,是,2,0,703549,703552,8061779695156551,9466174.0,9466158.0,2段连消/续转 / 金色符号/百搭转换
连消/掉落,318.json,318,75,金色/百搭,https://fish-games.s3.amazonaws.com/MahjongWays1/index.html?env=ceshislot.osshaiwai.com&hasFloat=0&token=436475c81b51e6893c740657870f86b7&language=en&debug=1&debugDataPath=https://raw.githubusercontent.com/jygameclub/testdataapi/main/mahjong1date/0525_0842&debugStart=318,https://raw.githubusercontent.com/jygameclub/testdataapi/main/mahjong1date/0525_0842/318.json,https://raw.githubusercontent.com/jygameclub/testdataapi/main/mahjong1date/0525_0842,普通中奖,20.00,0.50,3,2,10,10,10,0,0,否,否,是,2,1,702332,702340,2191779694140789,9474146.0,9474126.0,3段连消/续转 / 金色符号/百搭转换
连消/掉落,684.json,684,75,金色/百搭,https://fish-games.s3.amazonaws.com/MahjongWays1/index.html?env=ceshislot.osshaiwai.com&hasFloat=0&token=436475c81b51e6893c740657870f86b7&language=en&debug=1&debugDataPath=https://raw.githubusercontent.com/jygameclub/testdataapi/main/mahjong1date/0525_0842&debugStart=684,https://raw.githubusercontent.com/jygameclub/testdataapi/main/mahjong1date/0525_0842/684.json,https://raw.githubusercontent.com/jygameclub/testdataapi/main/mahjong1date/0525_0842,普通中奖,20.00,0.50,3,2,6,6,6,0,0,否,否,是,1,1,703487,703491,4831779695116435,9466098.0,9466078.0,3段连消/续转 / 金色符号/百搭转换
连消/掉落,016.json,16,75,金色/百搭,https://fish-games.s3.amazonaws.com/MahjongWays1/index.html?env=ceshislot.osshaiwai.com&hasFloat=0&token=436475c81b51e6893c740657870f86b7&language=en&debug=1&debugDataPath=https://raw.githubusercontent.com/jygameclub/testdataapi/main/mahjong1date/0525_0842&debugStart=16,https://raw.githubusercontent.com/jygameclub/testdataapi/main/mahjong1date/0525_0842/016.json,https://raw.githubusercontent.com/jygameclub/testdataapi/main/mahjong1date/0525_0842,普通中奖,20.00,0.50,2,1,5,5,5,0,0,否,否,是,1,2,700520,700523,8351779692382522,9477620.0,9477600.0,2段连消/续转 / 金色符号/百搭转换
连消/掉落,135.json,135,75,金色/百搭,https://fish-games.s3.amazonaws.com/MahjongWays1/index.html?env=ceshislot.osshaiwai.com&hasFloat=0&token=436475c81b51e6893c740657870f86b7&language=en&debug=1&debugDataPath=https://raw.githubusercontent.com/jygameclub/testdataapi/main/mahjong1date/0525_0842&debugStart=135,https://raw.githubusercontent.com/jygameclub/testdataapi/main/mahjong1date/0525_0842/135.json,https://raw.githubusercontent.com/jygameclub/testdataapi/main/mahjong1date/0525_0842,普通中奖,20.00,0.50,2,1,4,5,5,1,1,否,否,是,1,2,700935,700938,1721779692638559,9474568.0,9474548.0,2段连消/续转 / 金色符号/百搭转换
连消/掉落,157.json,157,75,金色/百搭,https://fish-games.s3.amazonaws.com/MahjongWays1/index.html?env=ceshislot.osshaiwai.com&hasFloat=0&token=436475c81b51e6893c740657870f86b7&language=en&debug=1&debugDataPath=https://raw.githubusercontent.com/jygameclub/testdataapi/main/mahjong1date/0525_0842&debugStart=157,https://raw.githubusercontent.com/jygameclub/testdataapi/main/mahjong1date/0525_0842/157.json,https://raw.githubusercontent.com/jygameclub/testdataapi/main/mahjong1date/0525_0842,普通中奖,20.00,0.50,2,1,5,5,5,0,0,否,否,是,1,1,700999,701000,4281779692674474,9473836.0,9473816.0,2段连消/续转 / 金色符号/百搭转换
连消/掉落,159.json,159,75,金色/百搭,https://fish-games.s3.amazonaws.com/MahjongWays1/index.html?env=ceshislot.osshaiwai.com&hasFloat=0&token=436475c81b51e6893c740657870f86b7&language=en&debug=1&debugDataPath=https://raw.githubusercontent.com/jygameclub/testdataapi/main/mahjong1date/0525_0842&debugStart=159,https://raw.githubusercontent.com/jygameclub/testdataapi/main/mahjong1date/0525_0842/159.json,https://raw.githubusercontent.com/jygameclub/testdataapi/main/mahjong1date/0525_0842,普通中奖,20.00,0.50,2,1,5,5,5,0,0,否,否,是,1,0,701004,701005,6911779692678976,9473776.0,9473756.0,2段连消/续转 / 金色符号/百搭转换
连消/掉落,211.json,211,75,金色/百搭,https://fish-games.s3.amazonaws.com/MahjongWays1/index.html?env=ceshislot.osshaiwai.com&hasFloat=0&token=436475c81b51e6893c740657870f86b7&language=en&debug=1&debugDataPath=https://raw.githubusercontent.com/jygameclub/testdataapi/main/mahjong1date/0525_0842&debugStart=211,https://raw.githubusercontent.com/jygameclub/testdataapi/main/mahjong1date/0525_0842/211.json,https://raw.githubusercontent.com/jygameclub/testdataapi/main/mahjong1date/0525_0842,普通中奖,20.00,0.50,2,1,4,4,4,0,0,否,否,是,1,0,701285,701286,7481779692846124,9474088.0,9474068.0,2段连消/续转 / 金色符号/百搭转换
连消/掉落,229.json,229,75,金色/百搭,https://fish-games.s3.amazonaws.com/MahjongWays1/index.html?env=ceshislot.osshaiwai.com&hasFloat=0&token=436475c81b51e6893c740657870f86b7&language=en&debug=1&debugDataPath=https://raw.githubusercontent.com/jygameclub/testdataapi/main/mahjong1date/0525_0842&debugStart=229,https://raw.githubusercontent.com/jygameclub/testdataapi/main/mahjong1date/0525_0842/229.json,https://raw.githubusercontent.com/jygameclub/testdataapi/main/mahjong1date/0525_0842,普通中奖,20.00,0.50,2,1,5,5,5,0,0,否,否,是,1,0,701319,701321,5721779692864244,9473388.0,9473368.0,2段连消/续转 / 金色符号/百搭转换
连消/掉落,280.json,280,75,金色/百搭,https://fish-games.s3.amazonaws.com/MahjongWays1/index.html?env=ceshislot.osshaiwai.com&hasFloat=0&token=436475c81b51e6893c740657870f86b7&language=en&debug=1&debugDataPath=https://raw.githubusercontent.com/jygameclub/testdataapi/main/mahjong1date/0525_0842&debugStart=280,https://raw.githubusercontent.com/jygameclub/testdataapi/main/mahjong1date/0525_0842/280.json,https://raw.githubusercontent.com/jygameclub/testdataapi/main/mahjong1date/0525_0842,普通中奖,20.00,0.50,2,1,5,5,5,0,0,否,否,是,1,1,701456,701457,3901779692969807,9473496.0,9473476.0,2段连消/续转 / 金色符号/百搭转换
连消/掉落,295.json,295,75,金色/百搭,https://fish-games.s3.amazonaws.com/MahjongWays1/index.html?env=ceshislot.osshaiwai.com&hasFloat=0&token=436475c81b51e6893c740657870f86b7&language=en&debug=1&debugDataPath=https://raw.githubusercontent.com/jygameclub/testdataapi/main/mahjong1date/0525_0842&debugStart=295,https://raw.githubusercontent.com/jygameclub/testdataapi/main/mahjong1date/0525_0842/295.json,https://raw.githubusercontent.com/jygameclub/testdataapi/main/mahjong1date/0525_0842,普通中奖,20.00,0.50,2,1,5,5,5,0,0,否,否,是,1,1,701492,701494,3341779692989941,9473046.0,9473026.0,2段连消/续转 / 金色符号/百搭转换
连消/掉落,331.json,331,75,金色/百搭,https://fish-games.s3.amazonaws.com/MahjongWays1/index.html?env=ceshislot.osshaiwai.com&hasFloat=0&token=436475c81b51e6893c740657870f86b7&language=en&debug=1&debugDataPath=https://raw.githubusercontent.com/jygameclub/testdataapi/main/mahjong1date/0525_0842&debugStart=331,https://raw.githubusercontent.com/jygameclub/testdataapi/main/mahjong1date/0525_0842/331.json,https://raw.githubusercontent.com/jygameclub/testdataapi/main/mahjong1date/0525_0842,普通中奖,20.00,0.50,2,1,5,5,5,0,0,否,否,是,1,1,702365,702366,7161779694159872,9473662.0,9473642.0,2段连消/续转 / 金色符号/百搭转换
连消/掉落,426.json,426,75,金色/百搭,https://fish-games.s3.amazonaws.com/MahjongWays1/index.html?env=ceshislot.osshaiwai.com&hasFloat=0&token=436475c81b51e6893c740657870f86b7&language=en&debug=1&debugDataPath=https://raw.githubusercontent.com/jygameclub/testdataapi/main/mahjong1date/0525_0842&debugStart=426,https://raw.githubusercontent.com/jygameclub/testdataapi/main/mahjong1date/0525_0842/426.json,https://raw.githubusercontent.com/jygameclub/testdataapi/main/mahjong1date/0525_0842,普通中奖,20.00,0.50,2,1,5,5,5,0,0,否,否,是,1,0,702700,702701,2571779694545004,9471794.0,9471774.0,2段连消/续转 / 金色符号/百搭转换
连消/掉落,454.json,454,75,金色/百搭,https://fish-games.s3.amazonaws.com/MahjongWays1/index.html?env=ceshislot.osshaiwai.com&hasFloat=0&token=436475c81b51e6893c740657870f86b7&language=en&debug=1&debugDataPath=https://raw.githubusercontent.com/jygameclub/testdataapi/main/mahjong1date/0525_0842&debugStart=454,https://raw.githubusercontent.com/jygameclub/testdataapi/main/mahjong1date/0525_0842/454.json,https://raw.githubusercontent.com/jygameclub/testdataapi/main/mahjong1date/0525_0842,普通中奖,20.00,0.50,2,1,5,5,5,0,0,否,否,是,1,1,702741,702742,8501779694584871,9470922.0,9470902.0,2段连消/续转 / 金色符号/百搭转换
连消/掉落,651.json,651,75,金色/百搭,https://fish-games.s3.amazonaws.com/MahjongWays1/index.html?env=ceshislot.osshaiwai.com&hasFloat=0&token=436475c81b51e6893c740657870f86b7&language=en&debug=1&debugDataPath=https://raw.githubusercontent.com/jygameclub/testdataapi/main/mahjong1date/0525_0842&debugStart=651,https://raw.githubusercontent.com/jygameclub/testdataapi/main/mahjong1date/0525_0842/651.json,https://raw.githubusercontent.com/jygameclub/testdataapi/main/mahjong1date/0525_0842,普通中奖,20.00,0.50,2,1,4,4,4,0,0,否,否,是,1,0,703312,703313,4911779694935135,9466382.0,9466362.0,2段连消/续转 / 金色符号/百搭转换
连消/掉落,697.json,697,75,金色/百搭,https://fish-games.s3.amazonaws.com/MahjongWays1/index.html?env=ceshislot.osshaiwai.com&hasFloat=0&token=436475c81b51e6893c740657870f86b7&language=en&debug=1&debugDataPath=https://raw.githubusercontent.com/jygameclub/testdataapi/main/mahjong1date/0525_0842&debugStart=697,https://raw.githubusercontent.com/jygameclub/testdataapi/main/mahjong1date/0525_0842/697.json,https://raw.githubusercontent.com/jygameclub/testdataapi/main/mahjong1date/0525_0842,普通中奖,20.00,0.50,2,1,5,5,5,0,0,否,否,是,1,1,703542,703545,3341779695153118,9466234.0,9466214.0,2段连消/续转 / 金色符号/百搭转换
连消/掉落,748.json,748,75,金色/百搭,https://fish-games.s3.amazonaws.com/MahjongWays1/index.html?env=ceshislot.osshaiwai.com&hasFloat=0&token=436475c81b51e6893c740657870f86b7&language=en&debug=1&debugDataPath=https://raw.githubusercontent.com/jygameclub/testdataapi/main/mahjong1date/0525_0842&debugStart=748,https://raw.githubusercontent.com/jygameclub/testdataapi/main/mahjong1date/0525_0842/748.json,https://raw.githubusercontent.com/jygameclub/testdataapi/main/mahjong1date/0525_0842,普通中奖,20.00,0.50,2,1,5,5,5,0,0,否,否,是,1,1,703752,703753,3061779695313484,9466514.0,9466494.0,2段连消/续转 / 金色符号/百搭转换
连消/掉落,768.json,768,75,金色/百搭,https://fish-games.s3.amazonaws.com/MahjongWays1/index.html?env=ceshislot.osshaiwai.com&hasFloat=0&token=436475c81b51e6893c740657870f86b7&language=en&debug=1&debugDataPath=https://raw.githubusercontent.com/jygameclub/testdataapi/main/mahjong1date/0525_0842&debugStart=768,https://raw.githubusercontent.com/jygameclub/testdataapi/main/mahjong1date/0525_0842/768.json,https://raw.githubusercontent.com/jygameclub/testdataapi/main/mahjong1date/0525_0842,普通中奖,20.00,0.50,2,1,5,5,5,0,0,否,否,是,1,2,703787,703788,5351779695338450,9465750.0,9465730.0,2段连消/续转 / 金色符号/百搭转换
连消/掉落,787.json,787,75,金色/百搭,https://fish-games.s3.amazonaws.com/MahjongWays1/index.html?env=ceshislot.osshaiwai.com&hasFloat=0&token=436475c81b51e6893c740657870f86b7&language=en&debug=1&debugDataPath=https://raw.githubusercontent.com/jygameclub/testdataapi/main/mahjong1date/0525_0842&debugStart=787,https://raw.githubusercontent.com/jygameclub/testdataapi/main/mahjong1date/0525_0842/787.json,https://raw.githubusercontent.com/jygameclub/testdataapi/main/mahjong1date/0525_0842,普通中奖,20.00,0.50,2,1,5,5,5,0,0,否,否,是,1,1,703840,703842,1431779695378633,9465278.0,9465258.0,2段连消/续转 / 金色符号/百搭转换
连消/掉落,817.json,817,75,金色/百搭,https://fish-games.s3.amazonaws.com/MahjongWays1/index.html?env=ceshislot.osshaiwai.com&hasFloat=0&token=436475c81b51e6893c740657870f86b7&language=en&debug=1&debugDataPath=https://raw.githubusercontent.com/jygameclub/testdataapi/main/mahjong1date/0525_0842&debugStart=817,https://raw.githubusercontent.com/jygameclub/testdataapi/main/mahjong1date/0525_0842/817.json,https://raw.githubusercontent.com/jygameclub/testdataapi/main/mahjong1date/0525_0842,普通中奖,20.00,0.50,2,1,5,5,5,0,0,否,否,是,1,1,703914,703915,5881779695435832,9464718.0,9464698.0,2段连消/续转 / 金色符号/百搭转换
连消/掉落,865.json,865,75,金色/百搭,https://fish-games.s3.amazonaws.com/MahjongWays1/index.html?env=ceshislot.osshaiwai.com&hasFloat=0&token=436475c81b51e6893c740657870f86b7&language=en&debug=1&debugDataPath=https://raw.githubusercontent.com/jygameclub/testdataapi/main/mahjong1date/0525_0842&debugStart=865,https://raw.githubusercontent.com/jygameclub/testdataapi/main/mahjong1date/0525_0842/865.json,https://raw.githubusercontent.com/jygameclub/testdataapi/main/mahjong1date/0525_0842,普通中奖,20.00,0.50,2,1,5,5,5,0,0,否,否,是,1,0,704082,704083,3661779695549149,9467392.0,9467372.0,2段连消/续转 / 金色符号/百搭转换
连消/掉落,892.json,892,75,金色/百搭,https://fish-games.s3.amazonaws.com/MahjongWays1/index.html?env=ceshislot.osshaiwai.com&hasFloat=0&token=436475c81b51e6893c740657870f86b7&language=en&debug=1&debugDataPath=https://raw.githubusercontent.com/jygameclub/testdataapi/main/mahjong1date/0525_0842&debugStart=892,https://raw.githubusercontent.com/jygameclub/testdataapi/main/mahjong1date/0525_0842/892.json,https://raw.githubusercontent.com/jygameclub/testdataapi/main/mahjong1date/0525_0842,普通中奖,20.00,0.50,2,1,5,5,5,0,0,否,否,是,1,0,704150,704151,4581779695594533,9466448.0,9466428.0,2段连消/续转 / 金色符号/百搭转换
连消/掉落,915.json,915,75,金色/百搭,https://fish-games.s3.amazonaws.com/MahjongWays1/index.html?env=ceshislot.osshaiwai.com&hasFloat=0&token=436475c81b51e6893c740657870f86b7&language=en&debug=1&debugDataPath=https://raw.githubusercontent.com/jygameclub/testdataapi/main/mahjong1date/0525_0842&debugStart=915,https://raw.githubusercontent.com/jygameclub/testdataapi/main/mahjong1date/0525_0842/915.json,https://raw.githubusercontent.com/jygameclub/testdataapi/main/mahjong1date/0525_0842,普通中奖,20.00,0.50,2,1,5,5,5,0,0,否,否,是,1,0,704198,704199,2151779695629268,9465648.0,9465628.0,2段连消/续转 / 金色符号/百搭转换
连消/掉落,032.json,32,75,金色/百搭,https://fish-games.s3.amazonaws.com/MahjongWays1/index.html?env=ceshislot.osshaiwai.com&hasFloat=0&token=436475c81b51e6893c740657870f86b7&language=en&debug=1&debugDataPath=https://raw.githubusercontent.com/jygameclub/testdataapi/main/mahjong1date/0525_0842&debugStart=32,https://raw.githubusercontent.com/jygameclub/testdataapi/main/mahjong1date/0525_0842/032.json,https://raw.githubusercontent.com/jygameclub/testdataapi/main/mahjong1date/0525_0842,普通中奖,16.00,0.40,3,2,7,7,7,0,0,否,否,是,1,1,700574,700580,3781779692410340,9477092.0,9477068.0,3段连消/续转 / 金色符号/百搭转换
连消/掉落,011.json,11,75,金色/百搭,https://fish-games.s3.amazonaws.com/MahjongWays1/index.html?env=ceshislot.osshaiwai.com&hasFloat=0&token=436475c81b51e6893c740657870f86b7&language=en&debug=1&debugDataPath=https://raw.githubusercontent.com/jygameclub/testdataapi/main/mahjong1date/0525_0842&debugStart=11,https://raw.githubusercontent.com/jygameclub/testdataapi/main/mahjong1date/0525_0842/011.json,https://raw.githubusercontent.com/jygameclub/testdataapi/main/mahjong1date/0525_0842,普通中奖,16.00,0.40,2,1,5,5,5,0,0,否,否,是,1,0,700502,700503,2401779692373457,9477796.0,9477772.0,2段连消/续转 / 金色符号/百搭转换
连消/掉落,028.json,28,75,金色/百搭,https://fish-games.s3.amazonaws.com/MahjongWays1/index.html?env=ceshislot.osshaiwai.com&hasFloat=0&token=436475c81b51e6893c740657870f86b7&language=en&debug=1&debugDataPath=https://raw.githubusercontent.com/jygameclub/testdataapi/main/mahjong1date/0525_0842&debugStart=28,https://raw.githubusercontent.com/jygameclub/testdataapi/main/mahjong1date/0525_0842/028.json,https://raw.githubusercontent.com/jygameclub/testdataapi/main/mahjong1date/0525_0842,普通中奖,16.00,0.40,2,1,5,5,5,0,0,否,否,是,1,0,700563,700565,8841779692404973,9477236.0,9477212.0,2段连消/续转 / 金色符号/百搭转换
连消/掉落,053.json,53,75,金色/百搭,https://fish-games.s3.amazonaws.com/MahjongWays1/index.html?env=ceshislot.osshaiwai.com&hasFloat=0&token=436475c81b51e6893c740657870f86b7&language=en&debug=1&debugDataPath=https://raw.githubusercontent.com/jygameclub/testdataapi/main/mahjong1date/0525_0842&debugStart=53,https://raw.githubusercontent.com/jygameclub/testdataapi/main/mahjong1date/0525_0842/053.json,https://raw.githubusercontent.com/jygameclub/testdataapi/main/mahjong1date/0525_0842,普通中奖,16.00,0.40,2,1,5,5,5,0,0,否,否,是,1,0,700643,700645,6081779692444290,9476384.0,9476360.0,2段连消/续转 / 金色符号/百搭转换
连消/掉落,112.json,112,75,金色/百搭,https://fish-games.s3.amazonaws.com/MahjongWays1/index.html?env=ceshislot.osshaiwai.com&hasFloat=0&token=436475c81b51e6893c740657870f86b7&language=en&debug=1&debugDataPath=https://raw.githubusercontent.com/jygameclub/testdataapi/main/mahjong1date/0525_0842&debugStart=112,https://raw.githubusercontent.com/jygameclub/testdataapi/main/mahjong1date/0525_0842/112.json,https://raw.githubusercontent.com/jygameclub/testdataapi/main/mahjong1date/0525_0842,普通中奖,16.00,0.40,2,1,4,4,4,0,0,否,否,是,1,0,700809,700810,5451779692537691,9475004.0,9474980.0,2段连消/续转 / 金色符号/百搭转换
连消/掉落,134.json,134,75,金色/百搭,https://fish-games.s3.amazonaws.com/MahjongWays1/index.html?env=ceshislot.osshaiwai.com&hasFloat=0&token=436475c81b51e6893c740657870f86b7&language=en&debug=1&debugDataPath=https://raw.githubusercontent.com/jygameclub/testdataapi/main/mahjong1date/0525_0842&debugStart=134,https://raw.githubusercontent.com/jygameclub/testdataapi/main/mahjong1date/0525_0842/134.json,https://raw.githubusercontent.com/jygameclub/testdataapi/main/mahjong1date/0525_0842,普通中奖,16.00,0.40,2,1,5,5,5,0,0,否,否,是,1,0,700931,700932,7551779692635559,9474592.0,9474568.0,2段连消/续转 / 金色符号/百搭转换
连消/掉落,137.json,137,75,金色/百搭,https://fish-games.s3.amazonaws.com/MahjongWays1/index.html?env=ceshislot.osshaiwai.com&hasFloat=0&token=436475c81b51e6893c740657870f86b7&language=en&debug=1&debugDataPath=https://raw.githubusercontent.com/jygameclub/testdataapi/main/mahjong1date/0525_0842&debugStart=137,https://raw.githubusercontent.com/jygameclub/testdataapi/main/mahjong1date/0525_0842/137.json,https://raw.githubusercontent.com/jygameclub/testdataapi/main/mahjong1date/0525_0842,普通中奖,16.00,0.40,2,1,5,5,5,0,0,否,否,是,1,0,700946,700947,2731779692645025,9474512.0,9474488.0,2段连消/续转 / 金色符号/百搭转换
连消/掉落,144.json,144,75,金色/百搭,https://fish-games.s3.amazonaws.com/MahjongWays1/index.html?env=ceshislot.osshaiwai.com&hasFloat=0&token=436475c81b51e6893c740657870f86b7&language=en&debug=1&debugDataPath=https://raw.githubusercontent.com/jygameclub/testdataapi/main/mahjong1date/0525_0842&debugStart=144,https://raw.githubusercontent.com/jygameclub/testdataapi/main/mahjong1date/0525_0842/144.json,https://raw.githubusercontent.com/jygameclub/testdataapi/main/mahjong1date/0525_0842,普通中奖,16.00,0.40,2,1,5,5,5,0,0,否,否,是,1,1,700962,700966,6261779692653758,9474248.0,9474224.0,2段连消/续转 / 金色符号/百搭转换
连消/掉落,242.json,242,75,金色/百搭,https://fish-games.s3.amazonaws.com/MahjongWays1/index.html?env=ceshislot.osshaiwai.com&hasFloat=0&token=436475c81b51e6893c740657870f86b7&language=en&debug=1&debugDataPath=https://raw.githubusercontent.com/jygameclub/testdataapi/main/mahjong1date/0525_0842&debugStart=242,https://raw.githubusercontent.com/jygameclub/testdataapi/main/mahjong1date/0525_0842/242.json,https://raw.githubusercontent.com/jygameclub/testdataapi/main/mahjong1date/0525_0842,普通中奖,16.00,0.40,2,1,5,5,5,0,0,否,否,是,1,2,701351,701353,5661779692883276,9472932.0,9472908.0,2段连消/续转 / 金色符号/百搭转换
连消/掉落,262.json,262,75,金色/百搭,https://fish-games.s3.amazonaws.com/MahjongWays1/index.html?env=ceshislot.osshaiwai.com&hasFloat=0&token=436475c81b51e6893c740657870f86b7&language=en&debug=1&debugDataPath=https://raw.githubusercontent.com/jygameclub/testdataapi/main/mahjong1date/0525_0842&debugStart=262,https://raw.githubusercontent.com/jygameclub/testdataapi/main/mahjong1date/0525_0842/262.json,https://raw.githubusercontent.com/jygameclub/testdataapi/main/mahjong1date/0525_0842,普通中奖,16.00,0.40,2,1,5,5,5,0,0,否,否,是,1,0,701399,701400,4591779692929824,9472744.0,9472720.0,2段连消/续转 / 金色符号/百搭转换
连消/掉落,306.json,306,75,金色/百搭,https://fish-games.s3.amazonaws.com/MahjongWays1/index.html?env=ceshislot.osshaiwai.com&hasFloat=0&token=436475c81b51e6893c740657870f86b7&language=en&debug=1&debugDataPath=https://raw.githubusercontent.com/jygameclub/testdataapi/main/mahjong1date/0525_0842&debugStart=306,https://raw.githubusercontent.com/jygameclub/testdataapi/main/mahjong1date/0525_0842/306.json,https://raw.githubusercontent.com/jygameclub/testdataapi/main/mahjong1date/0525_0842,普通中奖,16.00,0.40,2,1,4,4,4,0,0,否,否,是,1,1,702274,702276,6971779694100756,9472914.0,9472890.0,2段连消/续转 / 金色符号/百搭转换
连消/掉落,319.json,319,75,金色/百搭,https://fish-games.s3.amazonaws.com/MahjongWays1/index.html?env=ceshislot.osshaiwai.com&hasFloat=0&token=436475c81b51e6893c740657870f86b7&language=en&debug=1&debugDataPath=https://raw.githubusercontent.com/jygameclub/testdataapi/main/mahjong1date/0525_0842&debugStart=319,https://raw.githubusercontent.com/jygameclub/testdataapi/main/mahjong1date/0525_0842/319.json,https://raw.githubusercontent.com/jygameclub/testdataapi/main/mahjong1date/0525_0842,普通中奖,16.00,0.40,2,1,4,4,4,0,0,否,否,是,1,0,702343,702344,9761779694146524,9474126.0,9474102.0,2段连消/续转 / 金色符号/百搭转换
连消/掉落,397.json,397,75,金色/百搭,https://fish-games.s3.amazonaws.com/MahjongWays1/index.html?env=ceshislot.osshaiwai.com&hasFloat=0&token=436475c81b51e6893c740657870f86b7&language=en&debug=1&debugDataPath=https://raw.githubusercontent.com/jygameclub/testdataapi/main/mahjong1date/0525_0842&debugStart=397,https://raw.githubusercontent.com/jygameclub/testdataapi/main/mahjong1date/0525_0842/397.json,https://raw.githubusercontent.com/jygameclub/testdataapi/main/mahjong1date/0525_0842,普通中奖,16.00,0.40,2,1,4,4,4,0,0,否,否,是,1,0,702646,702647,5881779694496120,9472322.0,9472298.0,2段连消/续转 / 金色符号/百搭转换
连消/掉落,500.json,500,75,金色/百搭,https://fish-games.s3.amazonaws.com/MahjongWays1/index.html?env=ceshislot.osshaiwai.com&hasFloat=0&token=436475c81b51e6893c740657870f86b7&language=en&debug=1&debugDataPath=https://raw.githubusercontent.com/jygameclub/testdataapi/main/mahjong1date/0525_0842&debugStart=500,https://raw.githubusercontent.com/jygameclub/testdataapi/main/mahjong1date/0525_0842/500.json,https://raw.githubusercontent.com/jygameclub/testdataapi/main/mahjong1date/0525_0842,普通中奖,16.00,0.40,2,1,4,4,4,0,0,否,否,是,1,0,702864,702865,5851779694673670,9469998.0,9469974.0,2段连消/续转 / 金色符号/百搭转换
连消/掉落,513.json,513,75,金色/百搭,https://fish-games.s3.amazonaws.com/MahjongWays1/index.html?env=ceshislot.osshaiwai.com&hasFloat=0&token=436475c81b51e6893c740657870f86b7&language=en&debug=1&debugDataPath=https://raw.githubusercontent.com/jygameclub/testdataapi/main/mahjong1date/0525_0842&debugStart=513,https://raw.githubusercontent.com/jygameclub/testdataapi/main/mahjong1date/0525_0842/513.json,https://raw.githubusercontent.com/jygameclub/testdataapi/main/mahjong1date/0525_0842,普通中奖,16.00,0.40,2,1,5,5,5,0,0,否,否,是,1,1,702898,702901,3591779694689153,9469534.0,9469510.0,2段连消/续转 / 金色符号/百搭转换
连消/掉落,524.json,524,75,金色/百搭,https://fish-games.s3.amazonaws.com/MahjongWays1/index.html?env=ceshislot.osshaiwai.com&hasFloat=0&token=436475c81b51e6893c740657870f86b7&language=en&debug=1&debugDataPath=https://raw.githubusercontent.com/jygameclub/testdataapi/main/mahjong1date/0525_0842&debugStart=524,https://raw.githubusercontent.com/jygameclub/testdataapi/main/mahjong1date/0525_0842/524.json,https://raw.githubusercontent.com/jygameclub/testdataapi/main/mahjong1date/0525_0842,普通中奖,16.00,0.40,2,1,5,5,5,0,0,否,否,是,1,0,702936,702937,2371779694711886,9469174.0,9469150.0,2段连消/续转 / 金色符号/百搭转换
连消/掉落,536.json,536,75,金色/百搭,https://fish-games.s3.amazonaws.com/MahjongWays1/index.html?env=ceshislot.osshaiwai.com&hasFloat=0&token=436475c81b51e6893c740657870f86b7&language=en&debug=1&debugDataPath=https://raw.githubusercontent.com/jygameclub/testdataapi/main/mahjong1date/0525_0842&debugStart=536,https://raw.githubusercontent.com/jygameclub/testdataapi/main/mahjong1date/0525_0842/536.json,https://raw.githubusercontent.com/jygameclub/testdataapi/main/mahjong1date/0525_0842,普通中奖,16.00,0.40,2,1,4,4,4,0,0,否,否,是,1,2,702974,702976,5341779694736518,9469268.0,9469244.0,2段连消/续转 / 金色符号/百搭转换
连消/掉落,669.json,669,75,金色/百搭,https://fish-games.s3.amazonaws.com/MahjongWays1/index.html?env=ceshislot.osshaiwai.com&hasFloat=0&token=436475c81b51e6893c740657870f86b7&language=en&debug=1&debugDataPath=https://raw.githubusercontent.com/jygameclub/testdataapi/main/mahjong1date/0525_0842&debugStart=669,https://raw.githubusercontent.com/jygameclub/testdataapi/main/mahjong1date/0525_0842/669.json,https://raw.githubusercontent.com/jygameclub/testdataapi/main/mahjong1date/0525_0842,普通中奖,16.00,0.40,2,1,5,5,5,0,0,否,否,是,1,1,703397,703399,3951779695030018,9466034.0,9466010.0,2段连消/续转 / 金色符号/百搭转换
连消/掉落,682.json,682,75,金色/百搭,https://fish-games.s3.amazonaws.com/MahjongWays1/index.html?env=ceshislot.osshaiwai.com&hasFloat=0&token=436475c81b51e6893c740657870f86b7&language=en&debug=1&debugDataPath=https://raw.githubusercontent.com/jygameclub/testdataapi/main/mahjong1date/0525_0842&debugStart=682,https://raw.githubusercontent.com/jygameclub/testdataapi/main/mahjong1date/0525_0842/682.json,https://raw.githubusercontent.com/jygameclub/testdataapi/main/mahjong1date/0525_0842,普通中奖,16.00,0.40,2,1,4,5,5,1,1,否,否,是,1,0,703426,703428,2191779695046451,9465530.0,9465506.0,2段连消/续转 / 金色符号/百搭转换
连消/掉落,717.json,717,75,金色/百搭,https://fish-games.s3.amazonaws.com/MahjongWays1/index.html?env=ceshislot.osshaiwai.com&hasFloat=0&token=436475c81b51e6893c740657870f86b7&language=en&debug=1&debugDataPath=https://raw.githubusercontent.com/jygameclub/testdataapi/main/mahjong1date/0525_0842&debugStart=717,https://raw.githubusercontent.com/jygameclub/testdataapi/main/mahjong1date/0525_0842/717.json,https://raw.githubusercontent.com/jygameclub/testdataapi/main/mahjong1date/0525_0842,普通中奖,16.00,0.40,2,1,5,5,5,0,0,否,否,是,1,0,703606,703607,6401779695188668,9465902.0,9465878.0,2段连消/续转 / 金色符号/百搭转换
连消/掉落,718.json,718,75,金色/百搭,https://fish-games.s3.amazonaws.com/MahjongWays1/index.html?env=ceshislot.osshaiwai.com&hasFloat=0&token=436475c81b51e6893c740657870f86b7&language=en&debug=1&debugDataPath=https://raw.githubusercontent.com/jygameclub/testdataapi/main/mahjong1date/0525_0842&debugStart=718,https://raw.githubusercontent.com/jygameclub/testdataapi/main/mahjong1date/0525_0842/718.json,https://raw.githubusercontent.com/jygameclub/testdataapi/main/mahjong1date/0525_0842,普通中奖,16.00,0.40,2,1,5,5,5,0,0,否,否,是,1,0,703611,703613,6861779695191319,9465878.0,9465854.0,2段连消/续转 / 金色符号/百搭转换
连消/掉落,749.json,749,75,金色/百搭,https://fish-games.s3.amazonaws.com/MahjongWays1/index.html?env=ceshislot.osshaiwai.com&hasFloat=0&token=436475c81b51e6893c740657870f86b7&language=en&debug=1&debugDataPath=https://raw.githubusercontent.com/jygameclub/testdataapi/main/mahjong1date/0525_0842&debugStart=749,https://raw.githubusercontent.com/jygameclub/testdataapi/main/mahjong1date/0525_0842/749.json,https://raw.githubusercontent.com/jygameclub/testdataapi/main/mahjong1date/0525_0842,普通中奖,16.00,0.40,2,1,4,4,4,0,0,否,否,是,1,1,703755,703757,9411779695317167,9466494.0,9466470.0,2段连消/续转 / 金色符号/百搭转换
连消/掉落,822.json,822,75,金色/百搭,https://fish-games.s3.amazonaws.com/MahjongWays1/index.html?env=ceshislot.osshaiwai.com&hasFloat=0&token=436475c81b51e6893c740657870f86b7&language=en&debug=1&debugDataPath=https://raw.githubusercontent.com/jygameclub/testdataapi/main/mahjong1date/0525_0842&debugStart=822,https://raw.githubusercontent.com/jygameclub/testdataapi/main/mahjong1date/0525_0842/822.json,https://raw.githubusercontent.com/jygameclub/testdataapi/main/mahjong1date/0525_0842,普通中奖,16.00,0.40,2,1,5,5,5,0,0,否,否,是,1,1,703925,703927,1581779695444116,9464538.0,9464514.0,2段连消/续转 / 金色符号/百搭转换
连消/掉落,886.json,886,75,金色/百搭,https://fish-games.s3.amazonaws.com/MahjongWays1/index.html?env=ceshislot.osshaiwai.com&hasFloat=0&token=436475c81b51e6893c740657870f86b7&language=en&debug=1&debugDataPath=https://raw.githubusercontent.com/jygameclub/testdataapi/main/mahjong1date/0525_0842&debugStart=886,https://raw.githubusercontent.com/jygameclub/testdataapi/main/mahjong1date/0525_0842/886.json,https://raw.githubusercontent.com/jygameclub/testdataapi/main/mahjong1date/0525_0842,普通中奖,16.00,0.40,2,1,5,5,5,0,0,否,否,是,1,1,704135,704136,3761779695583132,9466640.0,9466616.0,2段连消/续转 / 金色符号/百搭转换
连消/掉落,889.json,889,75,金色/百搭,https://fish-games.s3.amazonaws.com/MahjongWays1/index.html?env=ceshislot.osshaiwai.com&hasFloat=0&token=436475c81b51e6893c740657870f86b7&language=en&debug=1&debugDataPath=https://raw.githubusercontent.com/jygameclub/testdataapi/main/mahjong1date/0525_0842&debugStart=889,https://raw.githubusercontent.com/jygameclub/testdataapi/main/mahjong1date/0525_0842/889.json,https://raw.githubusercontent.com/jygameclub/testdataapi/main/mahjong1date/0525_0842,普通中奖,16.00,0.40,2,1,3,3,3,0,0,否,否,是,1,1,704140,704143,9981779695587382,9466536.0,9466512.0,2段连消/续转 / 金色符号/百搭转换
连消/掉落,891.json,891,75,金色/百搭,https://fish-games.s3.amazonaws.com/MahjongWays1/index.html?env=ceshislot.osshaiwai.com&hasFloat=0&token=436475c81b51e6893c740657870f86b7&language=en&debug=1&debugDataPath=https://raw.githubusercontent.com/jygameclub/testdataapi/main/mahjong1date/0525_0842&debugStart=891,https://raw.githubusercontent.com/jygameclub/testdataapi/main/mahjong1date/0525_0842/891.json,https://raw.githubusercontent.com/jygameclub/testdataapi/main/mahjong1date/0525_0842,普通中奖,16.00,0.40,2,1,5,5,5,0,0,否,否,是,1,1,704146,704148,9461779695591865,9466472.0,9466448.0,2段连消/续转 / 金色符号/百搭转换
连消/掉落,950.json,950,75,金色/百搭,https://fish-games.s3.amazonaws.com/MahjongWays1/index.html?env=ceshislot.osshaiwai.com&hasFloat=0&token=436475c81b51e6893c740657870f86b7&language=en&debug=1&debugDataPath=https://raw.githubusercontent.com/jygameclub/testdataapi/main/mahjong1date/0525_0842&debugStart=950,https://raw.githubusercontent.com/jygameclub/testdataapi/main/mahjong1date/0525_0842/950.json,https://raw.githubusercontent.com/jygameclub/testdataapi/main/mahjong1date/0525_0842,普通中奖,16.00,0.40,2,1,3,3,3,0,0,否,否,是,1,0,704306,704308,3381779695707065,9465884.0,9465860.0,2段连消/续转 / 金色符号/百搭转换
连消/掉落,963.json,963,75,金色/百搭,https://fish-games.s3.amazonaws.com/MahjongWays1/index.html?env=ceshislot.osshaiwai.com&hasFloat=0&token=436475c81b51e6893c740657870f86b7&language=en&debug=1&debugDataPath=https://raw.githubusercontent.com/jygameclub/testdataapi/main/mahjong1date/0525_0842&debugStart=963,https://raw.githubusercontent.com/jygameclub/testdataapi/main/mahjong1date/0525_0842/963.json,https://raw.githubusercontent.com/jygameclub/testdataapi/main/mahjong1date/0525_0842,普通中奖,16.00,0.40,2,1,5,5,5,0,0,否,否,是,1,0,704341,704342,8231779695730199,9465516.0,9465492.0,2段连消/续转 / 金色符号/百搭转换
连消/掉落,250.json,250,75,金色/百搭,https://fish-games.s3.amazonaws.com/MahjongWays1/index.html?env=ceshislot.osshaiwai.com&hasFloat=0&token=436475c81b51e6893c740657870f86b7&language=en&debug=1&debugDataPath=https://raw.githubusercontent.com/jygameclub/testdataapi/main/mahjong1date/0525_0842&debugStart=250,https://raw.githubusercontent.com/jygameclub/testdataapi/main/mahjong1date/0525_0842/250.json,https://raw.githubusercontent.com/jygameclub/testdataapi/main/mahjong1date/0525_0842,普通中奖,12.00,0.30,3,2,5,6,6,1,1,否,否,是,1,1,701366,701369,1301779692897174,9472652.0,9472624.0,3段连消/续转 / 金色符号/百搭转换
连消/掉落,055.json,55,75,金色/百搭,https://fish-games.s3.amazonaws.com/MahjongWays1/index.html?env=ceshislot.osshaiwai.com&hasFloat=0&token=436475c81b51e6893c740657870f86b7&language=en&debug=1&debugDataPath=https://raw.githubusercontent.com/jygameclub/testdataapi/main/mahjong1date/0525_0842&debugStart=55,https://raw.githubusercontent.com/jygameclub/testdataapi/main/mahjong1date/0525_0842/055.json,https://raw.githubusercontent.com/jygameclub/testdataapi/main/mahjong1date/0525_0842,普通中奖,12.00,0.30,2,1,5,5,5,0,0,否,否,是,1,1,700650,700654,2001779692447888,9476320.0,9476292.0,2段连消/续转 / 金色符号/百搭转换
连消/掉落,409.json,409,75,金色/百搭,https://fish-games.s3.amazonaws.com/MahjongWays1/index.html?env=ceshislot.osshaiwai.com&hasFloat=0&token=436475c81b51e6893c740657870f86b7&language=en&debug=1&debugDataPath=https://raw.githubusercontent.com/jygameclub/testdataapi/main/mahjong1date/0525_0842&debugStart=409,https://raw.githubusercontent.com/jygameclub/testdataapi/main/mahjong1date/0525_0842/409.json,https://raw.githubusercontent.com/jygameclub/testdataapi/main/mahjong1date/0525_0842,普通中奖,12.00,0.30,2,1,3,3,3,0,0,否,否,是,1,0,702667,702668,5721779694517620,9471934.0,9471906.0,2段连消/续转 / 金色符号/百搭转换
连消/掉落,581.json,581,75,金色/百搭,https://fish-games.s3.amazonaws.com/MahjongWays1/index.html?env=ceshislot.osshaiwai.com&hasFloat=0&token=436475c81b51e6893c740657870f86b7&language=en&debug=1&debugDataPath=https://raw.githubusercontent.com/jygameclub/testdataapi/main/mahjong1date/0525_0842&debugStart=581,https://raw.githubusercontent.com/jygameclub/testdataapi/main/mahjong1date/0525_0842/581.json,https://raw.githubusercontent.com/jygameclub/testdataapi/main/mahjong1date/0525_0842,普通中奖,12.00,0.30,2,1,3,3,3,0,0,否,否,是,1,1,703107,703110,1081779694807536,9468264.0,9468236.0,2段连消/续转 / 金色符号/百搭转换
连消/掉落,641.json,641,75,金色/百搭,https://fish-games.s3.amazonaws.com/MahjongWays1/index.html?env=ceshislot.osshaiwai.com&hasFloat=0&token=436475c81b51e6893c740657870f86b7&language=en&debug=1&debugDataPath=https://raw.githubusercontent.com/jygameclub/testdataapi/main/mahjong1date/0525_0842&debugStart=641,https://raw.githubusercontent.com/jygameclub/testdataapi/main/mahjong1date/0525_0842/641.json,https://raw.githubusercontent.com/jygameclub/testdataapi/main/mahjong1date/0525_0842,普通中奖,12.00,0.30,2,1,7,7,7,0,0,否,否,是,2,1,703288,703289,2681779694917701,9466726.0,9466698.0,2段连消/续转 / 金色符号/百搭转换
连消/掉落,692.json,692,75,金色/百搭,https://fish-games.s3.amazonaws.com/MahjongWays1/index.html?env=ceshislot.osshaiwai.com&hasFloat=0&token=436475c81b51e6893c740657870f86b7&language=en&debug=1&debugDataPath=https://raw.githubusercontent.com/jygameclub/testdataapi/main/mahjong1date/0525_0842&debugStart=692,https://raw.githubusercontent.com/jygameclub/testdataapi/main/mahjong1date/0525_0842/692.json,https://raw.githubusercontent.com/jygameclub/testdataapi/main/mahjong1date/0525_0842,普通中奖,12.00,0.30,2,1,5,5,5,0,0,否,否,是,1,1,703521,703523,8771779695139384,9466266.0,9466238.0,2段连消/续转 / 金色符号/百搭转换
连消/掉落,894.json,894,75,金色/百搭,https://fish-games.s3.amazonaws.com/MahjongWays1/index.html?env=ceshislot.osshaiwai.com&hasFloat=0&token=436475c81b51e6893c740657870f86b7&language=en&debug=1&debugDataPath=https://raw.githubusercontent.com/jygameclub/testdataapi/main/mahjong1date/0525_0842&debugStart=894,https://raw.githubusercontent.com/jygameclub/testdataapi/main/mahjong1date/0525_0842/894.json,https://raw.githubusercontent.com/jygameclub/testdataapi/main/mahjong1date/0525_0842,普通中奖,12.00,0.30,2,1,3,3,3,0,0,否,否,是,1,2,704154,704157,7221779695598066,9466388.0,9466360.0,2段连消/续转 / 金色符号/百搭转换
连消/掉落,727.json,727,75,金色/百搭,https://fish-games.s3.amazonaws.com/MahjongWays1/index.html?env=ceshislot.osshaiwai.com&hasFloat=0&token=436475c81b51e6893c740657870f86b7&language=en&debug=1&debugDataPath=https://raw.githubusercontent.com/jygameclub/testdataapi/main/mahjong1date/0525_0842&debugStart=727,https://raw.githubusercontent.com/jygameclub/testdataapi/main/mahjong1date/0525_0842/727.json,https://raw.githubusercontent.com/jygameclub/testdataapi/main/mahjong1date/0525_0842,普通中奖,10.00,0.25,2,1,4,4,4,0,0,否,否,是,1,2,703634,703636,6011779695202202,9465534.0,9465504.0,2段连消/续转 / 金色符号/百搭转换
连消/掉落,981.json,981,75,金色/百搭,https://fish-games.s3.amazonaws.com/MahjongWays1/index.html?env=ceshislot.osshaiwai.com&hasFloat=0&token=436475c81b51e6893c740657870f86b7&language=en&debug=1&debugDataPath=https://raw.githubusercontent.com/jygameclub/testdataapi/main/mahjong1date/0525_0842&debugStart=981,https://raw.githubusercontent.com/jygameclub/testdataapi/main/mahjong1date/0525_0842/981.json,https://raw.githubusercontent.com/jygameclub/testdataapi/main/mahjong1date/0525_0842,普通中奖,10.00,0.25,2,1,4,4,4,0,0,否,否,是,1,0,704377,704378,4831779695759082,9465232.0,9465202.0,2段连消/续转 / 金色符号/百搭转换
连消/掉落,013.json,13,75,金色/百搭,https://fish-games.s3.amazonaws.com/MahjongWays1/index.html?env=ceshislot.osshaiwai.com&hasFloat=0&token=436475c81b51e6893c740657870f86b7&language=en&debug=1&debugDataPath=https://raw.githubusercontent.com/jygameclub/testdataapi/main/mahjong1date/0525_0842&debugStart=13,https://raw.githubusercontent.com/jygameclub/testdataapi/main/mahjong1date/0525_0842/013.json,https://raw.githubusercontent.com/jygameclub/testdataapi/main/mahjong1date/0525_0842,普通中奖,8.00,0.20,2,1,4,4,4,0,0,否,否,是,1,0,700509,700511,7201779692377324,9477732.0,9477700.0,2段连消/续转 / 金色符号/百搭转换
连消/掉落,073.json,73,75,金色/百搭,https://fish-games.s3.amazonaws.com/MahjongWays1/index.html?env=ceshislot.osshaiwai.com&hasFloat=0&token=436475c81b51e6893c740657870f86b7&language=en&debug=1&debugDataPath=https://raw.githubusercontent.com/jygameclub/testdataapi/main/mahjong1date/0525_0842&debugStart=73,https://raw.githubusercontent.com/jygameclub/testdataapi/main/mahjong1date/0525_0842/073.json,https://raw.githubusercontent.com/jygameclub/testdataapi/main/mahjong1date/0525_0842,普通中奖,8.00,0.20,2,1,4,4,4,0,0,否,否,是,1,0,700704,700705,1921779692472638,9475692.0,9475660.0,2段连消/续转 / 金色符号/百搭转换
连消/掉落,076.json,76,75,金色/百搭,https://fish-games.s3.amazonaws.com/MahjongWays1/index.html?env=ceshislot.osshaiwai.com&hasFloat=0&token=436475c81b51e6893c740657870f86b7&language=en&debug=1&debugDataPath=https://raw.githubusercontent.com/jygameclub/testdataapi/main/mahjong1date/0525_0842&debugStart=76,https://raw.githubusercontent.com/jygameclub/testdataapi/main/mahjong1date/0525_0842/076.json,https://raw.githubusercontent.com/jygameclub/testdataapi/main/mahjong1date/0525_0842,普通中奖,8.00,0.20,2,1,4,4,4,0,0,否,否,是,1,1,700716,700719,6821779692477822,9475580.0,9475548.0,2段连消/续转 / 金色符号/百搭转换
连消/掉落,088.json,88,75,金色/百搭,https://fish-games.s3.amazonaws.com/MahjongWays1/index.html?env=ceshislot.osshaiwai.com&hasFloat=0&token=436475c81b51e6893c740657870f86b7&language=en&debug=1&debugDataPath=https://raw.githubusercontent.com/jygameclub/testdataapi/main/mahjong1date/0525_0842&debugStart=88,https://raw.githubusercontent.com/jygameclub/testdataapi/main/mahjong1date/0525_0842/088.json,https://raw.githubusercontent.com/jygameclub/testdataapi/main/mahjong1date/0525_0842,普通中奖,8.00,0.20,2,1,3,3,3,0,0,否,否,是,1,1,700751,700753,9161779692496007,9475148.0,9475116.0,2段连消/续转 / 金色符号/百搭转换
连消/掉落,154.json,154,75,金色/百搭,https://fish-games.s3.amazonaws.com/MahjongWays1/index.html?env=ceshislot.osshaiwai.com&hasFloat=0&token=436475c81b51e6893c740657870f86b7&language=en&debug=1&debugDataPath=https://raw.githubusercontent.com/jygameclub/testdataapi/main/mahjong1date/0525_0842&debugStart=154,https://raw.githubusercontent.com/jygameclub/testdataapi/main/mahjong1date/0525_0842/154.json,https://raw.githubusercontent.com/jygameclub/testdataapi/main/mahjong1date/0525_0842,普通中奖,8.00,0.20,2,1,4,4,4,0,0,否,否,是,1,0,700994,700995,7721779692670227,9473948.0,9473916.0,2段连消/续转 / 金色符号/百搭转换
连消/掉落,198.json,198,75,金色/百搭,https://fish-games.s3.amazonaws.com/MahjongWays1/index.html?env=ceshislot.osshaiwai.com&hasFloat=0&token=436475c81b51e6893c740657870f86b7&language=en&debug=1&debugDataPath=https://raw.githubusercontent.com/jygameclub/testdataapi/main/mahjong1date/0525_0842&debugStart=198,https://raw.githubusercontent.com/jygameclub/testdataapi/main/mahjong1date/0525_0842/198.json,https://raw.githubusercontent.com/jygameclub/testdataapi/main/mahjong1date/0525_0842,普通中奖,8.00,0.20,2,1,4,4,4,0,0,否,否,是,1,0,701258,701259,1031779692830774,9474548.0,9474516.0,2段连消/续转 / 金色符号/百搭转换
连消/掉落,265.json,265,75,金色/百搭,https://fish-games.s3.amazonaws.com/MahjongWays1/index.html?env=ceshislot.osshaiwai.com&hasFloat=0&token=436475c81b51e6893c740657870f86b7&language=en&debug=1&debugDataPath=https://raw.githubusercontent.com/jygameclub/testdataapi/main/mahjong1date/0525_0842&debugStart=265,https://raw.githubusercontent.com/jygameclub/testdataapi/main/mahjong1date/0525_0842/265.json,https://raw.githubusercontent.com/jygameclub/testdataapi/main/mahjong1date/0525_0842,普通中奖,8.00,0.20,2,1,4,4,4,0,0,否,否,是,1,2,701406,701407,5541779692935324,9472640.0,9472608.0,2段连消/续转 / 金色符号/百搭转换
连消/掉落,270.json,270,75,金色/百搭,https://fish-games.s3.amazonaws.com/MahjongWays1/index.html?env=ceshislot.osshaiwai.com&hasFloat=0&token=436475c81b51e6893c740657870f86b7&language=en&debug=1&debugDataPath=https://raw.githubusercontent.com/jygameclub/testdataapi/main/mahjong1date/0525_0842&debugStart=270,https://raw.githubusercontent.com/jygameclub/testdataapi/main/mahjong1date/0525_0842/270.json,https://raw.githubusercontent.com/jygameclub/testdataapi/main/mahjong1date/0525_0842,普通中奖,8.00,0.20,2,1,4,4,4,0,0,否,否,是,1,0,701418,701419,8451779692941924,9472448.0,9472416.0,2段连消/续转 / 金色符号/百搭转换
连消/掉落,297.json,297,75,金色/百搭,https://fish-games.s3.amazonaws.com/MahjongWays1/index.html?env=ceshislot.osshaiwai.com&hasFloat=0&token=436475c81b51e6893c740657870f86b7&language=en&debug=1&debugDataPath=https://raw.githubusercontent.com/jygameclub/testdataapi/main/mahjong1date/0525_0842&debugStart=297,https://raw.githubusercontent.com/jygameclub/testdataapi/main/mahjong1date/0525_0842/297.json,https://raw.githubusercontent.com/jygameclub/testdataapi/main/mahjong1date/0525_0842,普通中奖,8.00,0.20,2,1,4,4,4,0,0,否,否,是,1,1,701525,701538,4561779693033400,9472986.0,9472954.0,2段连消/续转 / 金色符号/百搭转换
连消/掉落,340.json,340,75,金色/百搭,https://fish-games.s3.amazonaws.com/MahjongWays1/index.html?env=ceshislot.osshaiwai.com&hasFloat=0&token=436475c81b51e6893c740657870f86b7&language=en&debug=1&debugDataPath=https://raw.githubusercontent.com/jygameclub/testdataapi/main/mahjong1date/0525_0842&debugStart=340,https://raw.githubusercontent.com/jygameclub/testdataapi/main/mahjong1date/0525_0842/340.json,https://raw.githubusercontent.com/jygameclub/testdataapi/main/mahjong1date/0525_0842,普通中奖,8.00,0.20,2,1,4,4,4,0,0,否,否,是,1,0,702393,702395,1861779694174189,9473450.0,9473418.0,2段连消/续转 / 金色符号/百搭转换
连消/掉落,347.json,347,75,金色/百搭,https://fish-games.s3.amazonaws.com/MahjongWays1/index.html?env=ceshislot.osshaiwai.com&hasFloat=0&token=436475c81b51e6893c740657870f86b7&language=en&debug=1&debugDataPath=https://raw.githubusercontent.com/jygameclub/testdataapi/main/mahjong1date/0525_0842&debugStart=347,https://raw.githubusercontent.com/jygameclub/testdataapi/main/mahjong1date/0525_0842/347.json,https://raw.githubusercontent.com/jygameclub/testdataapi/main/mahjong1date/0525_0842,普通中奖,8.00,0.20,2,1,4,4,4,0,0,否,否,是,1,0,702483,702485,2771779694290555,9473898.0,9473866.0,2段连消/续转 / 金色符号/百搭转换
连消/掉落,356.json,356,75,金色/百搭,https://fish-games.s3.amazonaws.com/MahjongWays1/index.html?env=ceshislot.osshaiwai.com&hasFloat=0&token=436475c81b51e6893c740657870f86b7&language=en&debug=1&debugDataPath=https://raw.githubusercontent.com/jygameclub/testdataapi/main/mahjong1date/0525_0842&debugStart=356,https://raw.githubusercontent.com/jygameclub/testdataapi/main/mahjong1date/0525_0842/356.json,https://raw.githubusercontent.com/jygameclub/testdataapi/main/mahjong1date/0525_0842,普通中奖,8.00,0.20,2,1,4,4,4,0,0,否,否,是,1,0,702542,702543,9531779694374771,9473794.0,9473762.0,2段连消/续转 / 金色符号/百搭转换
连消/掉落,357.json,357,75,金色/百搭,https://fish-games.s3.amazonaws.com/MahjongWays1/index.html?env=ceshislot.osshaiwai.com&hasFloat=0&token=436475c81b51e6893c740657870f86b7&language=en&debug=1&debugDataPath=https://raw.githubusercontent.com/jygameclub/testdataapi/main/mahjong1date/0525_0842&debugStart=357,https://raw.githubusercontent.com/jygameclub/testdataapi/main/mahjong1date/0525_0842/357.json,https://raw.githubusercontent.com/jygameclub/testdataapi/main/mahjong1date/0525_0842,普通中奖,8.00,0.20,2,1,3,3,3,0,0,否,否,是,1,1,702544,702546,3661779694377455,9473762.0,9473730.0,2段连消/续转 / 金色符号/百搭转换
连消/掉落,362.json,362,75,金色/百搭,https://fish-games.s3.amazonaws.com/MahjongWays1/index.html?env=ceshislot.osshaiwai.com&hasFloat=0&token=436475c81b51e6893c740657870f86b7&language=en&debug=1&debugDataPath=https://raw.githubusercontent.com/jygameclub/testdataapi/main/mahjong1date/0525_0842&debugStart=362,https://raw.githubusercontent.com/jygameclub/testdataapi/main/mahjong1date/0525_0842/362.json,https://raw.githubusercontent.com/jygameclub/testdataapi/main/mahjong1date/0525_0842,普通中奖,8.00,0.20,2,1,3,3,3,0,0,否,否,是,1,0,702553,702554,9221779694385538,9473570.0,9473538.0,2段连消/续转 / 金色符号/百搭转换
连消/掉落,375.json,375,75,金色/百搭,https://fish-games.s3.amazonaws.com/MahjongWays1/index.html?env=ceshislot.osshaiwai.com&hasFloat=0&token=436475c81b51e6893c740657870f86b7&language=en&debug=1&debugDataPath=https://raw.githubusercontent.com/jygameclub/testdataapi/main/mahjong1date/0525_0842&debugStart=375,https://raw.githubusercontent.com/jygameclub/testdataapi/main/mahjong1date/0525_0842/375.json,https://raw.githubusercontent.com/jygameclub/testdataapi/main/mahjong1date/0525_0842,普通中奖,8.00,0.20,2,1,4,4,4,0,0,否,否,是,1,0,702606,702607,3571779694461853,9473110.0,9473078.0,2段连消/续转 / 金色符号/百搭转换
连消/掉落,399.json,399,75,金色/百搭,https://fish-games.s3.amazonaws.com/MahjongWays1/index.html?env=ceshislot.osshaiwai.com&hasFloat=0&token=436475c81b51e6893c740657870f86b7&language=en&debug=1&debugDataPath=https://raw.githubusercontent.com/jygameclub/testdataapi/main/mahjong1date/0525_0842&debugStart=399,https://raw.githubusercontent.com/jygameclub/testdataapi/main/mahjong1date/0525_0842/399.json,https://raw.githubusercontent.com/jygameclub/testdataapi/main/mahjong1date/0525_0842,普通中奖,8.00,0.20,2,1,4,4,4,0,0,否,否,是,1,0,702649,702650,7081779694500221,9472258.0,9472226.0,2段连消/续转 / 金色符号/百搭转换
连消/掉落,414.json,414,75,金色/百搭,https://fish-games.s3.amazonaws.com/MahjongWays1/index.html?env=ceshislot.osshaiwai.com&hasFloat=0&token=436475c81b51e6893c740657870f86b7&language=en&debug=1&debugDataPath=https://raw.githubusercontent.com/jygameclub/testdataapi/main/mahjong1date/0525_0842&debugStart=414,https://raw.githubusercontent.com/jygameclub/testdataapi/main/mahjong1date/0525_0842/414.json,https://raw.githubusercontent.com/jygameclub/testdataapi/main/mahjong1date/0525_0842,普通中奖,8.00,0.20,2,1,3,3,3,0,0,否,否,是,1,1,702678,702680,8061779694524103,9471746.0,9471714.0,2段连消/续转 / 金色符号/百搭转换
连消/掉落,422.json,422,75,金色/百搭,https://fish-games.s3.amazonaws.com/MahjongWays1/index.html?env=ceshislot.osshaiwai.com&hasFloat=0&token=436475c81b51e6893c740657870f86b7&language=en&debug=1&debugDataPath=https://raw.githubusercontent.com/jygameclub/testdataapi/main/mahjong1date/0525_0842&debugStart=422,https://raw.githubusercontent.com/jygameclub/testdataapi/main/mahjong1date/0525_0842/422.json,https://raw.githubusercontent.com/jygameclub/testdataapi/main/mahjong1date/0525_0842,普通中奖,8.00,0.20,2,1,4,4,4,0,0,否,否,是,1,1,702695,702696,4011779694539936,9471946.0,9471914.0,2段连消/续转 / 金色符号/百搭转换
连消/掉落,432.json,432,75,金色/百搭,https://fish-games.s3.amazonaws.com/MahjongWays1/index.html?env=ceshislot.osshaiwai.com&hasFloat=0&token=436475c81b51e6893c740657870f86b7&language=en&debug=1&debugDataPath=https://raw.githubusercontent.com/jygameclub/testdataapi/main/mahjong1date/0525_0842&debugStart=432,https://raw.githubusercontent.com/jygameclub/testdataapi/main/mahjong1date/0525_0842/432.json,https://raw.githubusercontent.com/jygameclub/testdataapi/main/mahjong1date/0525_0842,普通中奖,8.00,0.20,2,1,4,4,4,0,0,否,否,是,1,0,702710,702711,5181779694555386,9471674.0,9471642.0,2段连消/续转 / 金色符号/百搭转换
连消/掉落,459.json,459,75,金色/百搭,https://fish-games.s3.amazonaws.com/MahjongWays1/index.html?env=ceshislot.osshaiwai.com&hasFloat=0&token=436475c81b51e6893c740657870f86b7&language=en&debug=1&debugDataPath=https://raw.githubusercontent.com/jygameclub/testdataapi/main/mahjong1date/0525_0842&debugStart=459,https://raw.githubusercontent.com/jygameclub/testdataapi/main/mahjong1date/0525_0842/459.json,https://raw.githubusercontent.com/jygameclub/testdataapi/main/mahjong1date/0525_0842,普通中奖,8.00,0.20,2,1,4,4,4,0,0,否,否,是,1,0,702756,702757,4711779694603654,9471050.0,9471018.0,2段连消/续转 / 金色符号/百搭转换
连消/掉落,499.json,499,75,金色/百搭,https://fish-games.s3.amazonaws.com/MahjongWays1/index.html?env=ceshislot.osshaiwai.com&hasFloat=0&token=436475c81b51e6893c740657870f86b7&language=en&debug=1&debugDataPath=https://raw.githubusercontent.com/jygameclub/testdataapi/main/mahjong1date/0525_0842&debugStart=499,https://raw.githubusercontent.com/jygameclub/testdataapi/main/mahjong1date/0525_0842/499.json,https://raw.githubusercontent.com/jygameclub/testdataapi/main/mahjong1date/0525_0842,普通中奖,8.00,0.20,2,1,4,4,4,0,0,否,否,是,1,0,702859,702861,4971779694671003,9470030.0,9469998.0,2段连消/续转 / 金色符号/百搭转换
连消/掉落,519.json,519,75,金色/百搭,https://fish-games.s3.amazonaws.com/MahjongWays1/index.html?env=ceshislot.osshaiwai.com&hasFloat=0&token=436475c81b51e6893c740657870f86b7&language=en&debug=1&debugDataPath=https://raw.githubusercontent.com/jygameclub/testdataapi/main/mahjong1date/0525_0842&debugStart=519,https://raw.githubusercontent.com/jygameclub/testdataapi/main/mahjong1date/0525_0842/519.json,https://raw.githubusercontent.com/jygameclub/testdataapi/main/mahjong1date/0525_0842,普通中奖,8.00,0.20,2,1,4,4,4,0,0,否,否,是,1,1,702915,702917,7001779694699520,9469350.0,9469318.0,2段连消/续转 / 金色符号/百搭转换
连消/掉落,520.json,520,75,金色/百搭,https://fish-games.s3.amazonaws.com/MahjongWays1/index.html?env=ceshislot.osshaiwai.com&hasFloat=0&token=436475c81b51e6893c740657870f86b7&language=en&debug=1&debugDataPath=https://raw.githubusercontent.com/jygameclub/testdataapi/main/mahjong1date/0525_0842&debugStart=520,https://raw.githubusercontent.com/jygameclub/testdataapi/main/mahjong1date/0525_0842/520.json,https://raw.githubusercontent.com/jygameclub/testdataapi/main/mahjong1date/0525_0842,普通中奖,8.00,0.20,2,1,4,4,4,0,0,否,否,是,1,0,702922,702923,3801779694703186,9469318.0,9469286.0,2段连消/续转 / 金色符号/百搭转换
连消/掉落,522.json,522,75,金色/百搭,https://fish-games.s3.amazonaws.com/MahjongWays1/index.html?env=ceshislot.osshaiwai.com&hasFloat=0&token=436475c81b51e6893c740657870f86b7&language=en&debug=1&debugDataPath=https://raw.githubusercontent.com/jygameclub/testdataapi/main/mahjong1date/0525_0842&debugStart=522,https://raw.githubusercontent.com/jygameclub/testdataapi/main/mahjong1date/0525_0842/522.json,https://raw.githubusercontent.com/jygameclub/testdataapi/main/mahjong1date/0525_0842,普通中奖,8.00,0.20,2,1,4,4,4,0,0,否,否,是,1,1,702929,702931,6161779694706768,9469246.0,9469214.0,2段连消/续转 / 金色符号/百搭转换
连消/掉落,557.json,557,75,金色/百搭,https://fish-games.s3.amazonaws.com/MahjongWays1/index.html?env=ceshislot.osshaiwai.com&hasFloat=0&token=436475c81b51e6893c740657870f86b7&language=en&debug=1&debugDataPath=https://raw.githubusercontent.com/jygameclub/testdataapi/main/mahjong1date/0525_0842&debugStart=557,https://raw.githubusercontent.com/jygameclub/testdataapi/main/mahjong1date/0525_0842/557.json,https://raw.githubusercontent.com/jygameclub/testdataapi/main/mahjong1date/0525_0842,普通中奖,8.00,0.20,2,1,4,4,4,0,0,否,否,是,1,0,703029,703031,7791779694766421,9468580.0,9468548.0,2段连消/续转 / 金色符号/百搭转换
连消/掉落,602.json,602,75,金色/百搭,https://fish-games.s3.amazonaws.com/MahjongWays1/index.html?env=ceshislot.osshaiwai.com&hasFloat=0&token=436475c81b51e6893c740657870f86b7&language=en&debug=1&debugDataPath=https://raw.githubusercontent.com/jygameclub/testdataapi/main/mahjong1date/0525_0842&debugStart=602,https://raw.githubusercontent.com/jygameclub/testdataapi/main/mahjong1date/0525_0842/602.json,https://raw.githubusercontent.com/jygameclub/testdataapi/main/mahjong1date/0525_0842,普通中奖,8.00,0.20,2,1,4,4,4,0,0,否,否,是,1,1,703177,703180,5431779694852152,9467740.0,9467708.0,2段连消/续转 / 金色符号/百搭转换
连消/掉落,615.json,615,75,金色/百搭,https://fish-games.s3.amazonaws.com/MahjongWays1/index.html?env=ceshislot.osshaiwai.com&hasFloat=0&token=436475c81b51e6893c740657870f86b7&language=en&debug=1&debugDataPath=https://raw.githubusercontent.com/jygameclub/testdataapi/main/mahjong1date/0525_0842&debugStart=615,https://raw.githubusercontent.com/jygameclub/testdataapi/main/mahjong1date/0525_0842/615.json,https://raw.githubusercontent.com/jygameclub/testdataapi/main/mahjong1date/0525_0842,普通中奖,8.00,0.20,2,1,4,4,4,0,0,否,否,是,1,1,703222,703224,9041779694875703,9467258.0,9467226.0,2段连消/续转 / 金色符号/百搭转换
连消/掉落,784.json,784,75,金色/百搭,https://fish-games.s3.amazonaws.com/MahjongWays1/index.html?env=ceshislot.osshaiwai.com&hasFloat=0&token=436475c81b51e6893c740657870f86b7&language=en&debug=1&debugDataPath=https://raw.githubusercontent.com/jygameclub/testdataapi/main/mahjong1date/0525_0842&debugStart=784,https://raw.githubusercontent.com/jygameclub/testdataapi/main/mahjong1date/0525_0842/784.json,https://raw.githubusercontent.com/jygameclub/testdataapi/main/mahjong1date/0525_0842,普通中奖,8.00,0.20,2,1,3,3,3,0,0,否,否,是,1,1,703832,703833,5701779695370850,9465382.0,9465350.0,2段连消/续转 / 金色符号/百搭转换
连消/掉落,786.json,786,75,金色/百搭,https://fish-games.s3.amazonaws.com/MahjongWays1/index.html?env=ceshislot.osshaiwai.com&hasFloat=0&token=436475c81b51e6893c740657870f86b7&language=en&debug=1&debugDataPath=https://raw.githubusercontent.com/jygameclub/testdataapi/main/mahjong1date/0525_0842&debugStart=786,https://raw.githubusercontent.com/jygameclub/testdataapi/main/mahjong1date/0525_0842/786.json,https://raw.githubusercontent.com/jygameclub/testdataapi/main/mahjong1date/0525_0842,普通中奖,8.00,0.20,2,1,4,4,4,0,0,否,否,是,1,0,703837,703838,7201779695375951,9465310.0,9465278.0,2段连消/续转 / 金色符号/百搭转换
连消/掉落,846.json,846,75,金色/百搭,https://fish-games.s3.amazonaws.com/MahjongWays1/index.html?env=ceshislot.osshaiwai.com&hasFloat=0&token=436475c81b51e6893c740657870f86b7&language=en&debug=1&debugDataPath=https://raw.githubusercontent.com/jygameclub/testdataapi/main/mahjong1date/0525_0842&debugStart=846,https://raw.githubusercontent.com/jygameclub/testdataapi/main/mahjong1date/0525_0842/846.json,https://raw.githubusercontent.com/jygameclub/testdataapi/main/mahjong1date/0525_0842,普通中奖,8.00,0.20,2,1,4,4,4,0,0,否,否,是,1,1,704027,704028,1591779695519183,9467864.0,9467832.0,2段连消/续转 / 金色符号/百搭转换
连消/掉落,867.json,867,75,金色/百搭,https://fish-games.s3.amazonaws.com/MahjongWays1/index.html?env=ceshislot.osshaiwai.com&hasFloat=0&token=436475c81b51e6893c740657870f86b7&language=en&debug=1&debugDataPath=https://raw.githubusercontent.com/jygameclub/testdataapi/main/mahjong1date/0525_0842&debugStart=867,https://raw.githubusercontent.com/jygameclub/testdataapi/main/mahjong1date/0525_0842/867.json,https://raw.githubusercontent.com/jygameclub/testdataapi/main/mahjong1date/0525_0842,普通中奖,8.00,0.20,2,1,4,4,4,0,0,否,否,是,1,2,704089,704092,2991779695552617,9467332.0,9467300.0,2段连消/续转 / 金色符号/百搭转换
连消/掉落,872.json,872,75,金色/百搭,https://fish-games.s3.amazonaws.com/MahjongWays1/index.html?env=ceshislot.osshaiwai.com&hasFloat=0&token=436475c81b51e6893c740657870f86b7&language=en&debug=1&debugDataPath=https://raw.githubusercontent.com/jygameclub/testdataapi/main/mahjong1date/0525_0842&debugStart=872,https://raw.githubusercontent.com/jygameclub/testdataapi/main/mahjong1date/0525_0842/872.json,https://raw.githubusercontent.com/jygameclub/testdataapi/main/mahjong1date/0525_0842,普通中奖,8.00,0.20,2,1,4,4,4,0,0,否,否,是,1,0,704107,704108,9251779695563116,9467144.0,9467112.0,2段连消/续转 / 金色符号/百搭转换
连消/掉落,874.json,874,75,金色/百搭,https://fish-games.s3.amazonaws.com/MahjongWays1/index.html?env=ceshislot.osshaiwai.com&hasFloat=0&token=436475c81b51e6893c740657870f86b7&language=en&debug=1&debugDataPath=https://raw.githubusercontent.com/jygameclub/testdataapi/main/mahjong1date/0525_0842&debugStart=874,https://raw.githubusercontent.com/jygameclub/testdataapi/main/mahjong1date/0525_0842/874.json,https://raw.githubusercontent.com/jygameclub/testdataapi/main/mahjong1date/0525_0842,普通中奖,8.00,0.20,2,1,4,4,4,0,0,否,否,是,1,1,704114,704117,9431779695566567,9467072.0,9467040.0,2段连消/续转 / 金色符号/百搭转换
连消/掉落,918.json,918,75,金色/百搭,https://fish-games.s3.amazonaws.com/MahjongWays1/index.html?env=ceshislot.osshaiwai.com&hasFloat=0&token=436475c81b51e6893c740657870f86b7&language=en&debug=1&debugDataPath=https://raw.githubusercontent.com/jygameclub/testdataapi/main/mahjong1date/0525_0842&debugStart=918,https://raw.githubusercontent.com/jygameclub/testdataapi/main/mahjong1date/0525_0842/918.json,https://raw.githubusercontent.com/jygameclub/testdataapi/main/mahjong1date/0525_0842,普通中奖,8.00,0.20,2,1,4,4,4,0,0,否,否,是,1,1,704205,704206,5101779695633532,9465548.0,9465516.0,2段连消/续转 / 金色符号/百搭转换
连消/掉落,1000.json,1000,75,金色/百搭,https://fish-games.s3.amazonaws.com/MahjongWays1/index.html?env=ceshislot.osshaiwai.com&hasFloat=0&token=436475c81b51e6893c740657870f86b7&language=en&debug=1&debugDataPath=https://raw.githubusercontent.com/jygameclub/testdataapi/main/mahjong1date/0525_0842&debugStart=1000,https://raw.githubusercontent.com/jygameclub/testdataapi/main/mahjong1date/0525_0842/1000.json,https://raw.githubusercontent.com/jygameclub/testdataapi/main/mahjong1date/0525_0842,普通中奖,8.00,0.20,2,1,4,4,4,0,0,否,否,是,1,1,704412,704414,9251779695784549,9464634.0,9464602.0,2段连消/续转 / 金色符号/百搭转换
连消/掉落,034.json,34,75,金色/百搭,https://fish-games.s3.amazonaws.com/MahjongWays1/index.html?env=ceshislot.osshaiwai.com&hasFloat=0&token=436475c81b51e6893c740657870f86b7&language=en&debug=1&debugDataPath=https://raw.githubusercontent.com/jygameclub/testdataapi/main/mahjong1date/0525_0842&debugStart=34,https://raw.githubusercontent.com/jygameclub/testdataapi/main/mahjong1date/0525_0842/034.json,https://raw.githubusercontent.com/jygameclub/testdataapi/main/mahjong1date/0525_0842,普通中奖,4.00,0.10,2,1,3,3,3,0,0,否,否,是,1,0,700587,700589,5301779692416156,9477028.0,9476992.0,2段连消/续转 / 金色符号/百搭转换
连消/掉落,136.json,136,75,金色/百搭,https://fish-games.s3.amazonaws.com/MahjongWays1/index.html?env=ceshislot.osshaiwai.com&hasFloat=0&token=436475c81b51e6893c740657870f86b7&language=en&debug=1&debugDataPath=https://raw.githubusercontent.com/jygameclub/testdataapi/main/mahjong1date/0525_0842&debugStart=136,https://raw.githubusercontent.com/jygameclub/testdataapi/main/mahjong1date/0525_0842/136.json,https://raw.githubusercontent.com/jygameclub/testdataapi/main/mahjong1date/0525_0842,普通中奖,4.00,0.10,2,1,3,3,3,0,0,否,否,是,1,0,700940,700942,8531779692642359,9474548.0,9474512.0,2段连消/续转 / 金色符号/百搭转换
连消/掉落,147.json,147,75,金色/百搭,https://fish-games.s3.amazonaws.com/MahjongWays1/index.html?env=ceshislot.osshaiwai.com&hasFloat=0&token=436475c81b51e6893c740657870f86b7&language=en&debug=1&debugDataPath=https://raw.githubusercontent.com/jygameclub/testdataapi/main/mahjong1date/0525_0842&debugStart=147,https://raw.githubusercontent.com/jygameclub/testdataapi/main/mahjong1date/0525_0842/147.json,https://raw.githubusercontent.com/jygameclub/testdataapi/main/mahjong1date/0525_0842,普通中奖,4.00,0.10,2,1,3,3,3,0,0,否,否,是,1,0,700974,700976,1711779692659659,9474144.0,9474108.0,2段连消/续转 / 金色符号/百搭转换
连消/掉落,178.json,178,75,金色/百搭,https://fish-games.s3.amazonaws.com/MahjongWays1/index.html?env=ceshislot.osshaiwai.com&hasFloat=0&token=436475c81b51e6893c740657870f86b7&language=en&debug=1&debugDataPath=https://raw.githubusercontent.com/jygameclub/testdataapi/main/mahjong1date/0525_0842&debugStart=178,https://raw.githubusercontent.com/jygameclub/testdataapi/main/mahjong1date/0525_0842/178.json,https://raw.githubusercontent.com/jygameclub/testdataapi/main/mahjong1date/0525_0842,普通中奖,4.00,0.10,2,1,3,3,3,0,0,否,否,是,1,1,701065,701067,9271779692708292,9473296.0,9473260.0,2段连消/续转 / 金色符号/百搭转换
连消/掉落,232.json,232,75,金色/百搭,https://fish-games.s3.amazonaws.com/MahjongWays1/index.html?env=ceshislot.osshaiwai.com&hasFloat=0&token=436475c81b51e6893c740657870f86b7&language=en&debug=1&debugDataPath=https://raw.githubusercontent.com/jygameclub/testdataapi/main/mahjong1date/0525_0842&debugStart=232,https://raw.githubusercontent.com/jygameclub/testdataapi/main/mahjong1date/0525_0842/232.json,https://raw.githubusercontent.com/jygameclub/testdataapi/main/mahjong1date/0525_0842,普通中奖,4.00,0.10,2,1,3,3,3,0,0,否,否,是,1,0,701328,701330,2151779692868491,9473288.0,9473252.0,2段连消/续转 / 金色符号/百搭转换
连消/掉落,369.json,369,75,金色/百搭,https://fish-games.s3.amazonaws.com/MahjongWays1/index.html?env=ceshislot.osshaiwai.com&hasFloat=0&token=436475c81b51e6893c740657870f86b7&language=en&debug=1&debugDataPath=https://raw.githubusercontent.com/jygameclub/testdataapi/main/mahjong1date/0525_0842&debugStart=369,https://raw.githubusercontent.com/jygameclub/testdataapi/main/mahjong1date/0525_0842/369.json,https://raw.githubusercontent.com/jygameclub/testdataapi/main/mahjong1date/0525_0842,普通中奖,4.00,0.10,2,1,3,3,3,0,0,否,否,是,1,0,702594,702595,9601779694449904,9473314.0,9473278.0,2段连消/续转 / 金色符号/百搭转换
连消/掉落,386.json,386,75,金色/百搭,https://fish-games.s3.amazonaws.com/MahjongWays1/index.html?env=ceshislot.osshaiwai.com&hasFloat=0&token=436475c81b51e6893c740657870f86b7&language=en&debug=1&debugDataPath=https://raw.githubusercontent.com/jygameclub/testdataapi/main/mahjong1date/0525_0842&debugStart=386,https://raw.githubusercontent.com/jygameclub/testdataapi/main/mahjong1date/0525_0842/386.json,https://raw.githubusercontent.com/jygameclub/testdataapi/main/mahjong1date/0525_0842,普通中奖,4.00,0.10,2,1,3,3,3,0,0,否,否,是,1,1,702625,702626,2171779694479955,9472758.0,9472722.0,2段连消/续转 / 金色符号/百搭转换
连消/掉落,456.json,456,75,金色/百搭,https://fish-games.s3.amazonaws.com/MahjongWays1/index.html?env=ceshislot.osshaiwai.com&hasFloat=0&token=436475c81b51e6893c740657870f86b7&language=en&debug=1&debugDataPath=https://raw.githubusercontent.com/jygameclub/testdataapi/main/mahjong1date/0525_0842&debugStart=456,https://raw.githubusercontent.com/jygameclub/testdataapi/main/mahjong1date/0525_0842/456.json,https://raw.githubusercontent.com/jygameclub/testdataapi/main/mahjong1date/0525_0842,普通中奖,4.00,0.10,2,1,3,3,3,0,0,否,否,是,1,1,702744,702746,9431779694589355,9470862.0,9470826.0,2段连消/续转 / 金色符号/百搭转换
连消/掉落,457.json,457,75,金色/百搭,https://fish-games.s3.amazonaws.com/MahjongWays1/index.html?env=ceshislot.osshaiwai.com&hasFloat=0&token=436475c81b51e6893c740657870f86b7&language=en&debug=1&debugDataPath=https://raw.githubusercontent.com/jygameclub/testdataapi/main/mahjong1date/0525_0842&debugStart=457,https://raw.githubusercontent.com/jygameclub/testdataapi/main/mahjong1date/0525_0842/457.json,https://raw.githubusercontent.com/jygameclub/testdataapi/main/mahjong1date/0525_0842,普通中奖,4.00,0.10,2,1,3,3,3,0,0,否,否,是,1,2,702747,702749,7761779694593053,9470826.0,9470790.0,2段连消/续转 / 金色符号/百搭转换
连消/掉落,472.json,472,75,金色/百搭,https://fish-games.s3.amazonaws.com/MahjongWays1/index.html?env=ceshislot.osshaiwai.com&hasFloat=0&token=436475c81b51e6893c740657870f86b7&language=en&debug=1&debugDataPath=https://raw.githubusercontent.com/jygameclub/testdataapi/main/mahjong1date/0525_0842&debugStart=472,https://raw.githubusercontent.com/jygameclub/testdataapi/main/mahjong1date/0525_0842/472.json,https://raw.githubusercontent.com/jygameclub/testdataapi/main/mahjong1date/0525_0842,普通中奖,4.00,0.10,2,1,3,3,3,0,0,否,否,是,1,2,702786,702787,9721779694624585,9470748.0,9470712.0,2段连消/续转 / 金色符号/百搭转换
连消/掉落,479.json,479,75,金色/百搭,https://fish-games.s3.amazonaws.com/MahjongWays1/index.html?env=ceshislot.osshaiwai.com&hasFloat=0&token=436475c81b51e6893c740657870f86b7&language=en&debug=1&debugDataPath=https://raw.githubusercontent.com/jygameclub/testdataapi/main/mahjong1date/0525_0842&debugStart=479,https://raw.githubusercontent.com/jygameclub/testdataapi/main/mahjong1date/0525_0842/479.json,https://raw.githubusercontent.com/jygameclub/testdataapi/main/mahjong1date/0525_0842,普通中奖,4.00,0.10,2,1,3,3,3,0,0,否,否,是,1,0,702805,702806,5521779694640303,9470546.0,9470510.0,2段连消/续转 / 金色符号/百搭转换
连消/掉落,599.json,599,75,金色/百搭,https://fish-games.s3.amazonaws.com/MahjongWays1/index.html?env=ceshislot.osshaiwai.com&hasFloat=0&token=436475c81b51e6893c740657870f86b7&language=en&debug=1&debugDataPath=https://raw.githubusercontent.com/jygameclub/testdataapi/main/mahjong1date/0525_0842&debugStart=599,https://raw.githubusercontent.com/jygameclub/testdataapi/main/mahjong1date/0525_0842/599.json,https://raw.githubusercontent.com/jygameclub/testdataapi/main/mahjong1date/0525_0842,普通中奖,4.00,0.10,2,1,3,3,3,0,0,否,否,是,1,1,703165,703167,2721779694843969,9467852.0,9467816.0,2段连消/续转 / 金色符号/百搭转换
连消/掉落,600.json,600,75,金色/百搭,https://fish-games.s3.amazonaws.com/MahjongWays1/index.html?env=ceshislot.osshaiwai.com&hasFloat=0&token=436475c81b51e6893c740657870f86b7&language=en&debug=1&debugDataPath=https://raw.githubusercontent.com/jygameclub/testdataapi/main/mahjong1date/0525_0842&debugStart=600,https://raw.githubusercontent.com/jygameclub/testdataapi/main/mahjong1date/0525_0842/600.json,https://raw.githubusercontent.com/jygameclub/testdataapi/main/mahjong1date/0525_0842,普通中奖,4.00,0.10,2,1,3,3,3,0,0,否,否,是,1,1,703171,703174,9811779694847669,9467816.0,9467780.0,2段连消/续转 / 金色符号/百搭转换
连消/掉落,603.json,603,75,金色/百搭,https://fish-games.s3.amazonaws.com/MahjongWays1/index.html?env=ceshislot.osshaiwai.com&hasFloat=0&token=436475c81b51e6893c740657870f86b7&language=en&debug=1&debugDataPath=https://raw.githubusercontent.com/jygameclub/testdataapi/main/mahjong1date/0525_0842&debugStart=603,https://raw.githubusercontent.com/jygameclub/testdataapi/main/mahjong1date/0525_0842/603.json,https://raw.githubusercontent.com/jygameclub/testdataapi/main/mahjong1date/0525_0842,普通中奖,4.00,0.10,2,1,3,3,3,0,0,否,否,是,1,0,703183,703184,2951779694855919,9467708.0,9467672.0,2段连消/续转 / 金色符号/百搭转换
连消/掉落,648.json,648,75,金色/百搭,https://fish-games.s3.amazonaws.com/MahjongWays1/index.html?env=ceshislot.osshaiwai.com&hasFloat=0&token=436475c81b51e6893c740657870f86b7&language=en&debug=1&debugDataPath=https://raw.githubusercontent.com/jygameclub/testdataapi/main/mahjong1date/0525_0842&debugStart=648,https://raw.githubusercontent.com/jygameclub/testdataapi/main/mahjong1date/0525_0842/648.json,https://raw.githubusercontent.com/jygameclub/testdataapi/main/mahjong1date/0525_0842,普通中奖,4.00,0.10,2,1,3,3,3,0,0,否,否,是,1,1,703304,703305,9241779694929169,9466498.0,9466462.0,2段连消/续转 / 金色符号/百搭转换
连消/掉落,658.json,658,75,金色/百搭,https://fish-games.s3.amazonaws.com/MahjongWays1/index.html?env=ceshislot.osshaiwai.com&hasFloat=0&token=436475c81b51e6893c740657870f86b7&language=en&debug=1&debugDataPath=https://raw.githubusercontent.com/jygameclub/testdataapi/main/mahjong1date/0525_0842&debugStart=658,https://raw.githubusercontent.com/jygameclub/testdataapi/main/mahjong1date/0525_0842/658.json,https://raw.githubusercontent.com/jygameclub/testdataapi/main/mahjong1date/0525_0842,普通中奖,4.00,0.10,2,1,3,3,3,0,0,否,否,是,1,2,703373,703375,1851779695011803,9466394.0,9466358.0,2段连消/续转 / 金色符号/百搭转换
连消/掉落,792.json,792,75,金色/百搭,https://fish-games.s3.amazonaws.com/MahjongWays1/index.html?env=ceshislot.osshaiwai.com&hasFloat=0&token=436475c81b51e6893c740657870f86b7&language=en&debug=1&debugDataPath=https://raw.githubusercontent.com/jygameclub/testdataapi/main/mahjong1date/0525_0842&debugStart=792,https://raw.githubusercontent.com/jygameclub/testdataapi/main/mahjong1date/0525_0842/792.json,https://raw.githubusercontent.com/jygameclub/testdataapi/main/mahjong1date/0525_0842,普通中奖,4.00,0.10,2,1,3,3,3,0,0,否,否,是,1,0,703855,703856,1271779695389901,9465198.0,9465162.0,2段连消/续转 / 金色符号/百搭转换
连消/掉落,839.json,839,75,金色/百搭,https://fish-games.s3.amazonaws.com/MahjongWays1/index.html?env=ceshislot.osshaiwai.com&hasFloat=0&token=436475c81b51e6893c740657870f86b7&language=en&debug=1&debugDataPath=https://raw.githubusercontent.com/jygameclub/testdataapi/main/mahjong1date/0525_0842&debugStart=839,https://raw.githubusercontent.com/jygameclub/testdataapi/main/mahjong1date/0525_0842/839.json,https://raw.githubusercontent.com/jygameclub/testdataapi/main/mahjong1date/0525_0842,普通中奖,4.00,0.10,2,1,3,3,3,0,0,否,否,是,1,2,704000,704002,4971779695503684,9468112.0,9468076.0,2段连消/续转 / 金色符号/百搭转换
连消/掉落,871.json,871,75,金色/百搭,https://fish-games.s3.amazonaws.com/MahjongWays1/index.html?env=ceshislot.osshaiwai.com&hasFloat=0&token=436475c81b51e6893c740657870f86b7&language=en&debug=1&debugDataPath=https://raw.githubusercontent.com/jygameclub/testdataapi/main/mahjong1date/0525_0842&debugStart=871,https://raw.githubusercontent.com/jygameclub/testdataapi/main/mahjong1date/0525_0842/871.json,https://raw.githubusercontent.com/jygameclub/testdataapi/main/mahjong1date/0525_0842,普通中奖,4.00,0.10,2,1,3,3,3,0,0,否,否,是,1,1,704101,704104,3891779695559433,9467180.0,9467144.0,2段连消/续转 / 金色符号/百搭转换
连消/掉落,930.json,930,75,金色/百搭,https://fish-games.s3.amazonaws.com/MahjongWays1/index.html?env=ceshislot.osshaiwai.com&hasFloat=0&token=436475c81b51e6893c740657870f86b7&language=en&debug=1&debugDataPath=https://raw.githubusercontent.com/jygameclub/testdataapi/main/mahjong1date/0525_0842&debugStart=930,https://raw.githubusercontent.com/jygameclub/testdataapi/main/mahjong1date/0525_0842/930.json,https://raw.githubusercontent.com/jygameclub/testdataapi/main/mahjong1date/0525_0842,普通中奖,4.00,0.10,2,1,3,3,3,0,0,否,否,是,1,1,704231,704233,9901779695655750,9465196.0,9465160.0,2段连消/续转 / 金色符号/百搭转换
连消/掉落,960.json,960,75,金色/百搭,https://fish-games.s3.amazonaws.com/MahjongWays1/index.html?env=ceshislot.osshaiwai.com&hasFloat=0&token=436475c81b51e6893c740657870f86b7&language=en&debug=1&debugDataPath=https://raw.githubusercontent.com/jygameclub/testdataapi/main/mahjong1date/0525_0842&debugStart=960,https://raw.githubusercontent.com/jygameclub/testdataapi/main/mahjong1date/0525_0842/960.json,https://raw.githubusercontent.com/jygameclub/testdataapi/main/mahjong1date/0525_0842,普通中奖,4.00,0.10,2,1,3,3,3,0,0,否,否,是,1,1,704334,704335,1701779695724317,9465632.0,9465596.0,2段连消/续转 / 金色符号/百搭转换
连消/掉落,968.json,968,75,金色/百搭,https://fish-games.s3.amazonaws.com/MahjongWays1/index.html?env=ceshislot.osshaiwai.com&hasFloat=0&token=436475c81b51e6893c740657870f86b7&language=en&debug=1&debugDataPath=https://raw.githubusercontent.com/jygameclub/testdataapi/main/mahjong1date/0525_0842&debugStart=968,https://raw.githubusercontent.com/jygameclub/testdataapi/main/mahjong1date/0525_0842/968.json,https://raw.githubusercontent.com/jygameclub/testdataapi/main/mahjong1date/0525_0842,普通中奖,4.00,0.10,2,1,3,3,3,0,0,否,否,是,1,2,704349,704351,5921779695737264,9465332.0,9465296.0,2段连消/续转 / 金色符号/百搭转换
普通空转,001.json,1,0,,https://fish-games.s3.amazonaws.com/MahjongWays1/index.html?env=ceshislot.osshaiwai.com&hasFloat=0&token=436475c81b51e6893c740657870f86b7&language=en&debug=1&debugDataPath=https://raw.githubusercontent.com/jygameclub/testdataapi/main/mahjong1date/0525_0842&debugStart=1,https://raw.githubusercontent.com/jygameclub/testdataapi/main/mahjong1date/0525_0842/001.json,https://raw.githubusercontent.com/jygameclub/testdataapi/main/mahjong1date/0525_0842,未中奖,0.00,0.00,1,0,0,0,0,0,0,否,否,否,0,1,700462,700462,5681779692351158,9477932.0,9477892.0,
普通空转,002.json,2,0,,https://fish-games.s3.amazonaws.com/MahjongWays1/index.html?env=ceshislot.osshaiwai.com&hasFloat=0&token=436475c81b51e6893c740657870f86b7&language=en&debug=1&debugDataPath=https://raw.githubusercontent.com/jygameclub/testdataapi/main/mahjong1date/0525_0842&debugStart=2,https://raw.githubusercontent.com/jygameclub/testdataapi/main/mahjong1date/0525_0842/002.json,https://raw.githubusercontent.com/jygameclub/testdataapi/main/mahjong1date/0525_0842,未中奖,0.00,0.00,1,0,0,0,0,0,0,否,否,否,0,0,700467,700467,5151779692354690,9477892.0,9477852.0,
普通空转,003.json,3,0,,https://fish-games.s3.amazonaws.com/MahjongWays1/index.html?env=ceshislot.osshaiwai.com&hasFloat=0&token=436475c81b51e6893c740657870f86b7&language=en&debug=1&debugDataPath=https://raw.githubusercontent.com/jygameclub/testdataapi/main/mahjong1date/0525_0842&debugStart=3,https://raw.githubusercontent.com/jygameclub/testdataapi/main/mahjong1date/0525_0842/003.json,https://raw.githubusercontent.com/jygameclub/testdataapi/main/mahjong1date/0525_0842,未中奖,0.00,0.00,1,0,0,0,0,0,0,否,否,否,0,0,700470,700470,3311779692356289,9477852.0,9477812.0,
普通空转,006.json,6,0,,https://fish-games.s3.amazonaws.com/MahjongWays1/index.html?env=ceshislot.osshaiwai.com&hasFloat=0&token=436475c81b51e6893c740657870f86b7&language=en&debug=1&debugDataPath=https://raw.githubusercontent.com/jygameclub/testdataapi/main/mahjong1date/0525_0842&debugStart=6,https://raw.githubusercontent.com/jygameclub/testdataapi/main/mahjong1date/0525_0842/006.json,https://raw.githubusercontent.com/jygameclub/testdataapi/main/mahjong1date/0525_0842,未中奖,0.00,0.00,1,0,0,0,0,0,0,否,否,否,0,0,700489,700489,5921779692366455,9477996.0,9477956.0,
普通空转,007.json,7,0,,https://fish-games.s3.amazonaws.com/MahjongWays1/index.html?env=ceshislot.osshaiwai.com&hasFloat=0&token=436475c81b51e6893c740657870f86b7&language=en&debug=1&debugDataPath=https://raw.githubusercontent.com/jygameclub/testdataapi/main/mahjong1date/0525_0842&debugStart=7,https://raw.githubusercontent.com/jygameclub/testdataapi/main/mahjong1date/0525_0842/007.json,https://raw.githubusercontent.com/jygameclub/testdataapi/main/mahjong1date/0525_0842,未中奖,0.00,0.00,1,0,0,0,0,0,0,否,否,否,0,0,700491,700491,4291779692367456,9477956.0,9477916.0,
普通空转,008.json,8,0,,https://fish-games.s3.amazonaws.com/MahjongWays1/index.html?env=ceshislot.osshaiwai.com&hasFloat=0&token=436475c81b51e6893c740657870f86b7&language=en&debug=1&debugDataPath=https://raw.githubusercontent.com/jygameclub/testdataapi/main/mahjong1date/0525_0842&debugStart=8,https://raw.githubusercontent.com/jygameclub/testdataapi/main/mahjong1date/0525_0842/008.json,https://raw.githubusercontent.com/jygameclub/testdataapi/main/mahjong1date/0525_0842,未中奖,0.00,0.00,1,0,0,0,0,0,0,否,否,否,0,2,700494,700494,4441779692368506,9477916.0,9477876.0,
普通空转,009.json,9,0,,https://fish-games.s3.amazonaws.com/MahjongWays1/index.html?env=ceshislot.osshaiwai.com&hasFloat=0&token=436475c81b51e6893c740657870f86b7&language=en&debug=1&debugDataPath=https://raw.githubusercontent.com/jygameclub/testdataapi/main/mahjong1date/0525_0842&debugStart=9,https://raw.githubusercontent.com/jygameclub/testdataapi/main/mahjong1date/0525_0842/009.json,https://raw.githubusercontent.com/jygameclub/testdataapi/main/mahjong1date/0525_0842,未中奖,0.00,0.00,1,0,0,0,0,0,0,否,否,否,0,1,700498,700498,2331779692370157,9477876.0,9477836.0,
普通空转,010.json,10,0,,https://fish-games.s3.amazonaws.com/MahjongWays1/index.html?env=ceshislot.osshaiwai.com&hasFloat=0&token=436475c81b51e6893c740657870f86b7&language=en&debug=1&debugDataPath=https://raw.githubusercontent.com/jygameclub/testdataapi/main/mahjong1date/0525_0842&debugStart=10,https://raw.githubusercontent.com/jygameclub/testdataapi/main/mahjong1date/0525_0842/010.json,https://raw.githubusercontent.com/jygameclub/testdataapi/main/mahjong1date/0525_0842,未中奖,0.00,0.00,1,0,0,0,0,0,0,否,否,否,0,1,700499,700499,7581779692372040,9477836.0,9477796.0,
普通空转,012.json,12,0,,https://fish-games.s3.amazonaws.com/MahjongWays1/index.html?env=ceshislot.osshaiwai.com&hasFloat=0&token=436475c81b51e6893c740657870f86b7&language=en&debug=1&debugDataPath=https://raw.githubusercontent.com/jygameclub/testdataapi/main/mahjong1date/0525_0842&debugStart=12,https://raw.githubusercontent.com/jygameclub/testdataapi/main/mahjong1date/0525_0842/012.json,https://raw.githubusercontent.com/jygameclub/testdataapi/main/mahjong1date/0525_0842,未中奖,0.00,0.00,1,0,0,0,0,0,0,否,否,否,0,0,700507,700507,9981779692376208,9477772.0,9477732.0,
普通空转,014.json,14,0,,https://fish-games.s3.amazonaws.com/MahjongWays1/index.html?env=ceshislot.osshaiwai.com&hasFloat=0&token=436475c81b51e6893c740657870f86b7&language=en&debug=1&debugDataPath=https://raw.githubusercontent.com/jygameclub/testdataapi/main/mahjong1date/0525_0842&debugStart=14,https://raw.githubusercontent.com/jygameclub/testdataapi/main/mahjong1date/0525_0842/014.json,https://raw.githubusercontent.com/jygameclub/testdataapi/main/mahjong1date/0525_0842,未中奖,0.00,0.00,1,0,0,0,0,0,0,否,否,否,0,0,700516,700516,1531779692380207,9477700.0,9477660.0,
普通空转,015.json,15,0,,https://fish-games.s3.amazonaws.com/MahjongWays1/index.html?env=ceshislot.osshaiwai.com&hasFloat=0&token=436475c81b51e6893c740657870f86b7&language=en&debug=1&debugDataPath=https://raw.githubusercontent.com/jygameclub/testdataapi/main/mahjong1date/0525_0842&debugStart=15,https://raw.githubusercontent.com/jygameclub/testdataapi/main/mahjong1date/0525_0842/015.json,https://raw.githubusercontent.com/jygameclub/testdataapi/main/mahjong1date/0525_0842,未中奖,0.00,0.00,1,0,0,0,0,0,0,否,否,否,0,1,700517,700517,6661779692381056,9477660.0,9477620.0,
普通空转,018.json,18,0,,https://fish-games.s3.amazonaws.com/MahjongWays1/index.html?env=ceshislot.osshaiwai.com&hasFloat=0&token=436475c81b51e6893c740657870f86b7&language=en&debug=1&debugDataPath=https://raw.githubusercontent.com/jygameclub/testdataapi/main/mahjong1date/0525_0842&debugStart=18,https://raw.githubusercontent.com/jygameclub/testdataapi/main/mahjong1date/0525_0842/018.json,https://raw.githubusercontent.com/jygameclub/testdataapi/main/mahjong1date/0525_0842,未中奖,0.00,0.00,1,0,0,0,0,0,0,否,否,否,0,0,700533,700533,3161779692391390,9477596.0,9477556.0,
普通空转,019.json,19,0,,https://fish-games.s3.amazonaws.com/MahjongWays1/index.html?env=ceshislot.osshaiwai.com&hasFloat=0&token=436475c81b51e6893c740657870f86b7&language=en&debug=1&debugDataPath=https://raw.githubusercontent.com/jygameclub/testdataapi/main/mahjong1date/0525_0842&debugStart=19,https://raw.githubusercontent.com/jygameclub/testdataapi/main/mahjong1date/0525_0842/019.json,https://raw.githubusercontent.com/jygameclub/testdataapi/main/mahjong1date/0525_0842,未中奖,0.00,0.00,1,0,0,0,0,0,0,否,否,否,0,0,700537,700537,9041779692392373,9477556.0,9477516.0,
普通空转,020.json,20,0,,https://fish-games.s3.amazonaws.com/MahjongWays1/index.html?env=ceshislot.osshaiwai.com&hasFloat=0&token=436475c81b51e6893c740657870f86b7&language=en&debug=1&debugDataPath=https://raw.githubusercontent.com/jygameclub/testdataapi/main/mahjong1date/0525_0842&debugStart=20,https://raw.githubusercontent.com/jygameclub/testdataapi/main/mahjong1date/0525_0842/020.json,https://raw.githubusercontent.com/jygameclub/testdataapi/main/mahjong1date/0525_0842,未中奖,0.00,0.00,1,0,0,0,0,0,0,否,否,否,0,0,700538,700538,3501779692393289,9477516.0,9477476.0,
普通空转,021.json,21,0,,https://fish-games.s3.amazonaws.com/MahjongWays1/index.html?env=ceshislot.osshaiwai.com&hasFloat=0&token=436475c81b51e6893c740657870f86b7&language=en&debug=1&debugDataPath=https://raw.githubusercontent.com/jygameclub/testdataapi/main/mahjong1date/0525_0842&debugStart=21,https://raw.githubusercontent.com/jygameclub/testdataapi/main/mahjong1date/0525_0842/021.json,https://raw.githubusercontent.com/jygameclub/testdataapi/main/mahjong1date/0525_0842,未中奖,0.00,0.00,1,0,0,0,0,0,0,否,否,否,0,0,700541,700541,9651779692394089,9477476.0,9477436.0,
普通空转,023.json,23,0,,https://fish-games.s3.amazonaws.com/MahjongWays1/index.html?env=ceshislot.osshaiwai.com&hasFloat=0&token=436475c81b51e6893c740657870f86b7&language=en&debug=1&debugDataPath=https://raw.githubusercontent.com/jygameclub/testdataapi/main/mahjong1date/0525_0842&debugStart=23,https://raw.githubusercontent.com/jygameclub/testdataapi/main/mahjong1date/0525_0842/023.json,https://raw.githubusercontent.com/jygameclub/testdataapi/main/mahjong1date/0525_0842,未中奖,0.00,0.00,1,0,0,0,0,0,0,否,否,否,0,1,700549,700549,8961779692398024,9477436.0,9477396.0,
普通空转,024.json,24,0,,https://fish-games.s3.amazonaws.com/MahjongWays1/index.html?env=ceshislot.osshaiwai.com&hasFloat=0&token=436475c81b51e6893c740657870f86b7&language=en&debug=1&debugDataPath=https://raw.githubusercontent.com/jygameclub/testdataapi/main/mahjong1date/0525_0842&debugStart=24,https://raw.githubusercontent.com/jygameclub/testdataapi/main/mahjong1date/0525_0842/024.json,https://raw.githubusercontent.com/jygameclub/testdataapi/main/mahjong1date/0525_0842,未中奖,0.00,0.00,1,0,0,0,0,0,0,否,否,否,0,1,700552,700552,3051779692399556,9477396.0,9477356.0,
普通空转,025.json,25,0,,https://fish-games.s3.amazonaws.com/MahjongWays1/index.html?env=ceshislot.osshaiwai.com&hasFloat=0&token=436475c81b51e6893c740657870f86b7&language=en&debug=1&debugDataPath=https://raw.githubusercontent.com/jygameclub/testdataapi/main/mahjong1date/0525_0842&debugStart=25,https://raw.githubusercontent.com/jygameclub/testdataapi/main/mahjong1date/0525_0842/025.json,https://raw.githubusercontent.com/jygameclub/testdataapi/main/mahjong1date/0525_0842,未中奖,0.00,0.00,1,0,0,0,0,0,0,否,否,否,0,1,700553,700553,8531779692400973,9477356.0,9477316.0,
普通空转,026.json,26,0,,https://fish-games.s3.amazonaws.com/MahjongWays1/index.html?env=ceshislot.osshaiwai.com&hasFloat=0&token=436475c81b51e6893c740657870f86b7&language=en&debug=1&debugDataPath=https://raw.githubusercontent.com/jygameclub/testdataapi/main/mahjong1date/0525_0842&debugStart=26,https://raw.githubusercontent.com/jygameclub/testdataapi/main/mahjong1date/0525_0842/026.json,https://raw.githubusercontent.com/jygameclub/testdataapi/main/mahjong1date/0525_0842,未中奖,0.00,0.00,1,0,0,0,0,0,0,否,否,否,0,2,700557,700557,5581779692402456,9477316.0,9477276.0,
普通空转,027.json,27,0,,https://fish-games.s3.amazonaws.com/MahjongWays1/index.html?env=ceshislot.osshaiwai.com&hasFloat=0&token=436475c81b51e6893c740657870f86b7&language=en&debug=1&debugDataPath=https://raw.githubusercontent.com/jygameclub/testdataapi/main/mahjong1date/0525_0842&debugStart=27,https://raw.githubusercontent.com/jygameclub/testdataapi/main/mahjong1date/0525_0842/027.json,https://raw.githubusercontent.com/jygameclub/testdataapi/main/mahjong1date/0525_0842,未中奖,0.00,0.00,1,0,0,0,0,0,0,否,否,否,0,0,700560,700560,8701779692404123,9477276.0,9477236.0,
普通空转,029.json,29,0,,https://fish-games.s3.amazonaws.com/MahjongWays1/index.html?env=ceshislot.osshaiwai.com&hasFloat=0&token=436475c81b51e6893c740657870f86b7&language=en&debug=1&debugDataPath=https://raw.githubusercontent.com/jygameclub/testdataapi/main/mahjong1date/0525_0842&debugStart=29,https://raw.githubusercontent.com/jygameclub/testdataapi/main/mahjong1date/0525_0842/029.json,https://raw.githubusercontent.com/jygameclub/testdataapi/main/mahjong1date/0525_0842,未中奖,0.00,0.00,1,0,0,0,0,0,0,否,否,否,0,0,700568,700568,7071779692407707,9477212.0,9477172.0,
普通空转,030.json,30,0,,https://fish-games.s3.amazonaws.com/MahjongWays1/index.html?env=ceshislot.osshaiwai.com&hasFloat=0&token=436475c81b51e6893c740657870f86b7&language=en&debug=1&debugDataPath=https://raw.githubusercontent.com/jygameclub/testdataapi/main/mahjong1date/0525_0842&debugStart=30,https://raw.githubusercontent.com/jygameclub/testdataapi/main/mahjong1date/0525_0842/030.json,https://raw.githubusercontent.com/jygameclub/testdataapi/main/mahjong1date/0525_0842,未中奖,0.00,0.00,1,0,0,0,0,0,0,否,否,否,0,0,700570,700570,9471779692408488,9477172.0,9477132.0,
普通空转,031.json,31,0,,https://fish-games.s3.amazonaws.com/MahjongWays1/index.html?env=ceshislot.osshaiwai.com&hasFloat=0&token=436475c81b51e6893c740657870f86b7&language=en&debug=1&debugDataPath=https://raw.githubusercontent.com/jygameclub/testdataapi/main/mahjong1date/0525_0842&debugStart=31,https://raw.githubusercontent.com/jygameclub/testdataapi/main/mahjong1date/0525_0842/031.json,https://raw.githubusercontent.com/jygameclub/testdataapi/main/mahjong1date/0525_0842,未中奖,0.00,0.00,1,0,0,0,0,0,0,否,否,否,0,0,700573,700573,3701779692409474,9477132.0,9477092.0,
普通空转,033.json,33,0,,https://fish-games.s3.amazonaws.com/MahjongWays1/index.html?env=ceshislot.osshaiwai.com&hasFloat=0&token=436475c81b51e6893c740657870f86b7&language=en&debug=1&debugDataPath=https://raw.githubusercontent.com/jygameclub/testdataapi/main/mahjong1date/0525_0842&debugStart=33,https://raw.githubusercontent.com/jygameclub/testdataapi/main/mahjong1date/0525_0842/033.json,https://raw.githubusercontent.com/jygameclub/testdataapi/main/mahjong1date/0525_0842,未中奖,0.00,0.00,1,0,0,0,0,0,0,否,否,否,0,0,700584,700584,9701779692415157,9477068.0,9477028.0,
普通空转,035.json,35,0,,https://fish-games.s3.amazonaws.com/MahjongWays1/index.html?env=ceshislot.osshaiwai.com&hasFloat=0&token=436475c81b51e6893c740657870f86b7&language=en&debug=1&debugDataPath=https://raw.githubusercontent.com/jygameclub/testdataapi/main/mahjong1date/0525_0842&debugStart=35,https://raw.githubusercontent.com/jygameclub/testdataapi/main/mahjong1date/0525_0842/035.json,https://raw.githubusercontent.com/jygameclub/testdataapi/main/mahjong1date/0525_0842,未中奖,0.00,0.00,1,0,0,0,0,0,0,否,否,否,0,0,700592,700592,8461779692418907,9476992.0,9476952.0,
普通空转,037.json,37,0,,https://fish-games.s3.amazonaws.com/MahjongWays1/index.html?env=ceshislot.osshaiwai.com&hasFloat=0&token=436475c81b51e6893c740657870f86b7&language=en&debug=1&debugDataPath=https://raw.githubusercontent.com/jygameclub/testdataapi/main/mahjong1date/0525_0842&debugStart=37,https://raw.githubusercontent.com/jygameclub/testdataapi/main/mahjong1date/0525_0842/037.json,https://raw.githubusercontent.com/jygameclub/testdataapi/main/mahjong1date/0525_0842,未中奖,0.00,0.00,1,0,0,0,0,0,0,否,否,否,0,0,700603,700603,9221779692424522,9476944.0,9476904.0,
普通空转,038.json,38,0,,https://fish-games.s3.amazonaws.com/MahjongWays1/index.html?env=ceshislot.osshaiwai.com&hasFloat=0&token=436475c81b51e6893c740657870f86b7&language=en&debug=1&debugDataPath=https://raw.githubusercontent.com/jygameclub/testdataapi/main/mahjong1date/0525_0842&debugStart=38,https://raw.githubusercontent.com/jygameclub/testdataapi/main/mahjong1date/0525_0842/038.json,https://raw.githubusercontent.com/jygameclub/testdataapi/main/mahjong1date/0525_0842,未中奖,0.00,0.00,1,0,0,0,0,0,0,否,否,否,0,0,700605,700605,6271779692425640,9476904.0,9476864.0,
普通空转,039.json,39,0,,https://fish-games.s3.amazonaws.com/MahjongWays1/index.html?env=ceshislot.osshaiwai.com&hasFloat=0&token=436475c81b51e6893c740657870f86b7&language=en&debug=1&debugDataPath=https://raw.githubusercontent.com/jygameclub/testdataapi/main/mahjong1date/0525_0842&debugStart=39,https://raw.githubusercontent.com/jygameclub/testdataapi/main/mahjong1date/0525_0842/039.json,https://raw.githubusercontent.com/jygameclub/testdataapi/main/mahjong1date/0525_0842,未中奖,0.00,0.00,1,0,0,0,0,0,0,否,否,否,0,1,700606,700606,3291779692426489,9476864.0,9476824.0,
普通空转,041.json,41,0,,https://fish-games.s3.amazonaws.com/MahjongWays1/index.html?env=ceshislot.osshaiwai.com&hasFloat=0&token=436475c81b51e6893c740657870f86b7&language=en&debug=1&debugDataPath=https://raw.githubusercontent.com/jygameclub/testdataapi/main/mahjong1date/0525_0842&debugStart=41,https://raw.githubusercontent.com/jygameclub/testdataapi/main/mahjong1date/0525_0842/041.json,https://raw.githubusercontent.com/jygameclub/testdataapi/main/mahjong1date/0525_0842,未中奖,0.00,0.00,1,0,0,0,0,0,0,否,否,否,0,0,700614,700614,9501779692430573,9476864.0,9476824.0,
普通空转,042.json,42,0,,https://fish-games.s3.amazonaws.com/MahjongWays1/index.html?env=ceshislot.osshaiwai.com&hasFloat=0&token=436475c81b51e6893c740657870f86b7&language=en&debug=1&debugDataPath=https://raw.githubusercontent.com/jygameclub/testdataapi/main/mahjong1date/0525_0842&debugStart=42,https://raw.githubusercontent.com/jygameclub/testdataapi/main/mahjong1date/0525_0842/042.json,https://raw.githubusercontent.com/jygameclub/testdataapi/main/mahjong1date/0525_0842,未中奖,0.00,0.00,1,0,0,0,0,0,0,否,否,否,0,0,700617,700617,1661779692431422,9476824.0,9476784.0,
普通空转,043.json,43,0,,https://fish-games.s3.amazonaws.com/MahjongWays1/index.html?env=ceshislot.osshaiwai.com&hasFloat=0&token=436475c81b51e6893c740657870f86b7&language=en&debug=1&debugDataPath=https://raw.githubusercontent.com/jygameclub/testdataapi/main/mahjong1date/0525_0842&debugStart=43,https://raw.githubusercontent.com/jygameclub/testdataapi/main/mahjong1date/0525_0842/043.json,https://raw.githubusercontent.com/jygameclub/testdataapi/main/mahjong1date/0525_0842,未中奖,0.00,0.00,1,0,0,0,0,0,0,否,否,否,0,1,700619,700619,5231779692432223,9476784.0,9476744.0,
普通空转,044.json,44,0,,https://fish-games.s3.amazonaws.com/MahjongWays1/index.html?env=ceshislot.osshaiwai.com&hasFloat=0&token=436475c81b51e6893c740657870f86b7&language=en&debug=1&debugDataPath=https://raw.githubusercontent.com/jygameclub/testdataapi/main/mahjong1date/0525_0842&debugStart=44,https://raw.githubusercontent.com/jygameclub/testdataapi/main/mahjong1date/0525_0842/044.json,https://raw.githubusercontent.com/jygameclub/testdataapi/main/mahjong1date/0525_0842,未中奖,0.00,0.00,1,0,0,0,0,0,0,否,否,否,0,0,700621,700621,3131779692433623,9476744.0,9476704.0,
普通空转,045.json,45,0,,https://fish-games.s3.amazonaws.com/MahjongWays1/index.html?env=ceshislot.osshaiwai.com&hasFloat=0&token=436475c81b51e6893c740657870f86b7&language=en&debug=1&debugDataPath=https://raw.githubusercontent.com/jygameclub/testdataapi/main/mahjong1date/0525_0842&debugStart=45,https://raw.githubusercontent.com/jygameclub/testdataapi/main/mahjong1date/0525_0842/045.json,https://raw.githubusercontent.com/jygameclub/testdataapi/main/mahjong1date/0525_0842,未中奖,0.00,0.00,1,0,0,0,0,0,0,否,否,否,0,1,700623,700623,4171779692434473,9476704.0,9476664.0,
普通空转,046.json,46,0,,https://fish-games.s3.amazonaws.com/MahjongWays1/index.html?env=ceshislot.osshaiwai.com&hasFloat=0&token=436475c81b51e6893c740657870f86b7&language=en&debug=1&debugDataPath=https://raw.githubusercontent.com/jygameclub/testdataapi/main/mahjong1date/0525_0842&debugStart=46,https://raw.githubusercontent.com/jygameclub/testdataapi/main/mahjong1date/0525_0842/046.json,https://raw.githubusercontent.com/jygameclub/testdataapi/main/mahjong1date/0525_0842,未中奖,0.00,0.00,1,0,0,0,0,0,0,否,否,否,0,1,700626,700626,6211779692435957,9476664.0,9476624.0,
普通空转,047.json,47,0,,https://fish-games.s3.amazonaws.com/MahjongWays1/index.html?env=ceshislot.osshaiwai.com&hasFloat=0&token=436475c81b51e6893c740657870f86b7&language=en&debug=1&debugDataPath=https://raw.githubusercontent.com/jygameclub/testdataapi/main/mahjong1date/0525_0842&debugStart=47,https://raw.githubusercontent.com/jygameclub/testdataapi/main/mahjong1date/0525_0842/047.json,https://raw.githubusercontent.com/jygameclub/testdataapi/main/mahjong1date/0525_0842,未中奖,0.00,0.00,1,0,0,0,0,0,0,否,否,否,0,0,700629,700629,2701779692437422,9476624.0,9476584.0,
普通空转,048.json,48,0,,https://fish-games.s3.amazonaws.com/MahjongWays1/index.html?env=ceshislot.osshaiwai.com&hasFloat=0&token=436475c81b51e6893c740657870f86b7&language=en&debug=1&debugDataPath=https://raw.githubusercontent.com/jygameclub/testdataapi/main/mahjong1date/0525_0842&debugStart=48,https://raw.githubusercontent.com/jygameclub/testdataapi/main/mahjong1date/0525_0842/048.json,https://raw.githubusercontent.com/jygameclub/testdataapi/main/mahjong1date/0525_0842,未中奖,0.00,0.00,1,0,0,0,0,0,0,否,否,否,0,1,700632,700632,3471779692438290,9476584.0,9476544.0,
普通空转,049.json,49,0,,https://fish-games.s3.amazonaws.com/MahjongWays1/index.html?env=ceshislot.osshaiwai.com&hasFloat=0&token=436475c81b51e6893c740657870f86b7&language=en&debug=1&debugDataPath=https://raw.githubusercontent.com/jygameclub/testdataapi/main/mahjong1date/0525_0842&debugStart=49,https://raw.githubusercontent.com/jygameclub/testdataapi/main/mahjong1date/0525_0842/049.json,https://raw.githubusercontent.com/jygameclub/testdataapi/main/mahjong1date/0525_0842,未中奖,0.00,0.00,1,0,0,0,0,0,0,否,否,否,0,0,700635,700635,4191779692439774,9476544.0,9476504.0,
普通空转,050.json,50,0,,https://fish-games.s3.amazonaws.com/MahjongWays1/index.html?env=ceshislot.osshaiwai.com&hasFloat=0&token=436475c81b51e6893c740657870f86b7&language=en&debug=1&debugDataPath=https://raw.githubusercontent.com/jygameclub/testdataapi/main/mahjong1date/0525_0842&debugStart=50,https://raw.githubusercontent.com/jygameclub/testdataapi/main/mahjong1date/0525_0842/050.json,https://raw.githubusercontent.com/jygameclub/testdataapi/main/mahjong1date/0525_0842,未中奖,0.00,0.00,1,0,0,0,0,0,0,否,否,否,0,1,700636,700636,4741779692440623,9476504.0,9476464.0,
普通空转,051.json,51,0,,https://fish-games.s3.amazonaws.com/MahjongWays1/index.html?env=ceshislot.osshaiwai.com&hasFloat=0&token=436475c81b51e6893c740657870f86b7&language=en&debug=1&debugDataPath=https://raw.githubusercontent.com/jygameclub/testdataapi/main/mahjong1date/0525_0842&debugStart=51,https://raw.githubusercontent.com/jygameclub/testdataapi/main/mahjong1date/0525_0842/051.json,https://raw.githubusercontent.com/jygameclub/testdataapi/main/mahjong1date/0525_0842,未中奖,0.00,0.00,1,0,0,0,0,0,0,否,否,否,0,1,700639,700639,3171779692442023,9476464.0,9476424.0,
普通空转,052.json,52,0,,https://fish-games.s3.amazonaws.com/MahjongWays1/index.html?env=ceshislot.osshaiwai.com&hasFloat=0&token=436475c81b51e6893c740657870f86b7&language=en&debug=1&debugDataPath=https://raw.githubusercontent.com/jygameclub/testdataapi/main/mahjong1date/0525_0842&debugStart=52,https://raw.githubusercontent.com/jygameclub/testdataapi/main/mahjong1date/0525_0842/052.json,https://raw.githubusercontent.com/jygameclub/testdataapi/main/mahjong1date/0525_0842,未中奖,0.00,0.00,1,0,0,0,0,0,0,否,否,否,0,0,700642,700642,5051779692443439,9476424.0,9476384.0,
普通空转,054.json,54,0,,https://fish-games.s3.amazonaws.com/MahjongWays1/index.html?env=ceshislot.osshaiwai.com&hasFloat=0&token=436475c81b51e6893c740657870f86b7&language=en&debug=1&debugDataPath=https://raw.githubusercontent.com/jygameclub/testdataapi/main/mahjong1date/0525_0842&debugStart=54,https://raw.githubusercontent.com/jygameclub/testdataapi/main/mahjong1date/0525_0842/054.json,https://raw.githubusercontent.com/jygameclub/testdataapi/main/mahjong1date/0525_0842,未中奖,0.00,0.00,1,0,0,0,0,0,0,否,否,否,0,0,700648,700648,1331779692447089,9476360.0,9476320.0,
普通空转,056.json,56,0,,https://fish-games.s3.amazonaws.com/MahjongWays1/index.html?env=ceshislot.osshaiwai.com&hasFloat=0&token=436475c81b51e6893c740657870f86b7&language=en&debug=1&debugDataPath=https://raw.githubusercontent.com/jygameclub/testdataapi/main/mahjong1date/0525_0842&debugStart=56,https://raw.githubusercontent.com/jygameclub/testdataapi/main/mahjong1date/0525_0842/056.json,https://raw.githubusercontent.com/jygameclub/testdataapi/main/mahjong1date/0525_0842,未中奖,0.00,0.00,1,0,0,0,0,0,0,否,否,否,0,0,700657,700657,2301779692451641,9476292.0,9476252.0,
普通空转,057.json,57,0,,https://fish-games.s3.amazonaws.com/MahjongWays1/index.html?env=ceshislot.osshaiwai.com&hasFloat=0&token=436475c81b51e6893c740657870f86b7&language=en&debug=1&debugDataPath=https://raw.githubusercontent.com/jygameclub/testdataapi/main/mahjong1date/0525_0842&debugStart=57,https://raw.githubusercontent.com/jygameclub/testdataapi/main/mahjong1date/0525_0842/057.json,https://raw.githubusercontent.com/jygameclub/testdataapi/main/mahjong1date/0525_0842,未中奖,0.00,0.00,1,0,0,0,0,0,0,否,否,否,0,0,700658,700658,5911779692452705,9476252.0,9476212.0,
普通空转,058.json,58,0,,https://fish-games.s3.amazonaws.com/MahjongWays1/index.html?env=ceshislot.osshaiwai.com&hasFloat=0&token=436475c81b51e6893c740657870f86b7&language=en&debug=1&debugDataPath=https://raw.githubusercontent.com/jygameclub/testdataapi/main/mahjong1date/0525_0842&debugStart=58,https://raw.githubusercontent.com/jygameclub/testdataapi/main/mahjong1date/0525_0842/058.json,https://raw.githubusercontent.com/jygameclub/testdataapi/main/mahjong1date/0525_0842,未中奖,0.00,0.00,1,0,0,0,0,0,0,否,否,否,0,0,700661,700661,3651779692453489,9476212.0,9476172.0,
普通空转,059.json,59,0,,https://fish-games.s3.amazonaws.com/MahjongWays1/index.html?env=ceshislot.osshaiwai.com&hasFloat=0&token=436475c81b51e6893c740657870f86b7&language=en&debug=1&debugDataPath=https://raw.githubusercontent.com/jygameclub/testdataapi/main/mahjong1date/0525_0842&debugStart=59,https://raw.githubusercontent.com/jygameclub/testdataapi/main/mahjong1date/0525_0842/059.json,https://raw.githubusercontent.com/jygameclub/testdataapi/main/mahjong1date/0525_0842,未中奖,0.00,0.00,1,0,0,0,0,0,0,否,否,否,0,1,700663,700663,2211779692454289,9476172.0,9476132.0,
普通空转,060.json,60,0,,https://fish-games.s3.amazonaws.com/MahjongWays1/index.html?env=ceshislot.osshaiwai.com&hasFloat=0&token=436475c81b51e6893c740657870f86b7&language=en&debug=1&debugDataPath=https://raw.githubusercontent.com/jygameclub/testdataapi/main/mahjong1date/0525_0842&debugStart=60,https://raw.githubusercontent.com/jygameclub/testdataapi/main/mahjong1date/0525_0842/060.json,https://raw.githubusercontent.com/jygameclub/testdataapi/main/mahjong1date/0525_0842,未中奖,0.00,0.00,1,0,0,0,0,0,0,否,否,否,0,0,700667,700667,2131779692455708,9476132.0,9476092.0,
普通空转,061.json,61,0,,https://fish-games.s3.amazonaws.com/MahjongWays1/index.html?env=ceshislot.osshaiwai.com&hasFloat=0&token=436475c81b51e6893c740657870f86b7&language=en&debug=1&debugDataPath=https://raw.githubusercontent.com/jygameclub/testdataapi/main/mahjong1date/0525_0842&debugStart=61,https://raw.githubusercontent.com/jygameclub/testdataapi/main/mahjong1date/0525_0842/061.json,https://raw.githubusercontent.com/jygameclub/testdataapi/main/mahjong1date/0525_0842,未中奖,0.00,0.00,1,0,0,0,0,0,0,否,否,否,0,1,700669,700669,2881779692456572,9476092.0,9476052.0,
普通空转,062.json,62,0,,https://fish-games.s3.amazonaws.com/MahjongWays1/index.html?env=ceshislot.osshaiwai.com&hasFloat=0&token=436475c81b51e6893c740657870f86b7&language=en&debug=1&debugDataPath=https://raw.githubusercontent.com/jygameclub/testdataapi/main/mahjong1date/0525_0842&debugStart=62,https://raw.githubusercontent.com/jygameclub/testdataapi/main/mahjong1date/0525_0842/062.json,https://raw.githubusercontent.com/jygameclub/testdataapi/main/mahjong1date/0525_0842,未中奖,0.00,0.00,1,0,0,0,0,0,0,否,否,否,0,1,700673,700673,6151779692457989,9476052.0,9476012.0,
普通空转,063.json,63,0,,https://fish-games.s3.amazonaws.com/MahjongWays1/index.html?env=ceshislot.osshaiwai.com&hasFloat=0&token=436475c81b51e6893c740657870f86b7&language=en&debug=1&debugDataPath=https://raw.githubusercontent.com/jygameclub/testdataapi/main/mahjong1date/0525_0842&debugStart=63,https://raw.githubusercontent.com/jygameclub/testdataapi/main/mahjong1date/0525_0842/063.json,https://raw.githubusercontent.com/jygameclub/testdataapi/main/mahjong1date/0525_0842,未中奖,0.00,0.00,1,0,0,0,0,0,0,否,否,否,0,0,700676,700676,5401779692459457,9476012.0,9475972.0,
普通空转,064.json,64,0,,https://fish-games.s3.amazonaws.com/MahjongWays1/index.html?env=ceshislot.osshaiwai.com&hasFloat=0&token=436475c81b51e6893c740657870f86b7&language=en&debug=1&debugDataPath=https://raw.githubusercontent.com/jygameclub/testdataapi/main/mahjong1date/0525_0842&debugStart=64,https://raw.githubusercontent.com/jygameclub/testdataapi/main/mahjong1date/0525_0842/064.json,https://raw.githubusercontent.com/jygameclub/testdataapi/main/mahjong1date/0525_0842,未中奖,0.00,0.00,1,0,0,0,0,0,0,否,否,否,0,1,700679,700679,9411779692460256,9475972.0,9475932.0,
普通空转,065.json,65,0,,https://fish-games.s3.amazonaws.com/MahjongWays1/index.html?env=ceshislot.osshaiwai.com&hasFloat=0&token=436475c81b51e6893c740657870f86b7&language=en&debug=1&debugDataPath=https://raw.githubusercontent.com/jygameclub/testdataapi/main/mahjong1date/0525_0842&debugStart=65,https://raw.githubusercontent.com/jygameclub/testdataapi/main/mahjong1date/0525_0842/065.json,https://raw.githubusercontent.com/jygameclub/testdataapi/main/mahjong1date/0525_0842,未中奖,0.00,0.00,1,0,0,0,0,0,0,否,否,否,0,0,700681,700681,8231779692461656,9475932.0,9475892.0,
普通空转,067.json,67,0,,https://fish-games.s3.amazonaws.com/MahjongWays1/index.html?env=ceshislot.osshaiwai.com&hasFloat=0&token=436475c81b51e6893c740657870f86b7&language=en&debug=1&debugDataPath=https://raw.githubusercontent.com/jygameclub/testdataapi/main/mahjong1date/0525_0842&debugStart=67,https://raw.githubusercontent.com/jygameclub/testdataapi/main/mahjong1date/0525_0842/067.json,https://raw.githubusercontent.com/jygameclub/testdataapi/main/mahjong1date/0525_0842,未中奖,0.00,0.00,1,0,0,0,0,0,0,否,否,否,0,1,700688,700688,2131779692465322,9475932.0,9475892.0,
普通空转,068.json,68,0,,https://fish-games.s3.amazonaws.com/MahjongWays1/index.html?env=ceshislot.osshaiwai.com&hasFloat=0&token=436475c81b51e6893c740657870f86b7&language=en&debug=1&debugDataPath=https://raw.githubusercontent.com/jygameclub/testdataapi/main/mahjong1date/0525_0842&debugStart=68,https://raw.githubusercontent.com/jygameclub/testdataapi/main/mahjong1date/0525_0842/068.json,https://raw.githubusercontent.com/jygameclub/testdataapi/main/mahjong1date/0525_0842,未中奖,0.00,0.00,1,0,0,0,0,0,0,否,否,否,0,1,700691,700691,3291779692466725,9475892.0,9475852.0,
普通空转,069.json,69,0,,https://fish-games.s3.amazonaws.com/MahjongWays1/index.html?env=ceshislot.osshaiwai.com&hasFloat=0&token=436475c81b51e6893c740657870f86b7&language=en&debug=1&debugDataPath=https://raw.githubusercontent.com/jygameclub/testdataapi/main/mahjong1date/0525_0842&debugStart=69,https://raw.githubusercontent.com/jygameclub/testdataapi/main/mahjong1date/0525_0842/069.json,https://raw.githubusercontent.com/jygameclub/testdataapi/main/mahjong1date/0525_0842,未中奖,0.00,0.00,1,0,0,0,0,0,0,否,否,否,0,1,700694,700694,3371779692468125,9475852.0,9475812.0,
普通空转,070.json,70,0,,https://fish-games.s3.amazonaws.com/MahjongWays1/index.html?env=ceshislot.osshaiwai.com&hasFloat=0&token=436475c81b51e6893c740657870f86b7&language=en&debug=1&debugDataPath=https://raw.githubusercontent.com/jygameclub/testdataapi/main/mahjong1date/0525_0842&debugStart=70,https://raw.githubusercontent.com/jygameclub/testdataapi/main/mahjong1date/0525_0842/070.json,https://raw.githubusercontent.com/jygameclub/testdataapi/main/mahjong1date/0525_0842,未中奖,0.00,0.00,1,0,0,0,0,0,0,否,否,否,0,0,700697,700697,7811779692469657,9475812.0,9475772.0,
普通空转,071.json,71,0,,https://fish-games.s3.amazonaws.com/MahjongWays1/index.html?env=ceshislot.osshaiwai.com&hasFloat=0&token=436475c81b51e6893c740657870f86b7&language=en&debug=1&debugDataPath=https://raw.githubusercontent.com/jygameclub/testdataapi/main/mahjong1date/0525_0842&debugStart=71,https://raw.githubusercontent.com/jygameclub/testdataapi/main/mahjong1date/0525_0842/071.json,https://raw.githubusercontent.com/jygameclub/testdataapi/main/mahjong1date/0525_0842,未中奖,0.00,0.00,1,0,0,0,0,0,0,否,否,否,0,0,700699,700699,6151779692470439,9475772.0,9475732.0,
普通空转,072.json,72,0,,https://fish-games.s3.amazonaws.com/MahjongWays1/index.html?env=ceshislot.osshaiwai.com&hasFloat=0&token=436475c81b51e6893c740657870f86b7&language=en&debug=1&debugDataPath=https://raw.githubusercontent.com/jygameclub/testdataapi/main/mahjong1date/0525_0842&debugStart=72,https://raw.githubusercontent.com/jygameclub/testdataapi/main/mahjong1date/0525_0842/072.json,https://raw.githubusercontent.com/jygameclub/testdataapi/main/mahjong1date/0525_0842,未中奖,0.00,0.00,1,0,0,0,0,0,0,否,否,否,0,1,700701,700701,1761779692471222,9475732.0,9475692.0,
普通空转,074.json,74,0,,https://fish-games.s3.amazonaws.com/MahjongWays1/index.html?env=ceshislot.osshaiwai.com&hasFloat=0&token=436475c81b51e6893c740657870f86b7&language=en&debug=1&debugDataPath=https://raw.githubusercontent.com/jygameclub/testdataapi/main/mahjong1date/0525_0842&debugStart=74,https://raw.githubusercontent.com/jygameclub/testdataapi/main/mahjong1date/0525_0842/074.json,https://raw.githubusercontent.com/jygameclub/testdataapi/main/mahjong1date/0525_0842,未中奖,0.00,0.00,1,0,0,0,0,0,0,否,否,否,0,0,700712,700712,2261779692475306,9475660.0,9475620.0,
普通空转,075.json,75,0,,https://fish-games.s3.amazonaws.com/MahjongWays1/index.html?env=ceshislot.osshaiwai.com&hasFloat=0&token=436475c81b51e6893c740657870f86b7&language=en&debug=1&debugDataPath=https://raw.githubusercontent.com/jygameclub/testdataapi/main/mahjong1date/0525_0842&debugStart=75,https://raw.githubusercontent.com/jygameclub/testdataapi/main/mahjong1date/0525_0842/075.json,https://raw.githubusercontent.com/jygameclub/testdataapi/main/mahjong1date/0525_0842,未中奖,0.00,0.00,1,0,0,0,0,0,0,否,否,否,0,1,700713,700713,7211779692476425,9475620.0,9475580.0,
普通空转,077.json,77,0,,https://fish-games.s3.amazonaws.com/MahjongWays1/index.html?env=ceshislot.osshaiwai.com&hasFloat=0&token=436475c81b51e6893c740657870f86b7&language=en&debug=1&debugDataPath=https://raw.githubusercontent.com/jygameclub/testdataapi/main/mahjong1date/0525_0842&debugStart=77,https://raw.githubusercontent.com/jygameclub/testdataapi/main/mahjong1date/0525_0842/077.json,https://raw.githubusercontent.com/jygameclub/testdataapi/main/mahjong1date/0525_0842,未中奖,0.00,0.00,1,0,0,0,0,0,0,否,否,否,0,1,700723,700723,1831779692481623,9475548.0,9475508.0,
普通空转,078.json,78,0,,https://fish-games.s3.amazonaws.com/MahjongWays1/index.html?env=ceshislot.osshaiwai.com&hasFloat=0&token=436475c81b51e6893c740657870f86b7&language=en&debug=1&debugDataPath=https://raw.githubusercontent.com/jygameclub/testdataapi/main/mahjong1date/0525_0842&debugStart=78,https://raw.githubusercontent.com/jygameclub/testdataapi/main/mahjong1date/0525_0842/078.json,https://raw.githubusercontent.com/jygameclub/testdataapi/main/mahjong1date/0525_0842,未中奖,0.00,0.00,1,0,0,0,0,0,0,否,否,否,0,1,700726,700726,8121779692483106,9475508.0,9475468.0,
普通空转,079.json,79,0,,https://fish-games.s3.amazonaws.com/MahjongWays1/index.html?env=ceshislot.osshaiwai.com&hasFloat=0&token=436475c81b51e6893c740657870f86b7&language=en&debug=1&debugDataPath=https://raw.githubusercontent.com/jygameclub/testdataapi/main/mahjong1date/0525_0842&debugStart=79,https://raw.githubusercontent.com/jygameclub/testdataapi/main/mahjong1date/0525_0842/079.json,https://raw.githubusercontent.com/jygameclub/testdataapi/main/mahjong1date/0525_0842,未中奖,0.00,0.00,1,0,0,0,0,0,0,否,否,否,0,0,700727,700727,9241779692484508,9475468.0,9475428.0,
普通空转,080.json,80,0,,https://fish-games.s3.amazonaws.com/MahjongWays1/index.html?env=ceshislot.osshaiwai.com&hasFloat=0&token=436475c81b51e6893c740657870f86b7&language=en&debug=1&debugDataPath=https://raw.githubusercontent.com/jygameclub/testdataapi/main/mahjong1date/0525_0842&debugStart=80,https://raw.githubusercontent.com/jygameclub/testdataapi/main/mahjong1date/0525_0842/080.json,https://raw.githubusercontent.com/jygameclub/testdataapi/main/mahjong1date/0525_0842,未中奖,0.00,0.00,1,0,0,0,0,0,0,否,否,否,0,0,700730,700730,5281779692485357,9475428.0,9475388.0,
普通空转,081.json,81,0,,https://fish-games.s3.amazonaws.com/MahjongWays1/index.html?env=ceshislot.osshaiwai.com&hasFloat=0&token=436475c81b51e6893c740657870f86b7&language=en&debug=1&debugDataPath=https://raw.githubusercontent.com/jygameclub/testdataapi/main/mahjong1date/0525_0842&debugStart=81,https://raw.githubusercontent.com/jygameclub/testdataapi/main/mahjong1date/0525_0842/081.json,https://raw.githubusercontent.com/jygameclub/testdataapi/main/mahjong1date/0525_0842,未中奖,0.00,0.00,1,0,0,0,0,0,0,否,否,否,0,0,700731,700731,6401779692486155,9475388.0,9475348.0,
普通空转,083.json,83,0,,https://fish-games.s3.amazonaws.com/MahjongWays1/index.html?env=ceshislot.osshaiwai.com&hasFloat=0&token=436475c81b51e6893c740657870f86b7&language=en&debug=1&debugDataPath=https://raw.githubusercontent.com/jygameclub/testdataapi/main/mahjong1date/0525_0842&debugStart=83,https://raw.githubusercontent.com/jygameclub/testdataapi/main/mahjong1date/0525_0842/083.json,https://raw.githubusercontent.com/jygameclub/testdataapi/main/mahjong1date/0525_0842,未中奖,0.00,0.00,1,0,0,0,0,0,0,否,否,否,0,0,700739,700739,8941779692489672,9475348.0,9475308.0,
普通空转,084.json,84,0,,https://fish-games.s3.amazonaws.com/MahjongWays1/index.html?env=ceshislot.osshaiwai.com&hasFloat=0&token=436475c81b51e6893c740657870f86b7&language=en&debug=1&debugDataPath=https://raw.githubusercontent.com/jygameclub/testdataapi/main/mahjong1date/0525_0842&debugStart=84,https://raw.githubusercontent.com/jygameclub/testdataapi/main/mahjong1date/0525_0842/084.json,https://raw.githubusercontent.com/jygameclub/testdataapi/main/mahjong1date/0525_0842,未中奖,0.00,0.00,1,0,0,0,0,0,0,否,否,否,0,1,700741,700741,4181779692490523,9475308.0,9475268.0,
普通空转,085.json,85,0,,https://fish-games.s3.amazonaws.com/MahjongWays1/index.html?env=ceshislot.osshaiwai.com&hasFloat=0&token=436475c81b51e6893c740657870f86b7&language=en&debug=1&debugDataPath=https://raw.githubusercontent.com/jygameclub/testdataapi/main/mahjong1date/0525_0842&debugStart=85,https://raw.githubusercontent.com/jygameclub/testdataapi/main/mahjong1date/0525_0842/085.json,https://raw.githubusercontent.com/jygameclub/testdataapi/main/mahjong1date/0525_0842,未中奖,0.00,0.00,1,0,0,0,0,0,0,否,否,否,0,2,700743,700743,7611779692492122,9475268.0,9475228.0,
普通空转,086.json,86,0,,https://fish-games.s3.amazonaws.com/MahjongWays1/index.html?env=ceshislot.osshaiwai.com&hasFloat=0&token=436475c81b51e6893c740657870f86b7&language=en&debug=1&debugDataPath=https://raw.githubusercontent.com/jygameclub/testdataapi/main/mahjong1date/0525_0842&debugStart=86,https://raw.githubusercontent.com/jygameclub/testdataapi/main/mahjong1date/0525_0842/086.json,https://raw.githubusercontent.com/jygameclub/testdataapi/main/mahjong1date/0525_0842,未中奖,0.00,0.00,1,0,0,0,0,0,0,否,否,否,0,0,700747,700747,7121779692493708,9475228.0,9475188.0,
普通空转,087.json,87,0,,https://fish-games.s3.amazonaws.com/MahjongWays1/index.html?env=ceshislot.osshaiwai.com&hasFloat=0&token=436475c81b51e6893c740657870f86b7&language=en&debug=1&debugDataPath=https://raw.githubusercontent.com/jygameclub/testdataapi/main/mahjong1date/0525_0842&debugStart=87,https://raw.githubusercontent.com/jygameclub/testdataapi/main/mahjong1date/0525_0842/087.json,https://raw.githubusercontent.com/jygameclub/testdataapi/main/mahjong1date/0525_0842,未中奖,0.00,0.00,1,0,0,0,0,0,0,否,否,否,0,2,700749,700749,7001779692494489,9475188.0,9475148.0,
普通空转,089.json,89,0,,https://fish-games.s3.amazonaws.com/MahjongWays1/index.html?env=ceshislot.osshaiwai.com&hasFloat=0&token=436475c81b51e6893c740657870f86b7&language=en&debug=1&debugDataPath=https://raw.githubusercontent.com/jygameclub/testdataapi/main/mahjong1date/0525_0842&debugStart=89,https://raw.githubusercontent.com/jygameclub/testdataapi/main/mahjong1date/0525_0842/089.json,https://raw.githubusercontent.com/jygameclub/testdataapi/main/mahjong1date/0525_0842,未中奖,0.00,0.00,1,0,0,0,0,0,0,否,否,否,0,2,700756,700756,3391779692498656,9475116.0,9475076.0,
普通空转,090.json,90,0,,https://fish-games.s3.amazonaws.com/MahjongWays1/index.html?env=ceshislot.osshaiwai.com&hasFloat=0&token=436475c81b51e6893c740657870f86b7&language=en&debug=1&debugDataPath=https://raw.githubusercontent.com/jygameclub/testdataapi/main/mahjong1date/0525_0842&debugStart=90,https://raw.githubusercontent.com/jygameclub/testdataapi/main/mahjong1date/0525_0842/090.json,https://raw.githubusercontent.com/jygameclub/testdataapi/main/mahjong1date/0525_0842,未中奖,0.00,0.00,1,0,0,0,0,0,0,否,否,否,0,1,700760,700760,9361779692500172,9475076.0,9475036.0,
普通空转,091.json,91,0,,https://fish-games.s3.amazonaws.com/MahjongWays1/index.html?env=ceshislot.osshaiwai.com&hasFloat=0&token=436475c81b51e6893c740657870f86b7&language=en&debug=1&debugDataPath=https://raw.githubusercontent.com/jygameclub/testdataapi/main/mahjong1date/0525_0842&debugStart=91,https://raw.githubusercontent.com/jygameclub/testdataapi/main/mahjong1date/0525_0842/091.json,https://raw.githubusercontent.com/jygameclub/testdataapi/main/mahjong1date/0525_0842,未中奖,0.00,0.00,1,0,0,0,0,0,0,否,否,否,0,0,700762,700762,4981779692501572,9475036.0,9474996.0,
普通空转,092.json,92,0,,https://fish-games.s3.amazonaws.com/MahjongWays1/index.html?env=ceshislot.osshaiwai.com&hasFloat=0&token=436475c81b51e6893c740657870f86b7&language=en&debug=1&debugDataPath=https://raw.githubusercontent.com/jygameclub/testdataapi/main/mahjong1date/0525_0842&debugStart=92,https://raw.githubusercontent.com/jygameclub/testdataapi/main/mahjong1date/0525_0842/092.json,https://raw.githubusercontent.com/jygameclub/testdataapi/main/mahjong1date/0525_0842,未中奖,0.00,0.00,1,0,0,0,0,0,0,否,否,否,0,0,700764,700764,7481779692502356,9474996.0,9474956.0,
普通空转,093.json,93,0,,https://fish-games.s3.amazonaws.com/MahjongWays1/index.html?env=ceshislot.osshaiwai.com&hasFloat=0&token=436475c81b51e6893c740657870f86b7&language=en&debug=1&debugDataPath=https://raw.githubusercontent.com/jygameclub/testdataapi/main/mahjong1date/0525_0842&debugStart=93,https://raw.githubusercontent.com/jygameclub/testdataapi/main/mahjong1date/0525_0842/093.json,https://raw.githubusercontent.com/jygameclub/testdataapi/main/mahjong1date/0525_0842,未中奖,0.00,0.00,1,0,0,0,0,0,0,否,否,否,0,0,700765,700765,1071779692503156,9474956.0,9474916.0,
普通空转,094.json,94,0,,https://fish-games.s3.amazonaws.com/MahjongWays1/index.html?env=ceshislot.osshaiwai.com&hasFloat=0&token=436475c81b51e6893c740657870f86b7&language=en&debug=1&debugDataPath=https://raw.githubusercontent.com/jygameclub/testdataapi/main/mahjong1date/0525_0842&debugStart=94,https://raw.githubusercontent.com/jygameclub/testdataapi/main/mahjong1date/0525_0842/094.json,https://raw.githubusercontent.com/jygameclub/testdataapi/main/mahjong1date/0525_0842,未中奖,0.00,0.00,1,0,0,0,0,0,0,否,否,否,0,1,700768,700768,3921779692503939,9474916.0,9474876.0,
普通空转,095.json,95,0,,https://fish-games.s3.amazonaws.com/MahjongWays1/index.html?env=ceshislot.osshaiwai.com&hasFloat=0&token=436475c81b51e6893c740657870f86b7&language=en&debug=1&debugDataPath=https://raw.githubusercontent.com/jygameclub/testdataapi/main/mahjong1date/0525_0842&debugStart=95,https://raw.githubusercontent.com/jygameclub/testdataapi/main/mahjong1date/0525_0842/095.json,https://raw.githubusercontent.com/jygameclub/testdataapi/main/mahjong1date/0525_0842,未中奖,0.00,0.00,1,0,0,0,0,0,0,否,否,否,0,0,700769,700769,3761779692505355,9474876.0,9474836.0,
普通空转,096.json,96,0,,https://fish-games.s3.amazonaws.com/MahjongWays1/index.html?env=ceshislot.osshaiwai.com&hasFloat=0&token=436475c81b51e6893c740657870f86b7&language=en&debug=1&debugDataPath=https://raw.githubusercontent.com/jygameclub/testdataapi/main/mahjong1date/0525_0842&debugStart=96,https://raw.githubusercontent.com/jygameclub/testdataapi/main/mahjong1date/0525_0842/096.json,https://raw.githubusercontent.com/jygameclub/testdataapi/main/mahjong1date/0525_0842,未中奖,0.00,0.00,1,0,0,0,0,0,0,否,否,否,0,0,700772,700772,7761779692506139,9474836.0,9474796.0,
普通空转,097.json,97,0,,https://fish-games.s3.amazonaws.com/MahjongWays1/index.html?env=ceshislot.osshaiwai.com&hasFloat=0&token=436475c81b51e6893c740657870f86b7&language=en&debug=1&debugDataPath=https://raw.githubusercontent.com/jygameclub/testdataapi/main/mahjong1date/0525_0842&debugStart=97,https://raw.githubusercontent.com/jygameclub/testdataapi/main/mahjong1date/0525_0842/097.json,https://raw.githubusercontent.com/jygameclub/testdataapi/main/mahjong1date/0525_0842,未中奖,0.00,0.00,1,0,0,0,0,0,0,否,否,否,0,0,700773,700773,1501779692506939,9474796.0,9474756.0,
普通空转,099.json,99,0,,https://fish-games.s3.amazonaws.com/MahjongWays1/index.html?env=ceshislot.osshaiwai.com&hasFloat=0&token=436475c81b51e6893c740657870f86b7&language=en&debug=1&debugDataPath=https://raw.githubusercontent.com/jygameclub/testdataapi/main/mahjong1date/0525_0842&debugStart=99,https://raw.githubusercontent.com/jygameclub/testdataapi/main/mahjong1date/0525_0842/099.json,https://raw.githubusercontent.com/jygameclub/testdataapi/main/mahjong1date/0525_0842,未中奖,0.00,0.00,1,0,0,0,0,0,0,否,否,否,0,1,700781,700781,6531779692516609,9475052.0,9475012.0,
普通空转,101.json,101,0,,https://fish-games.s3.amazonaws.com/MahjongWays1/index.html?env=ceshislot.osshaiwai.com&hasFloat=0&token=436475c81b51e6893c740657870f86b7&language=en&debug=1&debugDataPath=https://raw.githubusercontent.com/jygameclub/testdataapi/main/mahjong1date/0525_0842&debugStart=101,https://raw.githubusercontent.com/jygameclub/testdataapi/main/mahjong1date/0525_0842/101.json,https://raw.githubusercontent.com/jygameclub/testdataapi/main/mahjong1date/0525_0842,未中奖,0.00,0.00,1,0,0,0,0,0,0,否,否,否,0,0,700786,700786,7911779692523057,9475124.0,9475084.0,
普通空转,102.json,102,0,,https://fish-games.s3.amazonaws.com/MahjongWays1/index.html?env=ceshislot.osshaiwai.com&hasFloat=0&token=436475c81b51e6893c740657870f86b7&language=en&debug=1&debugDataPath=https://raw.githubusercontent.com/jygameclub/testdataapi/main/mahjong1date/0525_0842&debugStart=102,https://raw.githubusercontent.com/jygameclub/testdataapi/main/mahjong1date/0525_0842/102.json,https://raw.githubusercontent.com/jygameclub/testdataapi/main/mahjong1date/0525_0842,未中奖,0.00,0.00,1,0,0,0,0,0,0,否,否,否,0,1,700787,700787,6951779692523857,9475084.0,9475044.0,
普通空转,103.json,103,0,,https://fish-games.s3.amazonaws.com/MahjongWays1/index.html?env=ceshislot.osshaiwai.com&hasFloat=0&token=436475c81b51e6893c740657870f86b7&language=en&debug=1&debugDataPath=https://raw.githubusercontent.com/jygameclub/testdataapi/main/mahjong1date/0525_0842&debugStart=103,https://raw.githubusercontent.com/jygameclub/testdataapi/main/mahjong1date/0525_0842/103.json,https://raw.githubusercontent.com/jygameclub/testdataapi/main/mahjong1date/0525_0842,未中奖,0.00,0.00,1,0,0,0,0,0,0,否,否,否,0,0,700789,700789,6551779692525256,9475044.0,9475004.0,
普通空转,104.json,104,0,,https://fish-games.s3.amazonaws.com/MahjongWays1/index.html?env=ceshislot.osshaiwai.com&hasFloat=0&token=436475c81b51e6893c740657870f86b7&language=en&debug=1&debugDataPath=https://raw.githubusercontent.com/jygameclub/testdataapi/main/mahjong1date/0525_0842&debugStart=104,https://raw.githubusercontent.com/jygameclub/testdataapi/main/mahjong1date/0525_0842/104.json,https://raw.githubusercontent.com/jygameclub/testdataapi/main/mahjong1date/0525_0842,未中奖,0.00,0.00,1,0,0,0,0,0,0,否,否,否,0,0,700790,700790,4281779692526190,9475004.0,9474964.0,
普通空转,106.json,106,0,,https://fish-games.s3.amazonaws.com/MahjongWays1/index.html?env=ceshislot.osshaiwai.com&hasFloat=0&token=436475c81b51e6893c740657870f86b7&language=en&debug=1&debugDataPath=https://raw.githubusercontent.com/jygameclub/testdataapi/main/mahjong1date/0525_0842&debugStart=106,https://raw.githubusercontent.com/jygameclub/testdataapi/main/mahjong1date/0525_0842/106.json,https://raw.githubusercontent.com/jygameclub/testdataapi/main/mahjong1date/0525_0842,未中奖,0.00,0.00,1,0,0,0,0,0,0,否,否,否,0,2,700797,700797,4291779692529640,9475004.0,9474964.0,
普通空转,108.json,108,0,,https://fish-games.s3.amazonaws.com/MahjongWays1/index.html?env=ceshislot.osshaiwai.com&hasFloat=0&token=436475c81b51e6893c740657870f86b7&language=en&debug=1&debugDataPath=https://raw.githubusercontent.com/jygameclub/testdataapi/main/mahjong1date/0525_0842&debugStart=108,https://raw.githubusercontent.com/jygameclub/testdataapi/main/mahjong1date/0525_0842/108.json,https://raw.githubusercontent.com/jygameclub/testdataapi/main/mahjong1date/0525_0842,未中奖,0.00,0.00,1,0,0,0,0,0,0,否,否,否,0,0,700803,700803,5661779692533825,9475164.0,9475124.0,
普通空转,109.json,109,0,,https://fish-games.s3.amazonaws.com/MahjongWays1/index.html?env=ceshislot.osshaiwai.com&hasFloat=0&token=436475c81b51e6893c740657870f86b7&language=en&debug=1&debugDataPath=https://raw.githubusercontent.com/jygameclub/testdataapi/main/mahjong1date/0525_0842&debugStart=109,https://raw.githubusercontent.com/jygameclub/testdataapi/main/mahjong1date/0525_0842/109.json,https://raw.githubusercontent.com/jygameclub/testdataapi/main/mahjong1date/0525_0842,未中奖,0.00,0.00,1,0,0,0,0,0,0,否,否,否,0,0,700805,700805,1241779692534609,9475124.0,9475084.0,
普通空转,110.json,110,0,,https://fish-games.s3.amazonaws.com/MahjongWays1/index.html?env=ceshislot.osshaiwai.com&hasFloat=0&token=436475c81b51e6893c740657870f86b7&language=en&debug=1&debugDataPath=https://raw.githubusercontent.com/jygameclub/testdataapi/main/mahjong1date/0525_0842&debugStart=110,https://raw.githubusercontent.com/jygameclub/testdataapi/main/mahjong1date/0525_0842/110.json,https://raw.githubusercontent.com/jygameclub/testdataapi/main/mahjong1date/0525_0842,未中奖,0.00,0.00,1,0,0,0,0,0,0,否,否,否,0,2,700806,700806,3721779692535390,9475084.0,9475044.0,
普通空转,111.json,111,0,,https://fish-games.s3.amazonaws.com/MahjongWays1/index.html?env=ceshislot.osshaiwai.com&hasFloat=0&token=436475c81b51e6893c740657870f86b7&language=en&debug=1&debugDataPath=https://raw.githubusercontent.com/jygameclub/testdataapi/main/mahjong1date/0525_0842&debugStart=111,https://raw.githubusercontent.com/jygameclub/testdataapi/main/mahjong1date/0525_0842/111.json,https://raw.githubusercontent.com/jygameclub/testdataapi/main/mahjong1date/0525_0842,未中奖,0.00,0.00,1,0,0,0,0,0,0,否,否,否,0,0,700808,700808,9631779692536909,9475044.0,9475004.0,
普通空转,113.json,113,0,,https://fish-games.s3.amazonaws.com/MahjongWays1/index.html?env=ceshislot.osshaiwai.com&hasFloat=0&token=436475c81b51e6893c740657870f86b7&language=en&debug=1&debugDataPath=https://raw.githubusercontent.com/jygameclub/testdataapi/main/mahjong1date/0525_0842&debugStart=113,https://raw.githubusercontent.com/jygameclub/testdataapi/main/mahjong1date/0525_0842/113.json,https://raw.githubusercontent.com/jygameclub/testdataapi/main/mahjong1date/0525_0842,未中奖,0.00,0.00,1,0,0,0,0,0,0,否,否,否,0,1,700814,700814,5381779692540359,9474980.0,9474940.0,
普通空转,114.json,114,0,,https://fish-games.s3.amazonaws.com/MahjongWays1/index.html?env=ceshislot.osshaiwai.com&hasFloat=0&token=436475c81b51e6893c740657870f86b7&language=en&debug=1&debugDataPath=https://raw.githubusercontent.com/jygameclub/testdataapi/main/mahjong1date/0525_0842&debugStart=114,https://raw.githubusercontent.com/jygameclub/testdataapi/main/mahjong1date/0525_0842/114.json,https://raw.githubusercontent.com/jygameclub/testdataapi/main/mahjong1date/0525_0842,未中奖,0.00,0.00,1,0,0,0,0,0,0,否,否,否,0,0,700816,700816,4201779692541824,9474940.0,9474900.0,
普通空转,115.json,115,0,,https://fish-games.s3.amazonaws.com/MahjongWays1/index.html?env=ceshislot.osshaiwai.com&hasFloat=0&token=436475c81b51e6893c740657870f86b7&language=en&debug=1&debugDataPath=https://raw.githubusercontent.com/jygameclub/testdataapi/main/mahjong1date/0525_0842&debugStart=115,https://raw.githubusercontent.com/jygameclub/testdataapi/main/mahjong1date/0525_0842/115.json,https://raw.githubusercontent.com/jygameclub/testdataapi/main/mahjong1date/0525_0842,未中奖,0.00,0.00,1,0,0,0,0,0,0,否,否,否,0,0,700817,700817,5281779692542609,9474900.0,9474860.0,
普通空转,116.json,116,0,,https://fish-games.s3.amazonaws.com/MahjongWays1/index.html?env=ceshislot.osshaiwai.com&hasFloat=0&token=436475c81b51e6893c740657870f86b7&language=en&debug=1&debugDataPath=https://raw.githubusercontent.com/jygameclub/testdataapi/main/mahjong1date/0525_0842&debugStart=116,https://raw.githubusercontent.com/jygameclub/testdataapi/main/mahjong1date/0525_0842/116.json,https://raw.githubusercontent.com/jygameclub/testdataapi/main/mahjong1date/0525_0842,未中奖,0.00,0.00,1,0,0,0,0,0,0,否,否,否,0,0,700818,700818,2971779692543391,9474860.0,9474820.0,
普通空转,118.json,118,0,,https://fish-games.s3.amazonaws.com/MahjongWays1/index.html?env=ceshislot.osshaiwai.com&hasFloat=0&token=436475c81b51e6893c740657870f86b7&language=en&debug=1&debugDataPath=https://raw.githubusercontent.com/jygameclub/testdataapi/main/mahjong1date/0525_0842&debugStart=118,https://raw.githubusercontent.com/jygameclub/testdataapi/main/mahjong1date/0525_0842/118.json,https://raw.githubusercontent.com/jygameclub/testdataapi/main/mahjong1date/0525_0842,未中奖,0.00,0.00,1,0,0,0,0,0,0,否,否,否,0,1,700827,700827,4911779692550042,9474860.0,9474820.0,
普通空转,119.json,119,0,,https://fish-games.s3.amazonaws.com/MahjongWays1/index.html?env=ceshislot.osshaiwai.com&hasFloat=0&token=436475c81b51e6893c740657870f86b7&language=en&debug=1&debugDataPath=https://raw.githubusercontent.com/jygameclub/testdataapi/main/mahjong1date/0525_0842&debugStart=119,https://raw.githubusercontent.com/jygameclub/testdataapi/main/mahjong1date/0525_0842/119.json,https://raw.githubusercontent.com/jygameclub/testdataapi/main/mahjong1date/0525_0842,未中奖,0.00,0.00,1,0,0,0,0,0,0,否,否,否,0,2,700829,700829,8941779692551442,9474820.0,9474780.0,
普通空转,121.json,121,0,,https://fish-games.s3.amazonaws.com/MahjongWays1/index.html?env=ceshislot.osshaiwai.com&hasFloat=0&token=436475c81b51e6893c740657870f86b7&language=en&debug=1&debugDataPath=https://raw.githubusercontent.com/jygameclub/testdataapi/main/mahjong1date/0525_0842&debugStart=121,https://raw.githubusercontent.com/jygameclub/testdataapi/main/mahjong1date/0525_0842/121.json,https://raw.githubusercontent.com/jygameclub/testdataapi/main/mahjong1date/0525_0842,未中奖,0.00,0.00,1,0,0,0,0,0,0,否,否,否,0,0,700835,700835,7531779692555642,9474800.0,9474760.0,
普通空转,122.json,122,0,,https://fish-games.s3.amazonaws.com/MahjongWays1/index.html?env=ceshislot.osshaiwai.com&hasFloat=0&token=436475c81b51e6893c740657870f86b7&language=en&debug=1&debugDataPath=https://raw.githubusercontent.com/jygameclub/testdataapi/main/mahjong1date/0525_0842&debugStart=122,https://raw.githubusercontent.com/jygameclub/testdataapi/main/mahjong1date/0525_0842/122.json,https://raw.githubusercontent.com/jygameclub/testdataapi/main/mahjong1date/0525_0842,未中奖,0.00,0.00,1,0,0,0,0,0,0,否,否,否,0,1,700837,700837,4841779692556443,9474760.0,9474720.0,
普通空转,123.json,123,0,,https://fish-games.s3.amazonaws.com/MahjongWays1/index.html?env=ceshislot.osshaiwai.com&hasFloat=0&token=436475c81b51e6893c740657870f86b7&language=en&debug=1&debugDataPath=https://raw.githubusercontent.com/jygameclub/testdataapi/main/mahjong1date/0525_0842&debugStart=123,https://raw.githubusercontent.com/jygameclub/testdataapi/main/mahjong1date/0525_0842/123.json,https://raw.githubusercontent.com/jygameclub/testdataapi/main/mahjong1date/0525_0842,未中奖,0.00,0.00,1,0,0,0,0,0,0,否,否,否,0,0,700839,700839,9981779692557843,9474720.0,9474680.0,
普通空转,125.json,125,0,,https://fish-games.s3.amazonaws.com/MahjongWays1/index.html?env=ceshislot.osshaiwai.com&hasFloat=0&token=436475c81b51e6893c740657870f86b7&language=en&debug=1&debugDataPath=https://raw.githubusercontent.com/jygameclub/testdataapi/main/mahjong1date/0525_0842&debugStart=125,https://raw.githubusercontent.com/jygameclub/testdataapi/main/mahjong1date/0525_0842/125.json,https://raw.githubusercontent.com/jygameclub/testdataapi/main/mahjong1date/0525_0842,未中奖,0.00,0.00,1,0,0,0,0,0,0,否,否,否,0,0,700845,700845,1301779692561342,9474720.0,9474680.0,
普通空转,127.json,127,0,,https://fish-games.s3.amazonaws.com/MahjongWays1/index.html?env=ceshislot.osshaiwai.com&hasFloat=0&token=436475c81b51e6893c740657870f86b7&language=en&debug=1&debugDataPath=https://raw.githubusercontent.com/jygameclub/testdataapi/main/mahjong1date/0525_0842&debugStart=127,https://raw.githubusercontent.com/jygameclub/testdataapi/main/mahjong1date/0525_0842/127.json,https://raw.githubusercontent.com/jygameclub/testdataapi/main/mahjong1date/0525_0842,未中奖,0.00,0.00,1,0,0,0,0,0,0,否,否,否,0,1,700908,700908,8101779692625525,9474832.0,9474792.0,
普通空转,129.json,129,0,,https://fish-games.s3.amazonaws.com/MahjongWays1/index.html?env=ceshislot.osshaiwai.com&hasFloat=0&token=436475c81b51e6893c740657870f86b7&language=en&debug=1&debugDataPath=https://raw.githubusercontent.com/jygameclub/testdataapi/main/mahjong1date/0525_0842&debugStart=129,https://raw.githubusercontent.com/jygameclub/testdataapi/main/mahjong1date/0525_0842/129.json,https://raw.githubusercontent.com/jygameclub/testdataapi/main/mahjong1date/0525_0842,未中奖,0.00,0.00,1,0,0,0,0,0,0,否,否,否,0,0,700916,700916,6371779692629610,9474792.0,9474752.0,
普通空转,130.json,130,0,,https://fish-games.s3.amazonaws.com/MahjongWays1/index.html?env=ceshislot.osshaiwai.com&hasFloat=0&token=436475c81b51e6893c740657870f86b7&language=en&debug=1&debugDataPath=https://raw.githubusercontent.com/jygameclub/testdataapi/main/mahjong1date/0525_0842&debugStart=130,https://raw.githubusercontent.com/jygameclub/testdataapi/main/mahjong1date/0525_0842/130.json,https://raw.githubusercontent.com/jygameclub/testdataapi/main/mahjong1date/0525_0842,未中奖,0.00,0.00,1,0,0,0,0,0,0,否,否,否,0,1,700919,700919,3401779692630475,9474752.0,9474712.0,
普通空转,131.json,131,0,,https://fish-games.s3.amazonaws.com/MahjongWays1/index.html?env=ceshislot.osshaiwai.com&hasFloat=0&token=436475c81b51e6893c740657870f86b7&language=en&debug=1&debugDataPath=https://raw.githubusercontent.com/jygameclub/testdataapi/main/mahjong1date/0525_0842&debugStart=131,https://raw.githubusercontent.com/jygameclub/testdataapi/main/mahjong1date/0525_0842/131.json,https://raw.githubusercontent.com/jygameclub/testdataapi/main/mahjong1date/0525_0842,未中奖,0.00,0.00,1,0,0,0,0,0,0,否,否,否,0,0,700923,700923,8431779692631891,9474712.0,9474672.0,
普通空转,132.json,132,0,,https://fish-games.s3.amazonaws.com/MahjongWays1/index.html?env=ceshislot.osshaiwai.com&hasFloat=0&token=436475c81b51e6893c740657870f86b7&language=en&debug=1&debugDataPath=https://raw.githubusercontent.com/jygameclub/testdataapi/main/mahjong1date/0525_0842&debugStart=132,https://raw.githubusercontent.com/jygameclub/testdataapi/main/mahjong1date/0525_0842/132.json,https://raw.githubusercontent.com/jygameclub/testdataapi/main/mahjong1date/0525_0842,未中奖,0.00,0.00,1,0,0,0,0,0,0,否,否,否,0,1,700924,700924,2581779692632675,9474672.0,9474632.0,
普通空转,133.json,133,0,,https://fish-games.s3.amazonaws.com/MahjongWays1/index.html?env=ceshislot.osshaiwai.com&hasFloat=0&token=436475c81b51e6893c740657870f86b7&language=en&debug=1&debugDataPath=https://raw.githubusercontent.com/jygameclub/testdataapi/main/mahjong1date/0525_0842&debugStart=133,https://raw.githubusercontent.com/jygameclub/testdataapi/main/mahjong1date/0525_0842/133.json,https://raw.githubusercontent.com/jygameclub/testdataapi/main/mahjong1date/0525_0842,未中奖,0.00,0.00,1,0,0,0,0,0,0,否,否,否,0,1,700927,700927,9841779692634159,9474632.0,9474592.0,
普通空转,138.json,138,0,,https://fish-games.s3.amazonaws.com/MahjongWays1/index.html?env=ceshislot.osshaiwai.com&hasFloat=0&token=436475c81b51e6893c740657870f86b7&language=en&debug=1&debugDataPath=https://raw.githubusercontent.com/jygameclub/testdataapi/main/mahjong1date/0525_0842&debugStart=138,https://raw.githubusercontent.com/jygameclub/testdataapi/main/mahjong1date/0525_0842/138.json,https://raw.githubusercontent.com/jygameclub/testdataapi/main/mahjong1date/0525_0842,未中奖,0.00,0.00,1,0,0,0,0,0,0,否,否,否,0,0,700950,700950,5941779692647710,9474488.0,9474448.0,
普通空转,139.json,139,0,,https://fish-games.s3.amazonaws.com/MahjongWays1/index.html?env=ceshislot.osshaiwai.com&hasFloat=0&token=436475c81b51e6893c740657870f86b7&language=en&debug=1&debugDataPath=https://raw.githubusercontent.com/jygameclub/testdataapi/main/mahjong1date/0525_0842&debugStart=139,https://raw.githubusercontent.com/jygameclub/testdataapi/main/mahjong1date/0525_0842/139.json,https://raw.githubusercontent.com/jygameclub/testdataapi/main/mahjong1date/0525_0842,未中奖,0.00,0.00,1,0,0,0,0,0,0,否,否,否,0,0,700953,700953,6111779692648492,9474448.0,9474408.0,
普通空转,140.json,140,0,,https://fish-games.s3.amazonaws.com/MahjongWays1/index.html?env=ceshislot.osshaiwai.com&hasFloat=0&token=436475c81b51e6893c740657870f86b7&language=en&debug=1&debugDataPath=https://raw.githubusercontent.com/jygameclub/testdataapi/main/mahjong1date/0525_0842&debugStart=140,https://raw.githubusercontent.com/jygameclub/testdataapi/main/mahjong1date/0525_0842/140.json,https://raw.githubusercontent.com/jygameclub/testdataapi/main/mahjong1date/0525_0842,未中奖,0.00,0.00,1,0,0,0,0,0,0,否,否,否,0,1,700954,700954,6731779692649341,9474408.0,9474368.0,
普通空转,141.json,141,0,,https://fish-games.s3.amazonaws.com/MahjongWays1/index.html?env=ceshislot.osshaiwai.com&hasFloat=0&token=436475c81b51e6893c740657870f86b7&language=en&debug=1&debugDataPath=https://raw.githubusercontent.com/jygameclub/testdataapi/main/mahjong1date/0525_0842&debugStart=141,https://raw.githubusercontent.com/jygameclub/testdataapi/main/mahjong1date/0525_0842/141.json,https://raw.githubusercontent.com/jygameclub/testdataapi/main/mahjong1date/0525_0842,未中奖,0.00,0.00,1,0,0,0,0,0,0,否,否,否,0,1,700957,700957,7841779692650759,9474368.0,9474328.0,
普通空转,142.json,142,0,,https://fish-games.s3.amazonaws.com/MahjongWays1/index.html?env=ceshislot.osshaiwai.com&hasFloat=0&token=436475c81b51e6893c740657870f86b7&language=en&debug=1&debugDataPath=https://raw.githubusercontent.com/jygameclub/testdataapi/main/mahjong1date/0525_0842&debugStart=142,https://raw.githubusercontent.com/jygameclub/testdataapi/main/mahjong1date/0525_0842/142.json,https://raw.githubusercontent.com/jygameclub/testdataapi/main/mahjong1date/0525_0842,未中奖,0.00,0.00,1,0,0,0,0,0,0,否,否,否,0,0,700959,700959,9851779692652177,9474328.0,9474288.0,
普通空转,143.json,143,0,,https://fish-games.s3.amazonaws.com/MahjongWays1/index.html?env=ceshislot.osshaiwai.com&hasFloat=0&token=436475c81b51e6893c740657870f86b7&language=en&debug=1&debugDataPath=https://raw.githubusercontent.com/jygameclub/testdataapi/main/mahjong1date/0525_0842&debugStart=143,https://raw.githubusercontent.com/jygameclub/testdataapi/main/mahjong1date/0525_0842/143.json,https://raw.githubusercontent.com/jygameclub/testdataapi/main/mahjong1date/0525_0842,未中奖,0.00,0.00,1,0,0,0,0,0,0,否,否,否,0,0,700961,700961,7011779692652959,9474288.0,9474248.0,
普通空转,145.json,145,0,,https://fish-games.s3.amazonaws.com/MahjongWays1/index.html?env=ceshislot.osshaiwai.com&hasFloat=0&token=436475c81b51e6893c740657870f86b7&language=en&debug=1&debugDataPath=https://raw.githubusercontent.com/jygameclub/testdataapi/main/mahjong1date/0525_0842&debugStart=145,https://raw.githubusercontent.com/jygameclub/testdataapi/main/mahjong1date/0525_0842/145.json,https://raw.githubusercontent.com/jygameclub/testdataapi/main/mahjong1date/0525_0842,未中奖,0.00,0.00,1,0,0,0,0,0,0,否,否,否,0,1,700969,700969,2551779692657459,9474224.0,9474184.0,
普通空转,146.json,146,0,,https://fish-games.s3.amazonaws.com/MahjongWays1/index.html?env=ceshislot.osshaiwai.com&hasFloat=0&token=436475c81b51e6893c740657870f86b7&language=en&debug=1&debugDataPath=https://raw.githubusercontent.com/jygameclub/testdataapi/main/mahjong1date/0525_0842&debugStart=146,https://raw.githubusercontent.com/jygameclub/testdataapi/main/mahjong1date/0525_0842/146.json,https://raw.githubusercontent.com/jygameclub/testdataapi/main/mahjong1date/0525_0842,未中奖,0.00,0.00,1,0,0,0,0,0,0,否,否,否,0,0,700973,700973,6441779692658858,9474184.0,9474144.0,
普通空转,148.json,148,0,,https://fish-games.s3.amazonaws.com/MahjongWays1/index.html?env=ceshislot.osshaiwai.com&hasFloat=0&token=436475c81b51e6893c740657870f86b7&language=en&debug=1&debugDataPath=https://raw.githubusercontent.com/jygameclub/testdataapi/main/mahjong1date/0525_0842&debugStart=148,https://raw.githubusercontent.com/jygameclub/testdataapi/main/mahjong1date/0525_0842/148.json,https://raw.githubusercontent.com/jygameclub/testdataapi/main/mahjong1date/0525_0842,未中奖,0.00,0.00,1,0,0,0,0,0,0,否,否,否,0,0,700981,700981,7181779692662358,9474108.0,9474068.0,
普通空转,150.json,150,0,,https://fish-games.s3.amazonaws.com/MahjongWays1/index.html?env=ceshislot.osshaiwai.com&hasFloat=0&token=436475c81b51e6893c740657870f86b7&language=en&debug=1&debugDataPath=https://raw.githubusercontent.com/jygameclub/testdataapi/main/mahjong1date/0525_0842&debugStart=150,https://raw.githubusercontent.com/jygameclub/testdataapi/main/mahjong1date/0525_0842/150.json,https://raw.githubusercontent.com/jygameclub/testdataapi/main/mahjong1date/0525_0842,未中奖,0.00,0.00,1,0,0,0,0,0,0,否,否,否,0,1,700987,700987,3561779692665824,9474108.0,9474068.0,
普通空转,151.json,151,0,,https://fish-games.s3.amazonaws.com/MahjongWays1/index.html?env=ceshislot.osshaiwai.com&hasFloat=0&token=436475c81b51e6893c740657870f86b7&language=en&debug=1&debugDataPath=https://raw.githubusercontent.com/jygameclub/testdataapi/main/mahjong1date/0525_0842&debugStart=151,https://raw.githubusercontent.com/jygameclub/testdataapi/main/mahjong1date/0525_0842/151.json,https://raw.githubusercontent.com/jygameclub/testdataapi/main/mahjong1date/0525_0842,未中奖,0.00,0.00,1,0,0,0,0,0,0,否,否,否,0,0,700988,700988,3791779692667242,9474068.0,9474028.0,
普通空转,152.json,152,0,,https://fish-games.s3.amazonaws.com/MahjongWays1/index.html?env=ceshislot.osshaiwai.com&hasFloat=0&token=436475c81b51e6893c740657870f86b7&language=en&debug=1&debugDataPath=https://raw.githubusercontent.com/jygameclub/testdataapi/main/mahjong1date/0525_0842&debugStart=152,https://raw.githubusercontent.com/jygameclub/testdataapi/main/mahjong1date/0525_0842/152.json,https://raw.githubusercontent.com/jygameclub/testdataapi/main/mahjong1date/0525_0842,未中奖,0.00,0.00,1,0,0,0,0,0,0,否,否,否,0,1,700991,700991,1301779692668042,9474028.0,9473988.0,
普通空转,153.json,153,0,,https://fish-games.s3.amazonaws.com/MahjongWays1/index.html?env=ceshislot.osshaiwai.com&hasFloat=0&token=436475c81b51e6893c740657870f86b7&language=en&debug=1&debugDataPath=https://raw.githubusercontent.com/jygameclub/testdataapi/main/mahjong1date/0525_0842&debugStart=153,https://raw.githubusercontent.com/jygameclub/testdataapi/main/mahjong1date/0525_0842/153.json,https://raw.githubusercontent.com/jygameclub/testdataapi/main/mahjong1date/0525_0842,未中奖,0.00,0.00,1,0,0,0,0,0,0,否,否,否,0,0,700992,700992,2781779692669442,9473988.0,9473948.0,
普通空转,155.json,155,0,,https://fish-games.s3.amazonaws.com/MahjongWays1/index.html?env=ceshislot.osshaiwai.com&hasFloat=0&token=436475c81b51e6893c740657870f86b7&language=en&debug=1&debugDataPath=https://raw.githubusercontent.com/jygameclub/testdataapi/main/mahjong1date/0525_0842&debugStart=155,https://raw.githubusercontent.com/jygameclub/testdataapi/main/mahjong1date/0525_0842/155.json,https://raw.githubusercontent.com/jygameclub/testdataapi/main/mahjong1date/0525_0842,未中奖,0.00,0.00,1,0,0,0,0,0,0,否,否,否,0,0,700997,700997,4251779692672893,9473916.0,9473876.0,
普通空转,156.json,156,0,,https://fish-games.s3.amazonaws.com/MahjongWays1/index.html?env=ceshislot.osshaiwai.com&hasFloat=0&token=436475c81b51e6893c740657870f86b7&language=en&debug=1&debugDataPath=https://raw.githubusercontent.com/jygameclub/testdataapi/main/mahjong1date/0525_0842&debugStart=156,https://raw.githubusercontent.com/jygameclub/testdataapi/main/mahjong1date/0525_0842/156.json,https://raw.githubusercontent.com/jygameclub/testdataapi/main/mahjong1date/0525_0842,未中奖,0.00,0.00,1,0,0,0,0,0,0,否,否,否,0,0,700998,700998,4331779692673692,9473876.0,9473836.0,
普通空转,158.json,158,0,,https://fish-games.s3.amazonaws.com/MahjongWays1/index.html?env=ceshislot.osshaiwai.com&hasFloat=0&token=436475c81b51e6893c740657870f86b7&language=en&debug=1&debugDataPath=https://raw.githubusercontent.com/jygameclub/testdataapi/main/mahjong1date/0525_0842&debugStart=158,https://raw.githubusercontent.com/jygameclub/testdataapi/main/mahjong1date/0525_0842/158.json,https://raw.githubusercontent.com/jygameclub/testdataapi/main/mahjong1date/0525_0842,未中奖,0.00,0.00,1,0,0,0,0,0,0,否,否,否,0,0,701002,701002,6491779692678192,9473816.0,9473776.0,
普通空转,160.json,160,0,,https://fish-games.s3.amazonaws.com/MahjongWays1/index.html?env=ceshislot.osshaiwai.com&hasFloat=0&token=436475c81b51e6893c740657870f86b7&language=en&debug=1&debugDataPath=https://raw.githubusercontent.com/jygameclub/testdataapi/main/mahjong1date/0525_0842&debugStart=160,https://raw.githubusercontent.com/jygameclub/testdataapi/main/mahjong1date/0525_0842/160.json,https://raw.githubusercontent.com/jygameclub/testdataapi/main/mahjong1date/0525_0842,未中奖,0.00,0.00,1,0,0,0,0,0,0,否,否,否,0,0,701009,701009,2321779692681626,9473756.0,9473716.0,
普通空转,161.json,161,0,,https://fish-games.s3.amazonaws.com/MahjongWays1/index.html?env=ceshislot.osshaiwai.com&hasFloat=0&token=436475c81b51e6893c740657870f86b7&language=en&debug=1&debugDataPath=https://raw.githubusercontent.com/jygameclub/testdataapi/main/mahjong1date/0525_0842&debugStart=161,https://raw.githubusercontent.com/jygameclub/testdataapi/main/mahjong1date/0525_0842/161.json,https://raw.githubusercontent.com/jygameclub/testdataapi/main/mahjong1date/0525_0842,未中奖,0.00,0.00,1,0,0,0,0,0,0,否,否,否,0,0,701012,701012,8931779692682475,9473716.0,9473676.0,
普通空转,163.json,163,0,,https://fish-games.s3.amazonaws.com/MahjongWays1/index.html?env=ceshislot.osshaiwai.com&hasFloat=0&token=436475c81b51e6893c740657870f86b7&language=en&debug=1&debugDataPath=https://raw.githubusercontent.com/jygameclub/testdataapi/main/mahjong1date/0525_0842&debugStart=163,https://raw.githubusercontent.com/jygameclub/testdataapi/main/mahjong1date/0525_0842/163.json,https://raw.githubusercontent.com/jygameclub/testdataapi/main/mahjong1date/0525_0842,未中奖,0.00,0.00,1,0,0,0,0,0,0,否,否,否,0,1,701017,701017,9351779692685941,9473660.0,9473620.0,
普通空转,164.json,164,0,,https://fish-games.s3.amazonaws.com/MahjongWays1/index.html?env=ceshislot.osshaiwai.com&hasFloat=0&token=436475c81b51e6893c740657870f86b7&language=en&debug=1&debugDataPath=https://raw.githubusercontent.com/jygameclub/testdataapi/main/mahjong1date/0525_0842&debugStart=164,https://raw.githubusercontent.com/jygameclub/testdataapi/main/mahjong1date/0525_0842/164.json,https://raw.githubusercontent.com/jygameclub/testdataapi/main/mahjong1date/0525_0842,未中奖,0.00,0.00,1,0,0,0,0,0,0,否,否,否,0,0,701021,701021,2891779692687359,9473620.0,9473580.0,
普通空转,166.json,166,0,,https://fish-games.s3.amazonaws.com/MahjongWays1/index.html?env=ceshislot.osshaiwai.com&hasFloat=0&token=436475c81b51e6893c740657870f86b7&language=en&debug=1&debugDataPath=https://raw.githubusercontent.com/jygameclub/testdataapi/main/mahjong1date/0525_0842&debugStart=166,https://raw.githubusercontent.com/jygameclub/testdataapi/main/mahjong1date/0525_0842/166.json,https://raw.githubusercontent.com/jygameclub/testdataapi/main/mahjong1date/0525_0842,未中奖,0.00,0.00,1,0,0,0,0,0,0,否,否,否,0,0,701035,701035,2761779692694958,9473696.0,9473656.0,
普通空转,167.json,167,0,,https://fish-games.s3.amazonaws.com/MahjongWays1/index.html?env=ceshislot.osshaiwai.com&hasFloat=0&token=436475c81b51e6893c740657870f86b7&language=en&debug=1&debugDataPath=https://raw.githubusercontent.com/jygameclub/testdataapi/main/mahjong1date/0525_0842&debugStart=167,https://raw.githubusercontent.com/jygameclub/testdataapi/main/mahjong1date/0525_0842/167.json,https://raw.githubusercontent.com/jygameclub/testdataapi/main/mahjong1date/0525_0842,未中奖,0.00,0.00,1,0,0,0,0,0,0,否,否,否,0,0,701036,701036,2011779692695742,9473656.0,9473616.0,
普通空转,168.json,168,0,,https://fish-games.s3.amazonaws.com/MahjongWays1/index.html?env=ceshislot.osshaiwai.com&hasFloat=0&token=436475c81b51e6893c740657870f86b7&language=en&debug=1&debugDataPath=https://raw.githubusercontent.com/jygameclub/testdataapi/main/mahjong1date/0525_0842&debugStart=168,https://raw.githubusercontent.com/jygameclub/testdataapi/main/mahjong1date/0525_0842/168.json,https://raw.githubusercontent.com/jygameclub/testdataapi/main/mahjong1date/0525_0842,未中奖,0.00,0.00,1,0,0,0,0,0,0,否,否,否,0,0,701039,701039,1371779692696609,9473616.0,9473576.0,
普通空转,169.json,169,0,,https://fish-games.s3.amazonaws.com/MahjongWays1/index.html?env=ceshislot.osshaiwai.com&hasFloat=0&token=436475c81b51e6893c740657870f86b7&language=en&debug=1&debugDataPath=https://raw.githubusercontent.com/jygameclub/testdataapi/main/mahjong1date/0525_0842&debugStart=169,https://raw.githubusercontent.com/jygameclub/testdataapi/main/mahjong1date/0525_0842/169.json,https://raw.githubusercontent.com/jygameclub/testdataapi/main/mahjong1date/0525_0842,未中奖,0.00,0.00,1,0,0,0,0,0,0,否,否,否,0,1,701042,701042,8961779692697408,9473576.0,9473536.0,
普通空转,170.json,170,0,,https://fish-games.s3.amazonaws.com/MahjongWays1/index.html?env=ceshislot.osshaiwai.com&hasFloat=0&token=436475c81b51e6893c740657870f86b7&language=en&debug=1&debugDataPath=https://raw.githubusercontent.com/jygameclub/testdataapi/main/mahjong1date/0525_0842&debugStart=170,https://raw.githubusercontent.com/jygameclub/testdataapi/main/mahjong1date/0525_0842/170.json,https://raw.githubusercontent.com/jygameclub/testdataapi/main/mahjong1date/0525_0842,未中奖,0.00,0.00,1,0,0,0,0,0,0,否,否,否,0,0,701044,701044,5011779692698808,9473536.0,9473496.0,
普通空转,171.json,171,0,,https://fish-games.s3.amazonaws.com/MahjongWays1/index.html?env=ceshislot.osshaiwai.com&hasFloat=0&token=436475c81b51e6893c740657870f86b7&language=en&debug=1&debugDataPath=https://raw.githubusercontent.com/jygameclub/testdataapi/main/mahjong1date/0525_0842&debugStart=171,https://raw.githubusercontent.com/jygameclub/testdataapi/main/mahjong1date/0525_0842/171.json,https://raw.githubusercontent.com/jygameclub/testdataapi/main/mahjong1date/0525_0842,未中奖,0.00,0.00,1,0,0,0,0,0,0,否,否,否,0,0,701046,701046,1401779692699609,9473496.0,9473456.0,
普通空转,172.json,172,0,,https://fish-games.s3.amazonaws.com/MahjongWays1/index.html?env=ceshislot.osshaiwai.com&hasFloat=0&token=436475c81b51e6893c740657870f86b7&language=en&debug=1&debugDataPath=https://raw.githubusercontent.com/jygameclub/testdataapi/main/mahjong1date/0525_0842&debugStart=172,https://raw.githubusercontent.com/jygameclub/testdataapi/main/mahjong1date/0525_0842/172.json,https://raw.githubusercontent.com/jygameclub/testdataapi/main/mahjong1date/0525_0842,未中奖,0.00,0.00,1,0,0,0,0,0,0,否,否,否,0,0,701048,701048,3531779692700409,9473456.0,9473416.0,
普通空转,173.json,173,0,,https://fish-games.s3.amazonaws.com/MahjongWays1/index.html?env=ceshislot.osshaiwai.com&hasFloat=0&token=436475c81b51e6893c740657870f86b7&language=en&debug=1&debugDataPath=https://raw.githubusercontent.com/jygameclub/testdataapi/main/mahjong1date/0525_0842&debugStart=173,https://raw.githubusercontent.com/jygameclub/testdataapi/main/mahjong1date/0525_0842/173.json,https://raw.githubusercontent.com/jygameclub/testdataapi/main/mahjong1date/0525_0842,未中奖,0.00,0.00,1,0,0,0,0,0,0,否,否,否,0,1,701050,701050,1891779692701192,9473416.0,9473376.0,
普通空转,174.json,174,0,,https://fish-games.s3.amazonaws.com/MahjongWays1/index.html?env=ceshislot.osshaiwai.com&hasFloat=0&token=436475c81b51e6893c740657870f86b7&language=en&debug=1&debugDataPath=https://raw.githubusercontent.com/jygameclub/testdataapi/main/mahjong1date/0525_0842&debugStart=174,https://raw.githubusercontent.com/jygameclub/testdataapi/main/mahjong1date/0525_0842/174.json,https://raw.githubusercontent.com/jygameclub/testdataapi/main/mahjong1date/0525_0842,未中奖,0.00,0.00,1,0,0,0,0,0,0,否,否,否,0,0,701053,701053,2621779692702593,9473376.0,9473336.0,
普通空转,175.json,175,0,,https://fish-games.s3.amazonaws.com/MahjongWays1/index.html?env=ceshislot.osshaiwai.com&hasFloat=0&token=436475c81b51e6893c740657870f86b7&language=en&debug=1&debugDataPath=https://raw.githubusercontent.com/jygameclub/testdataapi/main/mahjong1date/0525_0842&debugStart=175,https://raw.githubusercontent.com/jygameclub/testdataapi/main/mahjong1date/0525_0842/175.json,https://raw.githubusercontent.com/jygameclub/testdataapi/main/mahjong1date/0525_0842,未中奖,0.00,0.00,1,0,0,0,0,0,0,否,否,否,0,0,701054,701054,8501779692703375,9473336.0,9473296.0,
普通空转,176.json,176,0,,https://fish-games.s3.amazonaws.com/MahjongWays1/index.html?env=ceshislot.osshaiwai.com&hasFloat=0&token=436475c81b51e6893c740657870f86b7&language=en&debug=1&debugDataPath=https://raw.githubusercontent.com/jygameclub/testdataapi/main/mahjong1date/0525_0842&debugStart=176,https://raw.githubusercontent.com/jygameclub/testdataapi/main/mahjong1date/0525_0842/176.json,https://raw.githubusercontent.com/jygameclub/testdataapi/main/mahjong1date/0525_0842,未中奖,0.00,0.00,1,0,0,0,0,0,0,否,否,否,0,1,701057,701057,5381779692704158,9473296.0,9473256.0,
普通空转,180.json,180,0,,https://fish-games.s3.amazonaws.com/MahjongWays1/index.html?env=ceshislot.osshaiwai.com&hasFloat=0&token=436475c81b51e6893c740657870f86b7&language=en&debug=1&debugDataPath=https://raw.githubusercontent.com/jygameclub/testdataapi/main/mahjong1date/0525_0842&debugStart=180,https://raw.githubusercontent.com/jygameclub/testdataapi/main/mahjong1date/0525_0842/180.json,https://raw.githubusercontent.com/jygameclub/testdataapi/main/mahjong1date/0525_0842,未中奖,0.00,0.00,1,0,0,0,0,0,0,否,否,否,0,0,701075,701075,3781779692716908,9473428.0,9473388.0,
普通空转,182.json,182,0,,https://fish-games.s3.amazonaws.com/MahjongWays1/index.html?env=ceshislot.osshaiwai.com&hasFloat=0&token=436475c81b51e6893c740657870f86b7&language=en&debug=1&debugDataPath=https://raw.githubusercontent.com/jygameclub/testdataapi/main/mahjong1date/0525_0842&debugStart=182,https://raw.githubusercontent.com/jygameclub/testdataapi/main/mahjong1date/0525_0842/182.json,https://raw.githubusercontent.com/jygameclub/testdataapi/main/mahjong1date/0525_0842,未中奖,0.00,0.00,1,0,0,0,0,0,0,否,否,否,0,0,701209,701209,3381779692799075,9474300.0,9474260.0,
普通空转,183.json,183,0,,https://fish-games.s3.amazonaws.com/MahjongWays1/index.html?env=ceshislot.osshaiwai.com&hasFloat=0&token=436475c81b51e6893c740657870f86b7&language=en&debug=1&debugDataPath=https://raw.githubusercontent.com/jygameclub/testdataapi/main/mahjong1date/0525_0842&debugStart=183,https://raw.githubusercontent.com/jygameclub/testdataapi/main/mahjong1date/0525_0842/183.json,https://raw.githubusercontent.com/jygameclub/testdataapi/main/mahjong1date/0525_0842,未中奖,0.00,0.00,1,0,0,0,0,0,0,否,否,否,0,0,701211,701211,1071779692799925,9474260.0,9474220.0,
普通空转,184.json,184,0,,https://fish-games.s3.amazonaws.com/MahjongWays1/index.html?env=ceshislot.osshaiwai.com&hasFloat=0&token=436475c81b51e6893c740657870f86b7&language=en&debug=1&debugDataPath=https://raw.githubusercontent.com/jygameclub/testdataapi/main/mahjong1date/0525_0842&debugStart=184,https://raw.githubusercontent.com/jygameclub/testdataapi/main/mahjong1date/0525_0842/184.json,https://raw.githubusercontent.com/jygameclub/testdataapi/main/mahjong1date/0525_0842,未中奖,0.00,0.00,1,0,0,0,0,0,0,否,否,否,0,0,701213,701213,1991779692800708,9474220.0,9474180.0,
普通空转,185.json,185,0,,https://fish-games.s3.amazonaws.com/MahjongWays1/index.html?env=ceshislot.osshaiwai.com&hasFloat=0&token=436475c81b51e6893c740657870f86b7&language=en&debug=1&debugDataPath=https://raw.githubusercontent.com/jygameclub/testdataapi/main/mahjong1date/0525_0842&debugStart=185,https://raw.githubusercontent.com/jygameclub/testdataapi/main/mahjong1date/0525_0842/185.json,https://raw.githubusercontent.com/jygameclub/testdataapi/main/mahjong1date/0525_0842,未中奖,0.00,0.00,1,0,0,0,0,0,0,否,否,否,0,1,701214,701214,9631779692801507,9474180.0,9474140.0,
普通空转,186.json,186,0,,https://fish-games.s3.amazonaws.com/MahjongWays1/index.html?env=ceshislot.osshaiwai.com&hasFloat=0&token=436475c81b51e6893c740657870f86b7&language=en&debug=1&debugDataPath=https://raw.githubusercontent.com/jygameclub/testdataapi/main/mahjong1date/0525_0842&debugStart=186,https://raw.githubusercontent.com/jygameclub/testdataapi/main/mahjong1date/0525_0842/186.json,https://raw.githubusercontent.com/jygameclub/testdataapi/main/mahjong1date/0525_0842,未中奖,0.00,0.00,1,0,0,0,0,0,0,否,否,否,0,0,701219,701219,8181779692802908,9474140.0,9474100.0,
普通空转,188.json,188,0,,https://fish-games.s3.amazonaws.com/MahjongWays1/index.html?env=ceshislot.osshaiwai.com&hasFloat=0&token=436475c81b51e6893c740657870f86b7&language=en&debug=1&debugDataPath=https://raw.githubusercontent.com/jygameclub/testdataapi/main/mahjong1date/0525_0842&debugStart=188,https://raw.githubusercontent.com/jygameclub/testdataapi/main/mahjong1date/0525_0842/188.json,https://raw.githubusercontent.com/jygameclub/testdataapi/main/mahjong1date/0525_0842,未中奖,0.00,0.00,1,0,0,0,0,0,0,否,否,否,0,0,701240,701240,7781779692820092,9474948.0,9474908.0,
普通空转,189.json,189,0,,https://fish-games.s3.amazonaws.com/MahjongWays1/index.html?env=ceshislot.osshaiwai.com&hasFloat=0&token=436475c81b51e6893c740657870f86b7&language=en&debug=1&debugDataPath=https://raw.githubusercontent.com/jygameclub/testdataapi/main/mahjong1date/0525_0842&debugStart=189,https://raw.githubusercontent.com/jygameclub/testdataapi/main/mahjong1date/0525_0842/189.json,https://raw.githubusercontent.com/jygameclub/testdataapi/main/mahjong1date/0525_0842,未中奖,0.00,0.00,1,0,0,0,0,0,0,否,否,否,0,1,701241,701241,5341779692820941,9474908.0,9474868.0,
普通空转,190.json,190,0,,https://fish-games.s3.amazonaws.com/MahjongWays1/index.html?env=ceshislot.osshaiwai.com&hasFloat=0&token=436475c81b51e6893c740657870f86b7&language=en&debug=1&debugDataPath=https://raw.githubusercontent.com/jygameclub/testdataapi/main/mahjong1date/0525_0842&debugStart=190,https://raw.githubusercontent.com/jygameclub/testdataapi/main/mahjong1date/0525_0842/190.json,https://raw.githubusercontent.com/jygameclub/testdataapi/main/mahjong1date/0525_0842,未中奖,0.00,0.00,1,0,0,0,0,0,0,否,否,否,0,0,701244,701244,3591779692822342,9474868.0,9474828.0,
普通空转,191.json,191,0,,https://fish-games.s3.amazonaws.com/MahjongWays1/index.html?env=ceshislot.osshaiwai.com&hasFloat=0&token=436475c81b51e6893c740657870f86b7&language=en&debug=1&debugDataPath=https://raw.githubusercontent.com/jygameclub/testdataapi/main/mahjong1date/0525_0842&debugStart=191,https://raw.githubusercontent.com/jygameclub/testdataapi/main/mahjong1date/0525_0842/191.json,https://raw.githubusercontent.com/jygameclub/testdataapi/main/mahjong1date/0525_0842,未中奖,0.00,0.00,1,0,0,0,0,0,0,否,否,否,0,0,701245,701245,6291779692823125,9474828.0,9474788.0,
普通空转,192.json,192,0,,https://fish-games.s3.amazonaws.com/MahjongWays1/index.html?env=ceshislot.osshaiwai.com&hasFloat=0&token=436475c81b51e6893c740657870f86b7&language=en&debug=1&debugDataPath=https://raw.githubusercontent.com/jygameclub/testdataapi/main/mahjong1date/0525_0842&debugStart=192,https://raw.githubusercontent.com/jygameclub/testdataapi/main/mahjong1date/0525_0842/192.json,https://raw.githubusercontent.com/jygameclub/testdataapi/main/mahjong1date/0525_0842,未中奖,0.00,0.00,1,0,0,0,0,0,0,否,否,否,0,1,701247,701247,1911779692823909,9474788.0,9474748.0,
普通空转,193.json,193,0,,https://fish-games.s3.amazonaws.com/MahjongWays1/index.html?env=ceshislot.osshaiwai.com&hasFloat=0&token=436475c81b51e6893c740657870f86b7&language=en&debug=1&debugDataPath=https://raw.githubusercontent.com/jygameclub/testdataapi/main/mahjong1date/0525_0842&debugStart=193,https://raw.githubusercontent.com/jygameclub/testdataapi/main/mahjong1date/0525_0842/193.json,https://raw.githubusercontent.com/jygameclub/testdataapi/main/mahjong1date/0525_0842,未中奖,0.00,0.00,1,0,0,0,0,0,0,否,否,否,0,0,701249,701249,3511779692825308,9474748.0,9474708.0,
普通空转,194.json,194,0,,https://fish-games.s3.amazonaws.com/MahjongWays1/index.html?env=ceshislot.osshaiwai.com&hasFloat=0&token=436475c81b51e6893c740657870f86b7&language=en&debug=1&debugDataPath=https://raw.githubusercontent.com/jygameclub/testdataapi/main/mahjong1date/0525_0842&debugStart=194,https://raw.githubusercontent.com/jygameclub/testdataapi/main/mahjong1date/0525_0842/194.json,https://raw.githubusercontent.com/jygameclub/testdataapi/main/mahjong1date/0525_0842,未中奖,0.00,0.00,1,0,0,0,0,0,0,否,否,否,0,0,701251,701251,5801779692826092,9474708.0,9474668.0,
普通空转,195.json,195,0,,https://fish-games.s3.amazonaws.com/MahjongWays1/index.html?env=ceshislot.osshaiwai.com&hasFloat=0&token=436475c81b51e6893c740657870f86b7&language=en&debug=1&debugDataPath=https://raw.githubusercontent.com/jygameclub/testdataapi/main/mahjong1date/0525_0842&debugStart=195,https://raw.githubusercontent.com/jygameclub/testdataapi/main/mahjong1date/0525_0842/195.json,https://raw.githubusercontent.com/jygameclub/testdataapi/main/mahjong1date/0525_0842,未中奖,0.00,0.00,1,0,0,0,0,0,0,否,否,否,0,1,701253,701253,6391779692826941,9474668.0,9474628.0,
普通空转,196.json,196,0,,https://fish-games.s3.amazonaws.com/MahjongWays1/index.html?env=ceshislot.osshaiwai.com&hasFloat=0&token=436475c81b51e6893c740657870f86b7&language=en&debug=1&debugDataPath=https://raw.githubusercontent.com/jygameclub/testdataapi/main/mahjong1date/0525_0842&debugStart=196,https://raw.githubusercontent.com/jygameclub/testdataapi/main/mahjong1date/0525_0842/196.json,https://raw.githubusercontent.com/jygameclub/testdataapi/main/mahjong1date/0525_0842,未中奖,0.00,0.00,1,0,0,0,0,0,0,否,否,否,0,0,701255,701255,3181779692828358,9474628.0,9474588.0,
普通空转,197.json,197,0,,https://fish-games.s3.amazonaws.com/MahjongWays1/index.html?env=ceshislot.osshaiwai.com&hasFloat=0&token=436475c81b51e6893c740657870f86b7&language=en&debug=1&debugDataPath=https://raw.githubusercontent.com/jygameclub/testdataapi/main/mahjong1date/0525_0842&debugStart=197,https://raw.githubusercontent.com/jygameclub/testdataapi/main/mahjong1date/0525_0842/197.json,https://raw.githubusercontent.com/jygameclub/testdataapi/main/mahjong1date/0525_0842,未中奖,0.00,0.00,1,0,0,0,0,0,0,否,否,否,0,1,701256,701256,4081779692829224,9474588.0,9474548.0,
普通空转,199.json,199,0,,https://fish-games.s3.amazonaws.com/MahjongWays1/index.html?env=ceshislot.osshaiwai.com&hasFloat=0&token=436475c81b51e6893c740657870f86b7&language=en&debug=1&debugDataPath=https://raw.githubusercontent.com/jygameclub/testdataapi/main/mahjong1date/0525_0842&debugStart=199,https://raw.githubusercontent.com/jygameclub/testdataapi/main/mahjong1date/0525_0842/199.json,https://raw.githubusercontent.com/jygameclub/testdataapi/main/mahjong1date/0525_0842,未中奖,0.00,0.00,1,0,0,0,0,0,0,否,否,否,0,0,701263,701263,7011779692833424,9474516.0,9474476.0,
普通空转,200.json,200,0,,https://fish-games.s3.amazonaws.com/MahjongWays1/index.html?env=ceshislot.osshaiwai.com&hasFloat=0&token=436475c81b51e6893c740657870f86b7&language=en&debug=1&debugDataPath=https://raw.githubusercontent.com/jygameclub/testdataapi/main/mahjong1date/0525_0842&debugStart=200,https://raw.githubusercontent.com/jygameclub/testdataapi/main/mahjong1date/0525_0842/200.json,https://raw.githubusercontent.com/jygameclub/testdataapi/main/mahjong1date/0525_0842,未中奖,0.00,0.00,1,0,0,0,0,0,0,否,否,否,0,0,701264,701264,8891779692834225,9474476.0,9474436.0,
普通空转,202.json,202,0,,https://fish-games.s3.amazonaws.com/MahjongWays1/index.html?env=ceshislot.osshaiwai.com&hasFloat=0&token=436475c81b51e6893c740657870f86b7&language=en&debug=1&debugDataPath=https://raw.githubusercontent.com/jygameclub/testdataapi/main/mahjong1date/0525_0842&debugStart=202,https://raw.githubusercontent.com/jygameclub/testdataapi/main/mahjong1date/0525_0842/202.json,https://raw.githubusercontent.com/jygameclub/testdataapi/main/mahjong1date/0525_0842,未中奖,0.00,0.00,1,0,0,0,0,0,0,否,否,否,0,0,701271,701271,8581779692837691,9474448.0,9474408.0,
普通空转,203.json,203,0,,https://fish-games.s3.amazonaws.com/MahjongWays1/index.html?env=ceshislot.osshaiwai.com&hasFloat=0&token=436475c81b51e6893c740657870f86b7&language=en&debug=1&debugDataPath=https://raw.githubusercontent.com/jygameclub/testdataapi/main/mahjong1date/0525_0842&debugStart=203,https://raw.githubusercontent.com/jygameclub/testdataapi/main/mahjong1date/0525_0842/203.json,https://raw.githubusercontent.com/jygameclub/testdataapi/main/mahjong1date/0525_0842,未中奖,0.00,0.00,1,0,0,0,0,0,0,否,否,否,0,0,701272,701272,2811779692838491,9474408.0,9474368.0,
普通空转,204.json,204,0,,https://fish-games.s3.amazonaws.com/MahjongWays1/index.html?env=ceshislot.osshaiwai.com&hasFloat=0&token=436475c81b51e6893c740657870f86b7&language=en&debug=1&debugDataPath=https://raw.githubusercontent.com/jygameclub/testdataapi/main/mahjong1date/0525_0842&debugStart=204,https://raw.githubusercontent.com/jygameclub/testdataapi/main/mahjong1date/0525_0842/204.json,https://raw.githubusercontent.com/jygameclub/testdataapi/main/mahjong1date/0525_0842,未中奖,0.00,0.00,1,0,0,0,0,0,0,否,否,否,0,0,701274,701274,2181779692839274,9474368.0,9474328.0,
普通空转,205.json,205,0,,https://fish-games.s3.amazonaws.com/MahjongWays1/index.html?env=ceshislot.osshaiwai.com&hasFloat=0&token=436475c81b51e6893c740657870f86b7&language=en&debug=1&debugDataPath=https://raw.githubusercontent.com/jygameclub/testdataapi/main/mahjong1date/0525_0842&debugStart=205,https://raw.githubusercontent.com/jygameclub/testdataapi/main/mahjong1date/0525_0842/205.json,https://raw.githubusercontent.com/jygameclub/testdataapi/main/mahjong1date/0525_0842,未中奖,0.00,0.00,1,0,0,0,0,0,0,否,否,否,0,1,701275,701275,4941779692840058,9474328.0,9474288.0,
普通空转,206.json,206,0,,https://fish-games.s3.amazonaws.com/MahjongWays1/index.html?env=ceshislot.osshaiwai.com&hasFloat=0&token=436475c81b51e6893c740657870f86b7&language=en&debug=1&debugDataPath=https://raw.githubusercontent.com/jygameclub/testdataapi/main/mahjong1date/0525_0842&debugStart=206,https://raw.githubusercontent.com/jygameclub/testdataapi/main/mahjong1date/0525_0842/206.json,https://raw.githubusercontent.com/jygameclub/testdataapi/main/mahjong1date/0525_0842,未中奖,0.00,0.00,1,0,0,0,0,0,0,否,否,否,0,0,701278,701278,9671779692841458,9474288.0,9474248.0,
普通空转,207.json,207,0,,https://fish-games.s3.amazonaws.com/MahjongWays1/index.html?env=ceshislot.osshaiwai.com&hasFloat=0&token=436475c81b51e6893c740657870f86b7&language=en&debug=1&debugDataPath=https://raw.githubusercontent.com/jygameclub/testdataapi/main/mahjong1date/0525_0842&debugStart=207,https://raw.githubusercontent.com/jygameclub/testdataapi/main/mahjong1date/0525_0842/207.json,https://raw.githubusercontent.com/jygameclub/testdataapi/main/mahjong1date/0525_0842,未中奖,0.00,0.00,1,0,0,0,0,0,0,否,否,否,0,0,701279,701279,4351779692842259,9474248.0,9474208.0,
普通空转,208.json,208,0,,https://fish-games.s3.amazonaws.com/MahjongWays1/index.html?env=ceshislot.osshaiwai.com&hasFloat=0&token=436475c81b51e6893c740657870f86b7&language=en&debug=1&debugDataPath=https://raw.githubusercontent.com/jygameclub/testdataapi/main/mahjong1date/0525_0842&debugStart=208,https://raw.githubusercontent.com/jygameclub/testdataapi/main/mahjong1date/0525_0842/208.json,https://raw.githubusercontent.com/jygameclub/testdataapi/main/mahjong1date/0525_0842,未中奖,0.00,0.00,1,0,0,0,0,0,0,否,否,否,0,0,701281,701281,8741779692843058,9474208.0,9474168.0,
普通空转,209.json,209,0,,https://fish-games.s3.amazonaws.com/MahjongWays1/index.html?env=ceshislot.osshaiwai.com&hasFloat=0&token=436475c81b51e6893c740657870f86b7&language=en&debug=1&debugDataPath=https://raw.githubusercontent.com/jygameclub/testdataapi/main/mahjong1date/0525_0842&debugStart=209,https://raw.githubusercontent.com/jygameclub/testdataapi/main/mahjong1date/0525_0842/209.json,https://raw.githubusercontent.com/jygameclub/testdataapi/main/mahjong1date/0525_0842,未中奖,0.00,0.00,1,0,0,0,0,0,0,否,否,否,0,0,701282,701282,8031779692843859,9474168.0,9474128.0,
普通空转,210.json,210,0,,https://fish-games.s3.amazonaws.com/MahjongWays1/index.html?env=ceshislot.osshaiwai.com&hasFloat=0&token=436475c81b51e6893c740657870f86b7&language=en&debug=1&debugDataPath=https://raw.githubusercontent.com/jygameclub/testdataapi/main/mahjong1date/0525_0842&debugStart=210,https://raw.githubusercontent.com/jygameclub/testdataapi/main/mahjong1date/0525_0842/210.json,https://raw.githubusercontent.com/jygameclub/testdataapi/main/mahjong1date/0525_0842,未中奖,0.00,0.00,1,0,0,0,0,0,0,否,否,否,0,1,701284,701284,5611779692844641,9474128.0,9474088.0,
普通空转,212.json,212,0,,https://fish-games.s3.amazonaws.com/MahjongWays1/index.html?env=ceshislot.osshaiwai.com&hasFloat=0&token=436475c81b51e6893c740657870f86b7&language=en&debug=1&debugDataPath=https://raw.githubusercontent.com/jygameclub/testdataapi/main/mahjong1date/0525_0842&debugStart=212,https://raw.githubusercontent.com/jygameclub/testdataapi/main/mahjong1date/0525_0842/212.json,https://raw.githubusercontent.com/jygameclub/testdataapi/main/mahjong1date/0525_0842,未中奖,0.00,0.00,1,0,0,0,0,0,0,否,否,否,0,0,701290,701290,2201779692848841,9474068.0,9474028.0,
普通空转,213.json,213,0,,https://fish-games.s3.amazonaws.com/MahjongWays1/index.html?env=ceshislot.osshaiwai.com&hasFloat=0&token=436475c81b51e6893c740657870f86b7&language=en&debug=1&debugDataPath=https://raw.githubusercontent.com/jygameclub/testdataapi/main/mahjong1date/0525_0842&debugStart=213,https://raw.githubusercontent.com/jygameclub/testdataapi/main/mahjong1date/0525_0842/213.json,https://raw.githubusercontent.com/jygameclub/testdataapi/main/mahjong1date/0525_0842,未中奖,0.00,0.00,1,0,0,0,0,0,0,否,否,否,0,0,701291,701291,9661779692849624,9474028.0,9473988.0,
普通空转,214.json,214,0,,https://fish-games.s3.amazonaws.com/MahjongWays1/index.html?env=ceshislot.osshaiwai.com&hasFloat=0&token=436475c81b51e6893c740657870f86b7&language=en&debug=1&debugDataPath=https://raw.githubusercontent.com/jygameclub/testdataapi/main/mahjong1date/0525_0842&debugStart=214,https://raw.githubusercontent.com/jygameclub/testdataapi/main/mahjong1date/0525_0842/214.json,https://raw.githubusercontent.com/jygameclub/testdataapi/main/mahjong1date/0525_0842,未中奖,0.00,0.00,1,0,0,0,0,0,0,否,否,否,0,0,701293,701293,9901779692850425,9473988.0,9473948.0,
普通空转,215.json,215,0,,https://fish-games.s3.amazonaws.com/MahjongWays1/index.html?env=ceshislot.osshaiwai.com&hasFloat=0&token=436475c81b51e6893c740657870f86b7&language=en&debug=1&debugDataPath=https://raw.githubusercontent.com/jygameclub/testdataapi/main/mahjong1date/0525_0842&debugStart=215,https://raw.githubusercontent.com/jygameclub/testdataapi/main/mahjong1date/0525_0842/215.json,https://raw.githubusercontent.com/jygameclub/testdataapi/main/mahjong1date/0525_0842,未中奖,0.00,0.00,1,0,0,0,0,0,0,否,否,否,0,1,701296,701296,2331779692851209,9473948.0,9473908.0,
普通空转,216.json,216,0,,https://fish-games.s3.amazonaws.com/MahjongWays1/index.html?env=ceshislot.osshaiwai.com&hasFloat=0&token=436475c81b51e6893c740657870f86b7&language=en&debug=1&debugDataPath=https://raw.githubusercontent.com/jygameclub/testdataapi/main/mahjong1date/0525_0842&debugStart=216,https://raw.githubusercontent.com/jygameclub/testdataapi/main/mahjong1date/0525_0842/216.json,https://raw.githubusercontent.com/jygameclub/testdataapi/main/mahjong1date/0525_0842,未中奖,0.00,0.00,1,0,0,0,0,0,0,否,否,否,0,0,701297,701297,5361779692852607,9473908.0,9473868.0,
普通空转,217.json,217,0,,https://fish-games.s3.amazonaws.com/MahjongWays1/index.html?env=ceshislot.osshaiwai.com&hasFloat=0&token=436475c81b51e6893c740657870f86b7&language=en&debug=1&debugDataPath=https://raw.githubusercontent.com/jygameclub/testdataapi/main/mahjong1date/0525_0842&debugStart=217,https://raw.githubusercontent.com/jygameclub/testdataapi/main/mahjong1date/0525_0842/217.json,https://raw.githubusercontent.com/jygameclub/testdataapi/main/mahjong1date/0525_0842,未中奖,0.00,0.00,1,0,0,0,0,0,0,否,否,否,0,0,701299,701299,5171779692853390,9473868.0,9473828.0,
普通空转,218.json,218,0,,https://fish-games.s3.amazonaws.com/MahjongWays1/index.html?env=ceshislot.osshaiwai.com&hasFloat=0&token=436475c81b51e6893c740657870f86b7&language=en&debug=1&debugDataPath=https://raw.githubusercontent.com/jygameclub/testdataapi/main/mahjong1date/0525_0842&debugStart=218,https://raw.githubusercontent.com/jygameclub/testdataapi/main/mahjong1date/0525_0842/218.json,https://raw.githubusercontent.com/jygameclub/testdataapi/main/mahjong1date/0525_0842,未中奖,0.00,0.00,1,0,0,0,0,0,0,否,否,否,0,1,701300,701300,5651779692854176,9473828.0,9473788.0,
普通空转,219.json,219,0,,https://fish-games.s3.amazonaws.com/MahjongWays1/index.html?env=ceshislot.osshaiwai.com&hasFloat=0&token=436475c81b51e6893c740657870f86b7&language=en&debug=1&debugDataPath=https://raw.githubusercontent.com/jygameclub/testdataapi/main/mahjong1date/0525_0842&debugStart=219,https://raw.githubusercontent.com/jygameclub/testdataapi/main/mahjong1date/0525_0842/219.json,https://raw.githubusercontent.com/jygameclub/testdataapi/main/mahjong1date/0525_0842,未中奖,0.00,0.00,1,0,0,0,0,0,0,否,否,否,0,0,701302,701302,6661779692855590,9473788.0,9473748.0,
普通空转,220.json,220,0,,https://fish-games.s3.amazonaws.com/MahjongWays1/index.html?env=ceshislot.osshaiwai.com&hasFloat=0&token=436475c81b51e6893c740657870f86b7&language=en&debug=1&debugDataPath=https://raw.githubusercontent.com/jygameclub/testdataapi/main/mahjong1date/0525_0842&debugStart=220,https://raw.githubusercontent.com/jygameclub/testdataapi/main/mahjong1date/0525_0842/220.json,https://raw.githubusercontent.com/jygameclub/testdataapi/main/mahjong1date/0525_0842,未中奖,0.00,0.00,1,0,0,0,0,0,0,否,否,否,0,0,701304,701304,3991779692856391,9473748.0,9473708.0,
普通空转,221.json,221,0,,https://fish-games.s3.amazonaws.com/MahjongWays1/index.html?env=ceshislot.osshaiwai.com&hasFloat=0&token=436475c81b51e6893c740657870f86b7&language=en&debug=1&debugDataPath=https://raw.githubusercontent.com/jygameclub/testdataapi/main/mahjong1date/0525_0842&debugStart=221,https://raw.githubusercontent.com/jygameclub/testdataapi/main/mahjong1date/0525_0842/221.json,https://raw.githubusercontent.com/jygameclub/testdataapi/main/mahjong1date/0525_0842,未中奖,0.00,0.00,1,0,0,0,0,0,0,否,否,否,0,0,701306,701306,2171779692857191,9473708.0,9473668.0,
普通空转,222.json,222,0,,https://fish-games.s3.amazonaws.com/MahjongWays1/index.html?env=ceshislot.osshaiwai.com&hasFloat=0&token=436475c81b51e6893c740657870f86b7&language=en&debug=1&debugDataPath=https://raw.githubusercontent.com/jygameclub/testdataapi/main/mahjong1date/0525_0842&debugStart=222,https://raw.githubusercontent.com/jygameclub/testdataapi/main/mahjong1date/0525_0842/222.json,https://raw.githubusercontent.com/jygameclub/testdataapi/main/mahjong1date/0525_0842,未中奖,0.00,0.00,1,0,0,0,0,0,0,否,否,否,0,0,701307,701307,3731779692857977,9473668.0,9473628.0,
普通空转,223.json,223,0,,https://fish-games.s3.amazonaws.com/MahjongWays1/index.html?env=ceshislot.osshaiwai.com&hasFloat=0&token=436475c81b51e6893c740657870f86b7&language=en&debug=1&debugDataPath=https://raw.githubusercontent.com/jygameclub/testdataapi/main/mahjong1date/0525_0842&debugStart=223,https://raw.githubusercontent.com/jygameclub/testdataapi/main/mahjong1date/0525_0842/223.json,https://raw.githubusercontent.com/jygameclub/testdataapi/main/mahjong1date/0525_0842,未中奖,0.00,0.00,1,0,0,0,0,0,0,否,否,否,0,0,701309,701309,2341779692858774,9473628.0,9473588.0,
普通空转,224.json,224,0,,https://fish-games.s3.amazonaws.com/MahjongWays1/index.html?env=ceshislot.osshaiwai.com&hasFloat=0&token=436475c81b51e6893c740657870f86b7&language=en&debug=1&debugDataPath=https://raw.githubusercontent.com/jygameclub/testdataapi/main/mahjong1date/0525_0842&debugStart=224,https://raw.githubusercontent.com/jygameclub/testdataapi/main/mahjong1date/0525_0842/224.json,https://raw.githubusercontent.com/jygameclub/testdataapi/main/mahjong1date/0525_0842,未中奖,0.00,0.00,1,0,0,0,0,0,0,否,否,否,0,0,701310,701310,9031779692859558,9473588.0,9473548.0,
普通空转,225.json,225,0,,https://fish-games.s3.amazonaws.com/MahjongWays1/index.html?env=ceshislot.osshaiwai.com&hasFloat=0&token=436475c81b51e6893c740657870f86b7&language=en&debug=1&debugDataPath=https://raw.githubusercontent.com/jygameclub/testdataapi/main/mahjong1date/0525_0842&debugStart=225,https://raw.githubusercontent.com/jygameclub/testdataapi/main/mahjong1date/0525_0842/225.json,https://raw.githubusercontent.com/jygameclub/testdataapi/main/mahjong1date/0525_0842,未中奖,0.00,0.00,1,0,0,0,0,0,0,否,否,否,0,0,701312,701312,8051779692860408,9473548.0,9473508.0,
普通空转,226.json,226,0,,https://fish-games.s3.amazonaws.com/MahjongWays1/index.html?env=ceshislot.osshaiwai.com&hasFloat=0&token=436475c81b51e6893c740657870f86b7&language=en&debug=1&debugDataPath=https://raw.githubusercontent.com/jygameclub/testdataapi/main/mahjong1date/0525_0842&debugStart=226,https://raw.githubusercontent.com/jygameclub/testdataapi/main/mahjong1date/0525_0842/226.json,https://raw.githubusercontent.com/jygameclub/testdataapi/main/mahjong1date/0525_0842,未中奖,0.00,0.00,1,0,0,0,0,0,0,否,否,否,0,1,701313,701313,8131779692861191,9473508.0,9473468.0,
普通空转,227.json,227,0,,https://fish-games.s3.amazonaws.com/MahjongWays1/index.html?env=ceshislot.osshaiwai.com&hasFloat=0&token=436475c81b51e6893c740657870f86b7&language=en&debug=1&debugDataPath=https://raw.githubusercontent.com/jygameclub/testdataapi/main/mahjong1date/0525_0842&debugStart=227,https://raw.githubusercontent.com/jygameclub/testdataapi/main/mahjong1date/0525_0842/227.json,https://raw.githubusercontent.com/jygameclub/testdataapi/main/mahjong1date/0525_0842,未中奖,0.00,0.00,1,0,0,0,0,0,0,否,否,否,0,0,701316,701316,4901779692862608,9473468.0,9473428.0,
普通空转,228.json,228,0,,https://fish-games.s3.amazonaws.com/MahjongWays1/index.html?env=ceshislot.osshaiwai.com&hasFloat=0&token=436475c81b51e6893c740657870f86b7&language=en&debug=1&debugDataPath=https://raw.githubusercontent.com/jygameclub/testdataapi/main/mahjong1date/0525_0842&debugStart=228,https://raw.githubusercontent.com/jygameclub/testdataapi/main/mahjong1date/0525_0842/228.json,https://raw.githubusercontent.com/jygameclub/testdataapi/main/mahjong1date/0525_0842,未中奖,0.00,0.00,1,0,0,0,0,0,0,否,否,否,0,0,701317,701317,6341779692863391,9473428.0,9473388.0,
普通空转,230.json,230,0,,https://fish-games.s3.amazonaws.com/MahjongWays1/index.html?env=ceshislot.osshaiwai.com&hasFloat=0&token=436475c81b51e6893c740657870f86b7&language=en&debug=1&debugDataPath=https://raw.githubusercontent.com/jygameclub/testdataapi/main/mahjong1date/0525_0842&debugStart=230,https://raw.githubusercontent.com/jygameclub/testdataapi/main/mahjong1date/0525_0842/230.json,https://raw.githubusercontent.com/jygameclub/testdataapi/main/mahjong1date/0525_0842,未中奖,0.00,0.00,1,0,0,0,0,0,0,否,否,否,0,0,701324,701324,6451779692866924,9473368.0,9473328.0,
普通空转,231.json,231,0,,https://fish-games.s3.amazonaws.com/MahjongWays1/index.html?env=ceshislot.osshaiwai.com&hasFloat=0&token=436475c81b51e6893c740657870f86b7&language=en&debug=1&debugDataPath=https://raw.githubusercontent.com/jygameclub/testdataapi/main/mahjong1date/0525_0842&debugStart=231,https://raw.githubusercontent.com/jygameclub/testdataapi/main/mahjong1date/0525_0842/231.json,https://raw.githubusercontent.com/jygameclub/testdataapi/main/mahjong1date/0525_0842,未中奖,0.00,0.00,1,0,0,0,0,0,0,否,否,否,0,0,701327,701327,2521779692867708,9473328.0,9473288.0,
普通空转,233.json,233,0,,https://fish-games.s3.amazonaws.com/MahjongWays1/index.html?env=ceshislot.osshaiwai.com&hasFloat=0&token=436475c81b51e6893c740657870f86b7&language=en&debug=1&debugDataPath=https://raw.githubusercontent.com/jygameclub/testdataapi/main/mahjong1date/0525_0842&debugStart=233,https://raw.githubusercontent.com/jygameclub/testdataapi/main/mahjong1date/0525_0842/233.json,https://raw.githubusercontent.com/jygameclub/testdataapi/main/mahjong1date/0525_0842,未中奖,0.00,0.00,1,0,0,0,0,0,0,否,否,否,0,1,701332,701332,9071779692871141,9473252.0,9473212.0,
普通空转,234.json,234,0,,https://fish-games.s3.amazonaws.com/MahjongWays1/index.html?env=ceshislot.osshaiwai.com&hasFloat=0&token=436475c81b51e6893c740657870f86b7&language=en&debug=1&debugDataPath=https://raw.githubusercontent.com/jygameclub/testdataapi/main/mahjong1date/0525_0842&debugStart=234,https://raw.githubusercontent.com/jygameclub/testdataapi/main/mahjong1date/0525_0842/234.json,https://raw.githubusercontent.com/jygameclub/testdataapi/main/mahjong1date/0525_0842,未中奖,0.00,0.00,1,0,0,0,0,0,0,否,否,否,0,0,701334,701334,4551779692872540,9473212.0,9473172.0,
普通空转,235.json,235,0,,https://fish-games.s3.amazonaws.com/MahjongWays1/index.html?env=ceshislot.osshaiwai.com&hasFloat=0&token=436475c81b51e6893c740657870f86b7&language=en&debug=1&debugDataPath=https://raw.githubusercontent.com/jygameclub/testdataapi/main/mahjong1date/0525_0842&debugStart=235,https://raw.githubusercontent.com/jygameclub/testdataapi/main/mahjong1date/0525_0842/235.json,https://raw.githubusercontent.com/jygameclub/testdataapi/main/mahjong1date/0525_0842,未中奖,0.00,0.00,1,0,0,0,0,0,0,否,否,否,0,0,701336,701336,8001779692873324,9473172.0,9473132.0,
普通空转,237.json,237,0,,https://fish-games.s3.amazonaws.com/MahjongWays1/index.html?env=ceshislot.osshaiwai.com&hasFloat=0&token=436475c81b51e6893c740657870f86b7&language=en&debug=1&debugDataPath=https://raw.githubusercontent.com/jygameclub/testdataapi/main/mahjong1date/0525_0842&debugStart=237,https://raw.githubusercontent.com/jygameclub/testdataapi/main/mahjong1date/0525_0842/237.json,https://raw.githubusercontent.com/jygameclub/testdataapi/main/mahjong1date/0525_0842,未中奖,0.00,0.00,1,0,0,0,0,0,0,否,否,否,0,0,701342,701342,5231779692877926,9473132.0,9473092.0,
普通空转,238.json,238,0,,https://fish-games.s3.amazonaws.com/MahjongWays1/index.html?env=ceshislot.osshaiwai.com&hasFloat=0&token=436475c81b51e6893c740657870f86b7&language=en&debug=1&debugDataPath=https://raw.githubusercontent.com/jygameclub/testdataapi/main/mahjong1date/0525_0842&debugStart=238,https://raw.githubusercontent.com/jygameclub/testdataapi/main/mahjong1date/0525_0842/238.json,https://raw.githubusercontent.com/jygameclub/testdataapi/main/mahjong1date/0525_0842,未中奖,0.00,0.00,1,0,0,0,0,0,0,否,否,否,0,1,701344,701344,4171779692878773,9473092.0,9473052.0,
普通空转,239.json,239,0,,https://fish-games.s3.amazonaws.com/MahjongWays1/index.html?env=ceshislot.osshaiwai.com&hasFloat=0&token=436475c81b51e6893c740657870f86b7&language=en&debug=1&debugDataPath=https://raw.githubusercontent.com/jygameclub/testdataapi/main/mahjong1date/0525_0842&debugStart=239,https://raw.githubusercontent.com/jygameclub/testdataapi/main/mahjong1date/0525_0842/239.json,https://raw.githubusercontent.com/jygameclub/testdataapi/main/mahjong1date/0525_0842,未中奖,0.00,0.00,1,0,0,0,0,0,0,否,否,否,0,2,701347,701347,3711779692880191,9473052.0,9473012.0,
普通空转,240.json,240,0,,https://fish-games.s3.amazonaws.com/MahjongWays1/index.html?env=ceshislot.osshaiwai.com&hasFloat=0&token=436475c81b51e6893c740657870f86b7&language=en&debug=1&debugDataPath=https://raw.githubusercontent.com/jygameclub/testdataapi/main/mahjong1date/0525_0842&debugStart=240,https://raw.githubusercontent.com/jygameclub/testdataapi/main/mahjong1date/0525_0842/240.json,https://raw.githubusercontent.com/jygameclub/testdataapi/main/mahjong1date/0525_0842,未中奖,0.00,0.00,1,0,0,0,0,0,0,否,否,否,0,0,701348,701348,7771779692881693,9473012.0,9472972.0,
普通空转,241.json,241,0,,https://fish-games.s3.amazonaws.com/MahjongWays1/index.html?env=ceshislot.osshaiwai.com&hasFloat=0&token=436475c81b51e6893c740657870f86b7&language=en&debug=1&debugDataPath=https://raw.githubusercontent.com/jygameclub/testdataapi/main/mahjong1date/0525_0842&debugStart=241,https://raw.githubusercontent.com/jygameclub/testdataapi/main/mahjong1date/0525_0842/241.json,https://raw.githubusercontent.com/jygameclub/testdataapi/main/mahjong1date/0525_0842,未中奖,0.00,0.00,1,0,0,0,0,0,0,否,否,否,0,0,701350,701350,2871779692882491,9472972.0,9472932.0,
普通空转,243.json,243,0,,https://fish-games.s3.amazonaws.com/MahjongWays1/index.html?env=ceshislot.osshaiwai.com&hasFloat=0&token=436475c81b51e6893c740657870f86b7&language=en&debug=1&debugDataPath=https://raw.githubusercontent.com/jygameclub/testdataapi/main/mahjong1date/0525_0842&debugStart=243,https://raw.githubusercontent.com/jygameclub/testdataapi/main/mahjong1date/0525_0842/243.json,https://raw.githubusercontent.com/jygameclub/testdataapi/main/mahjong1date/0525_0842,未中奖,0.00,0.00,1,0,0,0,0,0,0,否,否,否,0,0,701356,701356,6271779692887093,9472908.0,9472868.0,
普通空转,244.json,244,0,,https://fish-games.s3.amazonaws.com/MahjongWays1/index.html?env=ceshislot.osshaiwai.com&hasFloat=0&token=436475c81b51e6893c740657870f86b7&language=en&debug=1&debugDataPath=https://raw.githubusercontent.com/jygameclub/testdataapi/main/mahjong1date/0525_0842&debugStart=244,https://raw.githubusercontent.com/jygameclub/testdataapi/main/mahjong1date/0525_0842/244.json,https://raw.githubusercontent.com/jygameclub/testdataapi/main/mahjong1date/0525_0842,未中奖,0.00,0.00,1,0,0,0,0,0,0,否,否,否,0,0,701357,701357,5041779692887876,9472868.0,9472828.0,
普通空转,245.json,245,0,,https://fish-games.s3.amazonaws.com/MahjongWays1/index.html?env=ceshislot.osshaiwai.com&hasFloat=0&token=436475c81b51e6893c740657870f86b7&language=en&debug=1&debugDataPath=https://raw.githubusercontent.com/jygameclub/testdataapi/main/mahjong1date/0525_0842&debugStart=245,https://raw.githubusercontent.com/jygameclub/testdataapi/main/mahjong1date/0525_0842/245.json,https://raw.githubusercontent.com/jygameclub/testdataapi/main/mahjong1date/0525_0842,未中奖,0.00,0.00,1,0,0,0,0,0,0,否,否,否,0,0,701358,701358,8981779692888659,9472828.0,9472788.0,
普通空转,247.json,247,0,,https://fish-games.s3.amazonaws.com/MahjongWays1/index.html?env=ceshislot.osshaiwai.com&hasFloat=0&token=436475c81b51e6893c740657870f86b7&language=en&debug=1&debugDataPath=https://raw.githubusercontent.com/jygameclub/testdataapi/main/mahjong1date/0525_0842&debugStart=247,https://raw.githubusercontent.com/jygameclub/testdataapi/main/mahjong1date/0525_0842/247.json,https://raw.githubusercontent.com/jygameclub/testdataapi/main/mahjong1date/0525_0842,未中奖,0.00,0.00,1,0,0,0,0,0,0,否,否,否,0,1,701363,701363,6521779692894175,9472772.0,9472732.0,
普通空转,248.json,248,0,,https://fish-games.s3.amazonaws.com/MahjongWays1/index.html?env=ceshislot.osshaiwai.com&hasFloat=0&token=436475c81b51e6893c740657870f86b7&language=en&debug=1&debugDataPath=https://raw.githubusercontent.com/jygameclub/testdataapi/main/mahjong1date/0525_0842&debugStart=248,https://raw.githubusercontent.com/jygameclub/testdataapi/main/mahjong1date/0525_0842/248.json,https://raw.githubusercontent.com/jygameclub/testdataapi/main/mahjong1date/0525_0842,未中奖,0.00,0.00,1,0,0,0,0,0,0,否,否,否,0,0,701364,701364,1321779692895591,9472732.0,9472692.0,
普通空转,249.json,249,0,,https://fish-games.s3.amazonaws.com/MahjongWays1/index.html?env=ceshislot.osshaiwai.com&hasFloat=0&token=436475c81b51e6893c740657870f86b7&language=en&debug=1&debugDataPath=https://raw.githubusercontent.com/jygameclub/testdataapi/main/mahjong1date/0525_0842&debugStart=249,https://raw.githubusercontent.com/jygameclub/testdataapi/main/mahjong1date/0525_0842/249.json,https://raw.githubusercontent.com/jygameclub/testdataapi/main/mahjong1date/0525_0842,未中奖,0.00,0.00,1,0,0,0,0,0,0,否,否,否,0,0,701365,701365,6451779692896390,9472692.0,9472652.0,
普通空转,252.json,252,0,,https://fish-games.s3.amazonaws.com/MahjongWays1/index.html?env=ceshislot.osshaiwai.com&hasFloat=0&token=436475c81b51e6893c740657870f86b7&language=en&debug=1&debugDataPath=https://raw.githubusercontent.com/jygameclub/testdataapi/main/mahjong1date/0525_0842&debugStart=252,https://raw.githubusercontent.com/jygameclub/testdataapi/main/mahjong1date/0525_0842/252.json,https://raw.githubusercontent.com/jygameclub/testdataapi/main/mahjong1date/0525_0842,未中奖,0.00,0.00,1,0,0,0,0,0,0,否,否,否,0,0,701374,701374,1451779692906641,9472624.0,9472584.0,
普通空转,253.json,253,0,,https://fish-games.s3.amazonaws.com/MahjongWays1/index.html?env=ceshislot.osshaiwai.com&hasFloat=0&token=436475c81b51e6893c740657870f86b7&language=en&debug=1&debugDataPath=https://raw.githubusercontent.com/jygameclub/testdataapi/main/mahjong1date/0525_0842&debugStart=253,https://raw.githubusercontent.com/jygameclub/testdataapi/main/mahjong1date/0525_0842/253.json,https://raw.githubusercontent.com/jygameclub/testdataapi/main/mahjong1date/0525_0842,未中奖,0.00,0.00,1,0,0,0,0,0,0,否,否,否,0,0,701375,701375,5061779692907441,9472584.0,9472544.0,
普通空转,254.json,254,0,,https://fish-games.s3.amazonaws.com/MahjongWays1/index.html?env=ceshislot.osshaiwai.com&hasFloat=0&token=436475c81b51e6893c740657870f86b7&language=en&debug=1&debugDataPath=https://raw.githubusercontent.com/jygameclub/testdataapi/main/mahjong1date/0525_0842&debugStart=254,https://raw.githubusercontent.com/jygameclub/testdataapi/main/mahjong1date/0525_0842/254.json,https://raw.githubusercontent.com/jygameclub/testdataapi/main/mahjong1date/0525_0842,未中奖,0.00,0.00,1,0,0,0,0,0,0,否,否,否,0,0,701376,701376,4021779692908243,9472544.0,9472504.0,
普通空转,255.json,255,0,,https://fish-games.s3.amazonaws.com/MahjongWays1/index.html?env=ceshislot.osshaiwai.com&hasFloat=0&token=436475c81b51e6893c740657870f86b7&language=en&debug=1&debugDataPath=https://raw.githubusercontent.com/jygameclub/testdataapi/main/mahjong1date/0525_0842&debugStart=255,https://raw.githubusercontent.com/jygameclub/testdataapi/main/mahjong1date/0525_0842/255.json,https://raw.githubusercontent.com/jygameclub/testdataapi/main/mahjong1date/0525_0842,未中奖,0.00,0.00,1,0,0,0,0,0,0,否,否,否,0,0,701377,701377,6571779692909041,9472504.0,9472464.0,
普通空转,258.json,258,0,,https://fish-games.s3.amazonaws.com/MahjongWays1/index.html?env=ceshislot.osshaiwai.com&hasFloat=0&token=436475c81b51e6893c740657870f86b7&language=en&debug=1&debugDataPath=https://raw.githubusercontent.com/jygameclub/testdataapi/main/mahjong1date/0525_0842&debugStart=258,https://raw.githubusercontent.com/jygameclub/testdataapi/main/mahjong1date/0525_0842/258.json,https://raw.githubusercontent.com/jygameclub/testdataapi/main/mahjong1date/0525_0842,未中奖,0.00,0.00,1,0,0,0,0,0,0,否,否,否,0,0,701391,701391,7481779692922476,9472784.0,9472744.0,
普通空转,259.json,259,0,,https://fish-games.s3.amazonaws.com/MahjongWays1/index.html?env=ceshislot.osshaiwai.com&hasFloat=0&token=436475c81b51e6893c740657870f86b7&language=en&debug=1&debugDataPath=https://raw.githubusercontent.com/jygameclub/testdataapi/main/mahjong1date/0525_0842&debugStart=259,https://raw.githubusercontent.com/jygameclub/testdataapi/main/mahjong1date/0525_0842/259.json,https://raw.githubusercontent.com/jygameclub/testdataapi/main/mahjong1date/0525_0842,未中奖,0.00,0.00,1,0,0,0,0,0,0,否,否,否,0,1,701392,701392,5051779692923277,9472744.0,9472704.0,
普通空转,261.json,261,0,,https://fish-games.s3.amazonaws.com/MahjongWays1/index.html?env=ceshislot.osshaiwai.com&hasFloat=0&token=436475c81b51e6893c740657870f86b7&language=en&debug=1&debugDataPath=https://raw.githubusercontent.com/jygameclub/testdataapi/main/mahjong1date/0525_0842&debugStart=261,https://raw.githubusercontent.com/jygameclub/testdataapi/main/mahjong1date/0525_0842/261.json,https://raw.githubusercontent.com/jygameclub/testdataapi/main/mahjong1date/0525_0842,未中奖,0.00,0.00,1,0,0,0,0,0,0,否,否,否,0,1,701397,701397,6531779692928426,9472784.0,9472744.0,
普通空转,263.json,263,0,,https://fish-games.s3.amazonaws.com/MahjongWays1/index.html?env=ceshislot.osshaiwai.com&hasFloat=0&token=436475c81b51e6893c740657870f86b7&language=en&debug=1&debugDataPath=https://raw.githubusercontent.com/jygameclub/testdataapi/main/mahjong1date/0525_0842&debugStart=263,https://raw.githubusercontent.com/jygameclub/testdataapi/main/mahjong1date/0525_0842/263.json,https://raw.githubusercontent.com/jygameclub/testdataapi/main/mahjong1date/0525_0842,未中奖,0.00,0.00,1,0,0,0,0,0,0,否,否,否,0,1,701402,701402,4211779692932524,9472720.0,9472680.0,
普通空转,264.json,264,0,,https://fish-games.s3.amazonaws.com/MahjongWays1/index.html?env=ceshislot.osshaiwai.com&hasFloat=0&token=436475c81b51e6893c740657870f86b7&language=en&debug=1&debugDataPath=https://raw.githubusercontent.com/jygameclub/testdataapi/main/mahjong1date/0525_0842&debugStart=264,https://raw.githubusercontent.com/jygameclub/testdataapi/main/mahjong1date/0525_0842/264.json,https://raw.githubusercontent.com/jygameclub/testdataapi/main/mahjong1date/0525_0842,未中奖,0.00,0.00,1,0,0,0,0,0,0,否,否,否,0,1,701404,701404,9911779692933925,9472680.0,9472640.0,
普通空转,266.json,266,0,,https://fish-games.s3.amazonaws.com/MahjongWays1/index.html?env=ceshislot.osshaiwai.com&hasFloat=0&token=436475c81b51e6893c740657870f86b7&language=en&debug=1&debugDataPath=https://raw.githubusercontent.com/jygameclub/testdataapi/main/mahjong1date/0525_0842&debugStart=266,https://raw.githubusercontent.com/jygameclub/testdataapi/main/mahjong1date/0525_0842/266.json,https://raw.githubusercontent.com/jygameclub/testdataapi/main/mahjong1date/0525_0842,未中奖,0.00,0.00,1,0,0,0,0,0,0,否,否,否,0,0,701410,701410,4541779692938091,9472608.0,9472568.0,
普通空转,267.json,267,0,,https://fish-games.s3.amazonaws.com/MahjongWays1/index.html?env=ceshislot.osshaiwai.com&hasFloat=0&token=436475c81b51e6893c740657870f86b7&language=en&debug=1&debugDataPath=https://raw.githubusercontent.com/jygameclub/testdataapi/main/mahjong1date/0525_0842&debugStart=267,https://raw.githubusercontent.com/jygameclub/testdataapi/main/mahjong1date/0525_0842/267.json,https://raw.githubusercontent.com/jygameclub/testdataapi/main/mahjong1date/0525_0842,未中奖,0.00,0.00,1,0,0,0,0,0,0,否,否,否,0,0,701411,701411,8301779692938876,9472568.0,9472528.0,
普通空转,268.json,268,0,,https://fish-games.s3.amazonaws.com/MahjongWays1/index.html?env=ceshislot.osshaiwai.com&hasFloat=0&token=436475c81b51e6893c740657870f86b7&language=en&debug=1&debugDataPath=https://raw.githubusercontent.com/jygameclub/testdataapi/main/mahjong1date/0525_0842&debugStart=268,https://raw.githubusercontent.com/jygameclub/testdataapi/main/mahjong1date/0525_0842/268.json,https://raw.githubusercontent.com/jygameclub/testdataapi/main/mahjong1date/0525_0842,未中奖,0.00,0.00,1,0,0,0,0,0,0,否,否,否,0,1,701412,701412,8801779692939658,9472528.0,9472488.0,
普通空转,269.json,269,0,,https://fish-games.s3.amazonaws.com/MahjongWays1/index.html?env=ceshislot.osshaiwai.com&hasFloat=0&token=436475c81b51e6893c740657870f86b7&language=en&debug=1&debugDataPath=https://raw.githubusercontent.com/jygameclub/testdataapi/main/mahjong1date/0525_0842&debugStart=269,https://raw.githubusercontent.com/jygameclub/testdataapi/main/mahjong1date/0525_0842/269.json,https://raw.githubusercontent.com/jygameclub/testdataapi/main/mahjong1date/0525_0842,未中奖,0.00,0.00,1,0,0,0,0,0,0,否,否,否,0,0,701415,701415,6151779692941073,9472488.0,9472448.0,
普通空转,271.json,271,0,,https://fish-games.s3.amazonaws.com/MahjongWays1/index.html?env=ceshislot.osshaiwai.com&hasFloat=0&token=436475c81b51e6893c740657870f86b7&language=en&debug=1&debugDataPath=https://raw.githubusercontent.com/jygameclub/testdataapi/main/mahjong1date/0525_0842&debugStart=271,https://raw.githubusercontent.com/jygameclub/testdataapi/main/mahjong1date/0525_0842/271.json,https://raw.githubusercontent.com/jygameclub/testdataapi/main/mahjong1date/0525_0842,未中奖,0.00,0.00,1,0,0,0,0,0,0,否,否,否,0,1,701422,701422,8241779692944690,9472416.0,9472376.0,
普通空转,272.json,272,0,,https://fish-games.s3.amazonaws.com/MahjongWays1/index.html?env=ceshislot.osshaiwai.com&hasFloat=0&token=436475c81b51e6893c740657870f86b7&language=en&debug=1&debugDataPath=https://raw.githubusercontent.com/jygameclub/testdataapi/main/mahjong1date/0525_0842&debugStart=272,https://raw.githubusercontent.com/jygameclub/testdataapi/main/mahjong1date/0525_0842/272.json,https://raw.githubusercontent.com/jygameclub/testdataapi/main/mahjong1date/0525_0842,未中奖,0.00,0.00,1,0,0,0,0,0,0,否,否,否,0,0,701424,701424,7521779692946109,9472376.0,9472336.0,
普通空转,273.json,273,0,,https://fish-games.s3.amazonaws.com/MahjongWays1/index.html?env=ceshislot.osshaiwai.com&hasFloat=0&token=436475c81b51e6893c740657870f86b7&language=en&debug=1&debugDataPath=https://raw.githubusercontent.com/jygameclub/testdataapi/main/mahjong1date/0525_0842&debugStart=273,https://raw.githubusercontent.com/jygameclub/testdataapi/main/mahjong1date/0525_0842/273.json,https://raw.githubusercontent.com/jygameclub/testdataapi/main/mahjong1date/0525_0842,未中奖,0.00,0.00,1,0,0,0,0,0,0,否,否,否,0,1,701426,701426,7581779692946891,9472336.0,9472296.0,
普通空转,274.json,274,0,,https://fish-games.s3.amazonaws.com/MahjongWays1/index.html?env=ceshislot.osshaiwai.com&hasFloat=0&token=436475c81b51e6893c740657870f86b7&language=en&debug=1&debugDataPath=https://raw.githubusercontent.com/jygameclub/testdataapi/main/mahjong1date/0525_0842&debugStart=274,https://raw.githubusercontent.com/jygameclub/testdataapi/main/mahjong1date/0525_0842/274.json,https://raw.githubusercontent.com/jygameclub/testdataapi/main/mahjong1date/0525_0842,未中奖,0.00,0.00,1,0,0,0,0,0,0,否,否,否,0,0,701428,701428,6631779692948293,9472296.0,9472256.0,
普通空转,275.json,275,0,,https://fish-games.s3.amazonaws.com/MahjongWays1/index.html?env=ceshislot.osshaiwai.com&hasFloat=0&token=436475c81b51e6893c740657870f86b7&language=en&debug=1&debugDataPath=https://raw.githubusercontent.com/jygameclub/testdataapi/main/mahjong1date/0525_0842&debugStart=275,https://raw.githubusercontent.com/jygameclub/testdataapi/main/mahjong1date/0525_0842/275.json,https://raw.githubusercontent.com/jygameclub/testdataapi/main/mahjong1date/0525_0842,未中奖,0.00,0.00,1,0,0,0,0,0,0,否,否,否,0,2,701430,701430,1501779692949091,9472256.0,9472216.0,
普通空转,276.json,276,0,,https://fish-games.s3.amazonaws.com/MahjongWays1/index.html?env=ceshislot.osshaiwai.com&hasFloat=0&token=436475c81b51e6893c740657870f86b7&language=en&debug=1&debugDataPath=https://raw.githubusercontent.com/jygameclub/testdataapi/main/mahjong1date/0525_0842&debugStart=276,https://raw.githubusercontent.com/jygameclub/testdataapi/main/mahjong1date/0525_0842/276.json,https://raw.githubusercontent.com/jygameclub/testdataapi/main/mahjong1date/0525_0842,未中奖,0.00,0.00,1,0,0,0,0,0,0,否,否,否,0,0,701431,701431,4071779692950624,9472216.0,9472176.0,
普通空转,277.json,277,0,,https://fish-games.s3.amazonaws.com/MahjongWays1/index.html?env=ceshislot.osshaiwai.com&hasFloat=0&token=436475c81b51e6893c740657870f86b7&language=en&debug=1&debugDataPath=https://raw.githubusercontent.com/jygameclub/testdataapi/main/mahjong1date/0525_0842&debugStart=277,https://raw.githubusercontent.com/jygameclub/testdataapi/main/mahjong1date/0525_0842/277.json,https://raw.githubusercontent.com/jygameclub/testdataapi/main/mahjong1date/0525_0842,未中奖,0.00,0.00,1,0,0,0,0,0,0,否,否,否,0,0,701435,701435,8391779692951424,9472176.0,9472136.0,
普通空转,278.json,278,0,,https://fish-games.s3.amazonaws.com/MahjongWays1/index.html?env=ceshislot.osshaiwai.com&hasFloat=0&token=436475c81b51e6893c740657870f86b7&language=en&debug=1&debugDataPath=https://raw.githubusercontent.com/jygameclub/testdataapi/main/mahjong1date/0525_0842&debugStart=278,https://raw.githubusercontent.com/jygameclub/testdataapi/main/mahjong1date/0525_0842/278.json,https://raw.githubusercontent.com/jygameclub/testdataapi/main/mahjong1date/0525_0842,未中奖,0.00,0.00,1,0,0,0,0,0,0,否,否,否,0,0,701436,701436,9941779692952291,9472136.0,9472096.0,
普通空转,281.json,281,0,,https://fish-games.s3.amazonaws.com/MahjongWays1/index.html?env=ceshislot.osshaiwai.com&hasFloat=0&token=436475c81b51e6893c740657870f86b7&language=en&debug=1&debugDataPath=https://raw.githubusercontent.com/jygameclub/testdataapi/main/mahjong1date/0525_0842&debugStart=281,https://raw.githubusercontent.com/jygameclub/testdataapi/main/mahjong1date/0525_0842/281.json,https://raw.githubusercontent.com/jygameclub/testdataapi/main/mahjong1date/0525_0842,未中奖,0.00,0.00,1,0,0,0,0,0,0,否,否,否,0,0,701460,701460,9231779692972474,9473476.0,9473436.0,
普通空转,282.json,282,0,,https://fish-games.s3.amazonaws.com/MahjongWays1/index.html?env=ceshislot.osshaiwai.com&hasFloat=0&token=436475c81b51e6893c740657870f86b7&language=en&debug=1&debugDataPath=https://raw.githubusercontent.com/jygameclub/testdataapi/main/mahjong1date/0525_0842&debugStart=282,https://raw.githubusercontent.com/jygameclub/testdataapi/main/mahjong1date/0525_0842/282.json,https://raw.githubusercontent.com/jygameclub/testdataapi/main/mahjong1date/0525_0842,未中奖,0.00,0.00,1,0,0,0,0,0,0,否,否,否,0,1,701461,701461,8731779692973275,9473436.0,9473396.0,
普通空转,283.json,283,0,,https://fish-games.s3.amazonaws.com/MahjongWays1/index.html?env=ceshislot.osshaiwai.com&hasFloat=0&token=436475c81b51e6893c740657870f86b7&language=en&debug=1&debugDataPath=https://raw.githubusercontent.com/jygameclub/testdataapi/main/mahjong1date/0525_0842&debugStart=283,https://raw.githubusercontent.com/jygameclub/testdataapi/main/mahjong1date/0525_0842/283.json,https://raw.githubusercontent.com/jygameclub/testdataapi/main/mahjong1date/0525_0842,未中奖,0.00,0.00,1,0,0,0,0,0,0,否,否,否,0,0,701463,701463,4111779692974674,9473396.0,9473356.0,
普通空转,284.json,284,0,,https://fish-games.s3.amazonaws.com/MahjongWays1/index.html?env=ceshislot.osshaiwai.com&hasFloat=0&token=436475c81b51e6893c740657870f86b7&language=en&debug=1&debugDataPath=https://raw.githubusercontent.com/jygameclub/testdataapi/main/mahjong1date/0525_0842&debugStart=284,https://raw.githubusercontent.com/jygameclub/testdataapi/main/mahjong1date/0525_0842/284.json,https://raw.githubusercontent.com/jygameclub/testdataapi/main/mahjong1date/0525_0842,未中奖,0.00,0.00,1,0,0,0,0,0,0,否,否,否,0,0,701465,701465,4701779692975474,9473356.0,9473316.0,
普通空转,285.json,285,0,,https://fish-games.s3.amazonaws.com/MahjongWays1/index.html?env=ceshislot.osshaiwai.com&hasFloat=0&token=436475c81b51e6893c740657870f86b7&language=en&debug=1&debugDataPath=https://raw.githubusercontent.com/jygameclub/testdataapi/main/mahjong1date/0525_0842&debugStart=285,https://raw.githubusercontent.com/jygameclub/testdataapi/main/mahjong1date/0525_0842/285.json,https://raw.githubusercontent.com/jygameclub/testdataapi/main/mahjong1date/0525_0842,未中奖,0.00,0.00,1,0,0,0,0,0,0,否,否,否,0,0,701466,701466,6791779692976274,9473316.0,9473276.0,
普通空转,286.json,286,0,,https://fish-games.s3.amazonaws.com/MahjongWays1/index.html?env=ceshislot.osshaiwai.com&hasFloat=0&token=436475c81b51e6893c740657870f86b7&language=en&debug=1&debugDataPath=https://raw.githubusercontent.com/jygameclub/testdataapi/main/mahjong1date/0525_0842&debugStart=286,https://raw.githubusercontent.com/jygameclub/testdataapi/main/mahjong1date/0525_0842/286.json,https://raw.githubusercontent.com/jygameclub/testdataapi/main/mahjong1date/0525_0842,未中奖,0.00,0.00,1,0,0,0,0,0,0,否,否,否,0,1,701467,701467,2001779692977058,9473276.0,9473236.0,
普通空转,287.json,287,0,,https://fish-games.s3.amazonaws.com/MahjongWays1/index.html?env=ceshislot.osshaiwai.com&hasFloat=0&token=436475c81b51e6893c740657870f86b7&language=en&debug=1&debugDataPath=https://raw.githubusercontent.com/jygameclub/testdataapi/main/mahjong1date/0525_0842&debugStart=287,https://raw.githubusercontent.com/jygameclub/testdataapi/main/mahjong1date/0525_0842/287.json,https://raw.githubusercontent.com/jygameclub/testdataapi/main/mahjong1date/0525_0842,未中奖,0.00,0.00,1,0,0,0,0,0,0,否,否,否,0,0,701469,701469,6841779692978458,9473236.0,9473196.0,
普通空转,288.json,288,0,,https://fish-games.s3.amazonaws.com/MahjongWays1/index.html?env=ceshislot.osshaiwai.com&hasFloat=0&token=436475c81b51e6893c740657870f86b7&language=en&debug=1&debugDataPath=https://raw.githubusercontent.com/jygameclub/testdataapi/main/mahjong1date/0525_0842&debugStart=288,https://raw.githubusercontent.com/jygameclub/testdataapi/main/mahjong1date/0525_0842/288.json,https://raw.githubusercontent.com/jygameclub/testdataapi/main/mahjong1date/0525_0842,未中奖,0.00,0.00,1,0,0,0,0,0,0,否,否,否,0,0,701470,701470,7691779692979259,9473196.0,9473156.0,
普通空转,289.json,289,0,,https://fish-games.s3.amazonaws.com/MahjongWays1/index.html?env=ceshislot.osshaiwai.com&hasFloat=0&token=436475c81b51e6893c740657870f86b7&language=en&debug=1&debugDataPath=https://raw.githubusercontent.com/jygameclub/testdataapi/main/mahjong1date/0525_0842&debugStart=289,https://raw.githubusercontent.com/jygameclub/testdataapi/main/mahjong1date/0525_0842/289.json,https://raw.githubusercontent.com/jygameclub/testdataapi/main/mahjong1date/0525_0842,未中奖,0.00,0.00,1,0,0,0,0,0,0,否,否,否,0,0,701472,701472,5471779692980041,9473156.0,9473116.0,
普通空转,291.json,291,0,,https://fish-games.s3.amazonaws.com/MahjongWays1/index.html?env=ceshislot.osshaiwai.com&hasFloat=0&token=436475c81b51e6893c740657870f86b7&language=en&debug=1&debugDataPath=https://raw.githubusercontent.com/jygameclub/testdataapi/main/mahjong1date/0525_0842&debugStart=291,https://raw.githubusercontent.com/jygameclub/testdataapi/main/mahjong1date/0525_0842/291.json,https://raw.githubusercontent.com/jygameclub/testdataapi/main/mahjong1date/0525_0842,未中奖,0.00,0.00,1,0,0,0,0,0,0,否,否,否,0,0,701481,701481,7871779692985560,9473206.0,9473166.0,
普通空转,292.json,292,0,,https://fish-games.s3.amazonaws.com/MahjongWays1/index.html?env=ceshislot.osshaiwai.com&hasFloat=0&token=436475c81b51e6893c740657870f86b7&language=en&debug=1&debugDataPath=https://raw.githubusercontent.com/jygameclub/testdataapi/main/mahjong1date/0525_0842&debugStart=292,https://raw.githubusercontent.com/jygameclub/testdataapi/main/mahjong1date/0525_0842/292.json,https://raw.githubusercontent.com/jygameclub/testdataapi/main/mahjong1date/0525_0842,未中奖,0.00,0.00,1,0,0,0,0,0,0,否,否,否,0,1,701483,701483,6251779692986341,9473166.0,9473126.0,
普通空转,293.json,293,0,,https://fish-games.s3.amazonaws.com/MahjongWays1/index.html?env=ceshislot.osshaiwai.com&hasFloat=0&token=436475c81b51e6893c740657870f86b7&language=en&debug=1&debugDataPath=https://raw.githubusercontent.com/jygameclub/testdataapi/main/mahjong1date/0525_0842&debugStart=293,https://raw.githubusercontent.com/jygameclub/testdataapi/main/mahjong1date/0525_0842/293.json,https://raw.githubusercontent.com/jygameclub/testdataapi/main/mahjong1date/0525_0842,未中奖,0.00,0.00,1,0,0,0,0,0,0,否,否,否,0,1,701487,701487,8201779692987741,9473126.0,9473086.0,
普通空转,294.json,294,0,,https://fish-games.s3.amazonaws.com/MahjongWays1/index.html?env=ceshislot.osshaiwai.com&hasFloat=0&token=436475c81b51e6893c740657870f86b7&language=en&debug=1&debugDataPath=https://raw.githubusercontent.com/jygameclub/testdataapi/main/mahjong1date/0525_0842&debugStart=294,https://raw.githubusercontent.com/jygameclub/testdataapi/main/mahjong1date/0525_0842/294.json,https://raw.githubusercontent.com/jygameclub/testdataapi/main/mahjong1date/0525_0842,未中奖,0.00,0.00,1,0,0,0,0,0,0,否,否,否,0,0,701490,701490,3981779692989158,9473086.0,9473046.0,
普通空转,296.json,296,0,,https://fish-games.s3.amazonaws.com/MahjongWays1/index.html?env=ceshislot.osshaiwai.com&hasFloat=0&token=436475c81b51e6893c740657870f86b7&language=en&debug=1&debugDataPath=https://raw.githubusercontent.com/jygameclub/testdataapi/main/mahjong1date/0525_0842&debugStart=296,https://raw.githubusercontent.com/jygameclub/testdataapi/main/mahjong1date/0525_0842/296.json,https://raw.githubusercontent.com/jygameclub/testdataapi/main/mahjong1date/0525_0842,未中奖,0.00,0.00,1,0,0,0,0,0,0,否,否,否,0,0,701508,701508,3971779693013400,9473026.0,9472986.0,
普通空转,298.json,298,0,,https://fish-games.s3.amazonaws.com/MahjongWays1/index.html?env=ceshislot.osshaiwai.com&hasFloat=0&token=436475c81b51e6893c740657870f86b7&language=en&debug=1&debugDataPath=https://raw.githubusercontent.com/jygameclub/testdataapi/main/mahjong1date/0525_0842&debugStart=298,https://raw.githubusercontent.com/jygameclub/testdataapi/main/mahjong1date/0525_0842/298.json,https://raw.githubusercontent.com/jygameclub/testdataapi/main/mahjong1date/0525_0842,未中奖,0.00,0.00,1,0,0,0,0,0,0,否,否,否,0,1,702054,702054,5861779693714408,9472954.0,9472914.0,
普通空转,299.json,299,0,,https://fish-games.s3.amazonaws.com/MahjongWays1/index.html?env=ceshislot.osshaiwai.com&hasFloat=0&token=436475c81b51e6893c740657870f86b7&language=en&debug=1&debugDataPath=https://raw.githubusercontent.com/jygameclub/testdataapi/main/mahjong1date/0525_0842&debugStart=299,https://raw.githubusercontent.com/jygameclub/testdataapi/main/mahjong1date/0525_0842/299.json,https://raw.githubusercontent.com/jygameclub/testdataapi/main/mahjong1date/0525_0842,未中奖,0.00,0.00,1,0,0,0,0,0,0,否,否,否,0,0,702241,702241,9061779694083807,9472914.0,9472874.0,
普通空转,300.json,300,0,,https://fish-games.s3.amazonaws.com/MahjongWays1/index.html?env=ceshislot.osshaiwai.com&hasFloat=0&token=436475c81b51e6893c740657870f86b7&language=en&debug=1&debugDataPath=https://raw.githubusercontent.com/jygameclub/testdataapi/main/mahjong1date/0525_0842&debugStart=300,https://raw.githubusercontent.com/jygameclub/testdataapi/main/mahjong1date/0525_0842/300.json,https://raw.githubusercontent.com/jygameclub/testdataapi/main/mahjong1date/0525_0842,未中奖,0.00,0.00,1,0,0,0,0,0,0,否,否,否,0,1,702242,702242,9351779694084740,9472874.0,9472834.0,
普通空转,301.json,301,0,,https://fish-games.s3.amazonaws.com/MahjongWays1/index.html?env=ceshislot.osshaiwai.com&hasFloat=0&token=436475c81b51e6893c740657870f86b7&language=en&debug=1&debugDataPath=https://raw.githubusercontent.com/jygameclub/testdataapi/main/mahjong1date/0525_0842&debugStart=301,https://raw.githubusercontent.com/jygameclub/testdataapi/main/mahjong1date/0525_0842/301.json,https://raw.githubusercontent.com/jygameclub/testdataapi/main/mahjong1date/0525_0842,未中奖,0.00,0.00,1,0,0,0,0,0,0,否,否,否,0,1,702246,702246,5811779694086140,9472834.0,9472794.0,
普通空转,302.json,302,0,,https://fish-games.s3.amazonaws.com/MahjongWays1/index.html?env=ceshislot.osshaiwai.com&hasFloat=0&token=436475c81b51e6893c740657870f86b7&language=en&debug=1&debugDataPath=https://raw.githubusercontent.com/jygameclub/testdataapi/main/mahjong1date/0525_0842&debugStart=302,https://raw.githubusercontent.com/jygameclub/testdataapi/main/mahjong1date/0525_0842/302.json,https://raw.githubusercontent.com/jygameclub/testdataapi/main/mahjong1date/0525_0842,未中奖,0.00,0.00,1,0,0,0,0,0,0,否,否,否,0,0,702249,702249,8611779694087941,9472794.0,9472754.0,
普通空转,303.json,303,0,,https://fish-games.s3.amazonaws.com/MahjongWays1/index.html?env=ceshislot.osshaiwai.com&hasFloat=0&token=436475c81b51e6893c740657870f86b7&language=en&debug=1&debugDataPath=https://raw.githubusercontent.com/jygameclub/testdataapi/main/mahjong1date/0525_0842&debugStart=303,https://raw.githubusercontent.com/jygameclub/testdataapi/main/mahjong1date/0525_0842/303.json,https://raw.githubusercontent.com/jygameclub/testdataapi/main/mahjong1date/0525_0842,未中奖,0.00,0.00,1,0,0,0,0,0,0,否,否,否,0,1,702252,702252,8061779694088793,9472754.0,9472714.0,
普通空转,307.json,307,0,,https://fish-games.s3.amazonaws.com/MahjongWays1/index.html?env=ceshislot.osshaiwai.com&hasFloat=0&token=436475c81b51e6893c740657870f86b7&language=en&debug=1&debugDataPath=https://raw.githubusercontent.com/jygameclub/testdataapi/main/mahjong1date/0525_0842&debugStart=307,https://raw.githubusercontent.com/jygameclub/testdataapi/main/mahjong1date/0525_0842/307.json,https://raw.githubusercontent.com/jygameclub/testdataapi/main/mahjong1date/0525_0842,未中奖,0.00,0.00,1,0,0,0,0,0,0,否,否,否,0,0,702279,702279,6181779694104455,9472890.0,9472850.0,
普通空转,308.json,308,0,,https://fish-games.s3.amazonaws.com/MahjongWays1/index.html?env=ceshislot.osshaiwai.com&hasFloat=0&token=436475c81b51e6893c740657870f86b7&language=en&debug=1&debugDataPath=https://raw.githubusercontent.com/jygameclub/testdataapi/main/mahjong1date/0525_0842&debugStart=308,https://raw.githubusercontent.com/jygameclub/testdataapi/main/mahjong1date/0525_0842/308.json,https://raw.githubusercontent.com/jygameclub/testdataapi/main/mahjong1date/0525_0842,未中奖,0.00,0.00,1,0,0,0,0,0,0,否,否,否,0,0,702281,702281,5961779694105238,9472850.0,9472810.0,
普通空转,309.json,309,0,,https://fish-games.s3.amazonaws.com/MahjongWays1/index.html?env=ceshislot.osshaiwai.com&hasFloat=0&token=436475c81b51e6893c740657870f86b7&language=en&debug=1&debugDataPath=https://raw.githubusercontent.com/jygameclub/testdataapi/main/mahjong1date/0525_0842&debugStart=309,https://raw.githubusercontent.com/jygameclub/testdataapi/main/mahjong1date/0525_0842/309.json,https://raw.githubusercontent.com/jygameclub/testdataapi/main/mahjong1date/0525_0842,未中奖,0.00,0.00,1,0,0,0,0,0,0,否,否,否,0,1,702283,702283,3991779694106072,9472810.0,9472770.0,
普通空转,310.json,310,0,,https://fish-games.s3.amazonaws.com/MahjongWays1/index.html?env=ceshislot.osshaiwai.com&hasFloat=0&token=436475c81b51e6893c740657870f86b7&language=en&debug=1&debugDataPath=https://raw.githubusercontent.com/jygameclub/testdataapi/main/mahjong1date/0525_0842&debugStart=310,https://raw.githubusercontent.com/jygameclub/testdataapi/main/mahjong1date/0525_0842/310.json,https://raw.githubusercontent.com/jygameclub/testdataapi/main/mahjong1date/0525_0842,未中奖,0.00,0.00,1,0,0,0,0,0,0,否,否,否,0,0,702285,702285,2441779694107490,9472770.0,9472730.0,
普通空转,311.json,311,0,,https://fish-games.s3.amazonaws.com/MahjongWays1/index.html?env=ceshislot.osshaiwai.com&hasFloat=0&token=436475c81b51e6893c740657870f86b7&language=en&debug=1&debugDataPath=https://raw.githubusercontent.com/jygameclub/testdataapi/main/mahjong1date/0525_0842&debugStart=311,https://raw.githubusercontent.com/jygameclub/testdataapi/main/mahjong1date/0525_0842/311.json,https://raw.githubusercontent.com/jygameclub/testdataapi/main/mahjong1date/0525_0842,未中奖,0.00,0.00,1,0,0,0,0,0,0,否,否,否,0,1,702287,702287,8531779694108358,9472730.0,9472690.0,
普通空转,312.json,312,0,,https://fish-games.s3.amazonaws.com/MahjongWays1/index.html?env=ceshislot.osshaiwai.com&hasFloat=0&token=436475c81b51e6893c740657870f86b7&language=en&debug=1&debugDataPath=https://raw.githubusercontent.com/jygameclub/testdataapi/main/mahjong1date/0525_0842&debugStart=312,https://raw.githubusercontent.com/jygameclub/testdataapi/main/mahjong1date/0525_0842/312.json,https://raw.githubusercontent.com/jygameclub/testdataapi/main/mahjong1date/0525_0842,未中奖,0.00,0.00,1,0,0,0,0,0,0,否,否,否,0,1,702290,702290,2251779694109906,9472690.0,9472650.0,
普通空转,314.json,314,0,,https://fish-games.s3.amazonaws.com/MahjongWays1/index.html?env=ceshislot.osshaiwai.com&hasFloat=0&token=436475c81b51e6893c740657870f86b7&language=en&debug=1&debugDataPath=https://raw.githubusercontent.com/jygameclub/testdataapi/main/mahjong1date/0525_0842&debugStart=314,https://raw.githubusercontent.com/jygameclub/testdataapi/main/mahjong1date/0525_0842/314.json,https://raw.githubusercontent.com/jygameclub/testdataapi/main/mahjong1date/0525_0842,未中奖,0.00,0.00,1,0,0,0,0,0,0,否,否,否,0,0,702304,702304,2261779694118139,9472898.0,9472858.0,
普通空转,315.json,315,0,,https://fish-games.s3.amazonaws.com/MahjongWays1/index.html?env=ceshislot.osshaiwai.com&hasFloat=0&token=436475c81b51e6893c740657870f86b7&language=en&debug=1&debugDataPath=https://raw.githubusercontent.com/jygameclub/testdataapi/main/mahjong1date/0525_0842&debugStart=315,https://raw.githubusercontent.com/jygameclub/testdataapi/main/mahjong1date/0525_0842/315.json,https://raw.githubusercontent.com/jygameclub/testdataapi/main/mahjong1date/0525_0842,未中奖,0.00,0.00,1,0,0,0,0,0,0,否,否,否,0,0,702305,702305,1231779694118939,9472858.0,9472818.0,
普通空转,320.json,320,0,,https://fish-games.s3.amazonaws.com/MahjongWays1/index.html?env=ceshislot.osshaiwai.com&hasFloat=0&token=436475c81b51e6893c740657870f86b7&language=en&debug=1&debugDataPath=https://raw.githubusercontent.com/jygameclub/testdataapi/main/mahjong1date/0525_0842&debugStart=320,https://raw.githubusercontent.com/jygameclub/testdataapi/main/mahjong1date/0525_0842/320.json,https://raw.githubusercontent.com/jygameclub/testdataapi/main/mahjong1date/0525_0842,未中奖,0.00,0.00,1,0,0,0,0,0,0,否,否,否,0,1,702347,702347,6191779694149273,9474102.0,9474062.0,
普通空转,321.json,321,0,,https://fish-games.s3.amazonaws.com/MahjongWays1/index.html?env=ceshislot.osshaiwai.com&hasFloat=0&token=436475c81b51e6893c740657870f86b7&language=en&debug=1&debugDataPath=https://raw.githubusercontent.com/jygameclub/testdataapi/main/mahjong1date/0525_0842&debugStart=321,https://raw.githubusercontent.com/jygameclub/testdataapi/main/mahjong1date/0525_0842/321.json,https://raw.githubusercontent.com/jygameclub/testdataapi/main/mahjong1date/0525_0842,未中奖,0.00,0.00,1,0,0,0,0,0,0,否,否,否,0,0,702349,702349,1421779694150672,9474062.0,9474022.0,
普通空转,322.json,322,0,,https://fish-games.s3.amazonaws.com/MahjongWays1/index.html?env=ceshislot.osshaiwai.com&hasFloat=0&token=436475c81b51e6893c740657870f86b7&language=en&debug=1&debugDataPath=https://raw.githubusercontent.com/jygameclub/testdataapi/main/mahjong1date/0525_0842&debugStart=322,https://raw.githubusercontent.com/jygameclub/testdataapi/main/mahjong1date/0525_0842/322.json,https://raw.githubusercontent.com/jygameclub/testdataapi/main/mahjong1date/0525_0842,未中奖,0.00,0.00,1,0,0,0,0,0,0,否,否,否,0,0,702350,702350,7771779694151456,9474022.0,9473982.0,
普通空转,323.json,323,0,,https://fish-games.s3.amazonaws.com/MahjongWays1/index.html?env=ceshislot.osshaiwai.com&hasFloat=0&token=436475c81b51e6893c740657870f86b7&language=en&debug=1&debugDataPath=https://raw.githubusercontent.com/jygameclub/testdataapi/main/mahjong1date/0525_0842&debugStart=323,https://raw.githubusercontent.com/jygameclub/testdataapi/main/mahjong1date/0525_0842/323.json,https://raw.githubusercontent.com/jygameclub/testdataapi/main/mahjong1date/0525_0842,未中奖,0.00,0.00,1,0,0,0,0,0,0,否,否,否,0,0,702352,702352,2701779694152238,9473982.0,9473942.0,
普通空转,324.json,324,0,,https://fish-games.s3.amazonaws.com/MahjongWays1/index.html?env=ceshislot.osshaiwai.com&hasFloat=0&token=436475c81b51e6893c740657870f86b7&language=en&debug=1&debugDataPath=https://raw.githubusercontent.com/jygameclub/testdataapi/main/mahjong1date/0525_0842&debugStart=324,https://raw.githubusercontent.com/jygameclub/testdataapi/main/mahjong1date/0525_0842/324.json,https://raw.githubusercontent.com/jygameclub/testdataapi/main/mahjong1date/0525_0842,未中奖,0.00,0.00,1,0,0,0,0,0,0,否,否,否,0,0,702354,702354,3251779694153022,9473942.0,9473902.0,
普通空转,325.json,325,0,,https://fish-games.s3.amazonaws.com/MahjongWays1/index.html?env=ceshislot.osshaiwai.com&hasFloat=0&token=436475c81b51e6893c740657870f86b7&language=en&debug=1&debugDataPath=https://raw.githubusercontent.com/jygameclub/testdataapi/main/mahjong1date/0525_0842&debugStart=325,https://raw.githubusercontent.com/jygameclub/testdataapi/main/mahjong1date/0525_0842/325.json,https://raw.githubusercontent.com/jygameclub/testdataapi/main/mahjong1date/0525_0842,未中奖,0.00,0.00,1,0,0,0,0,0,0,否,否,否,0,0,702355,702355,4181779694153806,9473902.0,9473862.0,
普通空转,326.json,326,0,,https://fish-games.s3.amazonaws.com/MahjongWays1/index.html?env=ceshislot.osshaiwai.com&hasFloat=0&token=436475c81b51e6893c740657870f86b7&language=en&debug=1&debugDataPath=https://raw.githubusercontent.com/jygameclub/testdataapi/main/mahjong1date/0525_0842&debugStart=326,https://raw.githubusercontent.com/jygameclub/testdataapi/main/mahjong1date/0525_0842/326.json,https://raw.githubusercontent.com/jygameclub/testdataapi/main/mahjong1date/0525_0842,未中奖,0.00,0.00,1,0,0,0,0,0,0,否,否,否,0,2,702357,702357,5991779694154606,9473862.0,9473822.0,
普通空转,327.json,327,0,,https://fish-games.s3.amazonaws.com/MahjongWays1/index.html?env=ceshislot.osshaiwai.com&hasFloat=0&token=436475c81b51e6893c740657870f86b7&language=en&debug=1&debugDataPath=https://raw.githubusercontent.com/jygameclub/testdataapi/main/mahjong1date/0525_0842&debugStart=327,https://raw.githubusercontent.com/jygameclub/testdataapi/main/mahjong1date/0525_0842/327.json,https://raw.githubusercontent.com/jygameclub/testdataapi/main/mahjong1date/0525_0842,未中奖,0.00,0.00,1,0,0,0,0,0,0,否,否,否,0,0,702358,702358,5051779694156123,9473822.0,9473782.0,
普通空转,328.json,328,0,,https://fish-games.s3.amazonaws.com/MahjongWays1/index.html?env=ceshislot.osshaiwai.com&hasFloat=0&token=436475c81b51e6893c740657870f86b7&language=en&debug=1&debugDataPath=https://raw.githubusercontent.com/jygameclub/testdataapi/main/mahjong1date/0525_0842&debugStart=328,https://raw.githubusercontent.com/jygameclub/testdataapi/main/mahjong1date/0525_0842/328.json,https://raw.githubusercontent.com/jygameclub/testdataapi/main/mahjong1date/0525_0842,未中奖,0.00,0.00,1,0,0,0,0,0,0,否,否,否,0,1,702360,702360,5641779694156905,9473782.0,9473742.0,
普通空转,329.json,329,0,,https://fish-games.s3.amazonaws.com/MahjongWays1/index.html?env=ceshislot.osshaiwai.com&hasFloat=0&token=436475c81b51e6893c740657870f86b7&language=en&debug=1&debugDataPath=https://raw.githubusercontent.com/jygameclub/testdataapi/main/mahjong1date/0525_0842&debugStart=329,https://raw.githubusercontent.com/jygameclub/testdataapi/main/mahjong1date/0525_0842/329.json,https://raw.githubusercontent.com/jygameclub/testdataapi/main/mahjong1date/0525_0842,未中奖,0.00,0.00,1,0,0,0,0,0,0,否,否,否,0,0,702362,702362,4561779694158305,9473742.0,9473702.0,
普通空转,330.json,330,0,,https://fish-games.s3.amazonaws.com/MahjongWays1/index.html?env=ceshislot.osshaiwai.com&hasFloat=0&token=436475c81b51e6893c740657870f86b7&language=en&debug=1&debugDataPath=https://raw.githubusercontent.com/jygameclub/testdataapi/main/mahjong1date/0525_0842&debugStart=330,https://raw.githubusercontent.com/jygameclub/testdataapi/main/mahjong1date/0525_0842/330.json,https://raw.githubusercontent.com/jygameclub/testdataapi/main/mahjong1date/0525_0842,未中奖,0.00,0.00,1,0,0,0,0,0,0,否,否,否,0,0,702363,702363,6141779694159089,9473702.0,9473662.0,
普通空转,333.json,333,0,,https://fish-games.s3.amazonaws.com/MahjongWays1/index.html?env=ceshislot.osshaiwai.com&hasFloat=0&token=436475c81b51e6893c740657870f86b7&language=en&debug=1&debugDataPath=https://raw.githubusercontent.com/jygameclub/testdataapi/main/mahjong1date/0525_0842&debugStart=333,https://raw.githubusercontent.com/jygameclub/testdataapi/main/mahjong1date/0525_0842/333.json,https://raw.githubusercontent.com/jygameclub/testdataapi/main/mahjong1date/0525_0842,未中奖,0.00,0.00,1,0,0,0,0,0,0,否,否,否,0,0,702378,702378,4461779694167339,9473730.0,9473690.0,
普通空转,334.json,334,0,,https://fish-games.s3.amazonaws.com/MahjongWays1/index.html?env=ceshislot.osshaiwai.com&hasFloat=0&token=436475c81b51e6893c740657870f86b7&language=en&debug=1&debugDataPath=https://raw.githubusercontent.com/jygameclub/testdataapi/main/mahjong1date/0525_0842&debugStart=334,https://raw.githubusercontent.com/jygameclub/testdataapi/main/mahjong1date/0525_0842/334.json,https://raw.githubusercontent.com/jygameclub/testdataapi/main/mahjong1date/0525_0842,未中奖,0.00,0.00,1,0,0,0,0,0,0,否,否,否,0,1,702381,702381,5901779694168122,9473690.0,9473650.0,
普通空转,335.json,335,0,,https://fish-games.s3.amazonaws.com/MahjongWays1/index.html?env=ceshislot.osshaiwai.com&hasFloat=0&token=436475c81b51e6893c740657870f86b7&language=en&debug=1&debugDataPath=https://raw.githubusercontent.com/jygameclub/testdataapi/main/mahjong1date/0525_0842&debugStart=335,https://raw.githubusercontent.com/jygameclub/testdataapi/main/mahjong1date/0525_0842/335.json,https://raw.githubusercontent.com/jygameclub/testdataapi/main/mahjong1date/0525_0842,未中奖,0.00,0.00,1,0,0,0,0,0,0,否,否,否,0,0,702383,702383,2001779694169539,9473650.0,9473610.0,
普通空转,336.json,336,0,,https://fish-games.s3.amazonaws.com/MahjongWays1/index.html?env=ceshislot.osshaiwai.com&hasFloat=0&token=436475c81b51e6893c740657870f86b7&language=en&debug=1&debugDataPath=https://raw.githubusercontent.com/jygameclub/testdataapi/main/mahjong1date/0525_0842&debugStart=336,https://raw.githubusercontent.com/jygameclub/testdataapi/main/mahjong1date/0525_0842/336.json,https://raw.githubusercontent.com/jygameclub/testdataapi/main/mahjong1date/0525_0842,未中奖,0.00,0.00,1,0,0,0,0,0,0,否,否,否,0,0,702385,702385,6071779694170323,9473610.0,9473570.0,
普通空转,337.json,337,0,,https://fish-games.s3.amazonaws.com/MahjongWays1/index.html?env=ceshislot.osshaiwai.com&hasFloat=0&token=436475c81b51e6893c740657870f86b7&language=en&debug=1&debugDataPath=https://raw.githubusercontent.com/jygameclub/testdataapi/main/mahjong1date/0525_0842&debugStart=337,https://raw.githubusercontent.com/jygameclub/testdataapi/main/mahjong1date/0525_0842/337.json,https://raw.githubusercontent.com/jygameclub/testdataapi/main/mahjong1date/0525_0842,未中奖,0.00,0.00,1,0,0,0,0,0,0,否,否,否,0,0,702386,702386,5081779694171122,9473570.0,9473530.0,
普通空转,338.json,338,0,,https://fish-games.s3.amazonaws.com/MahjongWays1/index.html?env=ceshislot.osshaiwai.com&hasFloat=0&token=436475c81b51e6893c740657870f86b7&language=en&debug=1&debugDataPath=https://raw.githubusercontent.com/jygameclub/testdataapi/main/mahjong1date/0525_0842&debugStart=338,https://raw.githubusercontent.com/jygameclub/testdataapi/main/mahjong1date/0525_0842/338.json,https://raw.githubusercontent.com/jygameclub/testdataapi/main/mahjong1date/0525_0842,未中奖,0.00,0.00,1,0,0,0,0,0,0,否,否,否,0,1,702388,702388,9081779694171922,9473530.0,9473490.0,
普通空转,339.json,339,0,,https://fish-games.s3.amazonaws.com/MahjongWays1/index.html?env=ceshislot.osshaiwai.com&hasFloat=0&token=436475c81b51e6893c740657870f86b7&language=en&debug=1&debugDataPath=https://raw.githubusercontent.com/jygameclub/testdataapi/main/mahjong1date/0525_0842&debugStart=339,https://raw.githubusercontent.com/jygameclub/testdataapi/main/mahjong1date/0525_0842/339.json,https://raw.githubusercontent.com/jygameclub/testdataapi/main/mahjong1date/0525_0842,未中奖,0.00,0.00,1,0,0,0,0,0,0,否,否,否,0,0,702392,702392,9711779694173325,9473490.0,9473450.0,
普通空转,341.json,341,0,,https://fish-games.s3.amazonaws.com/MahjongWays1/index.html?env=ceshislot.osshaiwai.com&hasFloat=0&token=436475c81b51e6893c740657870f86b7&language=en&debug=1&debugDataPath=https://raw.githubusercontent.com/jygameclub/testdataapi/main/mahjong1date/0525_0842&debugStart=341,https://raw.githubusercontent.com/jygameclub/testdataapi/main/mahjong1date/0525_0842/341.json,https://raw.githubusercontent.com/jygameclub/testdataapi/main/mahjong1date/0525_0842,未中奖,0.00,0.00,1,0,0,0,0,0,0,否,否,否,0,0,702398,702398,8521779694176891,9473418.0,9473378.0,
普通空转,342.json,342,0,,https://fish-games.s3.amazonaws.com/MahjongWays1/index.html?env=ceshislot.osshaiwai.com&hasFloat=0&token=436475c81b51e6893c740657870f86b7&language=en&debug=1&debugDataPath=https://raw.githubusercontent.com/jygameclub/testdataapi/main/mahjong1date/0525_0842&debugStart=342,https://raw.githubusercontent.com/jygameclub/testdataapi/main/mahjong1date/0525_0842/342.json,https://raw.githubusercontent.com/jygameclub/testdataapi/main/mahjong1date/0525_0842,未中奖,0.00,0.00,1,0,0,0,0,0,0,否,否,否,0,0,702401,702401,2261779694177739,9473378.0,9473338.0,
普通空转,343.json,343,0,,https://fish-games.s3.amazonaws.com/MahjongWays1/index.html?env=ceshislot.osshaiwai.com&hasFloat=0&token=436475c81b51e6893c740657870f86b7&language=en&debug=1&debugDataPath=https://raw.githubusercontent.com/jygameclub/testdataapi/main/mahjong1date/0525_0842&debugStart=343,https://raw.githubusercontent.com/jygameclub/testdataapi/main/mahjong1date/0525_0842/343.json,https://raw.githubusercontent.com/jygameclub/testdataapi/main/mahjong1date/0525_0842,未中奖,0.00,0.00,1,0,0,0,0,0,0,否,否,否,0,1,702402,702402,5281779694178522,9473338.0,9473298.0,
普通空转,345.json,345,0,,https://fish-games.s3.amazonaws.com/MahjongWays1/index.html?env=ceshislot.osshaiwai.com&hasFloat=0&token=436475c81b51e6893c740657870f86b7&language=en&debug=1&debugDataPath=https://raw.githubusercontent.com/jygameclub/testdataapi/main/mahjong1date/0525_0842&debugStart=345,https://raw.githubusercontent.com/jygameclub/testdataapi/main/mahjong1date/0525_0842/345.json,https://raw.githubusercontent.com/jygameclub/testdataapi/main/mahjong1date/0525_0842,未中奖,0.00,0.00,1,0,0,0,0,0,0,否,否,否,0,0,702481,702481,3181779694288955,9473978.0,9473938.0,
普通空转,346.json,346,0,,https://fish-games.s3.amazonaws.com/MahjongWays1/index.html?env=ceshislot.osshaiwai.com&hasFloat=0&token=436475c81b51e6893c740657870f86b7&language=en&debug=1&debugDataPath=https://raw.githubusercontent.com/jygameclub/testdataapi/main/mahjong1date/0525_0842&debugStart=346,https://raw.githubusercontent.com/jygameclub/testdataapi/main/mahjong1date/0525_0842/346.json,https://raw.githubusercontent.com/jygameclub/testdataapi/main/mahjong1date/0525_0842,未中奖,0.00,0.00,1,0,0,0,0,0,0,否,否,否,0,0,702482,702482,7091779694289755,9473938.0,9473898.0,
普通空转,348.json,348,0,,https://fish-games.s3.amazonaws.com/MahjongWays1/index.html?env=ceshislot.osshaiwai.com&hasFloat=0&token=436475c81b51e6893c740657870f86b7&language=en&debug=1&debugDataPath=https://raw.githubusercontent.com/jygameclub/testdataapi/main/mahjong1date/0525_0842&debugStart=348,https://raw.githubusercontent.com/jygameclub/testdataapi/main/mahjong1date/0525_0842/348.json,https://raw.githubusercontent.com/jygameclub/testdataapi/main/mahjong1date/0525_0842,未中奖,0.00,0.00,1,0,0,0,0,0,0,否,否,否,0,0,702487,702487,5131779694293288,9473866.0,9473826.0,
普通空转,349.json,349,0,,https://fish-games.s3.amazonaws.com/MahjongWays1/index.html?env=ceshislot.osshaiwai.com&hasFloat=0&token=436475c81b51e6893c740657870f86b7&language=en&debug=1&debugDataPath=https://raw.githubusercontent.com/jygameclub/testdataapi/main/mahjong1date/0525_0842&debugStart=349,https://raw.githubusercontent.com/jygameclub/testdataapi/main/mahjong1date/0525_0842/349.json,https://raw.githubusercontent.com/jygameclub/testdataapi/main/mahjong1date/0525_0842,未中奖,0.00,0.00,1,0,0,0,0,0,0,否,否,否,0,0,702488,702488,9951779694294088,9473826.0,9473786.0,
普通空转,350.json,350,0,,https://fish-games.s3.amazonaws.com/MahjongWays1/index.html?env=ceshislot.osshaiwai.com&hasFloat=0&token=436475c81b51e6893c740657870f86b7&language=en&debug=1&debugDataPath=https://raw.githubusercontent.com/jygameclub/testdataapi/main/mahjong1date/0525_0842&debugStart=350,https://raw.githubusercontent.com/jygameclub/testdataapi/main/mahjong1date/0525_0842/350.json,https://raw.githubusercontent.com/jygameclub/testdataapi/main/mahjong1date/0525_0842,未中奖,0.00,0.00,1,0,0,0,0,0,0,否,否,否,0,0,702489,702489,4321779694294872,9473786.0,9473746.0,
普通空转,351.json,351,0,,https://fish-games.s3.amazonaws.com/MahjongWays1/index.html?env=ceshislot.osshaiwai.com&hasFloat=0&token=436475c81b51e6893c740657870f86b7&language=en&debug=1&debugDataPath=https://raw.githubusercontent.com/jygameclub/testdataapi/main/mahjong1date/0525_0842&debugStart=351,https://raw.githubusercontent.com/jygameclub/testdataapi/main/mahjong1date/0525_0842/351.json,https://raw.githubusercontent.com/jygameclub/testdataapi/main/mahjong1date/0525_0842,未中奖,0.00,0.00,1,0,0,0,0,0,0,否,否,否,0,0,702491,702491,4251779694295672,9473746.0,9473706.0,
普通空转,352.json,352,0,,https://fish-games.s3.amazonaws.com/MahjongWays1/index.html?env=ceshislot.osshaiwai.com&hasFloat=0&token=436475c81b51e6893c740657870f86b7&language=en&debug=1&debugDataPath=https://raw.githubusercontent.com/jygameclub/testdataapi/main/mahjong1date/0525_0842&debugStart=352,https://raw.githubusercontent.com/jygameclub/testdataapi/main/mahjong1date/0525_0842/352.json,https://raw.githubusercontent.com/jygameclub/testdataapi/main/mahjong1date/0525_0842,未中奖,0.00,0.00,1,0,0,0,0,0,0,否,否,否,0,0,702492,702492,6191779694296455,9473706.0,9473666.0,
普通空转,355.json,355,0,,https://fish-games.s3.amazonaws.com/MahjongWays1/index.html?env=ceshislot.osshaiwai.com&hasFloat=0&token=436475c81b51e6893c740657870f86b7&language=en&debug=1&debugDataPath=https://raw.githubusercontent.com/jygameclub/testdataapi/main/mahjong1date/0525_0842&debugStart=355,https://raw.githubusercontent.com/jygameclub/testdataapi/main/mahjong1date/0525_0842/355.json,https://raw.githubusercontent.com/jygameclub/testdataapi/main/mahjong1date/0525_0842,未中奖,0.00,0.00,1,0,0,0,0,0,0,否,否,否,0,0,702540,702540,2791779694373989,9473834.0,9473794.0,
普通空转,358.json,358,0,,https://fish-games.s3.amazonaws.com/MahjongWays1/index.html?env=ceshislot.osshaiwai.com&hasFloat=0&token=436475c81b51e6893c740657870f86b7&language=en&debug=1&debugDataPath=https://raw.githubusercontent.com/jygameclub/testdataapi/main/mahjong1date/0525_0842&debugStart=358,https://raw.githubusercontent.com/jygameclub/testdataapi/main/mahjong1date/0525_0842/358.json,https://raw.githubusercontent.com/jygameclub/testdataapi/main/mahjong1date/0525_0842,未中奖,0.00,0.00,1,0,0,0,0,0,0,否,否,否,0,1,702548,702548,4921779694381139,9473730.0,9473690.0,
普通空转,359.json,359,0,,https://fish-games.s3.amazonaws.com/MahjongWays1/index.html?env=ceshislot.osshaiwai.com&hasFloat=0&token=436475c81b51e6893c740657870f86b7&language=en&debug=1&debugDataPath=https://raw.githubusercontent.com/jygameclub/testdataapi/main/mahjong1date/0525_0842&debugStart=359,https://raw.githubusercontent.com/jygameclub/testdataapi/main/mahjong1date/0525_0842/359.json,https://raw.githubusercontent.com/jygameclub/testdataapi/main/mahjong1date/0525_0842,未中奖,0.00,0.00,1,0,0,0,0,0,0,否,否,否,0,0,702549,702549,5701779694382537,9473690.0,9473650.0,
普通空转,360.json,360,0,,https://fish-games.s3.amazonaws.com/MahjongWays1/index.html?env=ceshislot.osshaiwai.com&hasFloat=0&token=436475c81b51e6893c740657870f86b7&language=en&debug=1&debugDataPath=https://raw.githubusercontent.com/jygameclub/testdataapi/main/mahjong1date/0525_0842&debugStart=360,https://raw.githubusercontent.com/jygameclub/testdataapi/main/mahjong1date/0525_0842/360.json,https://raw.githubusercontent.com/jygameclub/testdataapi/main/mahjong1date/0525_0842,未中奖,0.00,0.00,1,0,0,0,0,0,0,否,否,否,0,1,702550,702550,8771779694383337,9473650.0,9473610.0,
普通空转,361.json,361,0,,https://fish-games.s3.amazonaws.com/MahjongWays1/index.html?env=ceshislot.osshaiwai.com&hasFloat=0&token=436475c81b51e6893c740657870f86b7&language=en&debug=1&debugDataPath=https://raw.githubusercontent.com/jygameclub/testdataapi/main/mahjong1date/0525_0842&debugStart=361,https://raw.githubusercontent.com/jygameclub/testdataapi/main/mahjong1date/0525_0842/361.json,https://raw.githubusercontent.com/jygameclub/testdataapi/main/mahjong1date/0525_0842,未中奖,0.00,0.00,1,0,0,0,0,0,0,否,否,否,0,0,702552,702552,5361779694384738,9473610.0,9473570.0,
普通空转,363.json,363,0,,https://fish-games.s3.amazonaws.com/MahjongWays1/index.html?env=ceshislot.osshaiwai.com&hasFloat=0&token=436475c81b51e6893c740657870f86b7&language=en&debug=1&debugDataPath=https://raw.githubusercontent.com/jygameclub/testdataapi/main/mahjong1date/0525_0842&debugStart=363,https://raw.githubusercontent.com/jygameclub/testdataapi/main/mahjong1date/0525_0842/363.json,https://raw.githubusercontent.com/jygameclub/testdataapi/main/mahjong1date/0525_0842,未中奖,0.00,0.00,1,0,0,0,0,0,0,否,否,否,0,0,702555,702555,9961779694388205,9473538.0,9473498.0,
普通空转,364.json,364,0,,https://fish-games.s3.amazonaws.com/MahjongWays1/index.html?env=ceshislot.osshaiwai.com&hasFloat=0&token=436475c81b51e6893c740657870f86b7&language=en&debug=1&debugDataPath=https://raw.githubusercontent.com/jygameclub/testdataapi/main/mahjong1date/0525_0842&debugStart=364,https://raw.githubusercontent.com/jygameclub/testdataapi/main/mahjong1date/0525_0842/364.json,https://raw.githubusercontent.com/jygameclub/testdataapi/main/mahjong1date/0525_0842,未中奖,0.00,0.00,1,0,0,0,0,0,0,否,否,否,0,0,702556,702556,9431779694389004,9473498.0,9473458.0,
普通空转,365.json,365,0,,https://fish-games.s3.amazonaws.com/MahjongWays1/index.html?env=ceshislot.osshaiwai.com&hasFloat=0&token=436475c81b51e6893c740657870f86b7&language=en&debug=1&debugDataPath=https://raw.githubusercontent.com/jygameclub/testdataapi/main/mahjong1date/0525_0842&debugStart=365,https://raw.githubusercontent.com/jygameclub/testdataapi/main/mahjong1date/0525_0842/365.json,https://raw.githubusercontent.com/jygameclub/testdataapi/main/mahjong1date/0525_0842,未中奖,0.00,0.00,1,0,0,0,0,0,0,否,否,否,0,1,702557,702557,7781779694389787,9473458.0,9473418.0,
普通空转,366.json,366,0,,https://fish-games.s3.amazonaws.com/MahjongWays1/index.html?env=ceshislot.osshaiwai.com&hasFloat=0&token=436475c81b51e6893c740657870f86b7&language=en&debug=1&debugDataPath=https://raw.githubusercontent.com/jygameclub/testdataapi/main/mahjong1date/0525_0842&debugStart=366,https://raw.githubusercontent.com/jygameclub/testdataapi/main/mahjong1date/0525_0842/366.json,https://raw.githubusercontent.com/jygameclub/testdataapi/main/mahjong1date/0525_0842,未中奖,0.00,0.00,1,0,0,0,0,0,0,否,否,否,0,0,702558,702558,6141779694391188,9473418.0,9473378.0,
普通空转,368.json,368,0,,https://fish-games.s3.amazonaws.com/MahjongWays1/index.html?env=ceshislot.osshaiwai.com&hasFloat=0&token=436475c81b51e6893c740657870f86b7&language=en&debug=1&debugDataPath=https://raw.githubusercontent.com/jygameclub/testdataapi/main/mahjong1date/0525_0842&debugStart=368,https://raw.githubusercontent.com/jygameclub/testdataapi/main/mahjong1date/0525_0842/368.json,https://raw.githubusercontent.com/jygameclub/testdataapi/main/mahjong1date/0525_0842,未中奖,0.00,0.00,1,0,0,0,0,0,0,否,否,否,0,1,702593,702593,3341779694448504,9473354.0,9473314.0,
普通空转,370.json,370,0,,https://fish-games.s3.amazonaws.com/MahjongWays1/index.html?env=ceshislot.osshaiwai.com&hasFloat=0&token=436475c81b51e6893c740657870f86b7&language=en&debug=1&debugDataPath=https://raw.githubusercontent.com/jygameclub/testdataapi/main/mahjong1date/0525_0842&debugStart=370,https://raw.githubusercontent.com/jygameclub/testdataapi/main/mahjong1date/0525_0842/370.json,https://raw.githubusercontent.com/jygameclub/testdataapi/main/mahjong1date/0525_0842,未中奖,0.00,0.00,1,0,0,0,0,0,0,否,否,否,0,1,702597,702597,7751779694452604,9473278.0,9473238.0,
普通空转,371.json,371,0,,https://fish-games.s3.amazonaws.com/MahjongWays1/index.html?env=ceshislot.osshaiwai.com&hasFloat=0&token=436475c81b51e6893c740657870f86b7&language=en&debug=1&debugDataPath=https://raw.githubusercontent.com/jygameclub/testdataapi/main/mahjong1date/0525_0842&debugStart=371,https://raw.githubusercontent.com/jygameclub/testdataapi/main/mahjong1date/0525_0842/371.json,https://raw.githubusercontent.com/jygameclub/testdataapi/main/mahjong1date/0525_0842,未中奖,0.00,0.00,1,0,0,0,0,0,0,否,否,否,0,1,702598,702598,5051779694454070,9473238.0,9473198.0,
普通空转,372.json,372,0,,https://fish-games.s3.amazonaws.com/MahjongWays1/index.html?env=ceshislot.osshaiwai.com&hasFloat=0&token=436475c81b51e6893c740657870f86b7&language=en&debug=1&debugDataPath=https://raw.githubusercontent.com/jygameclub/testdataapi/main/mahjong1date/0525_0842&debugStart=372,https://raw.githubusercontent.com/jygameclub/testdataapi/main/mahjong1date/0525_0842/372.json,https://raw.githubusercontent.com/jygameclub/testdataapi/main/mahjong1date/0525_0842,未中奖,0.00,0.00,1,0,0,0,0,0,0,否,否,否,0,0,702600,702600,3781779694455538,9473198.0,9473158.0,
普通空转,374.json,374,0,,https://fish-games.s3.amazonaws.com/MahjongWays1/index.html?env=ceshislot.osshaiwai.com&hasFloat=0&token=436475c81b51e6893c740657870f86b7&language=en&debug=1&debugDataPath=https://raw.githubusercontent.com/jygameclub/testdataapi/main/mahjong1date/0525_0842&debugStart=374,https://raw.githubusercontent.com/jygameclub/testdataapi/main/mahjong1date/0525_0842/374.json,https://raw.githubusercontent.com/jygameclub/testdataapi/main/mahjong1date/0525_0842,未中奖,0.00,0.00,1,0,0,0,0,0,0,否,否,否,0,0,702605,702605,6701779694461072,9473150.0,9473110.0,
普通空转,376.json,376,0,,https://fish-games.s3.amazonaws.com/MahjongWays1/index.html?env=ceshislot.osshaiwai.com&hasFloat=0&token=436475c81b51e6893c740657870f86b7&language=en&debug=1&debugDataPath=https://raw.githubusercontent.com/jygameclub/testdataapi/main/mahjong1date/0525_0842&debugStart=376,https://raw.githubusercontent.com/jygameclub/testdataapi/main/mahjong1date/0525_0842/376.json,https://raw.githubusercontent.com/jygameclub/testdataapi/main/mahjong1date/0525_0842,未中奖,0.00,0.00,1,0,0,0,0,0,0,否,否,否,0,0,702608,702608,5931779694464721,9473078.0,9473038.0,
普通空转,377.json,377,0,,https://fish-games.s3.amazonaws.com/MahjongWays1/index.html?env=ceshislot.osshaiwai.com&hasFloat=0&token=436475c81b51e6893c740657870f86b7&language=en&debug=1&debugDataPath=https://raw.githubusercontent.com/jygameclub/testdataapi/main/mahjong1date/0525_0842&debugStart=377,https://raw.githubusercontent.com/jygameclub/testdataapi/main/mahjong1date/0525_0842/377.json,https://raw.githubusercontent.com/jygameclub/testdataapi/main/mahjong1date/0525_0842,未中奖,0.00,0.00,1,0,0,0,0,0,0,否,否,否,0,1,702609,702609,2771779694465504,9473038.0,9472998.0,
普通空转,378.json,378,0,,https://fish-games.s3.amazonaws.com/MahjongWays1/index.html?env=ceshislot.osshaiwai.com&hasFloat=0&token=436475c81b51e6893c740657870f86b7&language=en&debug=1&debugDataPath=https://raw.githubusercontent.com/jygameclub/testdataapi/main/mahjong1date/0525_0842&debugStart=378,https://raw.githubusercontent.com/jygameclub/testdataapi/main/mahjong1date/0525_0842/378.json,https://raw.githubusercontent.com/jygameclub/testdataapi/main/mahjong1date/0525_0842,未中奖,0.00,0.00,1,0,0,0,0,0,0,否,否,否,0,0,702610,702610,8141779694466903,9472998.0,9472958.0,
普通空转,379.json,379,0,,https://fish-games.s3.amazonaws.com/MahjongWays1/index.html?env=ceshislot.osshaiwai.com&hasFloat=0&token=436475c81b51e6893c740657870f86b7&language=en&debug=1&debugDataPath=https://raw.githubusercontent.com/jygameclub/testdataapi/main/mahjong1date/0525_0842&debugStart=379,https://raw.githubusercontent.com/jygameclub/testdataapi/main/mahjong1date/0525_0842/379.json,https://raw.githubusercontent.com/jygameclub/testdataapi/main/mahjong1date/0525_0842,未中奖,0.00,0.00,1,0,0,0,0,0,0,否,否,否,0,1,702611,702611,6721779694467704,9472958.0,9472918.0,
普通空转,380.json,380,0,,https://fish-games.s3.amazonaws.com/MahjongWays1/index.html?env=ceshislot.osshaiwai.com&hasFloat=0&token=436475c81b51e6893c740657870f86b7&language=en&debug=1&debugDataPath=https://raw.githubusercontent.com/jygameclub/testdataapi/main/mahjong1date/0525_0842&debugStart=380,https://raw.githubusercontent.com/jygameclub/testdataapi/main/mahjong1date/0525_0842/380.json,https://raw.githubusercontent.com/jygameclub/testdataapi/main/mahjong1date/0525_0842,未中奖,0.00,0.00,1,0,0,0,0,0,0,否,否,否,0,0,702613,702613,8791779694469104,9472918.0,9472878.0,
普通空转,381.json,381,0,,https://fish-games.s3.amazonaws.com/MahjongWays1/index.html?env=ceshislot.osshaiwai.com&hasFloat=0&token=436475c81b51e6893c740657870f86b7&language=en&debug=1&debugDataPath=https://raw.githubusercontent.com/jygameclub/testdataapi/main/mahjong1date/0525_0842&debugStart=381,https://raw.githubusercontent.com/jygameclub/testdataapi/main/mahjong1date/0525_0842/381.json,https://raw.githubusercontent.com/jygameclub/testdataapi/main/mahjong1date/0525_0842,未中奖,0.00,0.00,1,0,0,0,0,0,0,否,否,否,0,1,702614,702614,5941779694469904,9472878.0,9472838.0,
普通空转,382.json,382,0,,https://fish-games.s3.amazonaws.com/MahjongWays1/index.html?env=ceshislot.osshaiwai.com&hasFloat=0&token=436475c81b51e6893c740657870f86b7&language=en&debug=1&debugDataPath=https://raw.githubusercontent.com/jygameclub/testdataapi/main/mahjong1date/0525_0842&debugStart=382,https://raw.githubusercontent.com/jygameclub/testdataapi/main/mahjong1date/0525_0842/382.json,https://raw.githubusercontent.com/jygameclub/testdataapi/main/mahjong1date/0525_0842,未中奖,0.00,0.00,1,0,0,0,0,0,0,否,否,否,0,0,702615,702615,3141779694471321,9472838.0,9472798.0,
普通空转,384.json,384,0,,https://fish-games.s3.amazonaws.com/MahjongWays1/index.html?env=ceshislot.osshaiwai.com&hasFloat=0&token=436475c81b51e6893c740657870f86b7&language=en&debug=1&debugDataPath=https://raw.githubusercontent.com/jygameclub/testdataapi/main/mahjong1date/0525_0842&debugStart=384,https://raw.githubusercontent.com/jygameclub/testdataapi/main/mahjong1date/0525_0842/384.json,https://raw.githubusercontent.com/jygameclub/testdataapi/main/mahjong1date/0525_0842,未中奖,0.00,0.00,1,0,0,0,0,0,0,否,否,否,0,1,702619,702619,9031779694474789,9472798.0,9472758.0,
普通空转,387.json,387,0,,https://fish-games.s3.amazonaws.com/MahjongWays1/index.html?env=ceshislot.osshaiwai.com&hasFloat=0&token=436475c81b51e6893c740657870f86b7&language=en&debug=1&debugDataPath=https://raw.githubusercontent.com/jygameclub/testdataapi/main/mahjong1date/0525_0842&debugStart=387,https://raw.githubusercontent.com/jygameclub/testdataapi/main/mahjong1date/0525_0842/387.json,https://raw.githubusercontent.com/jygameclub/testdataapi/main/mahjong1date/0525_0842,未中奖,0.00,0.00,1,0,0,0,0,0,0,否,否,否,0,2,702629,702629,5001779694483739,9472722.0,9472682.0,
普通空转,388.json,388,0,,https://fish-games.s3.amazonaws.com/MahjongWays1/index.html?env=ceshislot.osshaiwai.com&hasFloat=0&token=436475c81b51e6893c740657870f86b7&language=en&debug=1&debugDataPath=https://raw.githubusercontent.com/jygameclub/testdataapi/main/mahjong1date/0525_0842&debugStart=388,https://raw.githubusercontent.com/jygameclub/testdataapi/main/mahjong1date/0525_0842/388.json,https://raw.githubusercontent.com/jygameclub/testdataapi/main/mahjong1date/0525_0842,未中奖,0.00,0.00,1,0,0,0,0,0,0,否,否,否,0,1,702630,702630,7991779694485238,9472682.0,9472642.0,
普通空转,389.json,389,0,,https://fish-games.s3.amazonaws.com/MahjongWays1/index.html?env=ceshislot.osshaiwai.com&hasFloat=0&token=436475c81b51e6893c740657870f86b7&language=en&debug=1&debugDataPath=https://raw.githubusercontent.com/jygameclub/testdataapi/main/mahjong1date/0525_0842&debugStart=389,https://raw.githubusercontent.com/jygameclub/testdataapi/main/mahjong1date/0525_0842/389.json,https://raw.githubusercontent.com/jygameclub/testdataapi/main/mahjong1date/0525_0842,未中奖,0.00,0.00,1,0,0,0,0,0,0,否,否,否,0,1,702633,702633,3961779694486654,9472642.0,9472602.0,
普通空转,390.json,390,0,,https://fish-games.s3.amazonaws.com/MahjongWays1/index.html?env=ceshislot.osshaiwai.com&hasFloat=0&token=436475c81b51e6893c740657870f86b7&language=en&debug=1&debugDataPath=https://raw.githubusercontent.com/jygameclub/testdataapi/main/mahjong1date/0525_0842&debugStart=390,https://raw.githubusercontent.com/jygameclub/testdataapi/main/mahjong1date/0525_0842/390.json,https://raw.githubusercontent.com/jygameclub/testdataapi/main/mahjong1date/0525_0842,未中奖,0.00,0.00,1,0,0,0,0,0,0,否,否,否,0,1,702634,702634,8631779694488053,9472602.0,9472562.0,
普通空转,391.json,391,0,,https://fish-games.s3.amazonaws.com/MahjongWays1/index.html?env=ceshislot.osshaiwai.com&hasFloat=0&token=436475c81b51e6893c740657870f86b7&language=en&debug=1&debugDataPath=https://raw.githubusercontent.com/jygameclub/testdataapi/main/mahjong1date/0525_0842&debugStart=391,https://raw.githubusercontent.com/jygameclub/testdataapi/main/mahjong1date/0525_0842/391.json,https://raw.githubusercontent.com/jygameclub/testdataapi/main/mahjong1date/0525_0842,未中奖,0.00,0.00,1,0,0,0,0,0,0,否,否,否,0,0,702636,702636,3321779694489470,9472562.0,9472522.0,
普通空转,392.json,392,0,,https://fish-games.s3.amazonaws.com/MahjongWays1/index.html?env=ceshislot.osshaiwai.com&hasFloat=0&token=436475c81b51e6893c740657870f86b7&language=en&debug=1&debugDataPath=https://raw.githubusercontent.com/jygameclub/testdataapi/main/mahjong1date/0525_0842&debugStart=392,https://raw.githubusercontent.com/jygameclub/testdataapi/main/mahjong1date/0525_0842/392.json,https://raw.githubusercontent.com/jygameclub/testdataapi/main/mahjong1date/0525_0842,未中奖,0.00,0.00,1,0,0,0,0,0,0,否,否,否,0,1,702637,702637,8221779694490254,9472522.0,9472482.0,
普通空转,393.json,393,0,,https://fish-games.s3.amazonaws.com/MahjongWays1/index.html?env=ceshislot.osshaiwai.com&hasFloat=0&token=436475c81b51e6893c740657870f86b7&language=en&debug=1&debugDataPath=https://raw.githubusercontent.com/jygameclub/testdataapi/main/mahjong1date/0525_0842&debugStart=393,https://raw.githubusercontent.com/jygameclub/testdataapi/main/mahjong1date/0525_0842/393.json,https://raw.githubusercontent.com/jygameclub/testdataapi/main/mahjong1date/0525_0842,未中奖,0.00,0.00,1,0,0,0,0,0,0,否,否,否,0,0,702639,702639,6361779694491655,9472482.0,9472442.0,
普通空转,394.json,394,0,,https://fish-games.s3.amazonaws.com/MahjongWays1/index.html?env=ceshislot.osshaiwai.com&hasFloat=0&token=436475c81b51e6893c740657870f86b7&language=en&debug=1&debugDataPath=https://raw.githubusercontent.com/jygameclub/testdataapi/main/mahjong1date/0525_0842&debugStart=394,https://raw.githubusercontent.com/jygameclub/testdataapi/main/mahjong1date/0525_0842/394.json,https://raw.githubusercontent.com/jygameclub/testdataapi/main/mahjong1date/0525_0842,未中奖,0.00,0.00,1,0,0,0,0,0,0,否,否,否,0,1,702640,702640,5221779694492437,9472442.0,9472402.0,
普通空转,395.json,395,0,,https://fish-games.s3.amazonaws.com/MahjongWays1/index.html?env=ceshislot.osshaiwai.com&hasFloat=0&token=436475c81b51e6893c740657870f86b7&language=en&debug=1&debugDataPath=https://raw.githubusercontent.com/jygameclub/testdataapi/main/mahjong1date/0525_0842&debugStart=395,https://raw.githubusercontent.com/jygameclub/testdataapi/main/mahjong1date/0525_0842/395.json,https://raw.githubusercontent.com/jygameclub/testdataapi/main/mahjong1date/0525_0842,未中奖,0.00,0.00,1,0,0,0,0,0,0,否,否,否,0,2,702643,702643,3001779694493837,9472402.0,9472362.0,
普通空转,396.json,396,0,,https://fish-games.s3.amazonaws.com/MahjongWays1/index.html?env=ceshislot.osshaiwai.com&hasFloat=0&token=436475c81b51e6893c740657870f86b7&language=en&debug=1&debugDataPath=https://raw.githubusercontent.com/jygameclub/testdataapi/main/mahjong1date/0525_0842&debugStart=396,https://raw.githubusercontent.com/jygameclub/testdataapi/main/mahjong1date/0525_0842/396.json,https://raw.githubusercontent.com/jygameclub/testdataapi/main/mahjong1date/0525_0842,未中奖,0.00,0.00,1,0,0,0,0,0,0,否,否,否,0,0,702645,702645,2641779694495338,9472362.0,9472322.0,
普通空转,398.json,398,0,,https://fish-games.s3.amazonaws.com/MahjongWays1/index.html?env=ceshislot.osshaiwai.com&hasFloat=0&token=436475c81b51e6893c740657870f86b7&language=en&debug=1&debugDataPath=https://raw.githubusercontent.com/jygameclub/testdataapi/main/mahjong1date/0525_0842&debugStart=398,https://raw.githubusercontent.com/jygameclub/testdataapi/main/mahjong1date/0525_0842/398.json,https://raw.githubusercontent.com/jygameclub/testdataapi/main/mahjong1date/0525_0842,未中奖,0.00,0.00,1,0,0,0,0,0,0,否,否,否,0,1,702648,702648,2161779694498805,9472298.0,9472258.0,
普通空转,400.json,400,0,,https://fish-games.s3.amazonaws.com/MahjongWays1/index.html?env=ceshislot.osshaiwai.com&hasFloat=0&token=436475c81b51e6893c740657870f86b7&language=en&debug=1&debugDataPath=https://raw.githubusercontent.com/jygameclub/testdataapi/main/mahjong1date/0525_0842&debugStart=400,https://raw.githubusercontent.com/jygameclub/testdataapi/main/mahjong1date/0525_0842/400.json,https://raw.githubusercontent.com/jygameclub/testdataapi/main/mahjong1date/0525_0842,未中奖,0.00,0.00,1,0,0,0,0,0,0,否,否,否,0,1,702651,702651,9481779694502921,9472226.0,9472186.0,
普通空转,401.json,401,0,,https://fish-games.s3.amazonaws.com/MahjongWays1/index.html?env=ceshislot.osshaiwai.com&hasFloat=0&token=436475c81b51e6893c740657870f86b7&language=en&debug=1&debugDataPath=https://raw.githubusercontent.com/jygameclub/testdataapi/main/mahjong1date/0525_0842&debugStart=401,https://raw.githubusercontent.com/jygameclub/testdataapi/main/mahjong1date/0525_0842/401.json,https://raw.githubusercontent.com/jygameclub/testdataapi/main/mahjong1date/0525_0842,未中奖,0.00,0.00,1,0,0,0,0,0,0,否,否,否,0,1,702653,702653,2841779694504387,9472186.0,9472146.0,
普通空转,402.json,402,0,,https://fish-games.s3.amazonaws.com/MahjongWays1/index.html?env=ceshislot.osshaiwai.com&hasFloat=0&token=436475c81b51e6893c740657870f86b7&language=en&debug=1&debugDataPath=https://raw.githubusercontent.com/jygameclub/testdataapi/main/mahjong1date/0525_0842&debugStart=402,https://raw.githubusercontent.com/jygameclub/testdataapi/main/mahjong1date/0525_0842/402.json,https://raw.githubusercontent.com/jygameclub/testdataapi/main/mahjong1date/0525_0842,未中奖,0.00,0.00,1,0,0,0,0,0,0,否,否,否,0,1,702654,702654,7731779694505788,9472146.0,9472106.0,
普通空转,404.json,404,0,,https://fish-games.s3.amazonaws.com/MahjongWays1/index.html?env=ceshislot.osshaiwai.com&hasFloat=0&token=436475c81b51e6893c740657870f86b7&language=en&debug=1&debugDataPath=https://raw.githubusercontent.com/jygameclub/testdataapi/main/mahjong1date/0525_0842&debugStart=404,https://raw.githubusercontent.com/jygameclub/testdataapi/main/mahjong1date/0525_0842/404.json,https://raw.githubusercontent.com/jygameclub/testdataapi/main/mahjong1date/0525_0842,未中奖,0.00,0.00,1,0,0,0,0,0,0,否,否,否,0,0,702660,702660,1391779694513036,9472134.0,9472094.0,
普通空转,405.json,405,0,,https://fish-games.s3.amazonaws.com/MahjongWays1/index.html?env=ceshislot.osshaiwai.com&hasFloat=0&token=436475c81b51e6893c740657870f86b7&language=en&debug=1&debugDataPath=https://raw.githubusercontent.com/jygameclub/testdataapi/main/mahjong1date/0525_0842&debugStart=405,https://raw.githubusercontent.com/jygameclub/testdataapi/main/mahjong1date/0525_0842/405.json,https://raw.githubusercontent.com/jygameclub/testdataapi/main/mahjong1date/0525_0842,未中奖,0.00,0.00,1,0,0,0,0,0,0,否,否,否,0,1,702661,702661,8761779694513819,9472094.0,9472054.0,
普通空转,406.json,406,0,,https://fish-games.s3.amazonaws.com/MahjongWays1/index.html?env=ceshislot.osshaiwai.com&hasFloat=0&token=436475c81b51e6893c740657870f86b7&language=en&debug=1&debugDataPath=https://raw.githubusercontent.com/jygameclub/testdataapi/main/mahjong1date/0525_0842&debugStart=406,https://raw.githubusercontent.com/jygameclub/testdataapi/main/mahjong1date/0525_0842/406.json,https://raw.githubusercontent.com/jygameclub/testdataapi/main/mahjong1date/0525_0842,未中奖,0.00,0.00,1,0,0,0,0,0,0,否,否,否,0,0,702662,702662,5371779694515237,9472054.0,9472014.0,
普通空转,407.json,407,0,,https://fish-games.s3.amazonaws.com/MahjongWays1/index.html?env=ceshislot.osshaiwai.com&hasFloat=0&token=436475c81b51e6893c740657870f86b7&language=en&debug=1&debugDataPath=https://raw.githubusercontent.com/jygameclub/testdataapi/main/mahjong1date/0525_0842&debugStart=407,https://raw.githubusercontent.com/jygameclub/testdataapi/main/mahjong1date/0525_0842/407.json,https://raw.githubusercontent.com/jygameclub/testdataapi/main/mahjong1date/0525_0842,未中奖,0.00,0.00,1,0,0,0,0,0,0,否,否,否,0,0,702664,702664,8341779694516020,9472014.0,9471974.0,
普通空转,408.json,408,0,,https://fish-games.s3.amazonaws.com/MahjongWays1/index.html?env=ceshislot.osshaiwai.com&hasFloat=0&token=436475c81b51e6893c740657870f86b7&language=en&debug=1&debugDataPath=https://raw.githubusercontent.com/jygameclub/testdataapi/main/mahjong1date/0525_0842&debugStart=408,https://raw.githubusercontent.com/jygameclub/testdataapi/main/mahjong1date/0525_0842/408.json,https://raw.githubusercontent.com/jygameclub/testdataapi/main/mahjong1date/0525_0842,未中奖,0.00,0.00,1,0,0,0,0,0,0,否,否,否,0,0,702666,702666,9251779694516822,9471974.0,9471934.0,
普通空转,410.json,410,0,,https://fish-games.s3.amazonaws.com/MahjongWays1/index.html?env=ceshislot.osshaiwai.com&hasFloat=0&token=436475c81b51e6893c740657870f86b7&language=en&debug=1&debugDataPath=https://raw.githubusercontent.com/jygameclub/testdataapi/main/mahjong1date/0525_0842&debugStart=410,https://raw.githubusercontent.com/jygameclub/testdataapi/main/mahjong1date/0525_0842/410.json,https://raw.githubusercontent.com/jygameclub/testdataapi/main/mahjong1date/0525_0842,未中奖,0.00,0.00,1,0,0,0,0,0,0,否,否,否,0,0,702671,702671,9431779694520270,9471906.0,9471866.0,
普通空转,411.json,411,0,,https://fish-games.s3.amazonaws.com/MahjongWays1/index.html?env=ceshislot.osshaiwai.com&hasFloat=0&token=436475c81b51e6893c740657870f86b7&language=en&debug=1&debugDataPath=https://raw.githubusercontent.com/jygameclub/testdataapi/main/mahjong1date/0525_0842&debugStart=411,https://raw.githubusercontent.com/jygameclub/testdataapi/main/mahjong1date/0525_0842/411.json,https://raw.githubusercontent.com/jygameclub/testdataapi/main/mahjong1date/0525_0842,未中奖,0.00,0.00,1,0,0,0,0,0,0,否,否,否,0,1,702673,702673,2841779694521137,9471866.0,9471826.0,
普通空转,412.json,412,0,,https://fish-games.s3.amazonaws.com/MahjongWays1/index.html?env=ceshislot.osshaiwai.com&hasFloat=0&token=436475c81b51e6893c740657870f86b7&language=en&debug=1&debugDataPath=https://raw.githubusercontent.com/jygameclub/testdataapi/main/mahjong1date/0525_0842&debugStart=412,https://raw.githubusercontent.com/jygameclub/testdataapi/main/mahjong1date/0525_0842/412.json,https://raw.githubusercontent.com/jygameclub/testdataapi/main/mahjong1date/0525_0842,未中奖,0.00,0.00,1,0,0,0,0,0,0,否,否,否,0,0,702674,702674,7181779694522536,9471826.0,9471786.0,
普通空转,413.json,413,0,,https://fish-games.s3.amazonaws.com/MahjongWays1/index.html?env=ceshislot.osshaiwai.com&hasFloat=0&token=436475c81b51e6893c740657870f86b7&language=en&debug=1&debugDataPath=https://raw.githubusercontent.com/jygameclub/testdataapi/main/mahjong1date/0525_0842&debugStart=413,https://raw.githubusercontent.com/jygameclub/testdataapi/main/mahjong1date/0525_0842/413.json,https://raw.githubusercontent.com/jygameclub/testdataapi/main/mahjong1date/0525_0842,未中奖,0.00,0.00,1,0,0,0,0,0,0,否,否,否,0,0,702676,702676,9741779694523320,9471786.0,9471746.0,
普通空转,415.json,415,0,,https://fish-games.s3.amazonaws.com/MahjongWays1/index.html?env=ceshislot.osshaiwai.com&hasFloat=0&token=436475c81b51e6893c740657870f86b7&language=en&debug=1&debugDataPath=https://raw.githubusercontent.com/jygameclub/testdataapi/main/mahjong1date/0525_0842&debugStart=415,https://raw.githubusercontent.com/jygameclub/testdataapi/main/mahjong1date/0525_0842/415.json,https://raw.githubusercontent.com/jygameclub/testdataapi/main/mahjong1date/0525_0842,未中奖,0.00,0.00,1,0,0,0,0,0,0,否,否,否,0,0,702681,702681,6621779694527821,9471714.0,9471674.0,
普通空转,416.json,416,0,,https://fish-games.s3.amazonaws.com/MahjongWays1/index.html?env=ceshislot.osshaiwai.com&hasFloat=0&token=436475c81b51e6893c740657870f86b7&language=en&debug=1&debugDataPath=https://raw.githubusercontent.com/jygameclub/testdataapi/main/mahjong1date/0525_0842&debugStart=416,https://raw.githubusercontent.com/jygameclub/testdataapi/main/mahjong1date/0525_0842/416.json,https://raw.githubusercontent.com/jygameclub/testdataapi/main/mahjong1date/0525_0842,未中奖,0.00,0.00,1,0,0,0,0,0,0,否,否,否,0,0,702683,702683,2581779694528603,9471674.0,9471634.0,
普通空转,417.json,417,0,,https://fish-games.s3.amazonaws.com/MahjongWays1/index.html?env=ceshislot.osshaiwai.com&hasFloat=0&token=436475c81b51e6893c740657870f86b7&language=en&debug=1&debugDataPath=https://raw.githubusercontent.com/jygameclub/testdataapi/main/mahjong1date/0525_0842&debugStart=417,https://raw.githubusercontent.com/jygameclub/testdataapi/main/mahjong1date/0525_0842/417.json,https://raw.githubusercontent.com/jygameclub/testdataapi/main/mahjong1date/0525_0842,未中奖,0.00,0.00,1,0,0,0,0,0,0,否,否,否,0,0,702684,702684,6181779694529388,9471634.0,9471594.0,
普通空转,418.json,418,0,,https://fish-games.s3.amazonaws.com/MahjongWays1/index.html?env=ceshislot.osshaiwai.com&hasFloat=0&token=436475c81b51e6893c740657870f86b7&language=en&debug=1&debugDataPath=https://raw.githubusercontent.com/jygameclub/testdataapi/main/mahjong1date/0525_0842&debugStart=418,https://raw.githubusercontent.com/jygameclub/testdataapi/main/mahjong1date/0525_0842/418.json,https://raw.githubusercontent.com/jygameclub/testdataapi/main/mahjong1date/0525_0842,未中奖,0.00,0.00,1,0,0,0,0,0,0,否,否,否,0,0,702685,702685,6041779694530187,9471594.0,9471554.0,
普通空转,419.json,419,0,,https://fish-games.s3.amazonaws.com/MahjongWays1/index.html?env=ceshislot.osshaiwai.com&hasFloat=0&token=436475c81b51e6893c740657870f86b7&language=en&debug=1&debugDataPath=https://raw.githubusercontent.com/jygameclub/testdataapi/main/mahjong1date/0525_0842&debugStart=419,https://raw.githubusercontent.com/jygameclub/testdataapi/main/mahjong1date/0525_0842/419.json,https://raw.githubusercontent.com/jygameclub/testdataapi/main/mahjong1date/0525_0842,未中奖,0.00,0.00,1,0,0,0,0,0,0,否,否,否,0,1,702686,702686,5791779694530969,9471554.0,9471514.0,
普通空转,421.json,421,0,,https://fish-games.s3.amazonaws.com/MahjongWays1/index.html?env=ceshislot.osshaiwai.com&hasFloat=0&token=436475c81b51e6893c740657870f86b7&language=en&debug=1&debugDataPath=https://raw.githubusercontent.com/jygameclub/testdataapi/main/mahjong1date/0525_0842&debugStart=421,https://raw.githubusercontent.com/jygameclub/testdataapi/main/mahjong1date/0525_0842/421.json,https://raw.githubusercontent.com/jygameclub/testdataapi/main/mahjong1date/0525_0842,未中奖,0.00,0.00,1,0,0,0,0,0,0,否,否,否,0,0,702694,702694,1321779694539137,9471986.0,9471946.0,
普通空转,423.json,423,0,,https://fish-games.s3.amazonaws.com/MahjongWays1/index.html?env=ceshislot.osshaiwai.com&hasFloat=0&token=436475c81b51e6893c740657870f86b7&language=en&debug=1&debugDataPath=https://raw.githubusercontent.com/jygameclub/testdataapi/main/mahjong1date/0525_0842&debugStart=423,https://raw.githubusercontent.com/jygameclub/testdataapi/main/mahjong1date/0525_0842/423.json,https://raw.githubusercontent.com/jygameclub/testdataapi/main/mahjong1date/0525_0842,未中奖,0.00,0.00,1,0,0,0,0,0,0,否,否,否,0,0,702697,702697,2971779694542637,9471914.0,9471874.0,
普通空转,424.json,424,0,,https://fish-games.s3.amazonaws.com/MahjongWays1/index.html?env=ceshislot.osshaiwai.com&hasFloat=0&token=436475c81b51e6893c740657870f86b7&language=en&debug=1&debugDataPath=https://raw.githubusercontent.com/jygameclub/testdataapi/main/mahjong1date/0525_0842&debugStart=424,https://raw.githubusercontent.com/jygameclub/testdataapi/main/mahjong1date/0525_0842/424.json,https://raw.githubusercontent.com/jygameclub/testdataapi/main/mahjong1date/0525_0842,未中奖,0.00,0.00,1,0,0,0,0,0,0,否,否,否,0,0,702698,702698,7631779694543437,9471874.0,9471834.0,
普通空转,425.json,425,0,,https://fish-games.s3.amazonaws.com/MahjongWays1/index.html?env=ceshislot.osshaiwai.com&hasFloat=0&token=436475c81b51e6893c740657870f86b7&language=en&debug=1&debugDataPath=https://raw.githubusercontent.com/jygameclub/testdataapi/main/mahjong1date/0525_0842&debugStart=425,https://raw.githubusercontent.com/jygameclub/testdataapi/main/mahjong1date/0525_0842/425.json,https://raw.githubusercontent.com/jygameclub/testdataapi/main/mahjong1date/0525_0842,未中奖,0.00,0.00,1,0,0,0,0,0,0,否,否,否,0,0,702699,702699,4481779694544220,9471834.0,9471794.0,
普通空转,427.json,427,0,,https://fish-games.s3.amazonaws.com/MahjongWays1/index.html?env=ceshislot.osshaiwai.com&hasFloat=0&token=436475c81b51e6893c740657870f86b7&language=en&debug=1&debugDataPath=https://raw.githubusercontent.com/jygameclub/testdataapi/main/mahjong1date/0525_0842&debugStart=427,https://raw.githubusercontent.com/jygameclub/testdataapi/main/mahjong1date/0525_0842/427.json,https://raw.githubusercontent.com/jygameclub/testdataapi/main/mahjong1date/0525_0842,未中奖,0.00,0.00,1,0,0,0,0,0,0,否,否,否,0,1,702702,702702,6141779694547686,9471774.0,9471734.0,
普通空转,428.json,428,0,,https://fish-games.s3.amazonaws.com/MahjongWays1/index.html?env=ceshislot.osshaiwai.com&hasFloat=0&token=436475c81b51e6893c740657870f86b7&language=en&debug=1&debugDataPath=https://raw.githubusercontent.com/jygameclub/testdataapi/main/mahjong1date/0525_0842&debugStart=428,https://raw.githubusercontent.com/jygameclub/testdataapi/main/mahjong1date/0525_0842/428.json,https://raw.githubusercontent.com/jygameclub/testdataapi/main/mahjong1date/0525_0842,未中奖,0.00,0.00,1,0,0,0,0,0,0,否,否,否,0,1,702703,702703,5271779694549087,9471734.0,9471694.0,
普通空转,429.json,429,0,,https://fish-games.s3.amazonaws.com/MahjongWays1/index.html?env=ceshislot.osshaiwai.com&hasFloat=0&token=436475c81b51e6893c740657870f86b7&language=en&debug=1&debugDataPath=https://raw.githubusercontent.com/jygameclub/testdataapi/main/mahjong1date/0525_0842&debugStart=429,https://raw.githubusercontent.com/jygameclub/testdataapi/main/mahjong1date/0525_0842/429.json,https://raw.githubusercontent.com/jygameclub/testdataapi/main/mahjong1date/0525_0842,未中奖,0.00,0.00,1,0,0,0,0,0,0,否,否,否,0,1,702705,702705,7281779694550486,9471694.0,9471654.0,
普通空转,430.json,430,0,,https://fish-games.s3.amazonaws.com/MahjongWays1/index.html?env=ceshislot.osshaiwai.com&hasFloat=0&token=436475c81b51e6893c740657870f86b7&language=en&debug=1&debugDataPath=https://raw.githubusercontent.com/jygameclub/testdataapi/main/mahjong1date/0525_0842&debugStart=430,https://raw.githubusercontent.com/jygameclub/testdataapi/main/mahjong1date/0525_0842/430.json,https://raw.githubusercontent.com/jygameclub/testdataapi/main/mahjong1date/0525_0842,未中奖,0.00,0.00,1,0,0,0,0,0,0,否,否,否,0,0,702706,702706,7151779694551904,9471654.0,9471614.0,
普通空转,433.json,433,0,,https://fish-games.s3.amazonaws.com/MahjongWays1/index.html?env=ceshislot.osshaiwai.com&hasFloat=0&token=436475c81b51e6893c740657870f86b7&language=en&debug=1&debugDataPath=https://raw.githubusercontent.com/jygameclub/testdataapi/main/mahjong1date/0525_0842&debugStart=433,https://raw.githubusercontent.com/jygameclub/testdataapi/main/mahjong1date/0525_0842/433.json,https://raw.githubusercontent.com/jygameclub/testdataapi/main/mahjong1date/0525_0842,未中奖,0.00,0.00,1,0,0,0,0,0,0,否,否,否,0,0,702713,702713,4251779694558104,9471642.0,9471602.0,
普通空转,434.json,434,0,,https://fish-games.s3.amazonaws.com/MahjongWays1/index.html?env=ceshislot.osshaiwai.com&hasFloat=0&token=436475c81b51e6893c740657870f86b7&language=en&debug=1&debugDataPath=https://raw.githubusercontent.com/jygameclub/testdataapi/main/mahjong1date/0525_0842&debugStart=434,https://raw.githubusercontent.com/jygameclub/testdataapi/main/mahjong1date/0525_0842/434.json,https://raw.githubusercontent.com/jygameclub/testdataapi/main/mahjong1date/0525_0842,未中奖,0.00,0.00,1,0,0,0,0,0,0,否,否,否,0,1,702714,702714,7721779694558887,9471602.0,9471562.0,
普通空转,435.json,435,0,,https://fish-games.s3.amazonaws.com/MahjongWays1/index.html?env=ceshislot.osshaiwai.com&hasFloat=0&token=436475c81b51e6893c740657870f86b7&language=en&debug=1&debugDataPath=https://raw.githubusercontent.com/jygameclub/testdataapi/main/mahjong1date/0525_0842&debugStart=435,https://raw.githubusercontent.com/jygameclub/testdataapi/main/mahjong1date/0525_0842/435.json,https://raw.githubusercontent.com/jygameclub/testdataapi/main/mahjong1date/0525_0842,未中奖,0.00,0.00,1,0,0,0,0,0,0,否,否,否,0,1,702716,702716,1471779694560287,9471562.0,9471522.0,
普通空转,436.json,436,0,,https://fish-games.s3.amazonaws.com/MahjongWays1/index.html?env=ceshislot.osshaiwai.com&hasFloat=0&token=436475c81b51e6893c740657870f86b7&language=en&debug=1&debugDataPath=https://raw.githubusercontent.com/jygameclub/testdataapi/main/mahjong1date/0525_0842&debugStart=436,https://raw.githubusercontent.com/jygameclub/testdataapi/main/mahjong1date/0525_0842/436.json,https://raw.githubusercontent.com/jygameclub/testdataapi/main/mahjong1date/0525_0842,未中奖,0.00,0.00,1,0,0,0,0,0,0,否,否,否,0,1,702718,702718,5241779694561704,9471522.0,9471482.0,
普通空转,437.json,437,0,,https://fish-games.s3.amazonaws.com/MahjongWays1/index.html?env=ceshislot.osshaiwai.com&hasFloat=0&token=436475c81b51e6893c740657870f86b7&language=en&debug=1&debugDataPath=https://raw.githubusercontent.com/jygameclub/testdataapi/main/mahjong1date/0525_0842&debugStart=437,https://raw.githubusercontent.com/jygameclub/testdataapi/main/mahjong1date/0525_0842/437.json,https://raw.githubusercontent.com/jygameclub/testdataapi/main/mahjong1date/0525_0842,未中奖,0.00,0.00,1,0,0,0,0,0,0,否,否,否,0,1,702719,702719,5201779694563104,9471482.0,9471442.0,
普通空转,438.json,438,0,,https://fish-games.s3.amazonaws.com/MahjongWays1/index.html?env=ceshislot.osshaiwai.com&hasFloat=0&token=436475c81b51e6893c740657870f86b7&language=en&debug=1&debugDataPath=https://raw.githubusercontent.com/jygameclub/testdataapi/main/mahjong1date/0525_0842&debugStart=438,https://raw.githubusercontent.com/jygameclub/testdataapi/main/mahjong1date/0525_0842/438.json,https://raw.githubusercontent.com/jygameclub/testdataapi/main/mahjong1date/0525_0842,未中奖,0.00,0.00,1,0,0,0,0,0,0,否,否,否,0,1,702721,702721,6251779694564586,9471442.0,9471402.0,
普通空转,439.json,439,0,,https://fish-games.s3.amazonaws.com/MahjongWays1/index.html?env=ceshislot.osshaiwai.com&hasFloat=0&token=436475c81b51e6893c740657870f86b7&language=en&debug=1&debugDataPath=https://raw.githubusercontent.com/jygameclub/testdataapi/main/mahjong1date/0525_0842&debugStart=439,https://raw.githubusercontent.com/jygameclub/testdataapi/main/mahjong1date/0525_0842/439.json,https://raw.githubusercontent.com/jygameclub/testdataapi/main/mahjong1date/0525_0842,未中奖,0.00,0.00,1,0,0,0,0,0,0,否,否,否,0,2,702723,702723,8371779694566002,9471402.0,9471362.0,
普通空转,440.json,440,0,,https://fish-games.s3.amazonaws.com/MahjongWays1/index.html?env=ceshislot.osshaiwai.com&hasFloat=0&token=436475c81b51e6893c740657870f86b7&language=en&debug=1&debugDataPath=https://raw.githubusercontent.com/jygameclub/testdataapi/main/mahjong1date/0525_0842&debugStart=440,https://raw.githubusercontent.com/jygameclub/testdataapi/main/mahjong1date/0525_0842/440.json,https://raw.githubusercontent.com/jygameclub/testdataapi/main/mahjong1date/0525_0842,未中奖,0.00,0.00,1,0,0,0,0,0,0,否,否,否,0,1,702724,702724,6511779694567503,9471362.0,9471322.0,
普通空转,441.json,441,0,,https://fish-games.s3.amazonaws.com/MahjongWays1/index.html?env=ceshislot.osshaiwai.com&hasFloat=0&token=436475c81b51e6893c740657870f86b7&language=en&debug=1&debugDataPath=https://raw.githubusercontent.com/jygameclub/testdataapi/main/mahjong1date/0525_0842&debugStart=441,https://raw.githubusercontent.com/jygameclub/testdataapi/main/mahjong1date/0525_0842/441.json,https://raw.githubusercontent.com/jygameclub/testdataapi/main/mahjong1date/0525_0842,未中奖,0.00,0.00,1,0,0,0,0,0,0,否,否,否,0,0,702726,702726,2901779694569105,9471322.0,9471282.0,
普通空转,442.json,442,0,,https://fish-games.s3.amazonaws.com/MahjongWays1/index.html?env=ceshislot.osshaiwai.com&hasFloat=0&token=436475c81b51e6893c740657870f86b7&language=en&debug=1&debugDataPath=https://raw.githubusercontent.com/jygameclub/testdataapi/main/mahjong1date/0525_0842&debugStart=442,https://raw.githubusercontent.com/jygameclub/testdataapi/main/mahjong1date/0525_0842/442.json,https://raw.githubusercontent.com/jygameclub/testdataapi/main/mahjong1date/0525_0842,未中奖,0.00,0.00,1,0,0,0,0,0,0,否,否,否,0,0,702727,702727,2961779694569887,9471282.0,9471242.0,
普通空转,443.json,443,0,,https://fish-games.s3.amazonaws.com/MahjongWays1/index.html?env=ceshislot.osshaiwai.com&hasFloat=0&token=436475c81b51e6893c740657870f86b7&language=en&debug=1&debugDataPath=https://raw.githubusercontent.com/jygameclub/testdataapi/main/mahjong1date/0525_0842&debugStart=443,https://raw.githubusercontent.com/jygameclub/testdataapi/main/mahjong1date/0525_0842/443.json,https://raw.githubusercontent.com/jygameclub/testdataapi/main/mahjong1date/0525_0842,未中奖,0.00,0.00,1,0,0,0,0,0,0,否,否,否,0,0,702728,702728,1341779694570686,9471242.0,9471202.0,
普通空转,444.json,444,0,,https://fish-games.s3.amazonaws.com/MahjongWays1/index.html?env=ceshislot.osshaiwai.com&hasFloat=0&token=436475c81b51e6893c740657870f86b7&language=en&debug=1&debugDataPath=https://raw.githubusercontent.com/jygameclub/testdataapi/main/mahjong1date/0525_0842&debugStart=444,https://raw.githubusercontent.com/jygameclub/testdataapi/main/mahjong1date/0525_0842/444.json,https://raw.githubusercontent.com/jygameclub/testdataapi/main/mahjong1date/0525_0842,未中奖,0.00,0.00,1,0,0,0,0,0,0,否,否,否,0,2,702729,702729,1471779694571471,9471202.0,9471162.0,
普通空转,445.json,445,0,,https://fish-games.s3.amazonaws.com/MahjongWays1/index.html?env=ceshislot.osshaiwai.com&hasFloat=0&token=436475c81b51e6893c740657870f86b7&language=en&debug=1&debugDataPath=https://raw.githubusercontent.com/jygameclub/testdataapi/main/mahjong1date/0525_0842&debugStart=445,https://raw.githubusercontent.com/jygameclub/testdataapi/main/mahjong1date/0525_0842/445.json,https://raw.githubusercontent.com/jygameclub/testdataapi/main/mahjong1date/0525_0842,未中奖,0.00,0.00,1,0,0,0,0,0,0,否,否,否,0,0,702730,702730,4261779694572970,9471162.0,9471122.0,
普通空转,446.json,446,0,,https://fish-games.s3.amazonaws.com/MahjongWays1/index.html?env=ceshislot.osshaiwai.com&hasFloat=0&token=436475c81b51e6893c740657870f86b7&language=en&debug=1&debugDataPath=https://raw.githubusercontent.com/jygameclub/testdataapi/main/mahjong1date/0525_0842&debugStart=446,https://raw.githubusercontent.com/jygameclub/testdataapi/main/mahjong1date/0525_0842/446.json,https://raw.githubusercontent.com/jygameclub/testdataapi/main/mahjong1date/0525_0842,未中奖,0.00,0.00,1,0,0,0,0,0,0,否,否,否,0,1,702731,702731,9551779694573753,9471122.0,9471082.0,
普通空转,447.json,447,0,,https://fish-games.s3.amazonaws.com/MahjongWays1/index.html?env=ceshislot.osshaiwai.com&hasFloat=0&token=436475c81b51e6893c740657870f86b7&language=en&debug=1&debugDataPath=https://raw.githubusercontent.com/jygameclub/testdataapi/main/mahjong1date/0525_0842&debugStart=447,https://raw.githubusercontent.com/jygameclub/testdataapi/main/mahjong1date/0525_0842/447.json,https://raw.githubusercontent.com/jygameclub/testdataapi/main/mahjong1date/0525_0842,未中奖,0.00,0.00,1,0,0,0,0,0,0,否,否,否,0,0,702732,702732,7661779694575153,9471082.0,9471042.0,
普通空转,448.json,448,0,,https://fish-games.s3.amazonaws.com/MahjongWays1/index.html?env=ceshislot.osshaiwai.com&hasFloat=0&token=436475c81b51e6893c740657870f86b7&language=en&debug=1&debugDataPath=https://raw.githubusercontent.com/jygameclub/testdataapi/main/mahjong1date/0525_0842&debugStart=448,https://raw.githubusercontent.com/jygameclub/testdataapi/main/mahjong1date/0525_0842/448.json,https://raw.githubusercontent.com/jygameclub/testdataapi/main/mahjong1date/0525_0842,未中奖,0.00,0.00,1,0,0,0,0,0,0,否,否,否,0,1,702733,702733,8831779694575938,9471042.0,9471002.0,
普通空转,449.json,449,0,,https://fish-games.s3.amazonaws.com/MahjongWays1/index.html?env=ceshislot.osshaiwai.com&hasFloat=0&token=436475c81b51e6893c740657870f86b7&language=en&debug=1&debugDataPath=https://raw.githubusercontent.com/jygameclub/testdataapi/main/mahjong1date/0525_0842&debugStart=449,https://raw.githubusercontent.com/jygameclub/testdataapi/main/mahjong1date/0525_0842/449.json,https://raw.githubusercontent.com/jygameclub/testdataapi/main/mahjong1date/0525_0842,未中奖,0.00,0.00,1,0,0,0,0,0,0,否,否,否,0,0,702734,702734,1311779694577338,9471002.0,9470962.0,
普通空转,450.json,450,0,,https://fish-games.s3.amazonaws.com/MahjongWays1/index.html?env=ceshislot.osshaiwai.com&hasFloat=0&token=436475c81b51e6893c740657870f86b7&language=en&debug=1&debugDataPath=https://raw.githubusercontent.com/jygameclub/testdataapi/main/mahjong1date/0525_0842&debugStart=450,https://raw.githubusercontent.com/jygameclub/testdataapi/main/mahjong1date/0525_0842/450.json,https://raw.githubusercontent.com/jygameclub/testdataapi/main/mahjong1date/0525_0842,未中奖,0.00,0.00,1,0,0,0,0,0,0,否,否,否,0,0,702735,702735,9141779694578138,9470962.0,9470922.0,
普通空转,451.json,451,0,,https://fish-games.s3.amazonaws.com/MahjongWays1/index.html?env=ceshislot.osshaiwai.com&hasFloat=0&token=436475c81b51e6893c740657870f86b7&language=en&debug=1&debugDataPath=https://raw.githubusercontent.com/jygameclub/testdataapi/main/mahjong1date/0525_0842&debugStart=451,https://raw.githubusercontent.com/jygameclub/testdataapi/main/mahjong1date/0525_0842/451.json,https://raw.githubusercontent.com/jygameclub/testdataapi/main/mahjong1date/0525_0842,未中奖,0.00,0.00,1,0,0,0,0,0,0,否,否,否,0,1,702736,702736,6361779694578920,9470922.0,9470882.0,
普通空转,453.json,453,0,,https://fish-games.s3.amazonaws.com/MahjongWays1/index.html?env=ceshislot.osshaiwai.com&hasFloat=0&token=436475c81b51e6893c740657870f86b7&language=en&debug=1&debugDataPath=https://raw.githubusercontent.com/jygameclub/testdataapi/main/mahjong1date/0525_0842&debugStart=453,https://raw.githubusercontent.com/jygameclub/testdataapi/main/mahjong1date/0525_0842/453.json,https://raw.githubusercontent.com/jygameclub/testdataapi/main/mahjong1date/0525_0842,未中奖,0.00,0.00,1,0,0,0,0,0,0,否,否,否,0,0,702739,702739,8661779694584089,9470962.0,9470922.0,
普通空转,455.json,455,0,,https://fish-games.s3.amazonaws.com/MahjongWays1/index.html?env=ceshislot.osshaiwai.com&hasFloat=0&token=436475c81b51e6893c740657870f86b7&language=en&debug=1&debugDataPath=https://raw.githubusercontent.com/jygameclub/testdataapi/main/mahjong1date/0525_0842&debugStart=455,https://raw.githubusercontent.com/jygameclub/testdataapi/main/mahjong1date/0525_0842/455.json,https://raw.githubusercontent.com/jygameclub/testdataapi/main/mahjong1date/0525_0842,未中奖,0.00,0.00,1,0,0,0,0,0,0,否,否,否,0,0,702743,702743,7141779694588570,9470902.0,9470862.0,
普通空转,460.json,460,0,,https://fish-games.s3.amazonaws.com/MahjongWays1/index.html?env=ceshislot.osshaiwai.com&hasFloat=0&token=436475c81b51e6893c740657870f86b7&language=en&debug=1&debugDataPath=https://raw.githubusercontent.com/jygameclub/testdataapi/main/mahjong1date/0525_0842&debugStart=460,https://raw.githubusercontent.com/jygameclub/testdataapi/main/mahjong1date/0525_0842/460.json,https://raw.githubusercontent.com/jygameclub/testdataapi/main/mahjong1date/0525_0842,未中奖,0.00,0.00,1,0,0,0,0,0,0,否,否,否,0,0,702759,702759,8381779694606320,9471018.0,9470978.0,
普通空转,461.json,461,0,,https://fish-games.s3.amazonaws.com/MahjongWays1/index.html?env=ceshislot.osshaiwai.com&hasFloat=0&token=436475c81b51e6893c740657870f86b7&language=en&debug=1&debugDataPath=https://raw.githubusercontent.com/jygameclub/testdataapi/main/mahjong1date/0525_0842&debugStart=461,https://raw.githubusercontent.com/jygameclub/testdataapi/main/mahjong1date/0525_0842/461.json,https://raw.githubusercontent.com/jygameclub/testdataapi/main/mahjong1date/0525_0842,未中奖,0.00,0.00,1,0,0,0,0,0,0,否,否,否,0,0,702760,702760,4761779694607437,9470978.0,9470938.0,
普通空转,464.json,464,0,,https://fish-games.s3.amazonaws.com/MahjongWays1/index.html?env=ceshislot.osshaiwai.com&hasFloat=0&token=436475c81b51e6893c740657870f86b7&language=en&debug=1&debugDataPath=https://raw.githubusercontent.com/jygameclub/testdataapi/main/mahjong1date/0525_0842&debugStart=464,https://raw.githubusercontent.com/jygameclub/testdataapi/main/mahjong1date/0525_0842/464.json,https://raw.githubusercontent.com/jygameclub/testdataapi/main/mahjong1date/0525_0842,未中奖,0.00,0.00,1,0,0,0,0,0,0,否,否,否,0,0,702771,702771,5961779694615637,9471068.0,9471028.0,
普通空转,465.json,465,0,,https://fish-games.s3.amazonaws.com/MahjongWays1/index.html?env=ceshislot.osshaiwai.com&hasFloat=0&token=436475c81b51e6893c740657870f86b7&language=en&debug=1&debugDataPath=https://raw.githubusercontent.com/jygameclub/testdataapi/main/mahjong1date/0525_0842&debugStart=465,https://raw.githubusercontent.com/jygameclub/testdataapi/main/mahjong1date/0525_0842/465.json,https://raw.githubusercontent.com/jygameclub/testdataapi/main/mahjong1date/0525_0842,未中奖,0.00,0.00,1,0,0,0,0,0,0,否,否,否,0,1,702772,702772,6271779694616436,9471028.0,9470988.0,
普通空转,466.json,466,0,,https://fish-games.s3.amazonaws.com/MahjongWays1/index.html?env=ceshislot.osshaiwai.com&hasFloat=0&token=436475c81b51e6893c740657870f86b7&language=en&debug=1&debugDataPath=https://raw.githubusercontent.com/jygameclub/testdataapi/main/mahjong1date/0525_0842&debugStart=466,https://raw.githubusercontent.com/jygameclub/testdataapi/main/mahjong1date/0525_0842/466.json,https://raw.githubusercontent.com/jygameclub/testdataapi/main/mahjong1date/0525_0842,未中奖,0.00,0.00,1,0,0,0,0,0,0,否,否,否,0,0,702775,702775,3011779694617836,9470988.0,9470948.0,
普通空转,467.json,467,0,,https://fish-games.s3.amazonaws.com/MahjongWays1/index.html?env=ceshislot.osshaiwai.com&hasFloat=0&token=436475c81b51e6893c740657870f86b7&language=en&debug=1&debugDataPath=https://raw.githubusercontent.com/jygameclub/testdataapi/main/mahjong1date/0525_0842&debugStart=467,https://raw.githubusercontent.com/jygameclub/testdataapi/main/mahjong1date/0525_0842/467.json,https://raw.githubusercontent.com/jygameclub/testdataapi/main/mahjong1date/0525_0842,未中奖,0.00,0.00,1,0,0,0,0,0,0,否,否,否,0,0,702776,702776,9761779694618621,9470948.0,9470908.0,
普通空转,468.json,468,0,,https://fish-games.s3.amazonaws.com/MahjongWays1/index.html?env=ceshislot.osshaiwai.com&hasFloat=0&token=436475c81b51e6893c740657870f86b7&language=en&debug=1&debugDataPath=https://raw.githubusercontent.com/jygameclub/testdataapi/main/mahjong1date/0525_0842&debugStart=468,https://raw.githubusercontent.com/jygameclub/testdataapi/main/mahjong1date/0525_0842/468.json,https://raw.githubusercontent.com/jygameclub/testdataapi/main/mahjong1date/0525_0842,未中奖,0.00,0.00,1,0,0,0,0,0,0,否,否,否,0,1,702778,702778,7791779694619420,9470908.0,9470868.0,
普通空转,469.json,469,0,,https://fish-games.s3.amazonaws.com/MahjongWays1/index.html?env=ceshislot.osshaiwai.com&hasFloat=0&token=436475c81b51e6893c740657870f86b7&language=en&debug=1&debugDataPath=https://raw.githubusercontent.com/jygameclub/testdataapi/main/mahjong1date/0525_0842&debugStart=469,https://raw.githubusercontent.com/jygameclub/testdataapi/main/mahjong1date/0525_0842/469.json,https://raw.githubusercontent.com/jygameclub/testdataapi/main/mahjong1date/0525_0842,未中奖,0.00,0.00,1,0,0,0,0,0,0,否,否,否,0,2,702779,702779,7681779694620819,9470868.0,9470828.0,
普通空转,470.json,470,0,,https://fish-games.s3.amazonaws.com/MahjongWays1/index.html?env=ceshislot.osshaiwai.com&hasFloat=0&token=436475c81b51e6893c740657870f86b7&language=en&debug=1&debugDataPath=https://raw.githubusercontent.com/jygameclub/testdataapi/main/mahjong1date/0525_0842&debugStart=470,https://raw.githubusercontent.com/jygameclub/testdataapi/main/mahjong1date/0525_0842/470.json,https://raw.githubusercontent.com/jygameclub/testdataapi/main/mahjong1date/0525_0842,未中奖,0.00,0.00,1,0,0,0,0,0,0,否,否,否,0,1,702782,702782,2331779694622336,9470828.0,9470788.0,
普通空转,471.json,471,0,,https://fish-games.s3.amazonaws.com/MahjongWays1/index.html?env=ceshislot.osshaiwai.com&hasFloat=0&token=436475c81b51e6893c740657870f86b7&language=en&debug=1&debugDataPath=https://raw.githubusercontent.com/jygameclub/testdataapi/main/mahjong1date/0525_0842&debugStart=471,https://raw.githubusercontent.com/jygameclub/testdataapi/main/mahjong1date/0525_0842/471.json,https://raw.githubusercontent.com/jygameclub/testdataapi/main/mahjong1date/0525_0842,未中奖,0.00,0.00,1,0,0,0,0,0,0,否,否,否,0,0,702783,702783,4021779694623804,9470788.0,9470748.0,
普通空转,473.json,473,0,,https://fish-games.s3.amazonaws.com/MahjongWays1/index.html?env=ceshislot.osshaiwai.com&hasFloat=0&token=436475c81b51e6893c740657870f86b7&language=en&debug=1&debugDataPath=https://raw.githubusercontent.com/jygameclub/testdataapi/main/mahjong1date/0525_0842&debugStart=473,https://raw.githubusercontent.com/jygameclub/testdataapi/main/mahjong1date/0525_0842/473.json,https://raw.githubusercontent.com/jygameclub/testdataapi/main/mahjong1date/0525_0842,未中奖,0.00,0.00,1,0,0,0,0,0,0,否,否,否,0,1,702790,702790,4911779694628404,9470712.0,9470672.0,
普通空转,474.json,474,0,,https://fish-games.s3.amazonaws.com/MahjongWays1/index.html?env=ceshislot.osshaiwai.com&hasFloat=0&token=436475c81b51e6893c740657870f86b7&language=en&debug=1&debugDataPath=https://raw.githubusercontent.com/jygameclub/testdataapi/main/mahjong1date/0525_0842&debugStart=474,https://raw.githubusercontent.com/jygameclub/testdataapi/main/mahjong1date/0525_0842/474.json,https://raw.githubusercontent.com/jygameclub/testdataapi/main/mahjong1date/0525_0842,未中奖,0.00,0.00,1,0,0,0,0,0,0,否,否,否,0,1,702792,702792,9631779694629870,9470672.0,9470632.0,
普通空转,475.json,475,0,,https://fish-games.s3.amazonaws.com/MahjongWays1/index.html?env=ceshislot.osshaiwai.com&hasFloat=0&token=436475c81b51e6893c740657870f86b7&language=en&debug=1&debugDataPath=https://raw.githubusercontent.com/jygameclub/testdataapi/main/mahjong1date/0525_0842&debugStart=475,https://raw.githubusercontent.com/jygameclub/testdataapi/main/mahjong1date/0525_0842/475.json,https://raw.githubusercontent.com/jygameclub/testdataapi/main/mahjong1date/0525_0842,未中奖,0.00,0.00,1,0,0,0,0,0,0,否,否,否,0,0,702794,702794,6881779694631286,9470632.0,9470592.0,
普通空转,477.json,477,0,,https://fish-games.s3.amazonaws.com/MahjongWays1/index.html?env=ceshislot.osshaiwai.com&hasFloat=0&token=436475c81b51e6893c740657870f86b7&language=en&debug=1&debugDataPath=https://raw.githubusercontent.com/jygameclub/testdataapi/main/mahjong1date/0525_0842&debugStart=477,https://raw.githubusercontent.com/jygameclub/testdataapi/main/mahjong1date/0525_0842/477.json,https://raw.githubusercontent.com/jygameclub/testdataapi/main/mahjong1date/0525_0842,未中奖,0.00,0.00,1,0,0,0,0,0,0,否,否,否,0,0,702798,702798,7231779694634786,9470582.0,9470542.0,
普通空转,480.json,480,0,,https://fish-games.s3.amazonaws.com/MahjongWays1/index.html?env=ceshislot.osshaiwai.com&hasFloat=0&token=436475c81b51e6893c740657870f86b7&language=en&debug=1&debugDataPath=https://raw.githubusercontent.com/jygameclub/testdataapi/main/mahjong1date/0525_0842&debugStart=480,https://raw.githubusercontent.com/jygameclub/testdataapi/main/mahjong1date/0525_0842/480.json,https://raw.githubusercontent.com/jygameclub/testdataapi/main/mahjong1date/0525_0842,未中奖,0.00,0.00,1,0,0,0,0,0,0,否,否,否,0,0,702808,702808,8411779694642970,9470510.0,9470470.0,
普通空转,481.json,481,0,,https://fish-games.s3.amazonaws.com/MahjongWays1/index.html?env=ceshislot.osshaiwai.com&hasFloat=0&token=436475c81b51e6893c740657870f86b7&language=en&debug=1&debugDataPath=https://raw.githubusercontent.com/jygameclub/testdataapi/main/mahjong1date/0525_0842&debugStart=481,https://raw.githubusercontent.com/jygameclub/testdataapi/main/mahjong1date/0525_0842/481.json,https://raw.githubusercontent.com/jygameclub/testdataapi/main/mahjong1date/0525_0842,未中奖,0.00,0.00,1,0,0,0,0,0,0,否,否,否,0,1,702810,702810,1311779694643770,9470470.0,9470430.0,
普通空转,482.json,482,0,,https://fish-games.s3.amazonaws.com/MahjongWays1/index.html?env=ceshislot.osshaiwai.com&hasFloat=0&token=436475c81b51e6893c740657870f86b7&language=en&debug=1&debugDataPath=https://raw.githubusercontent.com/jygameclub/testdataapi/main/mahjong1date/0525_0842&debugStart=482,https://raw.githubusercontent.com/jygameclub/testdataapi/main/mahjong1date/0525_0842/482.json,https://raw.githubusercontent.com/jygameclub/testdataapi/main/mahjong1date/0525_0842,未中奖,0.00,0.00,1,0,0,0,0,0,0,否,否,否,0,0,702812,702812,8211779694645170,9470430.0,9470390.0,
普通空转,483.json,483,0,,https://fish-games.s3.amazonaws.com/MahjongWays1/index.html?env=ceshislot.osshaiwai.com&hasFloat=0&token=436475c81b51e6893c740657870f86b7&language=en&debug=1&debugDataPath=https://raw.githubusercontent.com/jygameclub/testdataapi/main/mahjong1date/0525_0842&debugStart=483,https://raw.githubusercontent.com/jygameclub/testdataapi/main/mahjong1date/0525_0842/483.json,https://raw.githubusercontent.com/jygameclub/testdataapi/main/mahjong1date/0525_0842,未中奖,0.00,0.00,1,0,0,0,0,0,0,否,否,否,0,1,702814,702814,6191779694646020,9470390.0,9470350.0,
普通空转,484.json,484,0,,https://fish-games.s3.amazonaws.com/MahjongWays1/index.html?env=ceshislot.osshaiwai.com&hasFloat=0&token=436475c81b51e6893c740657870f86b7&language=en&debug=1&debugDataPath=https://raw.githubusercontent.com/jygameclub/testdataapi/main/mahjong1date/0525_0842&debugStart=484,https://raw.githubusercontent.com/jygameclub/testdataapi/main/mahjong1date/0525_0842/484.json,https://raw.githubusercontent.com/jygameclub/testdataapi/main/mahjong1date/0525_0842,未中奖,0.00,0.00,1,0,0,0,0,0,0,否,否,否,0,1,702815,702815,4341779694647420,9470350.0,9470310.0,
普通空转,486.json,486,0,,https://fish-games.s3.amazonaws.com/MahjongWays1/index.html?env=ceshislot.osshaiwai.com&hasFloat=0&token=436475c81b51e6893c740657870f86b7&language=en&debug=1&debugDataPath=https://raw.githubusercontent.com/jygameclub/testdataapi/main/mahjong1date/0525_0842&debugStart=486,https://raw.githubusercontent.com/jygameclub/testdataapi/main/mahjong1date/0525_0842/486.json,https://raw.githubusercontent.com/jygameclub/testdataapi/main/mahjong1date/0525_0842,未中奖,0.00,0.00,1,0,0,0,0,0,0,否,否,否,0,0,702820,702820,5491779694651486,9470310.0,9470270.0,
普通空转,487.json,487,0,,https://fish-games.s3.amazonaws.com/MahjongWays1/index.html?env=ceshislot.osshaiwai.com&hasFloat=0&token=436475c81b51e6893c740657870f86b7&language=en&debug=1&debugDataPath=https://raw.githubusercontent.com/jygameclub/testdataapi/main/mahjong1date/0525_0842&debugStart=487,https://raw.githubusercontent.com/jygameclub/testdataapi/main/mahjong1date/0525_0842/487.json,https://raw.githubusercontent.com/jygameclub/testdataapi/main/mahjong1date/0525_0842,未中奖,0.00,0.00,1,0,0,0,0,0,0,否,否,否,0,1,702821,702821,8901779694652270,9470270.0,9470230.0,
普通空转,488.json,488,0,,https://fish-games.s3.amazonaws.com/MahjongWays1/index.html?env=ceshislot.osshaiwai.com&hasFloat=0&token=436475c81b51e6893c740657870f86b7&language=en&debug=1&debugDataPath=https://raw.githubusercontent.com/jygameclub/testdataapi/main/mahjong1date/0525_0842&debugStart=488,https://raw.githubusercontent.com/jygameclub/testdataapi/main/mahjong1date/0525_0842/488.json,https://raw.githubusercontent.com/jygameclub/testdataapi/main/mahjong1date/0525_0842,未中奖,0.00,0.00,1,0,0,0,0,0,0,否,否,否,0,0,702824,702824,2541779694653670,9470230.0,9470190.0,
普通空转,491.json,491,0,,https://fish-games.s3.amazonaws.com/MahjongWays1/index.html?env=ceshislot.osshaiwai.com&hasFloat=0&token=436475c81b51e6893c740657870f86b7&language=en&debug=1&debugDataPath=https://raw.githubusercontent.com/jygameclub/testdataapi/main/mahjong1date/0525_0842&debugStart=491,https://raw.githubusercontent.com/jygameclub/testdataapi/main/mahjong1date/0525_0842/491.json,https://raw.githubusercontent.com/jygameclub/testdataapi/main/mahjong1date/0525_0842,未中奖,0.00,0.00,1,0,0,0,0,0,0,否,否,否,0,1,702837,702837,1211779694660820,9470190.0,9470150.0,
普通空转,492.json,492,0,,https://fish-games.s3.amazonaws.com/MahjongWays1/index.html?env=ceshislot.osshaiwai.com&hasFloat=0&token=436475c81b51e6893c740657870f86b7&language=en&debug=1&debugDataPath=https://raw.githubusercontent.com/jygameclub/testdataapi/main/mahjong1date/0525_0842&debugStart=492,https://raw.githubusercontent.com/jygameclub/testdataapi/main/mahjong1date/0525_0842/492.json,https://raw.githubusercontent.com/jygameclub/testdataapi/main/mahjong1date/0525_0842,未中奖,0.00,0.00,1,0,0,0,0,0,0,否,否,否,0,1,702839,702839,2411779694662236,9470150.0,9470110.0,
普通空转,493.json,493,0,,https://fish-games.s3.amazonaws.com/MahjongWays1/index.html?env=ceshislot.osshaiwai.com&hasFloat=0&token=436475c81b51e6893c740657870f86b7&language=en&debug=1&debugDataPath=https://raw.githubusercontent.com/jygameclub/testdataapi/main/mahjong1date/0525_0842&debugStart=493,https://raw.githubusercontent.com/jygameclub/testdataapi/main/mahjong1date/0525_0842/493.json,https://raw.githubusercontent.com/jygameclub/testdataapi/main/mahjong1date/0525_0842,未中奖,0.00,0.00,1,0,0,0,0,0,0,否,否,否,0,0,702842,702842,3581779694663636,9470110.0,9470070.0,
普通空转,494.json,494,0,,https://fish-games.s3.amazonaws.com/MahjongWays1/index.html?env=ceshislot.osshaiwai.com&hasFloat=0&token=436475c81b51e6893c740657870f86b7&language=en&debug=1&debugDataPath=https://raw.githubusercontent.com/jygameclub/testdataapi/main/mahjong1date/0525_0842&debugStart=494,https://raw.githubusercontent.com/jygameclub/testdataapi/main/mahjong1date/0525_0842/494.json,https://raw.githubusercontent.com/jygameclub/testdataapi/main/mahjong1date/0525_0842,未中奖,0.00,0.00,1,0,0,0,0,0,0,否,否,否,0,0,702844,702844,4081779694664420,9470070.0,9470030.0,
普通空转,496.json,496,0,,https://fish-games.s3.amazonaws.com/MahjongWays1/index.html?env=ceshislot.osshaiwai.com&hasFloat=0&token=436475c81b51e6893c740657870f86b7&language=en&debug=1&debugDataPath=https://raw.githubusercontent.com/jygameclub/testdataapi/main/mahjong1date/0525_0842&debugStart=496,https://raw.githubusercontent.com/jygameclub/testdataapi/main/mahjong1date/0525_0842/496.json,https://raw.githubusercontent.com/jygameclub/testdataapi/main/mahjong1date/0525_0842,未中奖,0.00,0.00,1,0,0,0,0,0,0,否,否,否,0,0,702851,702851,6621779694667886,9470150.0,9470110.0,
普通空转,497.json,497,0,,https://fish-games.s3.amazonaws.com/MahjongWays1/index.html?env=ceshislot.osshaiwai.com&hasFloat=0&token=436475c81b51e6893c740657870f86b7&language=en&debug=1&debugDataPath=https://raw.githubusercontent.com/jygameclub/testdataapi/main/mahjong1date/0525_0842&debugStart=497,https://raw.githubusercontent.com/jygameclub/testdataapi/main/mahjong1date/0525_0842/497.json,https://raw.githubusercontent.com/jygameclub/testdataapi/main/mahjong1date/0525_0842,未中奖,0.00,0.00,1,0,0,0,0,0,0,否,否,否,0,0,702854,702854,8041779694668670,9470110.0,9470070.0,
普通空转,498.json,498,0,,https://fish-games.s3.amazonaws.com/MahjongWays1/index.html?env=ceshislot.osshaiwai.com&hasFloat=0&token=436475c81b51e6893c740657870f86b7&language=en&debug=1&debugDataPath=https://raw.githubusercontent.com/jygameclub/testdataapi/main/mahjong1date/0525_0842&debugStart=498,https://raw.githubusercontent.com/jygameclub/testdataapi/main/mahjong1date/0525_0842/498.json,https://raw.githubusercontent.com/jygameclub/testdataapi/main/mahjong1date/0525_0842,未中奖,0.00,0.00,1,0,0,0,0,0,0,否,否,否,0,1,702856,702856,2911779694669452,9470070.0,9470030.0,
普通空转,501.json,501,0,,https://fish-games.s3.amazonaws.com/MahjongWays1/index.html?env=ceshislot.osshaiwai.com&hasFloat=0&token=436475c81b51e6893c740657870f86b7&language=en&debug=1&debugDataPath=https://raw.githubusercontent.com/jygameclub/testdataapi/main/mahjong1date/0525_0842&debugStart=501,https://raw.githubusercontent.com/jygameclub/testdataapi/main/mahjong1date/0525_0842/501.json,https://raw.githubusercontent.com/jygameclub/testdataapi/main/mahjong1date/0525_0842,未中奖,0.00,0.00,1,0,0,0,0,0,0,否,否,否,0,0,702870,702870,7461779694676336,9469974.0,9469934.0,
普通空转,502.json,502,0,,https://fish-games.s3.amazonaws.com/MahjongWays1/index.html?env=ceshislot.osshaiwai.com&hasFloat=0&token=436475c81b51e6893c740657870f86b7&language=en&debug=1&debugDataPath=https://raw.githubusercontent.com/jygameclub/testdataapi/main/mahjong1date/0525_0842&debugStart=502,https://raw.githubusercontent.com/jygameclub/testdataapi/main/mahjong1date/0525_0842/502.json,https://raw.githubusercontent.com/jygameclub/testdataapi/main/mahjong1date/0525_0842,未中奖,0.00,0.00,1,0,0,0,0,0,0,否,否,否,0,0,702872,702872,7181779694677120,9469934.0,9469894.0,
普通空转,503.json,503,0,,https://fish-games.s3.amazonaws.com/MahjongWays1/index.html?env=ceshislot.osshaiwai.com&hasFloat=0&token=436475c81b51e6893c740657870f86b7&language=en&debug=1&debugDataPath=https://raw.githubusercontent.com/jygameclub/testdataapi/main/mahjong1date/0525_0842&debugStart=503,https://raw.githubusercontent.com/jygameclub/testdataapi/main/mahjong1date/0525_0842/503.json,https://raw.githubusercontent.com/jygameclub/testdataapi/main/mahjong1date/0525_0842,未中奖,0.00,0.00,1,0,0,0,0,0,0,否,否,否,0,0,702873,702873,9671779694677920,9469894.0,9469854.0,
普通空转,504.json,504,0,,https://fish-games.s3.amazonaws.com/MahjongWays1/index.html?env=ceshislot.osshaiwai.com&hasFloat=0&token=436475c81b51e6893c740657870f86b7&language=en&debug=1&debugDataPath=https://raw.githubusercontent.com/jygameclub/testdataapi/main/mahjong1date/0525_0842&debugStart=504,https://raw.githubusercontent.com/jygameclub/testdataapi/main/mahjong1date/0525_0842/504.json,https://raw.githubusercontent.com/jygameclub/testdataapi/main/mahjong1date/0525_0842,未中奖,0.00,0.00,1,0,0,0,0,0,0,否,否,否,0,0,702874,702874,5771779694678720,9469854.0,9469814.0,
普通空转,506.json,506,0,,https://fish-games.s3.amazonaws.com/MahjongWays1/index.html?env=ceshislot.osshaiwai.com&hasFloat=0&token=436475c81b51e6893c740657870f86b7&language=en&debug=1&debugDataPath=https://raw.githubusercontent.com/jygameclub/testdataapi/main/mahjong1date/0525_0842&debugStart=506,https://raw.githubusercontent.com/jygameclub/testdataapi/main/mahjong1date/0525_0842/506.json,https://raw.githubusercontent.com/jygameclub/testdataapi/main/mahjong1date/0525_0842,未中奖,0.00,0.00,1,0,0,0,0,0,0,否,否,否,0,0,702882,702882,9981779694682186,9469814.0,9469774.0,
普通空转,507.json,507,0,,https://fish-games.s3.amazonaws.com/MahjongWays1/index.html?env=ceshislot.osshaiwai.com&hasFloat=0&token=436475c81b51e6893c740657870f86b7&language=en&debug=1&debugDataPath=https://raw.githubusercontent.com/jygameclub/testdataapi/main/mahjong1date/0525_0842&debugStart=507,https://raw.githubusercontent.com/jygameclub/testdataapi/main/mahjong1date/0525_0842/507.json,https://raw.githubusercontent.com/jygameclub/testdataapi/main/mahjong1date/0525_0842,未中奖,0.00,0.00,1,0,0,0,0,0,0,否,否,否,0,1,702884,702884,1121779694682970,9469774.0,9469734.0,
普通空转,508.json,508,0,,https://fish-games.s3.amazonaws.com/MahjongWays1/index.html?env=ceshislot.osshaiwai.com&hasFloat=0&token=436475c81b51e6893c740657870f86b7&language=en&debug=1&debugDataPath=https://raw.githubusercontent.com/jygameclub/testdataapi/main/mahjong1date/0525_0842&debugStart=508,https://raw.githubusercontent.com/jygameclub/testdataapi/main/mahjong1date/0525_0842/508.json,https://raw.githubusercontent.com/jygameclub/testdataapi/main/mahjong1date/0525_0842,未中奖,0.00,0.00,1,0,0,0,0,0,0,否,否,否,0,0,702887,702887,7201779694684369,9469734.0,9469694.0,
普通空转,509.json,509,0,,https://fish-games.s3.amazonaws.com/MahjongWays1/index.html?env=ceshislot.osshaiwai.com&hasFloat=0&token=436475c81b51e6893c740657870f86b7&language=en&debug=1&debugDataPath=https://raw.githubusercontent.com/jygameclub/testdataapi/main/mahjong1date/0525_0842&debugStart=509,https://raw.githubusercontent.com/jygameclub/testdataapi/main/mahjong1date/0525_0842/509.json,https://raw.githubusercontent.com/jygameclub/testdataapi/main/mahjong1date/0525_0842,未中奖,0.00,0.00,1,0,0,0,0,0,0,否,否,否,0,0,702889,702889,6291779694685153,9469694.0,9469654.0,
普通空转,510.json,510,0,,https://fish-games.s3.amazonaws.com/MahjongWays1/index.html?env=ceshislot.osshaiwai.com&hasFloat=0&token=436475c81b51e6893c740657870f86b7&language=en&debug=1&debugDataPath=https://raw.githubusercontent.com/jygameclub/testdataapi/main/mahjong1date/0525_0842&debugStart=510,https://raw.githubusercontent.com/jygameclub/testdataapi/main/mahjong1date/0525_0842/510.json,https://raw.githubusercontent.com/jygameclub/testdataapi/main/mahjong1date/0525_0842,未中奖,0.00,0.00,1,0,0,0,0,0,0,否,否,否,0,0,702892,702892,6481779694686086,9469654.0,9469614.0,
普通空转,511.json,511,0,,https://fish-games.s3.amazonaws.com/MahjongWays1/index.html?env=ceshislot.osshaiwai.com&hasFloat=0&token=436475c81b51e6893c740657870f86b7&language=en&debug=1&debugDataPath=https://raw.githubusercontent.com/jygameclub/testdataapi/main/mahjong1date/0525_0842&debugStart=511,https://raw.githubusercontent.com/jygameclub/testdataapi/main/mahjong1date/0525_0842/511.json,https://raw.githubusercontent.com/jygameclub/testdataapi/main/mahjong1date/0525_0842,未中奖,0.00,0.00,1,0,0,0,0,0,0,否,否,否,0,1,702893,702893,4961779694686871,9469614.0,9469574.0,
普通空转,512.json,512,0,,https://fish-games.s3.amazonaws.com/MahjongWays1/index.html?env=ceshislot.osshaiwai.com&hasFloat=0&token=436475c81b51e6893c740657870f86b7&language=en&debug=1&debugDataPath=https://raw.githubusercontent.com/jygameclub/testdataapi/main/mahjong1date/0525_0842&debugStart=512,https://raw.githubusercontent.com/jygameclub/testdataapi/main/mahjong1date/0525_0842/512.json,https://raw.githubusercontent.com/jygameclub/testdataapi/main/mahjong1date/0525_0842,未中奖,0.00,0.00,1,0,0,0,0,0,0,否,否,否,0,0,702897,702897,4221779694688285,9469574.0,9469534.0,
普通空转,514.json,514,0,,https://fish-games.s3.amazonaws.com/MahjongWays1/index.html?env=ceshislot.osshaiwai.com&hasFloat=0&token=436475c81b51e6893c740657870f86b7&language=en&debug=1&debugDataPath=https://raw.githubusercontent.com/jygameclub/testdataapi/main/mahjong1date/0525_0842&debugStart=514,https://raw.githubusercontent.com/jygameclub/testdataapi/main/mahjong1date/0525_0842/514.json,https://raw.githubusercontent.com/jygameclub/testdataapi/main/mahjong1date/0525_0842,未中奖,0.00,0.00,1,0,0,0,0,0,0,否,否,否,0,0,702903,702903,5981779694692903,9469510.0,9469470.0,
普通空转,515.json,515,0,,https://fish-games.s3.amazonaws.com/MahjongWays1/index.html?env=ceshislot.osshaiwai.com&hasFloat=0&token=436475c81b51e6893c740657870f86b7&language=en&debug=1&debugDataPath=https://raw.githubusercontent.com/jygameclub/testdataapi/main/mahjong1date/0525_0842&debugStart=515,https://raw.githubusercontent.com/jygameclub/testdataapi/main/mahjong1date/0525_0842/515.json,https://raw.githubusercontent.com/jygameclub/testdataapi/main/mahjong1date/0525_0842,未中奖,0.00,0.00,1,0,0,0,0,0,0,否,否,否,0,0,702905,702905,8851779694693686,9469470.0,9469430.0,
普通空转,516.json,516,0,,https://fish-games.s3.amazonaws.com/MahjongWays1/index.html?env=ceshislot.osshaiwai.com&hasFloat=0&token=436475c81b51e6893c740657870f86b7&language=en&debug=1&debugDataPath=https://raw.githubusercontent.com/jygameclub/testdataapi/main/mahjong1date/0525_0842&debugStart=516,https://raw.githubusercontent.com/jygameclub/testdataapi/main/mahjong1date/0525_0842/516.json,https://raw.githubusercontent.com/jygameclub/testdataapi/main/mahjong1date/0525_0842,未中奖,0.00,0.00,1,0,0,0,0,0,0,否,否,否,0,0,702907,702907,3981779694694519,9469430.0,9469390.0,
普通空转,517.json,517,0,,https://fish-games.s3.amazonaws.com/MahjongWays1/index.html?env=ceshislot.osshaiwai.com&hasFloat=0&token=436475c81b51e6893c740657870f86b7&language=en&debug=1&debugDataPath=https://raw.githubusercontent.com/jygameclub/testdataapi/main/mahjong1date/0525_0842&debugStart=517,https://raw.githubusercontent.com/jygameclub/testdataapi/main/mahjong1date/0525_0842/517.json,https://raw.githubusercontent.com/jygameclub/testdataapi/main/mahjong1date/0525_0842,未中奖,0.00,0.00,1,0,0,0,0,0,0,否,否,否,0,1,702909,702909,3411779694695386,9469390.0,9469350.0,
普通空转,521.json,521,0,,https://fish-games.s3.amazonaws.com/MahjongWays1/index.html?env=ceshislot.osshaiwai.com&hasFloat=0&token=436475c81b51e6893c740657870f86b7&language=en&debug=1&debugDataPath=https://raw.githubusercontent.com/jygameclub/testdataapi/main/mahjong1date/0525_0842&debugStart=521,https://raw.githubusercontent.com/jygameclub/testdataapi/main/mahjong1date/0525_0842/521.json,https://raw.githubusercontent.com/jygameclub/testdataapi/main/mahjong1date/0525_0842,未中奖,0.00,0.00,1,0,0,0,0,0,0,否,否,否,0,0,702927,702927,6311779694705853,9469286.0,9469246.0,
普通空转,523.json,523,0,,https://fish-games.s3.amazonaws.com/MahjongWays1/index.html?env=ceshislot.osshaiwai.com&hasFloat=0&token=436475c81b51e6893c740657870f86b7&language=en&debug=1&debugDataPath=https://raw.githubusercontent.com/jygameclub/testdataapi/main/mahjong1date/0525_0842&debugStart=523,https://raw.githubusercontent.com/jygameclub/testdataapi/main/mahjong1date/0525_0842/523.json,https://raw.githubusercontent.com/jygameclub/testdataapi/main/mahjong1date/0525_0842,未中奖,0.00,0.00,1,0,0,0,0,0,0,否,否,否,0,1,702935,702935,6661779694710471,9469214.0,9469174.0,
普通空转,525.json,525,0,,https://fish-games.s3.amazonaws.com/MahjongWays1/index.html?env=ceshislot.osshaiwai.com&hasFloat=0&token=436475c81b51e6893c740657870f86b7&language=en&debug=1&debugDataPath=https://raw.githubusercontent.com/jygameclub/testdataapi/main/mahjong1date/0525_0842&debugStart=525,https://raw.githubusercontent.com/jygameclub/testdataapi/main/mahjong1date/0525_0842/525.json,https://raw.githubusercontent.com/jygameclub/testdataapi/main/mahjong1date/0525_0842,未中奖,0.00,0.00,1,0,0,0,0,0,0,否,否,否,0,2,702939,702939,3551779694716170,9469150.0,9469110.0,
普通空转,526.json,526,0,,https://fish-games.s3.amazonaws.com/MahjongWays1/index.html?env=ceshislot.osshaiwai.com&hasFloat=0&token=436475c81b51e6893c740657870f86b7&language=en&debug=1&debugDataPath=https://raw.githubusercontent.com/jygameclub/testdataapi/main/mahjong1date/0525_0842&debugStart=526,https://raw.githubusercontent.com/jygameclub/testdataapi/main/mahjong1date/0525_0842/526.json,https://raw.githubusercontent.com/jygameclub/testdataapi/main/mahjong1date/0525_0842,未中奖,0.00,0.00,1,0,0,0,0,0,0,否,否,否,0,1,702942,702942,7371779694717703,9469110.0,9469070.0,
普通空转,528.json,528,0,,https://fish-games.s3.amazonaws.com/MahjongWays1/index.html?env=ceshislot.osshaiwai.com&hasFloat=0&token=436475c81b51e6893c740657870f86b7&language=en&debug=1&debugDataPath=https://raw.githubusercontent.com/jygameclub/testdataapi/main/mahjong1date/0525_0842&debugStart=528,https://raw.githubusercontent.com/jygameclub/testdataapi/main/mahjong1date/0525_0842/528.json,https://raw.githubusercontent.com/jygameclub/testdataapi/main/mahjong1date/0525_0842,未中奖,0.00,0.00,1,0,0,0,0,0,0,否,否,否,0,1,702953,702953,1721779694723835,9469518.0,9469478.0,
普通空转,529.json,529,0,,https://fish-games.s3.amazonaws.com/MahjongWays1/index.html?env=ceshislot.osshaiwai.com&hasFloat=0&token=436475c81b51e6893c740657870f86b7&language=en&debug=1&debugDataPath=https://raw.githubusercontent.com/jygameclub/testdataapi/main/mahjong1date/0525_0842&debugStart=529,https://raw.githubusercontent.com/jygameclub/testdataapi/main/mahjong1date/0525_0842/529.json,https://raw.githubusercontent.com/jygameclub/testdataapi/main/mahjong1date/0525_0842,未中奖,0.00,0.00,1,0,0,0,0,0,0,否,否,否,0,0,702955,702955,3461779694725236,9469478.0,9469438.0,
普通空转,530.json,530,0,,https://fish-games.s3.amazonaws.com/MahjongWays1/index.html?env=ceshislot.osshaiwai.com&hasFloat=0&token=436475c81b51e6893c740657870f86b7&language=en&debug=1&debugDataPath=https://raw.githubusercontent.com/jygameclub/testdataapi/main/mahjong1date/0525_0842&debugStart=530,https://raw.githubusercontent.com/jygameclub/testdataapi/main/mahjong1date/0525_0842/530.json,https://raw.githubusercontent.com/jygameclub/testdataapi/main/mahjong1date/0525_0842,未中奖,0.00,0.00,1,0,0,0,0,0,0,否,否,否,0,1,702957,702957,4071779694726035,9469438.0,9469398.0,
普通空转,531.json,531,0,,https://fish-games.s3.amazonaws.com/MahjongWays1/index.html?env=ceshislot.osshaiwai.com&hasFloat=0&token=436475c81b51e6893c740657870f86b7&language=en&debug=1&debugDataPath=https://raw.githubusercontent.com/jygameclub/testdataapi/main/mahjong1date/0525_0842&debugStart=531,https://raw.githubusercontent.com/jygameclub/testdataapi/main/mahjong1date/0525_0842/531.json,https://raw.githubusercontent.com/jygameclub/testdataapi/main/mahjong1date/0525_0842,未中奖,0.00,0.00,1,0,0,0,0,0,0,否,否,否,0,0,702961,702961,2641779694727435,9469398.0,9469358.0,
普通空转,532.json,532,0,,https://fish-games.s3.amazonaws.com/MahjongWays1/index.html?env=ceshislot.osshaiwai.com&hasFloat=0&token=436475c81b51e6893c740657870f86b7&language=en&debug=1&debugDataPath=https://raw.githubusercontent.com/jygameclub/testdataapi/main/mahjong1date/0525_0842&debugStart=532,https://raw.githubusercontent.com/jygameclub/testdataapi/main/mahjong1date/0525_0842/532.json,https://raw.githubusercontent.com/jygameclub/testdataapi/main/mahjong1date/0525_0842,未中奖,0.00,0.00,1,0,0,0,0,0,0,否,否,否,0,0,702963,702963,2591779694728219,9469358.0,9469318.0,
普通空转,533.json,533,0,,https://fish-games.s3.amazonaws.com/MahjongWays1/index.html?env=ceshislot.osshaiwai.com&hasFloat=0&token=436475c81b51e6893c740657870f86b7&language=en&debug=1&debugDataPath=https://raw.githubusercontent.com/jygameclub/testdataapi/main/mahjong1date/0525_0842&debugStart=533,https://raw.githubusercontent.com/jygameclub/testdataapi/main/mahjong1date/0525_0842/533.json,https://raw.githubusercontent.com/jygameclub/testdataapi/main/mahjong1date/0525_0842,未中奖,0.00,0.00,1,0,0,0,0,0,0,否,否,否,0,1,702965,702965,5581779694729003,9469318.0,9469278.0,
普通空转,534.json,534,0,,https://fish-games.s3.amazonaws.com/MahjongWays1/index.html?env=ceshislot.osshaiwai.com&hasFloat=0&token=436475c81b51e6893c740657870f86b7&language=en&debug=1&debugDataPath=https://raw.githubusercontent.com/jygameclub/testdataapi/main/mahjong1date/0525_0842&debugStart=534,https://raw.githubusercontent.com/jygameclub/testdataapi/main/mahjong1date/0525_0842/534.json,https://raw.githubusercontent.com/jygameclub/testdataapi/main/mahjong1date/0525_0842,未中奖,0.00,0.00,1,0,0,0,0,0,0,否,否,否,0,1,702967,702967,9711779694730404,9469278.0,9469238.0,
普通空转,537.json,537,0,,https://fish-games.s3.amazonaws.com/MahjongWays1/index.html?env=ceshislot.osshaiwai.com&hasFloat=0&token=436475c81b51e6893c740657870f86b7&language=en&debug=1&debugDataPath=https://raw.githubusercontent.com/jygameclub/testdataapi/main/mahjong1date/0525_0842&debugStart=537,https://raw.githubusercontent.com/jygameclub/testdataapi/main/mahjong1date/0525_0842/537.json,https://raw.githubusercontent.com/jygameclub/testdataapi/main/mahjong1date/0525_0842,未中奖,0.00,0.00,1,0,0,0,0,0,0,否,否,否,0,1,702980,702980,7261779694740319,9469244.0,9469204.0,
普通空转,539.json,539,0,,https://fish-games.s3.amazonaws.com/MahjongWays1/index.html?env=ceshislot.osshaiwai.com&hasFloat=0&token=436475c81b51e6893c740657870f86b7&language=en&debug=1&debugDataPath=https://raw.githubusercontent.com/jygameclub/testdataapi/main/mahjong1date/0525_0842&debugStart=539,https://raw.githubusercontent.com/jygameclub/testdataapi/main/mahjong1date/0525_0842/539.json,https://raw.githubusercontent.com/jygameclub/testdataapi/main/mahjong1date/0525_0842,未中奖,0.00,0.00,1,0,0,0,0,0,0,否,否,否,0,0,702987,702987,7651779694744386,9469204.0,9469164.0,
普通空转,541.json,541,0,,https://fish-games.s3.amazonaws.com/MahjongWays1/index.html?env=ceshislot.osshaiwai.com&hasFloat=0&token=436475c81b51e6893c740657870f86b7&language=en&debug=1&debugDataPath=https://raw.githubusercontent.com/jygameclub/testdataapi/main/mahjong1date/0525_0842&debugStart=541,https://raw.githubusercontent.com/jygameclub/testdataapi/main/mahjong1date/0525_0842/541.json,https://raw.githubusercontent.com/jygameclub/testdataapi/main/mahjong1date/0525_0842,未中奖,0.00,0.00,1,0,0,0,0,0,0,否,否,否,0,0,702992,702992,8051779694747853,9469164.0,9469124.0,
普通空转,542.json,542,0,,https://fish-games.s3.amazonaws.com/MahjongWays1/index.html?env=ceshislot.osshaiwai.com&hasFloat=0&token=436475c81b51e6893c740657870f86b7&language=en&debug=1&debugDataPath=https://raw.githubusercontent.com/jygameclub/testdataapi/main/mahjong1date/0525_0842&debugStart=542,https://raw.githubusercontent.com/jygameclub/testdataapi/main/mahjong1date/0525_0842/542.json,https://raw.githubusercontent.com/jygameclub/testdataapi/main/mahjong1date/0525_0842,未中奖,0.00,0.00,1,0,0,0,0,0,0,否,否,否,0,0,702994,702994,4991779694748654,9469124.0,9469084.0,
普通空转,543.json,543,0,,https://fish-games.s3.amazonaws.com/MahjongWays1/index.html?env=ceshislot.osshaiwai.com&hasFloat=0&token=436475c81b51e6893c740657870f86b7&language=en&debug=1&debugDataPath=https://raw.githubusercontent.com/jygameclub/testdataapi/main/mahjong1date/0525_0842&debugStart=543,https://raw.githubusercontent.com/jygameclub/testdataapi/main/mahjong1date/0525_0842/543.json,https://raw.githubusercontent.com/jygameclub/testdataapi/main/mahjong1date/0525_0842,未中奖,0.00,0.00,1,0,0,0,0,0,0,否,否,否,0,0,702996,702996,3281779694749453,9469084.0,9469044.0,
普通空转,544.json,544,0,,https://fish-games.s3.amazonaws.com/MahjongWays1/index.html?env=ceshislot.osshaiwai.com&hasFloat=0&token=436475c81b51e6893c740657870f86b7&language=en&debug=1&debugDataPath=https://raw.githubusercontent.com/jygameclub/testdataapi/main/mahjong1date/0525_0842&debugStart=544,https://raw.githubusercontent.com/jygameclub/testdataapi/main/mahjong1date/0525_0842/544.json,https://raw.githubusercontent.com/jygameclub/testdataapi/main/mahjong1date/0525_0842,未中奖,0.00,0.00,1,0,0,0,0,0,0,否,否,否,0,0,702997,702997,8821779694750238,9469044.0,9469004.0,
普通空转,545.json,545,0,,https://fish-games.s3.amazonaws.com/MahjongWays1/index.html?env=ceshislot.osshaiwai.com&hasFloat=0&token=436475c81b51e6893c740657870f86b7&language=en&debug=1&debugDataPath=https://raw.githubusercontent.com/jygameclub/testdataapi/main/mahjong1date/0525_0842&debugStart=545,https://raw.githubusercontent.com/jygameclub/testdataapi/main/mahjong1date/0525_0842/545.json,https://raw.githubusercontent.com/jygameclub/testdataapi/main/mahjong1date/0525_0842,未中奖,0.00,0.00,1,0,0,0,0,0,0,否,否,否,0,0,702999,702999,2501779694751036,9469004.0,9468964.0,
普通空转,546.json,546,0,,https://fish-games.s3.amazonaws.com/MahjongWays1/index.html?env=ceshislot.osshaiwai.com&hasFloat=0&token=436475c81b51e6893c740657870f86b7&language=en&debug=1&debugDataPath=https://raw.githubusercontent.com/jygameclub/testdataapi/main/mahjong1date/0525_0842&debugStart=546,https://raw.githubusercontent.com/jygameclub/testdataapi/main/mahjong1date/0525_0842/546.json,https://raw.githubusercontent.com/jygameclub/testdataapi/main/mahjong1date/0525_0842,未中奖,0.00,0.00,1,0,0,0,0,0,0,否,否,否,0,0,703001,703001,1491779694751819,9468964.0,9468924.0,
普通空转,547.json,547,0,,https://fish-games.s3.amazonaws.com/MahjongWays1/index.html?env=ceshislot.osshaiwai.com&hasFloat=0&token=436475c81b51e6893c740657870f86b7&language=en&debug=1&debugDataPath=https://raw.githubusercontent.com/jygameclub/testdataapi/main/mahjong1date/0525_0842&debugStart=547,https://raw.githubusercontent.com/jygameclub/testdataapi/main/mahjong1date/0525_0842/547.json,https://raw.githubusercontent.com/jygameclub/testdataapi/main/mahjong1date/0525_0842,未中奖,0.00,0.00,1,0,0,0,0,0,0,否,否,否,0,1,703002,703002,5631779694752603,9468924.0,9468884.0,
普通空转,548.json,548,0,,https://fish-games.s3.amazonaws.com/MahjongWays1/index.html?env=ceshislot.osshaiwai.com&hasFloat=0&token=436475c81b51e6893c740657870f86b7&language=en&debug=1&debugDataPath=https://raw.githubusercontent.com/jygameclub/testdataapi/main/mahjong1date/0525_0842&debugStart=548,https://raw.githubusercontent.com/jygameclub/testdataapi/main/mahjong1date/0525_0842/548.json,https://raw.githubusercontent.com/jygameclub/testdataapi/main/mahjong1date/0525_0842,未中奖,0.00,0.00,1,0,0,0,0,0,0,否,否,否,0,0,703005,703005,8771779694754019,9468884.0,9468844.0,
普通空转,549.json,549,0,,https://fish-games.s3.amazonaws.com/MahjongWays1/index.html?env=ceshislot.osshaiwai.com&hasFloat=0&token=436475c81b51e6893c740657870f86b7&language=en&debug=1&debugDataPath=https://raw.githubusercontent.com/jygameclub/testdataapi/main/mahjong1date/0525_0842&debugStart=549,https://raw.githubusercontent.com/jygameclub/testdataapi/main/mahjong1date/0525_0842/549.json,https://raw.githubusercontent.com/jygameclub/testdataapi/main/mahjong1date/0525_0842,未中奖,0.00,0.00,1,0,0,0,0,0,0,否,否,否,0,0,703007,703007,3601779694754804,9468844.0,9468804.0,
普通空转,550.json,550,0,,https://fish-games.s3.amazonaws.com/MahjongWays1/index.html?env=ceshislot.osshaiwai.com&hasFloat=0&token=436475c81b51e6893c740657870f86b7&language=en&debug=1&debugDataPath=https://raw.githubusercontent.com/jygameclub/testdataapi/main/mahjong1date/0525_0842&debugStart=550,https://raw.githubusercontent.com/jygameclub/testdataapi/main/mahjong1date/0525_0842/550.json,https://raw.githubusercontent.com/jygameclub/testdataapi/main/mahjong1date/0525_0842,未中奖,0.00,0.00,1,0,0,0,0,0,0,否,否,否,0,1,703009,703009,2411779694755586,9468804.0,9468764.0,
普通空转,551.json,551,0,,https://fish-games.s3.amazonaws.com/MahjongWays1/index.html?env=ceshislot.osshaiwai.com&hasFloat=0&token=436475c81b51e6893c740657870f86b7&language=en&debug=1&debugDataPath=https://raw.githubusercontent.com/jygameclub/testdataapi/main/mahjong1date/0525_0842&debugStart=551,https://raw.githubusercontent.com/jygameclub/testdataapi/main/mahjong1date/0525_0842/551.json,https://raw.githubusercontent.com/jygameclub/testdataapi/main/mahjong1date/0525_0842,未中奖,0.00,0.00,1,0,0,0,0,0,0,否,否,否,0,0,703013,703013,1251779694757003,9468764.0,9468724.0,
普通空转,552.json,552,0,,https://fish-games.s3.amazonaws.com/MahjongWays1/index.html?env=ceshislot.osshaiwai.com&hasFloat=0&token=436475c81b51e6893c740657870f86b7&language=en&debug=1&debugDataPath=https://raw.githubusercontent.com/jygameclub/testdataapi/main/mahjong1date/0525_0842&debugStart=552,https://raw.githubusercontent.com/jygameclub/testdataapi/main/mahjong1date/0525_0842/552.json,https://raw.githubusercontent.com/jygameclub/testdataapi/main/mahjong1date/0525_0842,未中奖,0.00,0.00,1,0,0,0,0,0,0,否,否,否,0,0,703015,703015,6451779694757787,9468724.0,9468684.0,
普通空转,553.json,553,0,,https://fish-games.s3.amazonaws.com/MahjongWays1/index.html?env=ceshislot.osshaiwai.com&hasFloat=0&token=436475c81b51e6893c740657870f86b7&language=en&debug=1&debugDataPath=https://raw.githubusercontent.com/jygameclub/testdataapi/main/mahjong1date/0525_0842&debugStart=553,https://raw.githubusercontent.com/jygameclub/testdataapi/main/mahjong1date/0525_0842/553.json,https://raw.githubusercontent.com/jygameclub/testdataapi/main/mahjong1date/0525_0842,未中奖,0.00,0.00,1,0,0,0,0,0,0,否,否,否,0,0,703017,703017,1801779694758570,9468684.0,9468644.0,
普通空转,554.json,554,0,,https://fish-games.s3.amazonaws.com/MahjongWays1/index.html?env=ceshislot.osshaiwai.com&hasFloat=0&token=436475c81b51e6893c740657870f86b7&language=en&debug=1&debugDataPath=https://raw.githubusercontent.com/jygameclub/testdataapi/main/mahjong1date/0525_0842&debugStart=554,https://raw.githubusercontent.com/jygameclub/testdataapi/main/mahjong1date/0525_0842/554.json,https://raw.githubusercontent.com/jygameclub/testdataapi/main/mahjong1date/0525_0842,未中奖,0.00,0.00,1,0,0,0,0,0,0,否,否,否,0,0,703019,703019,4131779694759368,9468644.0,9468604.0,
普通空转,556.json,556,0,,https://fish-games.s3.amazonaws.com/MahjongWays1/index.html?env=ceshislot.osshaiwai.com&hasFloat=0&token=436475c81b51e6893c740657870f86b7&language=en&debug=1&debugDataPath=https://raw.githubusercontent.com/jygameclub/testdataapi/main/mahjong1date/0525_0842&debugStart=556,https://raw.githubusercontent.com/jygameclub/testdataapi/main/mahjong1date/0525_0842/556.json,https://raw.githubusercontent.com/jygameclub/testdataapi/main/mahjong1date/0525_0842,未中奖,0.00,0.00,1,0,0,0,0,0,0,否,否,否,0,2,703027,703027,4061779694764919,9468620.0,9468580.0,
普通空转,558.json,558,0,,https://fish-games.s3.amazonaws.com/MahjongWays1/index.html?env=ceshislot.osshaiwai.com&hasFloat=0&token=436475c81b51e6893c740657870f86b7&language=en&debug=1&debugDataPath=https://raw.githubusercontent.com/jygameclub/testdataapi/main/mahjong1date/0525_0842&debugStart=558,https://raw.githubusercontent.com/jygameclub/testdataapi/main/mahjong1date/0525_0842/558.json,https://raw.githubusercontent.com/jygameclub/testdataapi/main/mahjong1date/0525_0842,未中奖,0.00,0.00,1,0,0,0,0,0,0,否,否,否,0,0,703034,703034,4091779694769104,9468548.0,9468508.0,
普通空转,559.json,559,0,,https://fish-games.s3.amazonaws.com/MahjongWays1/index.html?env=ceshislot.osshaiwai.com&hasFloat=0&token=436475c81b51e6893c740657870f86b7&language=en&debug=1&debugDataPath=https://raw.githubusercontent.com/jygameclub/testdataapi/main/mahjong1date/0525_0842&debugStart=559,https://raw.githubusercontent.com/jygameclub/testdataapi/main/mahjong1date/0525_0842/559.json,https://raw.githubusercontent.com/jygameclub/testdataapi/main/mahjong1date/0525_0842,未中奖,0.00,0.00,1,0,0,0,0,0,0,否,否,否,0,1,703035,703035,2771779694769902,9468508.0,9468468.0,
普通空转,560.json,560,0,,https://fish-games.s3.amazonaws.com/MahjongWays1/index.html?env=ceshislot.osshaiwai.com&hasFloat=0&token=436475c81b51e6893c740657870f86b7&language=en&debug=1&debugDataPath=https://raw.githubusercontent.com/jygameclub/testdataapi/main/mahjong1date/0525_0842&debugStart=560,https://raw.githubusercontent.com/jygameclub/testdataapi/main/mahjong1date/0525_0842/560.json,https://raw.githubusercontent.com/jygameclub/testdataapi/main/mahjong1date/0525_0842,未中奖,0.00,0.00,1,0,0,0,0,0,0,否,否,否,0,0,703038,703038,9061779694771302,9468468.0,9468428.0,
普通空转,561.json,561,0,,https://fish-games.s3.amazonaws.com/MahjongWays1/index.html?env=ceshislot.osshaiwai.com&hasFloat=0&token=436475c81b51e6893c740657870f86b7&language=en&debug=1&debugDataPath=https://raw.githubusercontent.com/jygameclub/testdataapi/main/mahjong1date/0525_0842&debugStart=561,https://raw.githubusercontent.com/jygameclub/testdataapi/main/mahjong1date/0525_0842/561.json,https://raw.githubusercontent.com/jygameclub/testdataapi/main/mahjong1date/0525_0842,未中奖,0.00,0.00,1,0,0,0,0,0,0,否,否,否,0,0,703039,703039,9891779694772101,9468428.0,9468388.0,
普通空转,562.json,562,0,,https://fish-games.s3.amazonaws.com/MahjongWays1/index.html?env=ceshislot.osshaiwai.com&hasFloat=0&token=436475c81b51e6893c740657870f86b7&language=en&debug=1&debugDataPath=https://raw.githubusercontent.com/jygameclub/testdataapi/main/mahjong1date/0525_0842&debugStart=562,https://raw.githubusercontent.com/jygameclub/testdataapi/main/mahjong1date/0525_0842/562.json,https://raw.githubusercontent.com/jygameclub/testdataapi/main/mahjong1date/0525_0842,未中奖,0.00,0.00,1,0,0,0,0,0,0,否,否,否,0,1,703040,703040,1571779694772903,9468388.0,9468348.0,
普通空转,563.json,563,0,,https://fish-games.s3.amazonaws.com/MahjongWays1/index.html?env=ceshislot.osshaiwai.com&hasFloat=0&token=436475c81b51e6893c740657870f86b7&language=en&debug=1&debugDataPath=https://raw.githubusercontent.com/jygameclub/testdataapi/main/mahjong1date/0525_0842&debugStart=563,https://raw.githubusercontent.com/jygameclub/testdataapi/main/mahjong1date/0525_0842/563.json,https://raw.githubusercontent.com/jygameclub/testdataapi/main/mahjong1date/0525_0842,未中奖,0.00,0.00,1,0,0,0,0,0,0,否,否,否,0,0,703044,703044,1251779694774386,9468348.0,9468308.0,
普通空转,564.json,564,0,,https://fish-games.s3.amazonaws.com/MahjongWays1/index.html?env=ceshislot.osshaiwai.com&hasFloat=0&token=436475c81b51e6893c740657870f86b7&language=en&debug=1&debugDataPath=https://raw.githubusercontent.com/jygameclub/testdataapi/main/mahjong1date/0525_0842&debugStart=564,https://raw.githubusercontent.com/jygameclub/testdataapi/main/mahjong1date/0525_0842/564.json,https://raw.githubusercontent.com/jygameclub/testdataapi/main/mahjong1date/0525_0842,未中奖,0.00,0.00,1,0,0,0,0,0,0,否,否,否,0,0,703046,703046,6441779694775718,9468308.0,9468268.0,
普通空转,565.json,565,0,,https://fish-games.s3.amazonaws.com/MahjongWays1/index.html?env=ceshislot.osshaiwai.com&hasFloat=0&token=436475c81b51e6893c740657870f86b7&language=en&debug=1&debugDataPath=https://raw.githubusercontent.com/jygameclub/testdataapi/main/mahjong1date/0525_0842&debugStart=565,https://raw.githubusercontent.com/jygameclub/testdataapi/main/mahjong1date/0525_0842/565.json,https://raw.githubusercontent.com/jygameclub/testdataapi/main/mahjong1date/0525_0842,未中奖,0.00,0.00,1,0,0,0,0,0,0,否,否,否,0,1,703049,703049,6191779694776571,9468268.0,9468228.0,
普通空转,566.json,566,0,,https://fish-games.s3.amazonaws.com/MahjongWays1/index.html?env=ceshislot.osshaiwai.com&hasFloat=0&token=436475c81b51e6893c740657870f86b7&language=en&debug=1&debugDataPath=https://raw.githubusercontent.com/jygameclub/testdataapi/main/mahjong1date/0525_0842&debugStart=566,https://raw.githubusercontent.com/jygameclub/testdataapi/main/mahjong1date/0525_0842/566.json,https://raw.githubusercontent.com/jygameclub/testdataapi/main/mahjong1date/0525_0842,未中奖,0.00,0.00,1,0,0,0,0,0,0,否,否,否,0,1,703051,703051,6051779694777987,9468228.0,9468188.0,
普通空转,567.json,567,0,,https://fish-games.s3.amazonaws.com/MahjongWays1/index.html?env=ceshislot.osshaiwai.com&hasFloat=0&token=436475c81b51e6893c740657870f86b7&language=en&debug=1&debugDataPath=https://raw.githubusercontent.com/jygameclub/testdataapi/main/mahjong1date/0525_0842&debugStart=567,https://raw.githubusercontent.com/jygameclub/testdataapi/main/mahjong1date/0525_0842/567.json,https://raw.githubusercontent.com/jygameclub/testdataapi/main/mahjong1date/0525_0842,未中奖,0.00,0.00,1,0,0,0,0,0,0,否,否,否,0,1,703054,703054,1071779694779385,9468188.0,9468148.0,
普通空转,568.json,568,0,,https://fish-games.s3.amazonaws.com/MahjongWays1/index.html?env=ceshislot.osshaiwai.com&hasFloat=0&token=436475c81b51e6893c740657870f86b7&language=en&debug=1&debugDataPath=https://raw.githubusercontent.com/jygameclub/testdataapi/main/mahjong1date/0525_0842&debugStart=568,https://raw.githubusercontent.com/jygameclub/testdataapi/main/mahjong1date/0525_0842/568.json,https://raw.githubusercontent.com/jygameclub/testdataapi/main/mahjong1date/0525_0842,未中奖,0.00,0.00,1,0,0,0,0,0,0,否,否,否,0,1,703057,703057,3411779694780852,9468148.0,9468108.0,
普通空转,570.json,570,0,,https://fish-games.s3.amazonaws.com/MahjongWays1/index.html?env=ceshislot.osshaiwai.com&hasFloat=0&token=436475c81b51e6893c740657870f86b7&language=en&debug=1&debugDataPath=https://raw.githubusercontent.com/jygameclub/testdataapi/main/mahjong1date/0525_0842&debugStart=570,https://raw.githubusercontent.com/jygameclub/testdataapi/main/mahjong1date/0525_0842/570.json,https://raw.githubusercontent.com/jygameclub/testdataapi/main/mahjong1date/0525_0842,未中奖,0.00,0.00,1,0,0,0,0,0,0,否,否,否,0,0,703069,703069,3731779694788203,9468164.0,9468124.0,
普通空转,571.json,571,0,,https://fish-games.s3.amazonaws.com/MahjongWays1/index.html?env=ceshislot.osshaiwai.com&hasFloat=0&token=436475c81b51e6893c740657870f86b7&language=en&debug=1&debugDataPath=https://raw.githubusercontent.com/jygameclub/testdataapi/main/mahjong1date/0525_0842&debugStart=571,https://raw.githubusercontent.com/jygameclub/testdataapi/main/mahjong1date/0525_0842/571.json,https://raw.githubusercontent.com/jygameclub/testdataapi/main/mahjong1date/0525_0842,未中奖,0.00,0.00,1,0,0,0,0,0,0,否,否,否,0,1,703071,703071,1471779694789051,9468124.0,9468084.0,
普通空转,572.json,572,0,,https://fish-games.s3.amazonaws.com/MahjongWays1/index.html?env=ceshislot.osshaiwai.com&hasFloat=0&token=436475c81b51e6893c740657870f86b7&language=en&debug=1&debugDataPath=https://raw.githubusercontent.com/jygameclub/testdataapi/main/mahjong1date/0525_0842&debugStart=572,https://raw.githubusercontent.com/jygameclub/testdataapi/main/mahjong1date/0525_0842/572.json,https://raw.githubusercontent.com/jygameclub/testdataapi/main/mahjong1date/0525_0842,未中奖,0.00,0.00,1,0,0,0,0,0,0,否,否,否,0,1,703072,703072,2911779694790453,9468084.0,9468044.0,
普通空转,573.json,573,0,,https://fish-games.s3.amazonaws.com/MahjongWays1/index.html?env=ceshislot.osshaiwai.com&hasFloat=0&token=436475c81b51e6893c740657870f86b7&language=en&debug=1&debugDataPath=https://raw.githubusercontent.com/jygameclub/testdataapi/main/mahjong1date/0525_0842&debugStart=573,https://raw.githubusercontent.com/jygameclub/testdataapi/main/mahjong1date/0525_0842/573.json,https://raw.githubusercontent.com/jygameclub/testdataapi/main/mahjong1date/0525_0842,未中奖,0.00,0.00,1,0,0,0,0,0,0,否,否,否,0,1,703075,703075,7931779694791919,9468044.0,9468004.0,
普通空转,576.json,576,0,,https://fish-games.s3.amazonaws.com/MahjongWays1/index.html?env=ceshislot.osshaiwai.com&hasFloat=0&token=436475c81b51e6893c740657870f86b7&language=en&debug=1&debugDataPath=https://raw.githubusercontent.com/jygameclub/testdataapi/main/mahjong1date/0525_0842&debugStart=576,https://raw.githubusercontent.com/jygameclub/testdataapi/main/mahjong1date/0525_0842/576.json,https://raw.githubusercontent.com/jygameclub/testdataapi/main/mahjong1date/0525_0842,未中奖,0.00,0.00,1,0,0,0,0,0,0,否,否,否,0,0,703091,703091,9161779694800886,9468144.0,9468104.0,
普通空转,577.json,577,0,,https://fish-games.s3.amazonaws.com/MahjongWays1/index.html?env=ceshislot.osshaiwai.com&hasFloat=0&token=436475c81b51e6893c740657870f86b7&language=en&debug=1&debugDataPath=https://raw.githubusercontent.com/jygameclub/testdataapi/main/mahjong1date/0525_0842&debugStart=577,https://raw.githubusercontent.com/jygameclub/testdataapi/main/mahjong1date/0525_0842/577.json,https://raw.githubusercontent.com/jygameclub/testdataapi/main/mahjong1date/0525_0842,未中奖,0.00,0.00,1,0,0,0,0,0,0,否,否,否,0,1,703094,703094,7571779694801752,9468104.0,9468064.0,
普通空转,579.json,579,0,,https://fish-games.s3.amazonaws.com/MahjongWays1/index.html?env=ceshislot.osshaiwai.com&hasFloat=0&token=436475c81b51e6893c740657870f86b7&language=en&debug=1&debugDataPath=https://raw.githubusercontent.com/jygameclub/testdataapi/main/mahjong1date/0525_0842&debugStart=579,https://raw.githubusercontent.com/jygameclub/testdataapi/main/mahjong1date/0525_0842/579.json,https://raw.githubusercontent.com/jygameclub/testdataapi/main/mahjong1date/0525_0842,未中奖,0.00,0.00,1,0,0,0,0,0,0,否,否,否,0,0,703103,703103,4521779694805886,9468344.0,9468304.0,
普通空转,580.json,580,0,,https://fish-games.s3.amazonaws.com/MahjongWays1/index.html?env=ceshislot.osshaiwai.com&hasFloat=0&token=436475c81b51e6893c740657870f86b7&language=en&debug=1&debugDataPath=https://raw.githubusercontent.com/jygameclub/testdataapi/main/mahjong1date/0525_0842&debugStart=580,https://raw.githubusercontent.com/jygameclub/testdataapi/main/mahjong1date/0525_0842/580.json,https://raw.githubusercontent.com/jygameclub/testdataapi/main/mahjong1date/0525_0842,未中奖,0.00,0.00,1,0,0,0,0,0,0,否,否,否,0,0,703105,703105,5001779694806669,9468304.0,9468264.0,
普通空转,582.json,582,0,,https://fish-games.s3.amazonaws.com/MahjongWays1/index.html?env=ceshislot.osshaiwai.com&hasFloat=0&token=436475c81b51e6893c740657870f86b7&language=en&debug=1&debugDataPath=https://raw.githubusercontent.com/jygameclub/testdataapi/main/mahjong1date/0525_0842&debugStart=582,https://raw.githubusercontent.com/jygameclub/testdataapi/main/mahjong1date/0525_0842/582.json,https://raw.githubusercontent.com/jygameclub/testdataapi/main/mahjong1date/0525_0842,未中奖,0.00,0.00,1,0,0,0,0,0,0,否,否,否,0,1,703114,703114,4361779694811219,9468236.0,9468196.0,
普通空转,583.json,583,0,,https://fish-games.s3.amazonaws.com/MahjongWays1/index.html?env=ceshislot.osshaiwai.com&hasFloat=0&token=436475c81b51e6893c740657870f86b7&language=en&debug=1&debugDataPath=https://raw.githubusercontent.com/jygameclub/testdataapi/main/mahjong1date/0525_0842&debugStart=583,https://raw.githubusercontent.com/jygameclub/testdataapi/main/mahjong1date/0525_0842/583.json,https://raw.githubusercontent.com/jygameclub/testdataapi/main/mahjong1date/0525_0842,未中奖,0.00,0.00,1,0,0,0,0,0,0,否,否,否,0,1,703116,703116,3081779694812636,9468196.0,9468156.0,
普通空转,584.json,584,0,,https://fish-games.s3.amazonaws.com/MahjongWays1/index.html?env=ceshislot.osshaiwai.com&hasFloat=0&token=436475c81b51e6893c740657870f86b7&language=en&debug=1&debugDataPath=https://raw.githubusercontent.com/jygameclub/testdataapi/main/mahjong1date/0525_0842&debugStart=584,https://raw.githubusercontent.com/jygameclub/testdataapi/main/mahjong1date/0525_0842/584.json,https://raw.githubusercontent.com/jygameclub/testdataapi/main/mahjong1date/0525_0842,未中奖,0.00,0.00,1,0,0,0,0,0,0,否,否,否,0,1,703119,703119,1181779694814036,9468156.0,9468116.0,
普通空转,585.json,585,0,,https://fish-games.s3.amazonaws.com/MahjongWays1/index.html?env=ceshislot.osshaiwai.com&hasFloat=0&token=436475c81b51e6893c740657870f86b7&language=en&debug=1&debugDataPath=https://raw.githubusercontent.com/jygameclub/testdataapi/main/mahjong1date/0525_0842&debugStart=585,https://raw.githubusercontent.com/jygameclub/testdataapi/main/mahjong1date/0525_0842/585.json,https://raw.githubusercontent.com/jygameclub/testdataapi/main/mahjong1date/0525_0842,未中奖,0.00,0.00,1,0,0,0,0,0,0,否,否,否,0,0,703122,703122,3711779694815435,9468116.0,9468076.0,
普通空转,586.json,586,0,,https://fish-games.s3.amazonaws.com/MahjongWays1/index.html?env=ceshislot.osshaiwai.com&hasFloat=0&token=436475c81b51e6893c740657870f86b7&language=en&debug=1&debugDataPath=https://raw.githubusercontent.com/jygameclub/testdataapi/main/mahjong1date/0525_0842&debugStart=586,https://raw.githubusercontent.com/jygameclub/testdataapi/main/mahjong1date/0525_0842/586.json,https://raw.githubusercontent.com/jygameclub/testdataapi/main/mahjong1date/0525_0842,未中奖,0.00,0.00,1,0,0,0,0,0,0,否,否,否,0,0,703124,703124,6791779694816285,9468076.0,9468036.0,
普通空转,587.json,587,0,,https://fish-games.s3.amazonaws.com/MahjongWays1/index.html?env=ceshislot.osshaiwai.com&hasFloat=0&token=436475c81b51e6893c740657870f86b7&language=en&debug=1&debugDataPath=https://raw.githubusercontent.com/jygameclub/testdataapi/main/mahjong1date/0525_0842&debugStart=587,https://raw.githubusercontent.com/jygameclub/testdataapi/main/mahjong1date/0525_0842/587.json,https://raw.githubusercontent.com/jygameclub/testdataapi/main/mahjong1date/0525_0842,未中奖,0.00,0.00,1,0,0,0,0,0,0,否,否,否,0,0,703125,703125,5871779694817068,9468036.0,9467996.0,
普通空转,588.json,588,0,,https://fish-games.s3.amazonaws.com/MahjongWays1/index.html?env=ceshislot.osshaiwai.com&hasFloat=0&token=436475c81b51e6893c740657870f86b7&language=en&debug=1&debugDataPath=https://raw.githubusercontent.com/jygameclub/testdataapi/main/mahjong1date/0525_0842&debugStart=588,https://raw.githubusercontent.com/jygameclub/testdataapi/main/mahjong1date/0525_0842/588.json,https://raw.githubusercontent.com/jygameclub/testdataapi/main/mahjong1date/0525_0842,未中奖,0.00,0.00,1,0,0,0,0,0,0,否,否,否,0,1,703126,703126,5581779694817918,9467996.0,9467956.0,
普通空转,590.json,590,0,,https://fish-games.s3.amazonaws.com/MahjongWays1/index.html?env=ceshislot.osshaiwai.com&hasFloat=0&token=436475c81b51e6893c740657870f86b7&language=en&debug=1&debugDataPath=https://raw.githubusercontent.com/jygameclub/testdataapi/main/mahjong1date/0525_0842&debugStart=590,https://raw.githubusercontent.com/jygameclub/testdataapi/main/mahjong1date/0525_0842/590.json,https://raw.githubusercontent.com/jygameclub/testdataapi/main/mahjong1date/0525_0842,未中奖,0.00,0.00,1,0,0,0,0,0,0,否,否,否,0,0,703138,703138,3661779694827134,9468044.0,9468004.0,
普通空转,591.json,591,0,,https://fish-games.s3.amazonaws.com/MahjongWays1/index.html?env=ceshislot.osshaiwai.com&hasFloat=0&token=436475c81b51e6893c740657870f86b7&language=en&debug=1&debugDataPath=https://raw.githubusercontent.com/jygameclub/testdataapi/main/mahjong1date/0525_0842&debugStart=591,https://raw.githubusercontent.com/jygameclub/testdataapi/main/mahjong1date/0525_0842/591.json,https://raw.githubusercontent.com/jygameclub/testdataapi/main/mahjong1date/0525_0842,未中奖,0.00,0.00,1,0,0,0,0,0,0,否,否,否,0,1,703140,703140,5201779694827935,9468004.0,9467964.0,
普通空转,592.json,592,0,,https://fish-games.s3.amazonaws.com/MahjongWays1/index.html?env=ceshislot.osshaiwai.com&hasFloat=0&token=436475c81b51e6893c740657870f86b7&language=en&debug=1&debugDataPath=https://raw.githubusercontent.com/jygameclub/testdataapi/main/mahjong1date/0525_0842&debugStart=592,https://raw.githubusercontent.com/jygameclub/testdataapi/main/mahjong1date/0525_0842/592.json,https://raw.githubusercontent.com/jygameclub/testdataapi/main/mahjong1date/0525_0842,未中奖,0.00,0.00,1,0,0,0,0,0,0,否,否,否,0,0,703141,703141,8941779694829353,9467964.0,9467924.0,
普通空转,594.json,594,0,,https://fish-games.s3.amazonaws.com/MahjongWays1/index.html?env=ceshislot.osshaiwai.com&hasFloat=0&token=436475c81b51e6893c740657870f86b7&language=en&debug=1&debugDataPath=https://raw.githubusercontent.com/jygameclub/testdataapi/main/mahjong1date/0525_0842&debugStart=594,https://raw.githubusercontent.com/jygameclub/testdataapi/main/mahjong1date/0525_0842/594.json,https://raw.githubusercontent.com/jygameclub/testdataapi/main/mahjong1date/0525_0842,未中奖,0.00,0.00,1,0,0,0,0,0,0,否,否,否,0,1,703152,703152,7031779694835985,9467972.0,9467932.0,
普通空转,596.json,596,0,,https://fish-games.s3.amazonaws.com/MahjongWays1/index.html?env=ceshislot.osshaiwai.com&hasFloat=0&token=436475c81b51e6893c740657870f86b7&language=en&debug=1&debugDataPath=https://raw.githubusercontent.com/jygameclub/testdataapi/main/mahjong1date/0525_0842&debugStart=596,https://raw.githubusercontent.com/jygameclub/testdataapi/main/mahjong1date/0525_0842/596.json,https://raw.githubusercontent.com/jygameclub/testdataapi/main/mahjong1date/0525_0842,未中奖,0.00,0.00,1,0,0,0,0,0,0,否,否,否,0,1,703159,703159,1951779694840202,9467972.0,9467932.0,
普通空转,597.json,597,0,,https://fish-games.s3.amazonaws.com/MahjongWays1/index.html?env=ceshislot.osshaiwai.com&hasFloat=0&token=436475c81b51e6893c740657870f86b7&language=en&debug=1&debugDataPath=https://raw.githubusercontent.com/jygameclub/testdataapi/main/mahjong1date/0525_0842&debugStart=597,https://raw.githubusercontent.com/jygameclub/testdataapi/main/mahjong1date/0525_0842/597.json,https://raw.githubusercontent.com/jygameclub/testdataapi/main/mahjong1date/0525_0842,未中奖,0.00,0.00,1,0,0,0,0,0,0,否,否,否,0,1,703161,703161,9531779694841685,9467932.0,9467892.0,
普通空转,598.json,598,0,,https://fish-games.s3.amazonaws.com/MahjongWays1/index.html?env=ceshislot.osshaiwai.com&hasFloat=0&token=436475c81b51e6893c740657870f86b7&language=en&debug=1&debugDataPath=https://raw.githubusercontent.com/jygameclub/testdataapi/main/mahjong1date/0525_0842&debugStart=598,https://raw.githubusercontent.com/jygameclub/testdataapi/main/mahjong1date/0525_0842/598.json,https://raw.githubusercontent.com/jygameclub/testdataapi/main/mahjong1date/0525_0842,未中奖,0.00,0.00,1,0,0,0,0,0,0,否,否,否,0,0,703164,703164,5571779694843170,9467892.0,9467852.0,
普通空转,601.json,601,0,,https://fish-games.s3.amazonaws.com/MahjongWays1/index.html?env=ceshislot.osshaiwai.com&hasFloat=0&token=436475c81b51e6893c740657870f86b7&language=en&debug=1&debugDataPath=https://raw.githubusercontent.com/jygameclub/testdataapi/main/mahjong1date/0525_0842&debugStart=601,https://raw.githubusercontent.com/jygameclub/testdataapi/main/mahjong1date/0525_0842/601.json,https://raw.githubusercontent.com/jygameclub/testdataapi/main/mahjong1date/0525_0842,未中奖,0.00,0.00,1,0,0,0,0,0,0,否,否,否,0,0,703176,703176,7621779694851352,9467780.0,9467740.0,
普通空转,604.json,604,0,,https://fish-games.s3.amazonaws.com/MahjongWays1/index.html?env=ceshislot.osshaiwai.com&hasFloat=0&token=436475c81b51e6893c740657870f86b7&language=en&debug=1&debugDataPath=https://raw.githubusercontent.com/jygameclub/testdataapi/main/mahjong1date/0525_0842&debugStart=604,https://raw.githubusercontent.com/jygameclub/testdataapi/main/mahjong1date/0525_0842/604.json,https://raw.githubusercontent.com/jygameclub/testdataapi/main/mahjong1date/0525_0842,未中奖,0.00,0.00,1,0,0,0,0,0,0,否,否,否,0,0,703189,703189,6591779694858652,9467672.0,9467632.0,
普通空转,605.json,605,0,,https://fish-games.s3.amazonaws.com/MahjongWays1/index.html?env=ceshislot.osshaiwai.com&hasFloat=0&token=436475c81b51e6893c740657870f86b7&language=en&debug=1&debugDataPath=https://raw.githubusercontent.com/jygameclub/testdataapi/main/mahjong1date/0525_0842&debugStart=605,https://raw.githubusercontent.com/jygameclub/testdataapi/main/mahjong1date/0525_0842/605.json,https://raw.githubusercontent.com/jygameclub/testdataapi/main/mahjong1date/0525_0842,未中奖,0.00,0.00,1,0,0,0,0,0,0,否,否,否,0,0,703191,703191,3421779694859435,9467632.0,9467592.0,
普通空转,606.json,606,0,,https://fish-games.s3.amazonaws.com/MahjongWays1/index.html?env=ceshislot.osshaiwai.com&hasFloat=0&token=436475c81b51e6893c740657870f86b7&language=en&debug=1&debugDataPath=https://raw.githubusercontent.com/jygameclub/testdataapi/main/mahjong1date/0525_0842&debugStart=606,https://raw.githubusercontent.com/jygameclub/testdataapi/main/mahjong1date/0525_0842/606.json,https://raw.githubusercontent.com/jygameclub/testdataapi/main/mahjong1date/0525_0842,未中奖,0.00,0.00,1,0,0,0,0,0,0,否,否,否,0,2,703193,703193,9901779694860218,9467592.0,9467552.0,
普通空转,607.json,607,0,,https://fish-games.s3.amazonaws.com/MahjongWays1/index.html?env=ceshislot.osshaiwai.com&hasFloat=0&token=436475c81b51e6893c740657870f86b7&language=en&debug=1&debugDataPath=https://raw.githubusercontent.com/jygameclub/testdataapi/main/mahjong1date/0525_0842&debugStart=607,https://raw.githubusercontent.com/jygameclub/testdataapi/main/mahjong1date/0525_0842/607.json,https://raw.githubusercontent.com/jygameclub/testdataapi/main/mahjong1date/0525_0842,未中奖,0.00,0.00,1,0,0,0,0,0,0,否,否,否,0,0,703197,703197,6321779694861734,9467552.0,9467512.0,
普通空转,608.json,608,0,,https://fish-games.s3.amazonaws.com/MahjongWays1/index.html?env=ceshislot.osshaiwai.com&hasFloat=0&token=436475c81b51e6893c740657870f86b7&language=en&debug=1&debugDataPath=https://raw.githubusercontent.com/jygameclub/testdataapi/main/mahjong1date/0525_0842&debugStart=608,https://raw.githubusercontent.com/jygameclub/testdataapi/main/mahjong1date/0525_0842/608.json,https://raw.githubusercontent.com/jygameclub/testdataapi/main/mahjong1date/0525_0842,未中奖,0.00,0.00,1,0,0,0,0,0,0,否,否,否,0,1,703198,703198,4931779694862534,9467512.0,9467472.0,
普通空转,609.json,609,0,,https://fish-games.s3.amazonaws.com/MahjongWays1/index.html?env=ceshislot.osshaiwai.com&hasFloat=0&token=436475c81b51e6893c740657870f86b7&language=en&debug=1&debugDataPath=https://raw.githubusercontent.com/jygameclub/testdataapi/main/mahjong1date/0525_0842&debugStart=609,https://raw.githubusercontent.com/jygameclub/testdataapi/main/mahjong1date/0525_0842/609.json,https://raw.githubusercontent.com/jygameclub/testdataapi/main/mahjong1date/0525_0842,未中奖,0.00,0.00,1,0,0,0,0,0,0,否,否,否,0,0,703201,703201,8381779694863935,9467472.0,9467432.0,
普通空转,610.json,610,0,,https://fish-games.s3.amazonaws.com/MahjongWays1/index.html?env=ceshislot.osshaiwai.com&hasFloat=0&token=436475c81b51e6893c740657870f86b7&language=en&debug=1&debugDataPath=https://raw.githubusercontent.com/jygameclub/testdataapi/main/mahjong1date/0525_0842&debugStart=610,https://raw.githubusercontent.com/jygameclub/testdataapi/main/mahjong1date/0525_0842/610.json,https://raw.githubusercontent.com/jygameclub/testdataapi/main/mahjong1date/0525_0842,未中奖,0.00,0.00,1,0,0,0,0,0,0,否,否,否,0,1,703202,703202,7171779694864718,9467432.0,9467392.0,
普通空转,612.json,612,0,,https://fish-games.s3.amazonaws.com/MahjongWays1/index.html?env=ceshislot.osshaiwai.com&hasFloat=0&token=436475c81b51e6893c740657870f86b7&language=en&debug=1&debugDataPath=https://raw.githubusercontent.com/jygameclub/testdataapi/main/mahjong1date/0525_0842&debugStart=612,https://raw.githubusercontent.com/jygameclub/testdataapi/main/mahjong1date/0525_0842/612.json,https://raw.githubusercontent.com/jygameclub/testdataapi/main/mahjong1date/0525_0842,未中奖,0.00,0.00,1,0,0,0,0,0,0,否,否,否,0,1,703216,703216,8471779694871969,9467378.0,9467338.0,
普通空转,613.json,613,0,,https://fish-games.s3.amazonaws.com/MahjongWays1/index.html?env=ceshislot.osshaiwai.com&hasFloat=0&token=436475c81b51e6893c740657870f86b7&language=en&debug=1&debugDataPath=https://raw.githubusercontent.com/jygameclub/testdataapi/main/mahjong1date/0525_0842&debugStart=613,https://raw.githubusercontent.com/jygameclub/testdataapi/main/mahjong1date/0525_0842/613.json,https://raw.githubusercontent.com/jygameclub/testdataapi/main/mahjong1date/0525_0842,未中奖,0.00,0.00,1,0,0,0,0,0,0,否,否,否,0,0,703218,703218,5501779694873436,9467338.0,9467298.0,
普通空转,614.json,614,0,,https://fish-games.s3.amazonaws.com/MahjongWays1/index.html?env=ceshislot.osshaiwai.com&hasFloat=0&token=436475c81b51e6893c740657870f86b7&language=en&debug=1&debugDataPath=https://raw.githubusercontent.com/jygameclub/testdataapi/main/mahjong1date/0525_0842&debugStart=614,https://raw.githubusercontent.com/jygameclub/testdataapi/main/mahjong1date/0525_0842/614.json,https://raw.githubusercontent.com/jygameclub/testdataapi/main/mahjong1date/0525_0842,未中奖,0.00,0.00,1,0,0,0,0,0,0,否,否,否,0,1,703219,703219,2801779694874236,9467298.0,9467258.0,
普通空转,616.json,616,0,,https://fish-games.s3.amazonaws.com/MahjongWays1/index.html?env=ceshislot.osshaiwai.com&hasFloat=0&token=436475c81b51e6893c740657870f86b7&language=en&debug=1&debugDataPath=https://raw.githubusercontent.com/jygameclub/testdataapi/main/mahjong1date/0525_0842&debugStart=616,https://raw.githubusercontent.com/jygameclub/testdataapi/main/mahjong1date/0525_0842/616.json,https://raw.githubusercontent.com/jygameclub/testdataapi/main/mahjong1date/0525_0842,未中奖,0.00,0.00,1,0,0,0,0,0,0,否,否,否,0,0,703227,703227,8641779694879404,9467226.0,9467186.0,
普通空转,617.json,617,0,,https://fish-games.s3.amazonaws.com/MahjongWays1/index.html?env=ceshislot.osshaiwai.com&hasFloat=0&token=436475c81b51e6893c740657870f86b7&language=en&debug=1&debugDataPath=https://raw.githubusercontent.com/jygameclub/testdataapi/main/mahjong1date/0525_0842&debugStart=617,https://raw.githubusercontent.com/jygameclub/testdataapi/main/mahjong1date/0525_0842/617.json,https://raw.githubusercontent.com/jygameclub/testdataapi/main/mahjong1date/0525_0842,未中奖,0.00,0.00,1,0,0,0,0,0,0,否,否,否,0,0,703230,703230,1971779694880270,9467186.0,9467146.0,
普通空转,618.json,618,0,,https://fish-games.s3.amazonaws.com/MahjongWays1/index.html?env=ceshislot.osshaiwai.com&hasFloat=0&token=436475c81b51e6893c740657870f86b7&language=en&debug=1&debugDataPath=https://raw.githubusercontent.com/jygameclub/testdataapi/main/mahjong1date/0525_0842&debugStart=618,https://raw.githubusercontent.com/jygameclub/testdataapi/main/mahjong1date/0525_0842/618.json,https://raw.githubusercontent.com/jygameclub/testdataapi/main/mahjong1date/0525_0842,未中奖,0.00,0.00,1,0,0,0,0,0,0,否,否,否,0,1,703232,703232,6981779694881052,9467146.0,9467106.0,
普通空转,619.json,619,0,,https://fish-games.s3.amazonaws.com/MahjongWays1/index.html?env=ceshislot.osshaiwai.com&hasFloat=0&token=436475c81b51e6893c740657870f86b7&language=en&debug=1&debugDataPath=https://raw.githubusercontent.com/jygameclub/testdataapi/main/mahjong1date/0525_0842&debugStart=619,https://raw.githubusercontent.com/jygameclub/testdataapi/main/mahjong1date/0525_0842/619.json,https://raw.githubusercontent.com/jygameclub/testdataapi/main/mahjong1date/0525_0842,未中奖,0.00,0.00,1,0,0,0,0,0,0,否,否,否,0,0,703235,703235,8931779694882519,9467106.0,9467066.0,
普通空转,620.json,620,0,,https://fish-games.s3.amazonaws.com/MahjongWays1/index.html?env=ceshislot.osshaiwai.com&hasFloat=0&token=436475c81b51e6893c740657870f86b7&language=en&debug=1&debugDataPath=https://raw.githubusercontent.com/jygameclub/testdataapi/main/mahjong1date/0525_0842&debugStart=620,https://raw.githubusercontent.com/jygameclub/testdataapi/main/mahjong1date/0525_0842/620.json,https://raw.githubusercontent.com/jygameclub/testdataapi/main/mahjong1date/0525_0842,未中奖,0.00,0.00,1,0,0,0,0,0,0,否,否,否,0,1,703237,703237,1121779694883301,9467066.0,9467026.0,
普通空转,621.json,621,0,,https://fish-games.s3.amazonaws.com/MahjongWays1/index.html?env=ceshislot.osshaiwai.com&hasFloat=0&token=436475c81b51e6893c740657870f86b7&language=en&debug=1&debugDataPath=https://raw.githubusercontent.com/jygameclub/testdataapi/main/mahjong1date/0525_0842&debugStart=621,https://raw.githubusercontent.com/jygameclub/testdataapi/main/mahjong1date/0525_0842/621.json,https://raw.githubusercontent.com/jygameclub/testdataapi/main/mahjong1date/0525_0842,未中奖,0.00,0.00,1,0,0,0,0,0,0,否,否,否,0,0,703240,703240,2401779694884702,9467026.0,9466986.0,
普通空转,622.json,622,0,,https://fish-games.s3.amazonaws.com/MahjongWays1/index.html?env=ceshislot.osshaiwai.com&hasFloat=0&token=436475c81b51e6893c740657870f86b7&language=en&debug=1&debugDataPath=https://raw.githubusercontent.com/jygameclub/testdataapi/main/mahjong1date/0525_0842&debugStart=622,https://raw.githubusercontent.com/jygameclub/testdataapi/main/mahjong1date/0525_0842/622.json,https://raw.githubusercontent.com/jygameclub/testdataapi/main/mahjong1date/0525_0842,未中奖,0.00,0.00,1,0,0,0,0,0,0,否,否,否,0,0,703241,703241,5201779694885502,9466986.0,9466946.0,
普通空转,624.json,624,0,,https://fish-games.s3.amazonaws.com/MahjongWays1/index.html?env=ceshislot.osshaiwai.com&hasFloat=0&token=436475c81b51e6893c740657870f86b7&language=en&debug=1&debugDataPath=https://raw.githubusercontent.com/jygameclub/testdataapi/main/mahjong1date/0525_0842&debugStart=624,https://raw.githubusercontent.com/jygameclub/testdataapi/main/mahjong1date/0525_0842/624.json,https://raw.githubusercontent.com/jygameclub/testdataapi/main/mahjong1date/0525_0842,未中奖,0.00,0.00,1,0,0,0,0,0,0,否,否,否,0,0,703249,703249,4371779694891085,9467090.0,9467050.0,
普通空转,625.json,625,0,,https://fish-games.s3.amazonaws.com/MahjongWays1/index.html?env=ceshislot.osshaiwai.com&hasFloat=0&token=436475c81b51e6893c740657870f86b7&language=en&debug=1&debugDataPath=https://raw.githubusercontent.com/jygameclub/testdataapi/main/mahjong1date/0525_0842&debugStart=625,https://raw.githubusercontent.com/jygameclub/testdataapi/main/mahjong1date/0525_0842/625.json,https://raw.githubusercontent.com/jygameclub/testdataapi/main/mahjong1date/0525_0842,未中奖,0.00,0.00,1,0,0,0,0,0,0,否,否,否,0,0,703251,703251,6541779694891868,9467050.0,9467010.0,
普通空转,626.json,626,0,,https://fish-games.s3.amazonaws.com/MahjongWays1/index.html?env=ceshislot.osshaiwai.com&hasFloat=0&token=436475c81b51e6893c740657870f86b7&language=en&debug=1&debugDataPath=https://raw.githubusercontent.com/jygameclub/testdataapi/main/mahjong1date/0525_0842&debugStart=626,https://raw.githubusercontent.com/jygameclub/testdataapi/main/mahjong1date/0525_0842/626.json,https://raw.githubusercontent.com/jygameclub/testdataapi/main/mahjong1date/0525_0842,未中奖,0.00,0.00,1,0,0,0,0,0,0,否,否,否,0,0,703253,703253,1651779694892667,9467010.0,9466970.0,
普通空转,628.json,628,0,,https://fish-games.s3.amazonaws.com/MahjongWays1/index.html?env=ceshislot.osshaiwai.com&hasFloat=0&token=436475c81b51e6893c740657870f86b7&language=en&debug=1&debugDataPath=https://raw.githubusercontent.com/jygameclub/testdataapi/main/mahjong1date/0525_0842&debugStart=628,https://raw.githubusercontent.com/jygameclub/testdataapi/main/mahjong1date/0525_0842/628.json,https://raw.githubusercontent.com/jygameclub/testdataapi/main/mahjong1date/0525_0842,未中奖,0.00,0.00,1,0,0,0,0,0,0,否,否,否,0,1,703260,703260,2881779694896118,9466990.0,9466950.0,
普通空转,629.json,629,0,,https://fish-games.s3.amazonaws.com/MahjongWays1/index.html?env=ceshislot.osshaiwai.com&hasFloat=0&token=436475c81b51e6893c740657870f86b7&language=en&debug=1&debugDataPath=https://raw.githubusercontent.com/jygameclub/testdataapi/main/mahjong1date/0525_0842&debugStart=629,https://raw.githubusercontent.com/jygameclub/testdataapi/main/mahjong1date/0525_0842/629.json,https://raw.githubusercontent.com/jygameclub/testdataapi/main/mahjong1date/0525_0842,未中奖,0.00,0.00,1,0,0,0,0,0,0,否,否,否,0,0,703263,703263,2771779694897518,9466950.0,9466910.0,
普通空转,630.json,630,0,,https://fish-games.s3.amazonaws.com/MahjongWays1/index.html?env=ceshislot.osshaiwai.com&hasFloat=0&token=436475c81b51e6893c740657870f86b7&language=en&debug=1&debugDataPath=https://raw.githubusercontent.com/jygameclub/testdataapi/main/mahjong1date/0525_0842&debugStart=630,https://raw.githubusercontent.com/jygameclub/testdataapi/main/mahjong1date/0525_0842/630.json,https://raw.githubusercontent.com/jygameclub/testdataapi/main/mahjong1date/0525_0842,未中奖,0.00,0.00,1,0,0,0,0,0,0,否,否,否,0,1,703264,703264,6321779694898318,9466910.0,9466870.0,
普通空转,631.json,631,0,,https://fish-games.s3.amazonaws.com/MahjongWays1/index.html?env=ceshislot.osshaiwai.com&hasFloat=0&token=436475c81b51e6893c740657870f86b7&language=en&debug=1&debugDataPath=https://raw.githubusercontent.com/jygameclub/testdataapi/main/mahjong1date/0525_0842&debugStart=631,https://raw.githubusercontent.com/jygameclub/testdataapi/main/mahjong1date/0525_0842/631.json,https://raw.githubusercontent.com/jygameclub/testdataapi/main/mahjong1date/0525_0842,未中奖,0.00,0.00,1,0,0,0,0,0,0,否,否,否,0,1,703267,703267,2061779694899788,9466870.0,9466830.0,
普通空转,632.json,632,0,,https://fish-games.s3.amazonaws.com/MahjongWays1/index.html?env=ceshislot.osshaiwai.com&hasFloat=0&token=436475c81b51e6893c740657870f86b7&language=en&debug=1&debugDataPath=https://raw.githubusercontent.com/jygameclub/testdataapi/main/mahjong1date/0525_0842&debugStart=632,https://raw.githubusercontent.com/jygameclub/testdataapi/main/mahjong1date/0525_0842/632.json,https://raw.githubusercontent.com/jygameclub/testdataapi/main/mahjong1date/0525_0842,未中奖,0.00,0.00,1,0,0,0,0,0,0,否,否,否,0,0,703268,703268,3281779694901188,9466830.0,9466790.0,
普通空转,633.json,633,0,,https://fish-games.s3.amazonaws.com/MahjongWays1/index.html?env=ceshislot.osshaiwai.com&hasFloat=0&token=436475c81b51e6893c740657870f86b7&language=en&debug=1&debugDataPath=https://raw.githubusercontent.com/jygameclub/testdataapi/main/mahjong1date/0525_0842&debugStart=633,https://raw.githubusercontent.com/jygameclub/testdataapi/main/mahjong1date/0525_0842/633.json,https://raw.githubusercontent.com/jygameclub/testdataapi/main/mahjong1date/0525_0842,未中奖,0.00,0.00,1,0,0,0,0,0,0,否,否,否,0,1,703270,703270,5721779694901968,9466790.0,9466750.0,
普通空转,634.json,634,0,,https://fish-games.s3.amazonaws.com/MahjongWays1/index.html?env=ceshislot.osshaiwai.com&hasFloat=0&token=436475c81b51e6893c740657870f86b7&language=en&debug=1&debugDataPath=https://raw.githubusercontent.com/jygameclub/testdataapi/main/mahjong1date/0525_0842&debugStart=634,https://raw.githubusercontent.com/jygameclub/testdataapi/main/mahjong1date/0525_0842/634.json,https://raw.githubusercontent.com/jygameclub/testdataapi/main/mahjong1date/0525_0842,未中奖,0.00,0.00,1,0,0,0,0,0,0,否,否,否,0,0,703271,703271,4511779694903435,9466750.0,9466710.0,
普通空转,635.json,635,0,,https://fish-games.s3.amazonaws.com/MahjongWays1/index.html?env=ceshislot.osshaiwai.com&hasFloat=0&token=436475c81b51e6893c740657870f86b7&language=en&debug=1&debugDataPath=https://raw.githubusercontent.com/jygameclub/testdataapi/main/mahjong1date/0525_0842&debugStart=635,https://raw.githubusercontent.com/jygameclub/testdataapi/main/mahjong1date/0525_0842/635.json,https://raw.githubusercontent.com/jygameclub/testdataapi/main/mahjong1date/0525_0842,未中奖,0.00,0.00,1,0,0,0,0,0,0,否,否,否,0,0,703273,703273,2371779694904219,9466710.0,9466670.0,
普通空转,636.json,636,0,,https://fish-games.s3.amazonaws.com/MahjongWays1/index.html?env=ceshislot.osshaiwai.com&hasFloat=0&token=436475c81b51e6893c740657870f86b7&language=en&debug=1&debugDataPath=https://raw.githubusercontent.com/jygameclub/testdataapi/main/mahjong1date/0525_0842&debugStart=636,https://raw.githubusercontent.com/jygameclub/testdataapi/main/mahjong1date/0525_0842/636.json,https://raw.githubusercontent.com/jygameclub/testdataapi/main/mahjong1date/0525_0842,未中奖,0.00,0.00,1,0,0,0,0,0,0,否,否,否,0,0,703274,703274,2021779694905019,9466670.0,9466630.0,
普通空转,638.json,638,0,,https://fish-games.s3.amazonaws.com/MahjongWays1/index.html?env=ceshislot.osshaiwai.com&hasFloat=0&token=436475c81b51e6893c740657870f86b7&language=en&debug=1&debugDataPath=https://raw.githubusercontent.com/jygameclub/testdataapi/main/mahjong1date/0525_0842&debugStart=638,https://raw.githubusercontent.com/jygameclub/testdataapi/main/mahjong1date/0525_0842/638.json,https://raw.githubusercontent.com/jygameclub/testdataapi/main/mahjong1date/0525_0842,未中奖,0.00,0.00,1,0,0,0,0,0,0,否,否,否,0,0,703279,703279,7671779694910553,9466818.0,9466778.0,
普通空转,640.json,640,0,,https://fish-games.s3.amazonaws.com/MahjongWays1/index.html?env=ceshislot.osshaiwai.com&hasFloat=0&token=436475c81b51e6893c740657870f86b7&language=en&debug=1&debugDataPath=https://raw.githubusercontent.com/jygameclub/testdataapi/main/mahjong1date/0525_0842&debugStart=640,https://raw.githubusercontent.com/jygameclub/testdataapi/main/mahjong1date/0525_0842/640.json,https://raw.githubusercontent.com/jygameclub/testdataapi/main/mahjong1date/0525_0842,未中奖,0.00,0.00,1,0,0,0,0,0,0,否,否,否,0,1,703287,703287,1511779694916234,9466766.0,9466726.0,
普通空转,642.json,642,0,,https://fish-games.s3.amazonaws.com/MahjongWays1/index.html?env=ceshislot.osshaiwai.com&hasFloat=0&token=436475c81b51e6893c740657870f86b7&language=en&debug=1&debugDataPath=https://raw.githubusercontent.com/jygameclub/testdataapi/main/mahjong1date/0525_0842&debugStart=642,https://raw.githubusercontent.com/jygameclub/testdataapi/main/mahjong1date/0525_0842/642.json,https://raw.githubusercontent.com/jygameclub/testdataapi/main/mahjong1date/0525_0842,未中奖,0.00,0.00,1,0,0,0,0,0,0,否,否,否,0,0,703292,703292,5761779694920454,9466698.0,9466658.0,
普通空转,643.json,643,0,,https://fish-games.s3.amazonaws.com/MahjongWays1/index.html?env=ceshislot.osshaiwai.com&hasFloat=0&token=436475c81b51e6893c740657870f86b7&language=en&debug=1&debugDataPath=https://raw.githubusercontent.com/jygameclub/testdataapi/main/mahjong1date/0525_0842&debugStart=643,https://raw.githubusercontent.com/jygameclub/testdataapi/main/mahjong1date/0525_0842/643.json,https://raw.githubusercontent.com/jygameclub/testdataapi/main/mahjong1date/0525_0842,未中奖,0.00,0.00,1,0,0,0,0,0,0,否,否,否,0,0,703293,703293,3491779694921252,9466658.0,9466618.0,
普通空转,644.json,644,0,,https://fish-games.s3.amazonaws.com/MahjongWays1/index.html?env=ceshislot.osshaiwai.com&hasFloat=0&token=436475c81b51e6893c740657870f86b7&language=en&debug=1&debugDataPath=https://raw.githubusercontent.com/jygameclub/testdataapi/main/mahjong1date/0525_0842&debugStart=644,https://raw.githubusercontent.com/jygameclub/testdataapi/main/mahjong1date/0525_0842/644.json,https://raw.githubusercontent.com/jygameclub/testdataapi/main/mahjong1date/0525_0842,未中奖,0.00,0.00,1,0,0,0,0,0,0,否,否,否,0,2,703294,703294,5821779694922052,9466618.0,9466578.0,
普通空转,646.json,646,0,,https://fish-games.s3.amazonaws.com/MahjongWays1/index.html?env=ceshislot.osshaiwai.com&hasFloat=0&token=436475c81b51e6893c740657870f86b7&language=en&debug=1&debugDataPath=https://raw.githubusercontent.com/jygameclub/testdataapi/main/mahjong1date/0525_0842&debugStart=646,https://raw.githubusercontent.com/jygameclub/testdataapi/main/mahjong1date/0525_0842/646.json,https://raw.githubusercontent.com/jygameclub/testdataapi/main/mahjong1date/0525_0842,未中奖,0.00,0.00,1,0,0,0,0,0,0,否,否,否,0,1,703300,703300,8441779694926303,9466578.0,9466538.0,
普通空转,647.json,647,0,,https://fish-games.s3.amazonaws.com/MahjongWays1/index.html?env=ceshislot.osshaiwai.com&hasFloat=0&token=436475c81b51e6893c740657870f86b7&language=en&debug=1&debugDataPath=https://raw.githubusercontent.com/jygameclub/testdataapi/main/mahjong1date/0525_0842&debugStart=647,https://raw.githubusercontent.com/jygameclub/testdataapi/main/mahjong1date/0525_0842/647.json,https://raw.githubusercontent.com/jygameclub/testdataapi/main/mahjong1date/0525_0842,未中奖,0.00,0.00,1,0,0,0,0,0,0,否,否,否,0,1,703301,703301,2331779694927703,9466538.0,9466498.0,
普通空转,649.json,649,0,,https://fish-games.s3.amazonaws.com/MahjongWays1/index.html?env=ceshislot.osshaiwai.com&hasFloat=0&token=436475c81b51e6893c740657870f86b7&language=en&debug=1&debugDataPath=https://raw.githubusercontent.com/jygameclub/testdataapi/main/mahjong1date/0525_0842&debugStart=649,https://raw.githubusercontent.com/jygameclub/testdataapi/main/mahjong1date/0525_0842/649.json,https://raw.githubusercontent.com/jygameclub/testdataapi/main/mahjong1date/0525_0842,未中奖,0.00,0.00,1,0,0,0,0,0,0,否,否,否,0,1,703309,703309,4571779694932886,9466462.0,9466422.0,
普通空转,650.json,650,0,,https://fish-games.s3.amazonaws.com/MahjongWays1/index.html?env=ceshislot.osshaiwai.com&hasFloat=0&token=436475c81b51e6893c740657870f86b7&language=en&debug=1&debugDataPath=https://raw.githubusercontent.com/jygameclub/testdataapi/main/mahjong1date/0525_0842&debugStart=650,https://raw.githubusercontent.com/jygameclub/testdataapi/main/mahjong1date/0525_0842/650.json,https://raw.githubusercontent.com/jygameclub/testdataapi/main/mahjong1date/0525_0842,未中奖,0.00,0.00,1,0,0,0,0,0,0,否,否,否,0,0,703311,703311,1191779694934351,9466422.0,9466382.0,
普通空转,652.json,652,0,,https://fish-games.s3.amazonaws.com/MahjongWays1/index.html?env=ceshislot.osshaiwai.com&hasFloat=0&token=436475c81b51e6893c740657870f86b7&language=en&debug=1&debugDataPath=https://raw.githubusercontent.com/jygameclub/testdataapi/main/mahjong1date/0525_0842&debugStart=652,https://raw.githubusercontent.com/jygameclub/testdataapi/main/mahjong1date/0525_0842/652.json,https://raw.githubusercontent.com/jygameclub/testdataapi/main/mahjong1date/0525_0842,未中奖,0.00,0.00,1,0,0,0,0,0,0,否,否,否,0,0,703316,703316,1031779694937785,9466362.0,9466322.0,
普通空转,653.json,653,0,,https://fish-games.s3.amazonaws.com/MahjongWays1/index.html?env=ceshislot.osshaiwai.com&hasFloat=0&token=436475c81b51e6893c740657870f86b7&language=en&debug=1&debugDataPath=https://raw.githubusercontent.com/jygameclub/testdataapi/main/mahjong1date/0525_0842&debugStart=653,https://raw.githubusercontent.com/jygameclub/testdataapi/main/mahjong1date/0525_0842/653.json,https://raw.githubusercontent.com/jygameclub/testdataapi/main/mahjong1date/0525_0842,未中奖,0.00,0.00,1,0,0,0,0,0,0,否,否,否,0,0,703318,703318,9211779694938568,9466322.0,9466282.0,
普通空转,654.json,654,0,,https://fish-games.s3.amazonaws.com/MahjongWays1/index.html?env=ceshislot.osshaiwai.com&hasFloat=0&token=436475c81b51e6893c740657870f86b7&language=en&debug=1&debugDataPath=https://raw.githubusercontent.com/jygameclub/testdataapi/main/mahjong1date/0525_0842&debugStart=654,https://raw.githubusercontent.com/jygameclub/testdataapi/main/mahjong1date/0525_0842/654.json,https://raw.githubusercontent.com/jygameclub/testdataapi/main/mahjong1date/0525_0842,未中奖,0.00,0.00,1,0,0,0,0,0,0,否,否,否,0,1,703319,703319,6251779694939353,9466282.0,9466242.0,
普通空转,655.json,655,0,,https://fish-games.s3.amazonaws.com/MahjongWays1/index.html?env=ceshislot.osshaiwai.com&hasFloat=0&token=436475c81b51e6893c740657870f86b7&language=en&debug=1&debugDataPath=https://raw.githubusercontent.com/jygameclub/testdataapi/main/mahjong1date/0525_0842&debugStart=655,https://raw.githubusercontent.com/jygameclub/testdataapi/main/mahjong1date/0525_0842/655.json,https://raw.githubusercontent.com/jygameclub/testdataapi/main/mahjong1date/0525_0842,未中奖,0.00,0.00,1,0,0,0,0,0,0,否,否,否,0,1,703321,703321,4641779694940751,9466242.0,9466202.0,
普通空转,656.json,656,0,,https://fish-games.s3.amazonaws.com/MahjongWays1/index.html?env=ceshislot.osshaiwai.com&hasFloat=0&token=436475c81b51e6893c740657870f86b7&language=en&debug=1&debugDataPath=https://raw.githubusercontent.com/jygameclub/testdataapi/main/mahjong1date/0525_0842&debugStart=656,https://raw.githubusercontent.com/jygameclub/testdataapi/main/mahjong1date/0525_0842/656.json,https://raw.githubusercontent.com/jygameclub/testdataapi/main/mahjong1date/0525_0842,未中奖,0.00,0.00,1,0,0,0,0,0,0,否,否,否,0,0,703323,703323,9371779694942219,9466202.0,9466162.0,
普通空转,659.json,659,0,,https://fish-games.s3.amazonaws.com/MahjongWays1/index.html?env=ceshislot.osshaiwai.com&hasFloat=0&token=436475c81b51e6893c740657870f86b7&language=en&debug=1&debugDataPath=https://raw.githubusercontent.com/jygameclub/testdataapi/main/mahjong1date/0525_0842&debugStart=659,https://raw.githubusercontent.com/jygameclub/testdataapi/main/mahjong1date/0525_0842/659.json,https://raw.githubusercontent.com/jygameclub/testdataapi/main/mahjong1date/0525_0842,未中奖,0.00,0.00,1,0,0,0,0,0,0,否,否,否,0,0,703376,703376,5461779695015601,9466358.0,9466318.0,
普通空转,660.json,660,0,,https://fish-games.s3.amazonaws.com/MahjongWays1/index.html?env=ceshislot.osshaiwai.com&hasFloat=0&token=436475c81b51e6893c740657870f86b7&language=en&debug=1&debugDataPath=https://raw.githubusercontent.com/jygameclub/testdataapi/main/mahjong1date/0525_0842&debugStart=660,https://raw.githubusercontent.com/jygameclub/testdataapi/main/mahjong1date/0525_0842/660.json,https://raw.githubusercontent.com/jygameclub/testdataapi/main/mahjong1date/0525_0842,未中奖,0.00,0.00,1,0,0,0,0,0,0,否,否,否,0,0,703378,703378,1861779695016385,9466318.0,9466278.0,
普通空转,661.json,661,0,,https://fish-games.s3.amazonaws.com/MahjongWays1/index.html?env=ceshislot.osshaiwai.com&hasFloat=0&token=436475c81b51e6893c740657870f86b7&language=en&debug=1&debugDataPath=https://raw.githubusercontent.com/jygameclub/testdataapi/main/mahjong1date/0525_0842&debugStart=661,https://raw.githubusercontent.com/jygameclub/testdataapi/main/mahjong1date/0525_0842/661.json,https://raw.githubusercontent.com/jygameclub/testdataapi/main/mahjong1date/0525_0842,未中奖,0.00,0.00,1,0,0,0,0,0,0,否,否,否,0,1,703379,703379,1471779695017168,9466278.0,9466238.0,
普通空转,662.json,662,0,,https://fish-games.s3.amazonaws.com/MahjongWays1/index.html?env=ceshislot.osshaiwai.com&hasFloat=0&token=436475c81b51e6893c740657870f86b7&language=en&debug=1&debugDataPath=https://raw.githubusercontent.com/jygameclub/testdataapi/main/mahjong1date/0525_0842&debugStart=662,https://raw.githubusercontent.com/jygameclub/testdataapi/main/mahjong1date/0525_0842/662.json,https://raw.githubusercontent.com/jygameclub/testdataapi/main/mahjong1date/0525_0842,未中奖,0.00,0.00,1,0,0,0,0,0,0,否,否,否,0,1,703380,703380,8251779695018569,9466238.0,9466198.0,
普通空转,664.json,664,0,,https://fish-games.s3.amazonaws.com/MahjongWays1/index.html?env=ceshislot.osshaiwai.com&hasFloat=0&token=436475c81b51e6893c740657870f86b7&language=en&debug=1&debugDataPath=https://raw.githubusercontent.com/jygameclub/testdataapi/main/mahjong1date/0525_0842&debugStart=664,https://raw.githubusercontent.com/jygameclub/testdataapi/main/mahjong1date/0525_0842/664.json,https://raw.githubusercontent.com/jygameclub/testdataapi/main/mahjong1date/0525_0842,未中奖,0.00,0.00,1,0,0,0,0,0,0,否,否,否,0,0,703386,703386,9061779695024787,9466234.0,9466194.0,
普通空转,665.json,665,0,,https://fish-games.s3.amazonaws.com/MahjongWays1/index.html?env=ceshislot.osshaiwai.com&hasFloat=0&token=436475c81b51e6893c740657870f86b7&language=en&debug=1&debugDataPath=https://raw.githubusercontent.com/jygameclub/testdataapi/main/mahjong1date/0525_0842&debugStart=665,https://raw.githubusercontent.com/jygameclub/testdataapi/main/mahjong1date/0525_0842/665.json,https://raw.githubusercontent.com/jygameclub/testdataapi/main/mahjong1date/0525_0842,未中奖,0.00,0.00,1,0,0,0,0,0,0,否,否,否,0,1,703387,703387,4751779695025568,9466194.0,9466154.0,
普通空转,666.json,666,0,,https://fish-games.s3.amazonaws.com/MahjongWays1/index.html?env=ceshislot.osshaiwai.com&hasFloat=0&token=436475c81b51e6893c740657870f86b7&language=en&debug=1&debugDataPath=https://raw.githubusercontent.com/jygameclub/testdataapi/main/mahjong1date/0525_0842&debugStart=666,https://raw.githubusercontent.com/jygameclub/testdataapi/main/mahjong1date/0525_0842/666.json,https://raw.githubusercontent.com/jygameclub/testdataapi/main/mahjong1date/0525_0842,未中奖,0.00,0.00,1,0,0,0,0,0,0,否,否,否,0,1,703389,703389,1811779695026986,9466154.0,9466114.0,
普通空转,667.json,667,0,,https://fish-games.s3.amazonaws.com/MahjongWays1/index.html?env=ceshislot.osshaiwai.com&hasFloat=0&token=436475c81b51e6893c740657870f86b7&language=en&debug=1&debugDataPath=https://raw.githubusercontent.com/jygameclub/testdataapi/main/mahjong1date/0525_0842&debugStart=667,https://raw.githubusercontent.com/jygameclub/testdataapi/main/mahjong1date/0525_0842/667.json,https://raw.githubusercontent.com/jygameclub/testdataapi/main/mahjong1date/0525_0842,未中奖,0.00,0.00,1,0,0,0,0,0,0,否,否,否,0,0,703392,703392,9291779695028387,9466114.0,9466074.0,
普通空转,668.json,668,0,,https://fish-games.s3.amazonaws.com/MahjongWays1/index.html?env=ceshislot.osshaiwai.com&hasFloat=0&token=436475c81b51e6893c740657870f86b7&language=en&debug=1&debugDataPath=https://raw.githubusercontent.com/jygameclub/testdataapi/main/mahjong1date/0525_0842&debugStart=668,https://raw.githubusercontent.com/jygameclub/testdataapi/main/mahjong1date/0525_0842/668.json,https://raw.githubusercontent.com/jygameclub/testdataapi/main/mahjong1date/0525_0842,未中奖,0.00,0.00,1,0,0,0,0,0,0,否,否,否,0,0,703394,703394,6851779695029235,9466074.0,9466034.0,
普通空转,670.json,670,0,,https://fish-games.s3.amazonaws.com/MahjongWays1/index.html?env=ceshislot.osshaiwai.com&hasFloat=0&token=436475c81b51e6893c740657870f86b7&language=en&debug=1&debugDataPath=https://raw.githubusercontent.com/jygameclub/testdataapi/main/mahjong1date/0525_0842&debugStart=670,https://raw.githubusercontent.com/jygameclub/testdataapi/main/mahjong1date/0525_0842/670.json,https://raw.githubusercontent.com/jygameclub/testdataapi/main/mahjong1date/0525_0842,未中奖,0.00,0.00,1,0,0,0,0,0,0,否,否,否,0,0,703403,703403,4091779695034001,9466010.0,9465970.0,
普通空转,671.json,671,0,,https://fish-games.s3.amazonaws.com/MahjongWays1/index.html?env=ceshislot.osshaiwai.com&hasFloat=0&token=436475c81b51e6893c740657870f86b7&language=en&debug=1&debugDataPath=https://raw.githubusercontent.com/jygameclub/testdataapi/main/mahjong1date/0525_0842&debugStart=671,https://raw.githubusercontent.com/jygameclub/testdataapi/main/mahjong1date/0525_0842/671.json,https://raw.githubusercontent.com/jygameclub/testdataapi/main/mahjong1date/0525_0842,未中奖,0.00,0.00,1,0,0,0,0,0,0,否,否,否,0,1,703404,703404,8101779695034785,9465970.0,9465930.0,
普通空转,672.json,672,0,,https://fish-games.s3.amazonaws.com/MahjongWays1/index.html?env=ceshislot.osshaiwai.com&hasFloat=0&token=436475c81b51e6893c740657870f86b7&language=en&debug=1&debugDataPath=https://raw.githubusercontent.com/jygameclub/testdataapi/main/mahjong1date/0525_0842&debugStart=672,https://raw.githubusercontent.com/jygameclub/testdataapi/main/mahjong1date/0525_0842/672.json,https://raw.githubusercontent.com/jygameclub/testdataapi/main/mahjong1date/0525_0842,未中奖,0.00,0.00,1,0,0,0,0,0,0,否,否,否,0,1,703407,703407,7731779695036185,9465930.0,9465890.0,
普通空转,673.json,673,0,,https://fish-games.s3.amazonaws.com/MahjongWays1/index.html?env=ceshislot.osshaiwai.com&hasFloat=0&token=436475c81b51e6893c740657870f86b7&language=en&debug=1&debugDataPath=https://raw.githubusercontent.com/jygameclub/testdataapi/main/mahjong1date/0525_0842&debugStart=673,https://raw.githubusercontent.com/jygameclub/testdataapi/main/mahjong1date/0525_0842/673.json,https://raw.githubusercontent.com/jygameclub/testdataapi/main/mahjong1date/0525_0842,未中奖,0.00,0.00,1,0,0,0,0,0,0,否,否,否,0,0,703410,703410,8121779695037668,9465890.0,9465850.0,
普通空转,674.json,674,0,,https://fish-games.s3.amazonaws.com/MahjongWays1/index.html?env=ceshislot.osshaiwai.com&hasFloat=0&token=436475c81b51e6893c740657870f86b7&language=en&debug=1&debugDataPath=https://raw.githubusercontent.com/jygameclub/testdataapi/main/mahjong1date/0525_0842&debugStart=674,https://raw.githubusercontent.com/jygameclub/testdataapi/main/mahjong1date/0525_0842/674.json,https://raw.githubusercontent.com/jygameclub/testdataapi/main/mahjong1date/0525_0842,未中奖,0.00,0.00,1,0,0,0,0,0,0,否,否,否,0,0,703411,703411,1941779695038451,9465850.0,9465810.0,
普通空转,675.json,675,0,,https://fish-games.s3.amazonaws.com/MahjongWays1/index.html?env=ceshislot.osshaiwai.com&hasFloat=0&token=436475c81b51e6893c740657870f86b7&language=en&debug=1&debugDataPath=https://raw.githubusercontent.com/jygameclub/testdataapi/main/mahjong1date/0525_0842&debugStart=675,https://raw.githubusercontent.com/jygameclub/testdataapi/main/mahjong1date/0525_0842/675.json,https://raw.githubusercontent.com/jygameclub/testdataapi/main/mahjong1date/0525_0842,未中奖,0.00,0.00,1,0,0,0,0,0,0,否,否,否,0,0,703412,703412,9651779695039250,9465810.0,9465770.0,
普通空转,676.json,676,0,,https://fish-games.s3.amazonaws.com/MahjongWays1/index.html?env=ceshislot.osshaiwai.com&hasFloat=0&token=436475c81b51e6893c740657870f86b7&language=en&debug=1&debugDataPath=https://raw.githubusercontent.com/jygameclub/testdataapi/main/mahjong1date/0525_0842&debugStart=676,https://raw.githubusercontent.com/jygameclub/testdataapi/main/mahjong1date/0525_0842/676.json,https://raw.githubusercontent.com/jygameclub/testdataapi/main/mahjong1date/0525_0842,未中奖,0.00,0.00,1,0,0,0,0,0,0,否,否,否,0,0,703415,703415,7501779695040035,9465770.0,9465730.0,
普通空转,677.json,677,0,,https://fish-games.s3.amazonaws.com/MahjongWays1/index.html?env=ceshislot.osshaiwai.com&hasFloat=0&token=436475c81b51e6893c740657870f86b7&language=en&debug=1&debugDataPath=https://raw.githubusercontent.com/jygameclub/testdataapi/main/mahjong1date/0525_0842&debugStart=677,https://raw.githubusercontent.com/jygameclub/testdataapi/main/mahjong1date/0525_0842/677.json,https://raw.githubusercontent.com/jygameclub/testdataapi/main/mahjong1date/0525_0842,未中奖,0.00,0.00,1,0,0,0,0,0,0,否,否,否,0,2,703416,703416,1261779695040952,9465730.0,9465690.0,
普通空转,678.json,678,0,,https://fish-games.s3.amazonaws.com/MahjongWays1/index.html?env=ceshislot.osshaiwai.com&hasFloat=0&token=436475c81b51e6893c740657870f86b7&language=en&debug=1&debugDataPath=https://raw.githubusercontent.com/jygameclub/testdataapi/main/mahjong1date/0525_0842&debugStart=678,https://raw.githubusercontent.com/jygameclub/testdataapi/main/mahjong1date/0525_0842/678.json,https://raw.githubusercontent.com/jygameclub/testdataapi/main/mahjong1date/0525_0842,未中奖,0.00,0.00,1,0,0,0,0,0,0,否,否,否,0,0,703419,703419,8321779695042535,9465690.0,9465650.0,
普通空转,679.json,679,0,,https://fish-games.s3.amazonaws.com/MahjongWays1/index.html?env=ceshislot.osshaiwai.com&hasFloat=0&token=436475c81b51e6893c740657870f86b7&language=en&debug=1&debugDataPath=https://raw.githubusercontent.com/jygameclub/testdataapi/main/mahjong1date/0525_0842&debugStart=679,https://raw.githubusercontent.com/jygameclub/testdataapi/main/mahjong1date/0525_0842/679.json,https://raw.githubusercontent.com/jygameclub/testdataapi/main/mahjong1date/0525_0842,未中奖,0.00,0.00,1,0,0,0,0,0,0,否,否,否,0,0,703421,703421,5681779695043385,9465650.0,9465610.0,
普通空转,680.json,680,0,,https://fish-games.s3.amazonaws.com/MahjongWays1/index.html?env=ceshislot.osshaiwai.com&hasFloat=0&token=436475c81b51e6893c740657870f86b7&language=en&debug=1&debugDataPath=https://raw.githubusercontent.com/jygameclub/testdataapi/main/mahjong1date/0525_0842&debugStart=680,https://raw.githubusercontent.com/jygameclub/testdataapi/main/mahjong1date/0525_0842/680.json,https://raw.githubusercontent.com/jygameclub/testdataapi/main/mahjong1date/0525_0842,未中奖,0.00,0.00,1,0,0,0,0,0,0,否,否,否,0,0,703422,703422,4461779695044184,9465610.0,9465570.0,
普通空转,681.json,681,0,,https://fish-games.s3.amazonaws.com/MahjongWays1/index.html?env=ceshislot.osshaiwai.com&hasFloat=0&token=436475c81b51e6893c740657870f86b7&language=en&debug=1&debugDataPath=https://raw.githubusercontent.com/jygameclub/testdataapi/main/mahjong1date/0525_0842&debugStart=681,https://raw.githubusercontent.com/jygameclub/testdataapi/main/mahjong1date/0525_0842/681.json,https://raw.githubusercontent.com/jygameclub/testdataapi/main/mahjong1date/0525_0842,未中奖,0.00,0.00,1,0,0,0,0,0,0,否,否,否,0,1,703424,703424,9451779695045034,9465570.0,9465530.0,
普通空转,686.json,686,0,,https://fish-games.s3.amazonaws.com/MahjongWays1/index.html?env=ceshislot.osshaiwai.com&hasFloat=0&token=436475c81b51e6893c740657870f86b7&language=en&debug=1&debugDataPath=https://raw.githubusercontent.com/jygameclub/testdataapi/main/mahjong1date/0525_0842&debugStart=686,https://raw.githubusercontent.com/jygameclub/testdataapi/main/mahjong1date/0525_0842/686.json,https://raw.githubusercontent.com/jygameclub/testdataapi/main/mahjong1date/0525_0842,未中奖,0.00,0.00,1,0,0,0,0,0,0,否,否,否,0,2,703506,703506,7781779695133118,9466506.0,9466466.0,
普通空转,687.json,687,0,,https://fish-games.s3.amazonaws.com/MahjongWays1/index.html?env=ceshislot.osshaiwai.com&hasFloat=0&token=436475c81b51e6893c740657870f86b7&language=en&debug=1&debugDataPath=https://raw.githubusercontent.com/jygameclub/testdataapi/main/mahjong1date/0525_0842&debugStart=687,https://raw.githubusercontent.com/jygameclub/testdataapi/main/mahjong1date/0525_0842/687.json,https://raw.githubusercontent.com/jygameclub/testdataapi/main/mahjong1date/0525_0842,未中奖,0.00,0.00,1,0,0,0,0,0,0,否,否,否,0,0,703509,703509,4251779695134768,9466466.0,9466426.0,
普通空转,688.json,688,0,,https://fish-games.s3.amazonaws.com/MahjongWays1/index.html?env=ceshislot.osshaiwai.com&hasFloat=0&token=436475c81b51e6893c740657870f86b7&language=en&debug=1&debugDataPath=https://raw.githubusercontent.com/jygameclub/testdataapi/main/mahjong1date/0525_0842&debugStart=688,https://raw.githubusercontent.com/jygameclub/testdataapi/main/mahjong1date/0525_0842/688.json,https://raw.githubusercontent.com/jygameclub/testdataapi/main/mahjong1date/0525_0842,未中奖,0.00,0.00,1,0,0,0,0,0,0,否,否,否,0,0,703512,703512,6591779695135618,9466426.0,9466386.0,
普通空转,689.json,689,0,,https://fish-games.s3.amazonaws.com/MahjongWays1/index.html?env=ceshislot.osshaiwai.com&hasFloat=0&token=436475c81b51e6893c740657870f86b7&language=en&debug=1&debugDataPath=https://raw.githubusercontent.com/jygameclub/testdataapi/main/mahjong1date/0525_0842&debugStart=689,https://raw.githubusercontent.com/jygameclub/testdataapi/main/mahjong1date/0525_0842/689.json,https://raw.githubusercontent.com/jygameclub/testdataapi/main/mahjong1date/0525_0842,未中奖,0.00,0.00,1,0,0,0,0,0,0,否,否,否,0,1,703514,703514,7601779695136418,9466386.0,9466346.0,
普通空转,690.json,690,0,,https://fish-games.s3.amazonaws.com/MahjongWays1/index.html?env=ceshislot.osshaiwai.com&hasFloat=0&token=436475c81b51e6893c740657870f86b7&language=en&debug=1&debugDataPath=https://raw.githubusercontent.com/jygameclub/testdataapi/main/mahjong1date/0525_0842&debugStart=690,https://raw.githubusercontent.com/jygameclub/testdataapi/main/mahjong1date/0525_0842/690.json,https://raw.githubusercontent.com/jygameclub/testdataapi/main/mahjong1date/0525_0842,未中奖,0.00,0.00,1,0,0,0,0,0,0,否,否,否,0,0,703516,703516,7771779695137818,9466346.0,9466306.0,
普通空转,691.json,691,0,,https://fish-games.s3.amazonaws.com/MahjongWays1/index.html?env=ceshislot.osshaiwai.com&hasFloat=0&token=436475c81b51e6893c740657870f86b7&language=en&debug=1&debugDataPath=https://raw.githubusercontent.com/jygameclub/testdataapi/main/mahjong1date/0525_0842&debugStart=691,https://raw.githubusercontent.com/jygameclub/testdataapi/main/mahjong1date/0525_0842/691.json,https://raw.githubusercontent.com/jygameclub/testdataapi/main/mahjong1date/0525_0842,未中奖,0.00,0.00,1,0,0,0,0,0,0,否,否,否,0,0,703519,703519,6221779695138602,9466306.0,9466266.0,
普通空转,693.json,693,0,,https://fish-games.s3.amazonaws.com/MahjongWays1/index.html?env=ceshislot.osshaiwai.com&hasFloat=0&token=436475c81b51e6893c740657870f86b7&language=en&debug=1&debugDataPath=https://raw.githubusercontent.com/jygameclub/testdataapi/main/mahjong1date/0525_0842&debugStart=693,https://raw.githubusercontent.com/jygameclub/testdataapi/main/mahjong1date/0525_0842/693.json,https://raw.githubusercontent.com/jygameclub/testdataapi/main/mahjong1date/0525_0842,未中奖,0.00,0.00,1,0,0,0,0,0,0,否,否,否,0,0,703526,703526,9491779695143084,9466238.0,9466198.0,
普通空转,695.json,695,0,,https://fish-games.s3.amazonaws.com/MahjongWays1/index.html?env=ceshislot.osshaiwai.com&hasFloat=0&token=436475c81b51e6893c740657870f86b7&language=en&debug=1&debugDataPath=https://raw.githubusercontent.com/jygameclub/testdataapi/main/mahjong1date/0525_0842&debugStart=695,https://raw.githubusercontent.com/jygameclub/testdataapi/main/mahjong1date/0525_0842/695.json,https://raw.githubusercontent.com/jygameclub/testdataapi/main/mahjong1date/0525_0842,未中奖,0.00,0.00,1,0,0,0,0,0,0,否,否,否,0,0,703536,703536,7371779695148617,9466194.0,9466154.0,
普通空转,698.json,698,0,,https://fish-games.s3.amazonaws.com/MahjongWays1/index.html?env=ceshislot.osshaiwai.com&hasFloat=0&token=436475c81b51e6893c740657870f86b7&language=en&debug=1&debugDataPath=https://raw.githubusercontent.com/jygameclub/testdataapi/main/mahjong1date/0525_0842&debugStart=698,https://raw.githubusercontent.com/jygameclub/testdataapi/main/mahjong1date/0525_0842/698.json,https://raw.githubusercontent.com/jygameclub/testdataapi/main/mahjong1date/0525_0842,未中奖,0.00,0.00,1,0,0,0,0,0,0,否,否,否,0,0,703547,703547,2931779695155768,9466214.0,9466174.0,
普通空转,701.json,701,0,,https://fish-games.s3.amazonaws.com/MahjongWays1/index.html?env=ceshislot.osshaiwai.com&hasFloat=0&token=436475c81b51e6893c740657870f86b7&language=en&debug=1&debugDataPath=https://raw.githubusercontent.com/jygameclub/testdataapi/main/mahjong1date/0525_0842&debugStart=701,https://raw.githubusercontent.com/jygameclub/testdataapi/main/mahjong1date/0525_0842/701.json,https://raw.githubusercontent.com/jygameclub/testdataapi/main/mahjong1date/0525_0842,未中奖,0.00,0.00,1,0,0,0,0,0,0,否,否,否,0,0,703559,703559,3521779695161886,9466158.0,9466118.0,
普通空转,702.json,702,0,,https://fish-games.s3.amazonaws.com/MahjongWays1/index.html?env=ceshislot.osshaiwai.com&hasFloat=0&token=436475c81b51e6893c740657870f86b7&language=en&debug=1&debugDataPath=https://raw.githubusercontent.com/jygameclub/testdataapi/main/mahjong1date/0525_0842&debugStart=702,https://raw.githubusercontent.com/jygameclub/testdataapi/main/mahjong1date/0525_0842/702.json,https://raw.githubusercontent.com/jygameclub/testdataapi/main/mahjong1date/0525_0842,未中奖,0.00,0.00,1,0,0,0,0,0,0,否,否,否,0,1,703560,703560,5511779695162668,9466118.0,9466078.0,
普通空转,703.json,703,0,,https://fish-games.s3.amazonaws.com/MahjongWays1/index.html?env=ceshislot.osshaiwai.com&hasFloat=0&token=436475c81b51e6893c740657870f86b7&language=en&debug=1&debugDataPath=https://raw.githubusercontent.com/jygameclub/testdataapi/main/mahjong1date/0525_0842&debugStart=703,https://raw.githubusercontent.com/jygameclub/testdataapi/main/mahjong1date/0525_0842/703.json,https://raw.githubusercontent.com/jygameclub/testdataapi/main/mahjong1date/0525_0842,未中奖,0.00,0.00,1,0,0,0,0,0,0,否,否,否,0,0,703563,703563,4321779695164068,9466078.0,9466038.0,
普通空转,704.json,704,0,,https://fish-games.s3.amazonaws.com/MahjongWays1/index.html?env=ceshislot.osshaiwai.com&hasFloat=0&token=436475c81b51e6893c740657870f86b7&language=en&debug=1&debugDataPath=https://raw.githubusercontent.com/jygameclub/testdataapi/main/mahjong1date/0525_0842&debugStart=704,https://raw.githubusercontent.com/jygameclub/testdataapi/main/mahjong1date/0525_0842/704.json,https://raw.githubusercontent.com/jygameclub/testdataapi/main/mahjong1date/0525_0842,未中奖,0.00,0.00,1,0,0,0,0,0,0,否,否,否,0,0,703566,703566,7601779695164851,9466038.0,9465998.0,
普通空转,705.json,705,0,,https://fish-games.s3.amazonaws.com/MahjongWays1/index.html?env=ceshislot.osshaiwai.com&hasFloat=0&token=436475c81b51e6893c740657870f86b7&language=en&debug=1&debugDataPath=https://raw.githubusercontent.com/jygameclub/testdataapi/main/mahjong1date/0525_0842&debugStart=705,https://raw.githubusercontent.com/jygameclub/testdataapi/main/mahjong1date/0525_0842/705.json,https://raw.githubusercontent.com/jygameclub/testdataapi/main/mahjong1date/0525_0842,未中奖,0.00,0.00,1,0,0,0,0,0,0,否,否,否,0,1,703567,703567,3171779695165651,9465998.0,9465958.0,
普通空转,706.json,706,0,,https://fish-games.s3.amazonaws.com/MahjongWays1/index.html?env=ceshislot.osshaiwai.com&hasFloat=0&token=436475c81b51e6893c740657870f86b7&language=en&debug=1&debugDataPath=https://raw.githubusercontent.com/jygameclub/testdataapi/main/mahjong1date/0525_0842&debugStart=706,https://raw.githubusercontent.com/jygameclub/testdataapi/main/mahjong1date/0525_0842/706.json,https://raw.githubusercontent.com/jygameclub/testdataapi/main/mahjong1date/0525_0842,未中奖,0.00,0.00,1,0,0,0,0,0,0,否,否,否,0,0,703570,703570,3041779695167052,9465958.0,9465918.0,
普通空转,707.json,707,0,,https://fish-games.s3.amazonaws.com/MahjongWays1/index.html?env=ceshislot.osshaiwai.com&hasFloat=0&token=436475c81b51e6893c740657870f86b7&language=en&debug=1&debugDataPath=https://raw.githubusercontent.com/jygameclub/testdataapi/main/mahjong1date/0525_0842&debugStart=707,https://raw.githubusercontent.com/jygameclub/testdataapi/main/mahjong1date/0525_0842/707.json,https://raw.githubusercontent.com/jygameclub/testdataapi/main/mahjong1date/0525_0842,未中奖,0.00,0.00,1,0,0,0,0,0,0,否,否,否,0,0,703572,703572,9431779695167835,9465918.0,9465878.0,
普通空转,708.json,708,0,,https://fish-games.s3.amazonaws.com/MahjongWays1/index.html?env=ceshislot.osshaiwai.com&hasFloat=0&token=436475c81b51e6893c740657870f86b7&language=en&debug=1&debugDataPath=https://raw.githubusercontent.com/jygameclub/testdataapi/main/mahjong1date/0525_0842&debugStart=708,https://raw.githubusercontent.com/jygameclub/testdataapi/main/mahjong1date/0525_0842/708.json,https://raw.githubusercontent.com/jygameclub/testdataapi/main/mahjong1date/0525_0842,未中奖,0.00,0.00,1,0,0,0,0,0,0,否,否,否,0,1,703573,703573,1931779695168618,9465878.0,9465838.0,
普通空转,710.json,710,0,,https://fish-games.s3.amazonaws.com/MahjongWays1/index.html?env=ceshislot.osshaiwai.com&hasFloat=0&token=436475c81b51e6893c740657870f86b7&language=en&debug=1&debugDataPath=https://raw.githubusercontent.com/jygameclub/testdataapi/main/mahjong1date/0525_0842&debugStart=710,https://raw.githubusercontent.com/jygameclub/testdataapi/main/mahjong1date/0525_0842/710.json,https://raw.githubusercontent.com/jygameclub/testdataapi/main/mahjong1date/0525_0842,未中奖,0.00,0.00,1,0,0,0,0,0,0,否,否,否,0,0,703586,703586,9081779695177867,9465974.0,9465934.0,
普通空转,711.json,711,0,,https://fish-games.s3.amazonaws.com/MahjongWays1/index.html?env=ceshislot.osshaiwai.com&hasFloat=0&token=436475c81b51e6893c740657870f86b7&language=en&debug=1&debugDataPath=https://raw.githubusercontent.com/jygameclub/testdataapi/main/mahjong1date/0525_0842&debugStart=711,https://raw.githubusercontent.com/jygameclub/testdataapi/main/mahjong1date/0525_0842/711.json,https://raw.githubusercontent.com/jygameclub/testdataapi/main/mahjong1date/0525_0842,未中奖,0.00,0.00,1,0,0,0,0,0,0,否,否,否,0,0,703587,703587,9791779695178652,9465934.0,9465894.0,
普通空转,712.json,712,0,,https://fish-games.s3.amazonaws.com/MahjongWays1/index.html?env=ceshislot.osshaiwai.com&hasFloat=0&token=436475c81b51e6893c740657870f86b7&language=en&debug=1&debugDataPath=https://raw.githubusercontent.com/jygameclub/testdataapi/main/mahjong1date/0525_0842&debugStart=712,https://raw.githubusercontent.com/jygameclub/testdataapi/main/mahjong1date/0525_0842/712.json,https://raw.githubusercontent.com/jygameclub/testdataapi/main/mahjong1date/0525_0842,未中奖,0.00,0.00,1,0,0,0,0,0,0,否,否,否,0,1,703589,703589,3891779695179435,9465894.0,9465854.0,
普通空转,713.json,713,0,,https://fish-games.s3.amazonaws.com/MahjongWays1/index.html?env=ceshislot.osshaiwai.com&hasFloat=0&token=436475c81b51e6893c740657870f86b7&language=en&debug=1&debugDataPath=https://raw.githubusercontent.com/jygameclub/testdataapi/main/mahjong1date/0525_0842&debugStart=713,https://raw.githubusercontent.com/jygameclub/testdataapi/main/mahjong1date/0525_0842/713.json,https://raw.githubusercontent.com/jygameclub/testdataapi/main/mahjong1date/0525_0842,未中奖,0.00,0.00,1,0,0,0,0,0,0,否,否,否,0,2,703592,703592,8551779695180834,9465854.0,9465814.0,
普通空转,714.json,714,0,,https://fish-games.s3.amazonaws.com/MahjongWays1/index.html?env=ceshislot.osshaiwai.com&hasFloat=0&token=436475c81b51e6893c740657870f86b7&language=en&debug=1&debugDataPath=https://raw.githubusercontent.com/jygameclub/testdataapi/main/mahjong1date/0525_0842&debugStart=714,https://raw.githubusercontent.com/jygameclub/testdataapi/main/mahjong1date/0525_0842/714.json,https://raw.githubusercontent.com/jygameclub/testdataapi/main/mahjong1date/0525_0842,未中奖,0.00,0.00,1,0,0,0,0,0,0,否,否,否,0,0,703595,703595,7771779695182351,9465814.0,9465774.0,
普通空转,715.json,715,0,,https://fish-games.s3.amazonaws.com/MahjongWays1/index.html?env=ceshislot.osshaiwai.com&hasFloat=0&token=436475c81b51e6893c740657870f86b7&language=en&debug=1&debugDataPath=https://raw.githubusercontent.com/jygameclub/testdataapi/main/mahjong1date/0525_0842&debugStart=715,https://raw.githubusercontent.com/jygameclub/testdataapi/main/mahjong1date/0525_0842/715.json,https://raw.githubusercontent.com/jygameclub/testdataapi/main/mahjong1date/0525_0842,未中奖,0.00,0.00,1,0,0,0,0,0,0,否,否,否,0,0,703596,703596,5891779695183151,9465774.0,9465734.0,
普通空转,719.json,719,0,,https://fish-games.s3.amazonaws.com/MahjongWays1/index.html?env=ceshislot.osshaiwai.com&hasFloat=0&token=436475c81b51e6893c740657870f86b7&language=en&debug=1&debugDataPath=https://raw.githubusercontent.com/jygameclub/testdataapi/main/mahjong1date/0525_0842&debugStart=719,https://raw.githubusercontent.com/jygameclub/testdataapi/main/mahjong1date/0525_0842/719.json,https://raw.githubusercontent.com/jygameclub/testdataapi/main/mahjong1date/0525_0842,未中奖,0.00,0.00,1,0,0,0,0,0,0,否,否,否,0,1,703617,703617,8241779695193984,9465854.0,9465814.0,
普通空转,720.json,720,0,,https://fish-games.s3.amazonaws.com/MahjongWays1/index.html?env=ceshislot.osshaiwai.com&hasFloat=0&token=436475c81b51e6893c740657870f86b7&language=en&debug=1&debugDataPath=https://raw.githubusercontent.com/jygameclub/testdataapi/main/mahjong1date/0525_0842&debugStart=720,https://raw.githubusercontent.com/jygameclub/testdataapi/main/mahjong1date/0525_0842/720.json,https://raw.githubusercontent.com/jygameclub/testdataapi/main/mahjong1date/0525_0842,未中奖,0.00,0.00,1,0,0,0,0,0,0,否,否,否,0,0,703619,703619,3971779695195385,9465814.0,9465774.0,
普通空转,721.json,721,0,,https://fish-games.s3.amazonaws.com/MahjongWays1/index.html?env=ceshislot.osshaiwai.com&hasFloat=0&token=436475c81b51e6893c740657870f86b7&language=en&debug=1&debugDataPath=https://raw.githubusercontent.com/jygameclub/testdataapi/main/mahjong1date/0525_0842&debugStart=721,https://raw.githubusercontent.com/jygameclub/testdataapi/main/mahjong1date/0525_0842/721.json,https://raw.githubusercontent.com/jygameclub/testdataapi/main/mahjong1date/0525_0842,未中奖,0.00,0.00,1,0,0,0,0,0,0,否,否,否,0,1,703621,703621,1861779695196168,9465774.0,9465734.0,
普通空转,722.json,722,0,,https://fish-games.s3.amazonaws.com/MahjongWays1/index.html?env=ceshislot.osshaiwai.com&hasFloat=0&token=436475c81b51e6893c740657870f86b7&language=en&debug=1&debugDataPath=https://raw.githubusercontent.com/jygameclub/testdataapi/main/mahjong1date/0525_0842&debugStart=722,https://raw.githubusercontent.com/jygameclub/testdataapi/main/mahjong1date/0525_0842/722.json,https://raw.githubusercontent.com/jygameclub/testdataapi/main/mahjong1date/0525_0842,未中奖,0.00,0.00,1,0,0,0,0,0,0,否,否,否,0,0,703624,703624,1611779695197567,9465734.0,9465694.0,
普通空转,723.json,723,0,,https://fish-games.s3.amazonaws.com/MahjongWays1/index.html?env=ceshislot.osshaiwai.com&hasFloat=0&token=436475c81b51e6893c740657870f86b7&language=en&debug=1&debugDataPath=https://raw.githubusercontent.com/jygameclub/testdataapi/main/mahjong1date/0525_0842&debugStart=723,https://raw.githubusercontent.com/jygameclub/testdataapi/main/mahjong1date/0525_0842/723.json,https://raw.githubusercontent.com/jygameclub/testdataapi/main/mahjong1date/0525_0842,未中奖,0.00,0.00,1,0,0,0,0,0,0,否,否,否,0,0,703625,703625,1121779695198418,9465694.0,9465654.0,
普通空转,724.json,724,0,,https://fish-games.s3.amazonaws.com/MahjongWays1/index.html?env=ceshislot.osshaiwai.com&hasFloat=0&token=436475c81b51e6893c740657870f86b7&language=en&debug=1&debugDataPath=https://raw.githubusercontent.com/jygameclub/testdataapi/main/mahjong1date/0525_0842&debugStart=724,https://raw.githubusercontent.com/jygameclub/testdataapi/main/mahjong1date/0525_0842/724.json,https://raw.githubusercontent.com/jygameclub/testdataapi/main/mahjong1date/0525_0842,未中奖,0.00,0.00,1,0,0,0,0,0,0,否,否,否,0,0,703627,703627,1051779695199200,9465654.0,9465614.0,
普通空转,725.json,725,0,,https://fish-games.s3.amazonaws.com/MahjongWays1/index.html?env=ceshislot.osshaiwai.com&hasFloat=0&token=436475c81b51e6893c740657870f86b7&language=en&debug=1&debugDataPath=https://raw.githubusercontent.com/jygameclub/testdataapi/main/mahjong1date/0525_0842&debugStart=725,https://raw.githubusercontent.com/jygameclub/testdataapi/main/mahjong1date/0525_0842/725.json,https://raw.githubusercontent.com/jygameclub/testdataapi/main/mahjong1date/0525_0842,未中奖,0.00,0.00,1,0,0,0,0,0,0,否,否,否,0,0,703629,703629,9101779695200002,9465614.0,9465574.0,
普通空转,726.json,726,0,,https://fish-games.s3.amazonaws.com/MahjongWays1/index.html?env=ceshislot.osshaiwai.com&hasFloat=0&token=436475c81b51e6893c740657870f86b7&language=en&debug=1&debugDataPath=https://raw.githubusercontent.com/jygameclub/testdataapi/main/mahjong1date/0525_0842&debugStart=726,https://raw.githubusercontent.com/jygameclub/testdataapi/main/mahjong1date/0525_0842/726.json,https://raw.githubusercontent.com/jygameclub/testdataapi/main/mahjong1date/0525_0842,未中奖,0.00,0.00,1,0,0,0,0,0,0,否,否,否,0,1,703630,703630,1561779695200785,9465574.0,9465534.0,
普通空转,728.json,728,0,,https://fish-games.s3.amazonaws.com/MahjongWays1/index.html?env=ceshislot.osshaiwai.com&hasFloat=0&token=436475c81b51e6893c740657870f86b7&language=en&debug=1&debugDataPath=https://raw.githubusercontent.com/jygameclub/testdataapi/main/mahjong1date/0525_0842&debugStart=728,https://raw.githubusercontent.com/jygameclub/testdataapi/main/mahjong1date/0525_0842/728.json,https://raw.githubusercontent.com/jygameclub/testdataapi/main/mahjong1date/0525_0842,未中奖,0.00,0.00,1,0,0,0,0,0,0,否,否,否,0,1,703639,703639,4561779695206051,9465504.0,9465464.0,
普通空转,729.json,729,0,,https://fish-games.s3.amazonaws.com/MahjongWays1/index.html?env=ceshislot.osshaiwai.com&hasFloat=0&token=436475c81b51e6893c740657870f86b7&language=en&debug=1&debugDataPath=https://raw.githubusercontent.com/jygameclub/testdataapi/main/mahjong1date/0525_0842&debugStart=729,https://raw.githubusercontent.com/jygameclub/testdataapi/main/mahjong1date/0525_0842/729.json,https://raw.githubusercontent.com/jygameclub/testdataapi/main/mahjong1date/0525_0842,未中奖,0.00,0.00,1,0,0,0,0,0,0,否,否,否,0,0,703641,703641,1231779695207452,9465464.0,9465424.0,
普通空转,730.json,730,0,,https://fish-games.s3.amazonaws.com/MahjongWays1/index.html?env=ceshislot.osshaiwai.com&hasFloat=0&token=436475c81b51e6893c740657870f86b7&language=en&debug=1&debugDataPath=https://raw.githubusercontent.com/jygameclub/testdataapi/main/mahjong1date/0525_0842&debugStart=730,https://raw.githubusercontent.com/jygameclub/testdataapi/main/mahjong1date/0525_0842/730.json,https://raw.githubusercontent.com/jygameclub/testdataapi/main/mahjong1date/0525_0842,未中奖,0.00,0.00,1,0,0,0,0,0,0,否,否,否,0,0,703644,703644,4501779695208252,9465424.0,9465384.0,
普通空转,731.json,731,0,,https://fish-games.s3.amazonaws.com/MahjongWays1/index.html?env=ceshislot.osshaiwai.com&hasFloat=0&token=436475c81b51e6893c740657870f86b7&language=en&debug=1&debugDataPath=https://raw.githubusercontent.com/jygameclub/testdataapi/main/mahjong1date/0525_0842&debugStart=731,https://raw.githubusercontent.com/jygameclub/testdataapi/main/mahjong1date/0525_0842/731.json,https://raw.githubusercontent.com/jygameclub/testdataapi/main/mahjong1date/0525_0842,未中奖,0.00,0.00,1,0,0,0,0,0,0,否,否,否,0,1,703645,703645,4501779695209035,9465384.0,9465344.0,
普通空转,732.json,732,0,,https://fish-games.s3.amazonaws.com/MahjongWays1/index.html?env=ceshislot.osshaiwai.com&hasFloat=0&token=436475c81b51e6893c740657870f86b7&language=en&debug=1&debugDataPath=https://raw.githubusercontent.com/jygameclub/testdataapi/main/mahjong1date/0525_0842&debugStart=732,https://raw.githubusercontent.com/jygameclub/testdataapi/main/mahjong1date/0525_0842/732.json,https://raw.githubusercontent.com/jygameclub/testdataapi/main/mahjong1date/0525_0842,未中奖,0.00,0.00,1,0,0,0,0,0,0,否,否,否,0,0,703648,703648,9481779695210452,9465344.0,9465304.0,
普通空转,733.json,733,0,,https://fish-games.s3.amazonaws.com/MahjongWays1/index.html?env=ceshislot.osshaiwai.com&hasFloat=0&token=436475c81b51e6893c740657870f86b7&language=en&debug=1&debugDataPath=https://raw.githubusercontent.com/jygameclub/testdataapi/main/mahjong1date/0525_0842&debugStart=733,https://raw.githubusercontent.com/jygameclub/testdataapi/main/mahjong1date/0525_0842/733.json,https://raw.githubusercontent.com/jygameclub/testdataapi/main/mahjong1date/0525_0842,未中奖,0.00,0.00,1,0,0,0,0,0,0,否,否,否,0,0,703650,703650,5581779695211251,9465304.0,9465264.0,
普通空转,734.json,734,0,,https://fish-games.s3.amazonaws.com/MahjongWays1/index.html?env=ceshislot.osshaiwai.com&hasFloat=0&token=436475c81b51e6893c740657870f86b7&language=en&debug=1&debugDataPath=https://raw.githubusercontent.com/jygameclub/testdataapi/main/mahjong1date/0525_0842&debugStart=734,https://raw.githubusercontent.com/jygameclub/testdataapi/main/mahjong1date/0525_0842/734.json,https://raw.githubusercontent.com/jygameclub/testdataapi/main/mahjong1date/0525_0842,未中奖,0.00,0.00,1,0,0,0,0,0,0,否,否,否,0,1,703652,703652,4611779695212036,9465264.0,9465224.0,
普通空转,735.json,735,0,,https://fish-games.s3.amazonaws.com/MahjongWays1/index.html?env=ceshislot.osshaiwai.com&hasFloat=0&token=436475c81b51e6893c740657870f86b7&language=en&debug=1&debugDataPath=https://raw.githubusercontent.com/jygameclub/testdataapi/main/mahjong1date/0525_0842&debugStart=735,https://raw.githubusercontent.com/jygameclub/testdataapi/main/mahjong1date/0525_0842/735.json,https://raw.githubusercontent.com/jygameclub/testdataapi/main/mahjong1date/0525_0842,未中奖,0.00,0.00,1,0,0,0,0,0,0,否,否,否,0,0,703655,703655,6801779695213450,9465224.0,9465184.0,
普通空转,736.json,736,0,,https://fish-games.s3.amazonaws.com/MahjongWays1/index.html?env=ceshislot.osshaiwai.com&hasFloat=0&token=436475c81b51e6893c740657870f86b7&language=en&debug=1&debugDataPath=https://raw.githubusercontent.com/jygameclub/testdataapi/main/mahjong1date/0525_0842&debugStart=736,https://raw.githubusercontent.com/jygameclub/testdataapi/main/mahjong1date/0525_0842/736.json,https://raw.githubusercontent.com/jygameclub/testdataapi/main/mahjong1date/0525_0842,未中奖,0.00,0.00,1,0,0,0,0,0,0,否,否,否,0,1,703656,703656,7361779695214234,9465184.0,9465144.0,
普通空转,737.json,737,0,,https://fish-games.s3.amazonaws.com/MahjongWays1/index.html?env=ceshislot.osshaiwai.com&hasFloat=0&token=436475c81b51e6893c740657870f86b7&language=en&debug=1&debugDataPath=https://raw.githubusercontent.com/jygameclub/testdataapi/main/mahjong1date/0525_0842&debugStart=737,https://raw.githubusercontent.com/jygameclub/testdataapi/main/mahjong1date/0525_0842/737.json,https://raw.githubusercontent.com/jygameclub/testdataapi/main/mahjong1date/0525_0842,未中奖,0.00,0.00,1,0,0,0,0,0,0,否,否,否,0,1,703659,703659,8261779695215635,9465144.0,9465104.0,
普通空转,739.json,739,0,,https://fish-games.s3.amazonaws.com/MahjongWays1/index.html?env=ceshislot.osshaiwai.com&hasFloat=0&token=436475c81b51e6893c740657870f86b7&language=en&debug=1&debugDataPath=https://raw.githubusercontent.com/jygameclub/testdataapi/main/mahjong1date/0525_0842&debugStart=739,https://raw.githubusercontent.com/jygameclub/testdataapi/main/mahjong1date/0525_0842/739.json,https://raw.githubusercontent.com/jygameclub/testdataapi/main/mahjong1date/0525_0842,未中奖,0.00,0.00,1,0,0,0,0,0,0,否,否,否,0,0,703721,703721,6731779695286984,9465824.0,9465784.0,
普通空转,742.json,742,0,,https://fish-games.s3.amazonaws.com/MahjongWays1/index.html?env=ceshislot.osshaiwai.com&hasFloat=0&token=436475c81b51e6893c740657870f86b7&language=en&debug=1&debugDataPath=https://raw.githubusercontent.com/jygameclub/testdataapi/main/mahjong1date/0525_0842&debugStart=742,https://raw.githubusercontent.com/jygameclub/testdataapi/main/mahjong1date/0525_0842/742.json,https://raw.githubusercontent.com/jygameclub/testdataapi/main/mahjong1date/0525_0842,未中奖,0.00,0.00,1,0,0,0,0,0,0,否,否,否,0,0,703735,703735,4721779695298351,9466018.0,9465978.0,
普通空转,744.json,744,0,,https://fish-games.s3.amazonaws.com/MahjongWays1/index.html?env=ceshislot.osshaiwai.com&hasFloat=0&token=436475c81b51e6893c740657870f86b7&language=en&debug=1&debugDataPath=https://raw.githubusercontent.com/jygameclub/testdataapi/main/mahjong1date/0525_0842&debugStart=744,https://raw.githubusercontent.com/jygameclub/testdataapi/main/mahjong1date/0525_0842/744.json,https://raw.githubusercontent.com/jygameclub/testdataapi/main/mahjong1date/0525_0842,未中奖,0.00,0.00,1,0,0,0,0,0,0,否,否,否,0,1,703741,703741,4081779695304934,9466178.0,9466138.0,
普通空转,745.json,745,0,,https://fish-games.s3.amazonaws.com/MahjongWays1/index.html?env=ceshislot.osshaiwai.com&hasFloat=0&token=436475c81b51e6893c740657870f86b7&language=en&debug=1&debugDataPath=https://raw.githubusercontent.com/jygameclub/testdataapi/main/mahjong1date/0525_0842&debugStart=745,https://raw.githubusercontent.com/jygameclub/testdataapi/main/mahjong1date/0525_0842/745.json,https://raw.githubusercontent.com/jygameclub/testdataapi/main/mahjong1date/0525_0842,未中奖,0.00,0.00,1,0,0,0,0,0,0,否,否,否,0,0,703743,703743,5971779695306334,9466138.0,9466098.0,
普通空转,746.json,746,0,,https://fish-games.s3.amazonaws.com/MahjongWays1/index.html?env=ceshislot.osshaiwai.com&hasFloat=0&token=436475c81b51e6893c740657870f86b7&language=en&debug=1&debugDataPath=https://raw.githubusercontent.com/jygameclub/testdataapi/main/mahjong1date/0525_0842&debugStart=746,https://raw.githubusercontent.com/jygameclub/testdataapi/main/mahjong1date/0525_0842/746.json,https://raw.githubusercontent.com/jygameclub/testdataapi/main/mahjong1date/0525_0842,未中奖,0.00,0.00,1,0,0,0,0,0,0,否,否,否,0,2,703744,703744,2951779695307134,9466098.0,9466058.0,
普通空转,750.json,750,0,,https://fish-games.s3.amazonaws.com/MahjongWays1/index.html?env=ceshislot.osshaiwai.com&hasFloat=0&token=436475c81b51e6893c740657870f86b7&language=en&debug=1&debugDataPath=https://raw.githubusercontent.com/jygameclub/testdataapi/main/mahjong1date/0525_0842&debugStart=750,https://raw.githubusercontent.com/jygameclub/testdataapi/main/mahjong1date/0525_0842/750.json,https://raw.githubusercontent.com/jygameclub/testdataapi/main/mahjong1date/0525_0842,未中奖,0.00,0.00,1,0,0,0,0,0,0,否,否,否,0,0,703760,703760,7201779695320883,9466470.0,9466430.0,
普通空转,751.json,751,0,,https://fish-games.s3.amazonaws.com/MahjongWays1/index.html?env=ceshislot.osshaiwai.com&hasFloat=0&token=436475c81b51e6893c740657870f86b7&language=en&debug=1&debugDataPath=https://raw.githubusercontent.com/jygameclub/testdataapi/main/mahjong1date/0525_0842&debugStart=751,https://raw.githubusercontent.com/jygameclub/testdataapi/main/mahjong1date/0525_0842/751.json,https://raw.githubusercontent.com/jygameclub/testdataapi/main/mahjong1date/0525_0842,未中奖,0.00,0.00,1,0,0,0,0,0,0,否,否,否,0,0,703761,703761,7591779695321683,9466430.0,9466390.0,
普通空转,752.json,752,0,,https://fish-games.s3.amazonaws.com/MahjongWays1/index.html?env=ceshislot.osshaiwai.com&hasFloat=0&token=436475c81b51e6893c740657870f86b7&language=en&debug=1&debugDataPath=https://raw.githubusercontent.com/jygameclub/testdataapi/main/mahjong1date/0525_0842&debugStart=752,https://raw.githubusercontent.com/jygameclub/testdataapi/main/mahjong1date/0525_0842/752.json,https://raw.githubusercontent.com/jygameclub/testdataapi/main/mahjong1date/0525_0842,未中奖,0.00,0.00,1,0,0,0,0,0,0,否,否,否,0,1,703763,703763,2821779695322468,9466390.0,9466350.0,
普通空转,753.json,753,0,,https://fish-games.s3.amazonaws.com/MahjongWays1/index.html?env=ceshislot.osshaiwai.com&hasFloat=0&token=436475c81b51e6893c740657870f86b7&language=en&debug=1&debugDataPath=https://raw.githubusercontent.com/jygameclub/testdataapi/main/mahjong1date/0525_0842&debugStart=753,https://raw.githubusercontent.com/jygameclub/testdataapi/main/mahjong1date/0525_0842/753.json,https://raw.githubusercontent.com/jygameclub/testdataapi/main/mahjong1date/0525_0842,未中奖,0.00,0.00,1,0,0,0,0,0,0,否,否,否,0,0,703765,703765,6351779695323950,9466350.0,9466310.0,
普通空转,754.json,754,0,,https://fish-games.s3.amazonaws.com/MahjongWays1/index.html?env=ceshislot.osshaiwai.com&hasFloat=0&token=436475c81b51e6893c740657870f86b7&language=en&debug=1&debugDataPath=https://raw.githubusercontent.com/jygameclub/testdataapi/main/mahjong1date/0525_0842&debugStart=754,https://raw.githubusercontent.com/jygameclub/testdataapi/main/mahjong1date/0525_0842/754.json,https://raw.githubusercontent.com/jygameclub/testdataapi/main/mahjong1date/0525_0842,未中奖,0.00,0.00,1,0,0,0,0,0,0,否,否,否,0,0,703766,703766,9001779695324734,9466310.0,9466270.0,
普通空转,755.json,755,0,,https://fish-games.s3.amazonaws.com/MahjongWays1/index.html?env=ceshislot.osshaiwai.com&hasFloat=0&token=436475c81b51e6893c740657870f86b7&language=en&debug=1&debugDataPath=https://raw.githubusercontent.com/jygameclub/testdataapi/main/mahjong1date/0525_0842&debugStart=755,https://raw.githubusercontent.com/jygameclub/testdataapi/main/mahjong1date/0525_0842/755.json,https://raw.githubusercontent.com/jygameclub/testdataapi/main/mahjong1date/0525_0842,未中奖,0.00,0.00,1,0,0,0,0,0,0,否,否,否,0,0,703767,703767,6301779695325518,9466270.0,9466230.0,
普通空转,756.json,756,0,,https://fish-games.s3.amazonaws.com/MahjongWays1/index.html?env=ceshislot.osshaiwai.com&hasFloat=0&token=436475c81b51e6893c740657870f86b7&language=en&debug=1&debugDataPath=https://raw.githubusercontent.com/jygameclub/testdataapi/main/mahjong1date/0525_0842&debugStart=756,https://raw.githubusercontent.com/jygameclub/testdataapi/main/mahjong1date/0525_0842/756.json,https://raw.githubusercontent.com/jygameclub/testdataapi/main/mahjong1date/0525_0842,未中奖,0.00,0.00,1,0,0,0,0,0,0,否,否,否,0,0,703768,703768,1611779695326300,9466230.0,9466190.0,
普通空转,757.json,757,0,,https://fish-games.s3.amazonaws.com/MahjongWays1/index.html?env=ceshislot.osshaiwai.com&hasFloat=0&token=436475c81b51e6893c740657870f86b7&language=en&debug=1&debugDataPath=https://raw.githubusercontent.com/jygameclub/testdataapi/main/mahjong1date/0525_0842&debugStart=757,https://raw.githubusercontent.com/jygameclub/testdataapi/main/mahjong1date/0525_0842/757.json,https://raw.githubusercontent.com/jygameclub/testdataapi/main/mahjong1date/0525_0842,未中奖,0.00,0.00,1,0,0,0,0,0,0,否,否,否,0,1,703769,703769,6951779695327085,9466190.0,9466150.0,
普通空转,758.json,758,0,,https://fish-games.s3.amazonaws.com/MahjongWays1/index.html?env=ceshislot.osshaiwai.com&hasFloat=0&token=436475c81b51e6893c740657870f86b7&language=en&debug=1&debugDataPath=https://raw.githubusercontent.com/jygameclub/testdataapi/main/mahjong1date/0525_0842&debugStart=758,https://raw.githubusercontent.com/jygameclub/testdataapi/main/mahjong1date/0525_0842/758.json,https://raw.githubusercontent.com/jygameclub/testdataapi/main/mahjong1date/0525_0842,未中奖,0.00,0.00,1,0,0,0,0,0,0,否,否,否,0,0,703772,703772,4771779695328551,9466150.0,9466110.0,
普通空转,759.json,759,0,,https://fish-games.s3.amazonaws.com/MahjongWays1/index.html?env=ceshislot.osshaiwai.com&hasFloat=0&token=436475c81b51e6893c740657870f86b7&language=en&debug=1&debugDataPath=https://raw.githubusercontent.com/jygameclub/testdataapi/main/mahjong1date/0525_0842&debugStart=759,https://raw.githubusercontent.com/jygameclub/testdataapi/main/mahjong1date/0525_0842/759.json,https://raw.githubusercontent.com/jygameclub/testdataapi/main/mahjong1date/0525_0842,未中奖,0.00,0.00,1,0,0,0,0,0,0,否,否,否,0,0,703773,703773,7231779695329351,9466110.0,9466070.0,
普通空转,760.json,760,0,,https://fish-games.s3.amazonaws.com/MahjongWays1/index.html?env=ceshislot.osshaiwai.com&hasFloat=0&token=436475c81b51e6893c740657870f86b7&language=en&debug=1&debugDataPath=https://raw.githubusercontent.com/jygameclub/testdataapi/main/mahjong1date/0525_0842&debugStart=760,https://raw.githubusercontent.com/jygameclub/testdataapi/main/mahjong1date/0525_0842/760.json,https://raw.githubusercontent.com/jygameclub/testdataapi/main/mahjong1date/0525_0842,未中奖,0.00,0.00,1,0,0,0,0,0,0,否,否,否,0,1,703774,703774,9351779695330133,9466070.0,9466030.0,
普通空转,761.json,761,0,,https://fish-games.s3.amazonaws.com/MahjongWays1/index.html?env=ceshislot.osshaiwai.com&hasFloat=0&token=436475c81b51e6893c740657870f86b7&language=en&debug=1&debugDataPath=https://raw.githubusercontent.com/jygameclub/testdataapi/main/mahjong1date/0525_0842&debugStart=761,https://raw.githubusercontent.com/jygameclub/testdataapi/main/mahjong1date/0525_0842/761.json,https://raw.githubusercontent.com/jygameclub/testdataapi/main/mahjong1date/0525_0842,未中奖,0.00,0.00,1,0,0,0,0,0,0,否,否,否,0,0,703777,703777,2841779695331533,9466030.0,9465990.0,
普通空转,762.json,762,0,,https://fish-games.s3.amazonaws.com/MahjongWays1/index.html?env=ceshislot.osshaiwai.com&hasFloat=0&token=436475c81b51e6893c740657870f86b7&language=en&debug=1&debugDataPath=https://raw.githubusercontent.com/jygameclub/testdataapi/main/mahjong1date/0525_0842&debugStart=762,https://raw.githubusercontent.com/jygameclub/testdataapi/main/mahjong1date/0525_0842/762.json,https://raw.githubusercontent.com/jygameclub/testdataapi/main/mahjong1date/0525_0842,未中奖,0.00,0.00,1,0,0,0,0,0,0,否,否,否,0,1,703778,703778,9671779695332316,9465990.0,9465950.0,
普通空转,763.json,763,0,,https://fish-games.s3.amazonaws.com/MahjongWays1/index.html?env=ceshislot.osshaiwai.com&hasFloat=0&token=436475c81b51e6893c740657870f86b7&language=en&debug=1&debugDataPath=https://raw.githubusercontent.com/jygameclub/testdataapi/main/mahjong1date/0525_0842&debugStart=763,https://raw.githubusercontent.com/jygameclub/testdataapi/main/mahjong1date/0525_0842/763.json,https://raw.githubusercontent.com/jygameclub/testdataapi/main/mahjong1date/0525_0842,未中奖,0.00,0.00,1,0,0,0,0,0,0,否,否,否,0,2,703780,703780,8011779695333735,9465950.0,9465910.0,
普通空转,764.json,764,0,,https://fish-games.s3.amazonaws.com/MahjongWays1/index.html?env=ceshislot.osshaiwai.com&hasFloat=0&token=436475c81b51e6893c740657870f86b7&language=en&debug=1&debugDataPath=https://raw.githubusercontent.com/jygameclub/testdataapi/main/mahjong1date/0525_0842&debugStart=764,https://raw.githubusercontent.com/jygameclub/testdataapi/main/mahjong1date/0525_0842/764.json,https://raw.githubusercontent.com/jygameclub/testdataapi/main/mahjong1date/0525_0842,未中奖,0.00,0.00,1,0,0,0,0,0,0,否,否,否,0,0,703782,703782,2681779695335234,9465910.0,9465870.0,
普通空转,765.json,765,0,,https://fish-games.s3.amazonaws.com/MahjongWays1/index.html?env=ceshislot.osshaiwai.com&hasFloat=0&token=436475c81b51e6893c740657870f86b7&language=en&debug=1&debugDataPath=https://raw.githubusercontent.com/jygameclub/testdataapi/main/mahjong1date/0525_0842&debugStart=765,https://raw.githubusercontent.com/jygameclub/testdataapi/main/mahjong1date/0525_0842/765.json,https://raw.githubusercontent.com/jygameclub/testdataapi/main/mahjong1date/0525_0842,未中奖,0.00,0.00,1,0,0,0,0,0,0,否,否,否,0,0,703783,703783,5361779695336101,9465870.0,9465830.0,
普通空转,766.json,766,0,,https://fish-games.s3.amazonaws.com/MahjongWays1/index.html?env=ceshislot.osshaiwai.com&hasFloat=0&token=436475c81b51e6893c740657870f86b7&language=en&debug=1&debugDataPath=https://raw.githubusercontent.com/jygameclub/testdataapi/main/mahjong1date/0525_0842&debugStart=766,https://raw.githubusercontent.com/jygameclub/testdataapi/main/mahjong1date/0525_0842/766.json,https://raw.githubusercontent.com/jygameclub/testdataapi/main/mahjong1date/0525_0842,未中奖,0.00,0.00,1,0,0,0,0,0,0,否,否,否,0,0,703784,703784,8421779695336883,9465830.0,9465790.0,
普通空转,767.json,767,0,,https://fish-games.s3.amazonaws.com/MahjongWays1/index.html?env=ceshislot.osshaiwai.com&hasFloat=0&token=436475c81b51e6893c740657870f86b7&language=en&debug=1&debugDataPath=https://raw.githubusercontent.com/jygameclub/testdataapi/main/mahjong1date/0525_0842&debugStart=767,https://raw.githubusercontent.com/jygameclub/testdataapi/main/mahjong1date/0525_0842/767.json,https://raw.githubusercontent.com/jygameclub/testdataapi/main/mahjong1date/0525_0842,未中奖,0.00,0.00,1,0,0,0,0,0,0,否,否,否,0,0,703785,703785,7721779695337667,9465790.0,9465750.0,
普通空转,769.json,769,0,,https://fish-games.s3.amazonaws.com/MahjongWays1/index.html?env=ceshislot.osshaiwai.com&hasFloat=0&token=436475c81b51e6893c740657870f86b7&language=en&debug=1&debugDataPath=https://raw.githubusercontent.com/jygameclub/testdataapi/main/mahjong1date/0525_0842&debugStart=769,https://raw.githubusercontent.com/jygameclub/testdataapi/main/mahjong1date/0525_0842/769.json,https://raw.githubusercontent.com/jygameclub/testdataapi/main/mahjong1date/0525_0842,未中奖,0.00,0.00,1,0,0,0,0,0,0,否,否,否,0,0,703790,703790,3211779695342283,9465730.0,9465690.0,
普通空转,771.json,771,0,,https://fish-games.s3.amazonaws.com/MahjongWays1/index.html?env=ceshislot.osshaiwai.com&hasFloat=0&token=436475c81b51e6893c740657870f86b7&language=en&debug=1&debugDataPath=https://raw.githubusercontent.com/jygameclub/testdataapi/main/mahjong1date/0525_0842&debugStart=771,https://raw.githubusercontent.com/jygameclub/testdataapi/main/mahjong1date/0525_0842/771.json,https://raw.githubusercontent.com/jygameclub/testdataapi/main/mahjong1date/0525_0842,未中奖,0.00,0.00,1,0,0,0,0,0,0,否,否,否,0,0,703796,703796,8971779695349918,9465798.0,9465758.0,
普通空转,772.json,772,0,,https://fish-games.s3.amazonaws.com/MahjongWays1/index.html?env=ceshislot.osshaiwai.com&hasFloat=0&token=436475c81b51e6893c740657870f86b7&language=en&debug=1&debugDataPath=https://raw.githubusercontent.com/jygameclub/testdataapi/main/mahjong1date/0525_0842&debugStart=772,https://raw.githubusercontent.com/jygameclub/testdataapi/main/mahjong1date/0525_0842/772.json,https://raw.githubusercontent.com/jygameclub/testdataapi/main/mahjong1date/0525_0842,未中奖,0.00,0.00,1,0,0,0,0,0,0,否,否,否,0,0,703798,703798,2361779695350701,9465758.0,9465718.0,
普通空转,775.json,775,0,,https://fish-games.s3.amazonaws.com/MahjongWays1/index.html?env=ceshislot.osshaiwai.com&hasFloat=0&token=436475c81b51e6893c740657870f86b7&language=en&debug=1&debugDataPath=https://raw.githubusercontent.com/jygameclub/testdataapi/main/mahjong1date/0525_0842&debugStart=775,https://raw.githubusercontent.com/jygameclub/testdataapi/main/mahjong1date/0525_0842/775.json,https://raw.githubusercontent.com/jygameclub/testdataapi/main/mahjong1date/0525_0842,未中奖,0.00,0.00,1,0,0,0,0,0,0,否,否,否,0,0,703810,703810,7021779695359884,9465702.0,9465662.0,
普通空转,776.json,776,0,,https://fish-games.s3.amazonaws.com/MahjongWays1/index.html?env=ceshislot.osshaiwai.com&hasFloat=0&token=436475c81b51e6893c740657870f86b7&language=en&debug=1&debugDataPath=https://raw.githubusercontent.com/jygameclub/testdataapi/main/mahjong1date/0525_0842&debugStart=776,https://raw.githubusercontent.com/jygameclub/testdataapi/main/mahjong1date/0525_0842/776.json,https://raw.githubusercontent.com/jygameclub/testdataapi/main/mahjong1date/0525_0842,未中奖,0.00,0.00,1,0,0,0,0,0,0,否,否,否,0,1,703813,703813,6681779695360667,9465662.0,9465622.0,
普通空转,777.json,777,0,,https://fish-games.s3.amazonaws.com/MahjongWays1/index.html?env=ceshislot.osshaiwai.com&hasFloat=0&token=436475c81b51e6893c740657870f86b7&language=en&debug=1&debugDataPath=https://raw.githubusercontent.com/jygameclub/testdataapi/main/mahjong1date/0525_0842&debugStart=777,https://raw.githubusercontent.com/jygameclub/testdataapi/main/mahjong1date/0525_0842/777.json,https://raw.githubusercontent.com/jygameclub/testdataapi/main/mahjong1date/0525_0842,未中奖,0.00,0.00,1,0,0,0,0,0,0,否,否,否,0,2,703815,703815,4261779695362084,9465622.0,9465582.0,
普通空转,778.json,778,0,,https://fish-games.s3.amazonaws.com/MahjongWays1/index.html?env=ceshislot.osshaiwai.com&hasFloat=0&token=436475c81b51e6893c740657870f86b7&language=en&debug=1&debugDataPath=https://raw.githubusercontent.com/jygameclub/testdataapi/main/mahjong1date/0525_0842&debugStart=778,https://raw.githubusercontent.com/jygameclub/testdataapi/main/mahjong1date/0525_0842/778.json,https://raw.githubusercontent.com/jygameclub/testdataapi/main/mahjong1date/0525_0842,未中奖,0.00,0.00,1,0,0,0,0,0,0,否,否,否,0,0,703818,703818,1481779695363599,9465582.0,9465542.0,
普通空转,780.json,780,0,,https://fish-games.s3.amazonaws.com/MahjongWays1/index.html?env=ceshislot.osshaiwai.com&hasFloat=0&token=436475c81b51e6893c740657870f86b7&language=en&debug=1&debugDataPath=https://raw.githubusercontent.com/jygameclub/testdataapi/main/mahjong1date/0525_0842&debugStart=780,https://raw.githubusercontent.com/jygameclub/testdataapi/main/mahjong1date/0525_0842/780.json,https://raw.githubusercontent.com/jygameclub/testdataapi/main/mahjong1date/0525_0842,未中奖,0.00,0.00,1,0,0,0,0,0,0,否,否,否,0,0,703825,703825,6651779695367068,9465542.0,9465502.0,
普通空转,781.json,781,0,,https://fish-games.s3.amazonaws.com/MahjongWays1/index.html?env=ceshislot.osshaiwai.com&hasFloat=0&token=436475c81b51e6893c740657870f86b7&language=en&debug=1&debugDataPath=https://raw.githubusercontent.com/jygameclub/testdataapi/main/mahjong1date/0525_0842&debugStart=781,https://raw.githubusercontent.com/jygameclub/testdataapi/main/mahjong1date/0525_0842/781.json,https://raw.githubusercontent.com/jygameclub/testdataapi/main/mahjong1date/0525_0842,未中奖,0.00,0.00,1,0,0,0,0,0,0,否,否,否,0,0,703827,703827,6011779695367850,9465502.0,9465462.0,
普通空转,782.json,782,0,,https://fish-games.s3.amazonaws.com/MahjongWays1/index.html?env=ceshislot.osshaiwai.com&hasFloat=0&token=436475c81b51e6893c740657870f86b7&language=en&debug=1&debugDataPath=https://raw.githubusercontent.com/jygameclub/testdataapi/main/mahjong1date/0525_0842&debugStart=782,https://raw.githubusercontent.com/jygameclub/testdataapi/main/mahjong1date/0525_0842/782.json,https://raw.githubusercontent.com/jygameclub/testdataapi/main/mahjong1date/0525_0842,未中奖,0.00,0.00,1,0,0,0,0,0,0,否,否,否,0,0,703829,703829,8841779695368650,9465462.0,9465422.0,
普通空转,783.json,783,0,,https://fish-games.s3.amazonaws.com/MahjongWays1/index.html?env=ceshislot.osshaiwai.com&hasFloat=0&token=436475c81b51e6893c740657870f86b7&language=en&debug=1&debugDataPath=https://raw.githubusercontent.com/jygameclub/testdataapi/main/mahjong1date/0525_0842&debugStart=783,https://raw.githubusercontent.com/jygameclub/testdataapi/main/mahjong1date/0525_0842/783.json,https://raw.githubusercontent.com/jygameclub/testdataapi/main/mahjong1date/0525_0842,未中奖,0.00,0.00,1,0,0,0,0,0,0,否,否,否,0,1,703830,703830,9741779695369450,9465422.0,9465382.0,
普通空转,785.json,785,0,,https://fish-games.s3.amazonaws.com/MahjongWays1/index.html?env=ceshislot.osshaiwai.com&hasFloat=0&token=436475c81b51e6893c740657870f86b7&language=en&debug=1&debugDataPath=https://raw.githubusercontent.com/jygameclub/testdataapi/main/mahjong1date/0525_0842&debugStart=785,https://raw.githubusercontent.com/jygameclub/testdataapi/main/mahjong1date/0525_0842/785.json,https://raw.githubusercontent.com/jygameclub/testdataapi/main/mahjong1date/0525_0842,未中奖,0.00,0.00,1,0,0,0,0,0,0,否,否,否,0,1,703835,703835,2571779695374533,9465350.0,9465310.0,
普通空转,789.json,789,0,,https://fish-games.s3.amazonaws.com/MahjongWays1/index.html?env=ceshislot.osshaiwai.com&hasFloat=0&token=436475c81b51e6893c740657870f86b7&language=en&debug=1&debugDataPath=https://raw.githubusercontent.com/jygameclub/testdataapi/main/mahjong1date/0525_0842&debugStart=789,https://raw.githubusercontent.com/jygameclub/testdataapi/main/mahjong1date/0525_0842/789.json,https://raw.githubusercontent.com/jygameclub/testdataapi/main/mahjong1date/0525_0842,未中奖,0.00,0.00,1,0,0,0,0,0,0,否,否,否,0,1,703848,703848,4561779695385049,9465278.0,9465238.0,
普通空转,790.json,790,0,,https://fish-games.s3.amazonaws.com/MahjongWays1/index.html?env=ceshislot.osshaiwai.com&hasFloat=0&token=436475c81b51e6893c740657870f86b7&language=en&debug=1&debugDataPath=https://raw.githubusercontent.com/jygameclub/testdataapi/main/mahjong1date/0525_0842&debugStart=790,https://raw.githubusercontent.com/jygameclub/testdataapi/main/mahjong1date/0525_0842/790.json,https://raw.githubusercontent.com/jygameclub/testdataapi/main/mahjong1date/0525_0842,未中奖,0.00,0.00,1,0,0,0,0,0,0,否,否,否,0,0,703849,703849,9391779695386467,9465238.0,9465198.0,
普通空转,793.json,793,0,,https://fish-games.s3.amazonaws.com/MahjongWays1/index.html?env=ceshislot.osshaiwai.com&hasFloat=0&token=436475c81b51e6893c740657870f86b7&language=en&debug=1&debugDataPath=https://raw.githubusercontent.com/jygameclub/testdataapi/main/mahjong1date/0525_0842&debugStart=793,https://raw.githubusercontent.com/jygameclub/testdataapi/main/mahjong1date/0525_0842/793.json,https://raw.githubusercontent.com/jygameclub/testdataapi/main/mahjong1date/0525_0842,未中奖,0.00,0.00,1,0,0,0,0,0,0,否,否,否,0,0,703858,703858,4511779695392583,9465162.0,9465122.0,
普通空转,794.json,794,0,,https://fish-games.s3.amazonaws.com/MahjongWays1/index.html?env=ceshislot.osshaiwai.com&hasFloat=0&token=436475c81b51e6893c740657870f86b7&language=en&debug=1&debugDataPath=https://raw.githubusercontent.com/jygameclub/testdataapi/main/mahjong1date/0525_0842&debugStart=794,https://raw.githubusercontent.com/jygameclub/testdataapi/main/mahjong1date/0525_0842/794.json,https://raw.githubusercontent.com/jygameclub/testdataapi/main/mahjong1date/0525_0842,未中奖,0.00,0.00,1,0,0,0,0,0,0,否,否,否,0,0,703859,703859,6191779695393385,9465122.0,9465082.0,
普通空转,795.json,795,0,,https://fish-games.s3.amazonaws.com/MahjongWays1/index.html?env=ceshislot.osshaiwai.com&hasFloat=0&token=436475c81b51e6893c740657870f86b7&language=en&debug=1&debugDataPath=https://raw.githubusercontent.com/jygameclub/testdataapi/main/mahjong1date/0525_0842&debugStart=795,https://raw.githubusercontent.com/jygameclub/testdataapi/main/mahjong1date/0525_0842/795.json,https://raw.githubusercontent.com/jygameclub/testdataapi/main/mahjong1date/0525_0842,未中奖,0.00,0.00,1,0,0,0,0,0,0,否,否,否,0,0,703860,703860,7791779695394167,9465082.0,9465042.0,
普通空转,797.json,797,0,,https://fish-games.s3.amazonaws.com/MahjongWays1/index.html?env=ceshislot.osshaiwai.com&hasFloat=0&token=436475c81b51e6893c740657870f86b7&language=en&debug=1&debugDataPath=https://raw.githubusercontent.com/jygameclub/testdataapi/main/mahjong1date/0525_0842&debugStart=797,https://raw.githubusercontent.com/jygameclub/testdataapi/main/mahjong1date/0525_0842/797.json,https://raw.githubusercontent.com/jygameclub/testdataapi/main/mahjong1date/0525_0842,未中奖,0.00,0.00,1,0,0,0,0,0,0,否,否,否,0,1,703866,703866,4911779695400834,9465182.0,9465142.0,
普通空转,798.json,798,0,,https://fish-games.s3.amazonaws.com/MahjongWays1/index.html?env=ceshislot.osshaiwai.com&hasFloat=0&token=436475c81b51e6893c740657870f86b7&language=en&debug=1&debugDataPath=https://raw.githubusercontent.com/jygameclub/testdataapi/main/mahjong1date/0525_0842&debugStart=798,https://raw.githubusercontent.com/jygameclub/testdataapi/main/mahjong1date/0525_0842/798.json,https://raw.githubusercontent.com/jygameclub/testdataapi/main/mahjong1date/0525_0842,未中奖,0.00,0.00,1,0,0,0,0,0,0,否,否,否,0,0,703868,703868,1781779695402235,9465142.0,9465102.0,
普通空转,799.json,799,0,,https://fish-games.s3.amazonaws.com/MahjongWays1/index.html?env=ceshislot.osshaiwai.com&hasFloat=0&token=436475c81b51e6893c740657870f86b7&language=en&debug=1&debugDataPath=https://raw.githubusercontent.com/jygameclub/testdataapi/main/mahjong1date/0525_0842&debugStart=799,https://raw.githubusercontent.com/jygameclub/testdataapi/main/mahjong1date/0525_0842/799.json,https://raw.githubusercontent.com/jygameclub/testdataapi/main/mahjong1date/0525_0842,未中奖,0.00,0.00,1,0,0,0,0,0,0,否,否,否,0,0,703869,703869,9041779695403034,9465102.0,9465062.0,
普通空转,801.json,801,0,,https://fish-games.s3.amazonaws.com/MahjongWays1/index.html?env=ceshislot.osshaiwai.com&hasFloat=0&token=436475c81b51e6893c740657870f86b7&language=en&debug=1&debugDataPath=https://raw.githubusercontent.com/jygameclub/testdataapi/main/mahjong1date/0525_0842&debugStart=801,https://raw.githubusercontent.com/jygameclub/testdataapi/main/mahjong1date/0525_0842/801.json,https://raw.githubusercontent.com/jygameclub/testdataapi/main/mahjong1date/0525_0842,未中奖,0.00,0.00,1,0,0,0,0,0,0,否,否,否,0,1,703875,703875,4971779695406501,9465102.0,9465062.0,
普通空转,803.json,803,0,,https://fish-games.s3.amazonaws.com/MahjongWays1/index.html?env=ceshislot.osshaiwai.com&hasFloat=0&token=436475c81b51e6893c740657870f86b7&language=en&debug=1&debugDataPath=https://raw.githubusercontent.com/jygameclub/testdataapi/main/mahjong1date/0525_0842&debugStart=803,https://raw.githubusercontent.com/jygameclub/testdataapi/main/mahjong1date/0525_0842/803.json,https://raw.githubusercontent.com/jygameclub/testdataapi/main/mahjong1date/0525_0842,未中奖,0.00,0.00,1,0,0,0,0,0,0,否,否,否,0,0,703883,703883,1881779695412633,9465054.0,9465014.0,
普通空转,804.json,804,0,,https://fish-games.s3.amazonaws.com/MahjongWays1/index.html?env=ceshislot.osshaiwai.com&hasFloat=0&token=436475c81b51e6893c740657870f86b7&language=en&debug=1&debugDataPath=https://raw.githubusercontent.com/jygameclub/testdataapi/main/mahjong1date/0525_0842&debugStart=804,https://raw.githubusercontent.com/jygameclub/testdataapi/main/mahjong1date/0525_0842/804.json,https://raw.githubusercontent.com/jygameclub/testdataapi/main/mahjong1date/0525_0842,未中奖,0.00,0.00,1,0,0,0,0,0,0,否,否,否,0,0,703884,703884,4201779695413416,9465014.0,9464974.0,
普通空转,805.json,805,0,,https://fish-games.s3.amazonaws.com/MahjongWays1/index.html?env=ceshislot.osshaiwai.com&hasFloat=0&token=436475c81b51e6893c740657870f86b7&language=en&debug=1&debugDataPath=https://raw.githubusercontent.com/jygameclub/testdataapi/main/mahjong1date/0525_0842&debugStart=805,https://raw.githubusercontent.com/jygameclub/testdataapi/main/mahjong1date/0525_0842/805.json,https://raw.githubusercontent.com/jygameclub/testdataapi/main/mahjong1date/0525_0842,未中奖,0.00,0.00,1,0,0,0,0,0,0,否,否,否,0,0,703885,703885,6591779695414216,9464974.0,9464934.0,
普通空转,806.json,806,0,,https://fish-games.s3.amazonaws.com/MahjongWays1/index.html?env=ceshislot.osshaiwai.com&hasFloat=0&token=436475c81b51e6893c740657870f86b7&language=en&debug=1&debugDataPath=https://raw.githubusercontent.com/jygameclub/testdataapi/main/mahjong1date/0525_0842&debugStart=806,https://raw.githubusercontent.com/jygameclub/testdataapi/main/mahjong1date/0525_0842/806.json,https://raw.githubusercontent.com/jygameclub/testdataapi/main/mahjong1date/0525_0842,未中奖,0.00,0.00,1,0,0,0,0,0,0,否,否,否,0,0,703887,703887,2441779695415000,9464934.0,9464894.0,
普通空转,808.json,808,0,,https://fish-games.s3.amazonaws.com/MahjongWays1/index.html?env=ceshislot.osshaiwai.com&hasFloat=0&token=436475c81b51e6893c740657870f86b7&language=en&debug=1&debugDataPath=https://raw.githubusercontent.com/jygameclub/testdataapi/main/mahjong1date/0525_0842&debugStart=808,https://raw.githubusercontent.com/jygameclub/testdataapi/main/mahjong1date/0525_0842/808.json,https://raw.githubusercontent.com/jygameclub/testdataapi/main/mahjong1date/0525_0842,未中奖,0.00,0.00,1,0,0,0,0,0,0,否,否,否,0,0,703892,703892,3791779695418484,9465014.0,9464974.0,
普通空转,810.json,810,0,,https://fish-games.s3.amazonaws.com/MahjongWays1/index.html?env=ceshislot.osshaiwai.com&hasFloat=0&token=436475c81b51e6893c740657870f86b7&language=en&debug=1&debugDataPath=https://raw.githubusercontent.com/jygameclub/testdataapi/main/mahjong1date/0525_0842&debugStart=810,https://raw.githubusercontent.com/jygameclub/testdataapi/main/mahjong1date/0525_0842/810.json,https://raw.githubusercontent.com/jygameclub/testdataapi/main/mahjong1date/0525_0842,未中奖,0.00,0.00,1,0,0,0,0,0,0,否,否,否,0,2,703901,703901,2951779695426117,9464970.0,9464930.0,
普通空转,811.json,811,0,,https://fish-games.s3.amazonaws.com/MahjongWays1/index.html?env=ceshislot.osshaiwai.com&hasFloat=0&token=436475c81b51e6893c740657870f86b7&language=en&debug=1&debugDataPath=https://raw.githubusercontent.com/jygameclub/testdataapi/main/mahjong1date/0525_0842&debugStart=811,https://raw.githubusercontent.com/jygameclub/testdataapi/main/mahjong1date/0525_0842/811.json,https://raw.githubusercontent.com/jygameclub/testdataapi/main/mahjong1date/0525_0842,未中奖,0.00,0.00,1,0,0,0,0,0,0,否,否,否,0,0,703903,703903,7231779695427616,9464930.0,9464890.0,
普通空转,812.json,812,0,,https://fish-games.s3.amazonaws.com/MahjongWays1/index.html?env=ceshislot.osshaiwai.com&hasFloat=0&token=436475c81b51e6893c740657870f86b7&language=en&debug=1&debugDataPath=https://raw.githubusercontent.com/jygameclub/testdataapi/main/mahjong1date/0525_0842&debugStart=812,https://raw.githubusercontent.com/jygameclub/testdataapi/main/mahjong1date/0525_0842/812.json,https://raw.githubusercontent.com/jygameclub/testdataapi/main/mahjong1date/0525_0842,未中奖,0.00,0.00,1,0,0,0,0,0,0,否,否,否,0,0,703904,703904,1741779695428400,9464890.0,9464850.0,
普通空转,813.json,813,0,,https://fish-games.s3.amazonaws.com/MahjongWays1/index.html?env=ceshislot.osshaiwai.com&hasFloat=0&token=436475c81b51e6893c740657870f86b7&language=en&debug=1&debugDataPath=https://raw.githubusercontent.com/jygameclub/testdataapi/main/mahjong1date/0525_0842&debugStart=813,https://raw.githubusercontent.com/jygameclub/testdataapi/main/mahjong1date/0525_0842/813.json,https://raw.githubusercontent.com/jygameclub/testdataapi/main/mahjong1date/0525_0842,未中奖,0.00,0.00,1,0,0,0,0,0,0,否,否,否,0,1,703906,703906,7111779695429183,9464850.0,9464810.0,
普通空转,814.json,814,0,,https://fish-games.s3.amazonaws.com/MahjongWays1/index.html?env=ceshislot.osshaiwai.com&hasFloat=0&token=436475c81b51e6893c740657870f86b7&language=en&debug=1&debugDataPath=https://raw.githubusercontent.com/jygameclub/testdataapi/main/mahjong1date/0525_0842&debugStart=814,https://raw.githubusercontent.com/jygameclub/testdataapi/main/mahjong1date/0525_0842/814.json,https://raw.githubusercontent.com/jygameclub/testdataapi/main/mahjong1date/0525_0842,未中奖,0.00,0.00,1,0,0,0,0,0,0,否,否,否,0,0,703907,703907,7641779695430584,9464810.0,9464770.0,
普通空转,815.json,815,0,,https://fish-games.s3.amazonaws.com/MahjongWays1/index.html?env=ceshislot.osshaiwai.com&hasFloat=0&token=436475c81b51e6893c740657870f86b7&language=en&debug=1&debugDataPath=https://raw.githubusercontent.com/jygameclub/testdataapi/main/mahjong1date/0525_0842&debugStart=815,https://raw.githubusercontent.com/jygameclub/testdataapi/main/mahjong1date/0525_0842/815.json,https://raw.githubusercontent.com/jygameclub/testdataapi/main/mahjong1date/0525_0842,未中奖,0.00,0.00,1,0,0,0,0,0,0,否,否,否,0,0,703909,703909,4781779695431366,9464770.0,9464730.0,
普通空转,818.json,818,0,,https://fish-games.s3.amazonaws.com/MahjongWays1/index.html?env=ceshislot.osshaiwai.com&hasFloat=0&token=436475c81b51e6893c740657870f86b7&language=en&debug=1&debugDataPath=https://raw.githubusercontent.com/jygameclub/testdataapi/main/mahjong1date/0525_0842&debugStart=818,https://raw.githubusercontent.com/jygameclub/testdataapi/main/mahjong1date/0525_0842/818.json,https://raw.githubusercontent.com/jygameclub/testdataapi/main/mahjong1date/0525_0842,未中奖,0.00,0.00,1,0,0,0,0,0,0,否,否,否,0,0,703918,703918,1511779695439517,9464698.0,9464658.0,
普通空转,819.json,819,0,,https://fish-games.s3.amazonaws.com/MahjongWays1/index.html?env=ceshislot.osshaiwai.com&hasFloat=0&token=436475c81b51e6893c740657870f86b7&language=en&debug=1&debugDataPath=https://raw.githubusercontent.com/jygameclub/testdataapi/main/mahjong1date/0525_0842&debugStart=819,https://raw.githubusercontent.com/jygameclub/testdataapi/main/mahjong1date/0525_0842/819.json,https://raw.githubusercontent.com/jygameclub/testdataapi/main/mahjong1date/0525_0842,未中奖,0.00,0.00,1,0,0,0,0,0,0,否,否,否,0,1,703920,703920,6231779695440517,9464658.0,9464618.0,
普通空转,820.json,820,0,,https://fish-games.s3.amazonaws.com/MahjongWays1/index.html?env=ceshislot.osshaiwai.com&hasFloat=0&token=436475c81b51e6893c740657870f86b7&language=en&debug=1&debugDataPath=https://raw.githubusercontent.com/jygameclub/testdataapi/main/mahjong1date/0525_0842&debugStart=820,https://raw.githubusercontent.com/jygameclub/testdataapi/main/mahjong1date/0525_0842/820.json,https://raw.githubusercontent.com/jygameclub/testdataapi/main/mahjong1date/0525_0842,未中奖,0.00,0.00,1,0,0,0,0,0,0,否,否,否,0,0,703922,703922,6741779695441932,9464618.0,9464578.0,
普通空转,821.json,821,0,,https://fish-games.s3.amazonaws.com/MahjongWays1/index.html?env=ceshislot.osshaiwai.com&hasFloat=0&token=436475c81b51e6893c740657870f86b7&language=en&debug=1&debugDataPath=https://raw.githubusercontent.com/jygameclub/testdataapi/main/mahjong1date/0525_0842&debugStart=821,https://raw.githubusercontent.com/jygameclub/testdataapi/main/mahjong1date/0525_0842/821.json,https://raw.githubusercontent.com/jygameclub/testdataapi/main/mahjong1date/0525_0842,未中奖,0.00,0.00,1,0,0,0,0,0,0,否,否,否,0,1,703923,703923,8571779695442716,9464578.0,9464538.0,
普通空转,823.json,823,0,,https://fish-games.s3.amazonaws.com/MahjongWays1/index.html?env=ceshislot.osshaiwai.com&hasFloat=0&token=436475c81b51e6893c740657870f86b7&language=en&debug=1&debugDataPath=https://raw.githubusercontent.com/jygameclub/testdataapi/main/mahjong1date/0525_0842&debugStart=823,https://raw.githubusercontent.com/jygameclub/testdataapi/main/mahjong1date/0525_0842/823.json,https://raw.githubusercontent.com/jygameclub/testdataapi/main/mahjong1date/0525_0842,未中奖,0.00,0.00,1,0,0,0,0,0,0,否,否,否,0,0,703928,703928,4171779695447783,9464514.0,9464474.0,
普通空转,824.json,824,0,,https://fish-games.s3.amazonaws.com/MahjongWays1/index.html?env=ceshislot.osshaiwai.com&hasFloat=0&token=436475c81b51e6893c740657870f86b7&language=en&debug=1&debugDataPath=https://raw.githubusercontent.com/jygameclub/testdataapi/main/mahjong1date/0525_0842&debugStart=824,https://raw.githubusercontent.com/jygameclub/testdataapi/main/mahjong1date/0525_0842/824.json,https://raw.githubusercontent.com/jygameclub/testdataapi/main/mahjong1date/0525_0842,未中奖,0.00,0.00,1,0,0,0,0,0,0,否,否,否,0,1,703930,703930,5351779695448566,9464474.0,9464434.0,
普通空转,825.json,825,0,,https://fish-games.s3.amazonaws.com/MahjongWays1/index.html?env=ceshislot.osshaiwai.com&hasFloat=0&token=436475c81b51e6893c740657870f86b7&language=en&debug=1&debugDataPath=https://raw.githubusercontent.com/jygameclub/testdataapi/main/mahjong1date/0525_0842&debugStart=825,https://raw.githubusercontent.com/jygameclub/testdataapi/main/mahjong1date/0525_0842/825.json,https://raw.githubusercontent.com/jygameclub/testdataapi/main/mahjong1date/0525_0842,未中奖,0.00,0.00,1,0,0,0,0,0,0,否,否,否,0,1,703932,703932,9361779695449966,9464434.0,9464394.0,
普通空转,826.json,826,0,,https://fish-games.s3.amazonaws.com/MahjongWays1/index.html?env=ceshislot.osshaiwai.com&hasFloat=0&token=436475c81b51e6893c740657870f86b7&language=en&debug=1&debugDataPath=https://raw.githubusercontent.com/jygameclub/testdataapi/main/mahjong1date/0525_0842&debugStart=826,https://raw.githubusercontent.com/jygameclub/testdataapi/main/mahjong1date/0525_0842/826.json,https://raw.githubusercontent.com/jygameclub/testdataapi/main/mahjong1date/0525_0842,未中奖,0.00,0.00,1,0,0,0,0,0,0,否,否,否,0,1,703934,703934,4361779695451384,9464394.0,9464354.0,
普通空转,829.json,829,0,,https://fish-games.s3.amazonaws.com/MahjongWays1/index.html?env=ceshislot.osshaiwai.com&hasFloat=0&token=436475c81b51e6893c740657870f86b7&language=en&debug=1&debugDataPath=https://raw.githubusercontent.com/jygameclub/testdataapi/main/mahjong1date/0525_0842&debugStart=829,https://raw.githubusercontent.com/jygameclub/testdataapi/main/mahjong1date/0525_0842/829.json,https://raw.githubusercontent.com/jygameclub/testdataapi/main/mahjong1date/0525_0842,未中奖,0.00,0.00,1,0,0,0,0,0,0,否,否,否,0,1,703980,703980,6941779695493183,9468512.0,9468472.0,
普通空转,830.json,830,0,,https://fish-games.s3.amazonaws.com/MahjongWays1/index.html?env=ceshislot.osshaiwai.com&hasFloat=0&token=436475c81b51e6893c740657870f86b7&language=en&debug=1&debugDataPath=https://raw.githubusercontent.com/jygameclub/testdataapi/main/mahjong1date/0525_0842&debugStart=830,https://raw.githubusercontent.com/jygameclub/testdataapi/main/mahjong1date/0525_0842/830.json,https://raw.githubusercontent.com/jygameclub/testdataapi/main/mahjong1date/0525_0842,未中奖,0.00,0.00,1,0,0,0,0,0,0,否,否,否,0,1,703983,703983,5541779695494583,9468472.0,9468432.0,
普通空转,831.json,831,0,,https://fish-games.s3.amazonaws.com/MahjongWays1/index.html?env=ceshislot.osshaiwai.com&hasFloat=0&token=436475c81b51e6893c740657870f86b7&language=en&debug=1&debugDataPath=https://raw.githubusercontent.com/jygameclub/testdataapi/main/mahjong1date/0525_0842&debugStart=831,https://raw.githubusercontent.com/jygameclub/testdataapi/main/mahjong1date/0525_0842/831.json,https://raw.githubusercontent.com/jygameclub/testdataapi/main/mahjong1date/0525_0842,未中奖,0.00,0.00,1,0,0,0,0,0,0,否,否,否,0,0,703985,703985,1761779695495999,9468432.0,9468392.0,
普通空转,832.json,832,0,,https://fish-games.s3.amazonaws.com/MahjongWays1/index.html?env=ceshislot.osshaiwai.com&hasFloat=0&token=436475c81b51e6893c740657870f86b7&language=en&debug=1&debugDataPath=https://raw.githubusercontent.com/jygameclub/testdataapi/main/mahjong1date/0525_0842&debugStart=832,https://raw.githubusercontent.com/jygameclub/testdataapi/main/mahjong1date/0525_0842/832.json,https://raw.githubusercontent.com/jygameclub/testdataapi/main/mahjong1date/0525_0842,未中奖,0.00,0.00,1,0,0,0,0,0,0,否,否,否,0,0,703986,703986,5221779695496784,9468392.0,9468352.0,
普通空转,833.json,833,0,,https://fish-games.s3.amazonaws.com/MahjongWays1/index.html?env=ceshislot.osshaiwai.com&hasFloat=0&token=436475c81b51e6893c740657870f86b7&language=en&debug=1&debugDataPath=https://raw.githubusercontent.com/jygameclub/testdataapi/main/mahjong1date/0525_0842&debugStart=833,https://raw.githubusercontent.com/jygameclub/testdataapi/main/mahjong1date/0525_0842/833.json,https://raw.githubusercontent.com/jygameclub/testdataapi/main/mahjong1date/0525_0842,未中奖,0.00,0.00,1,0,0,0,0,0,0,否,否,否,0,1,703987,703987,6241779695497566,9468352.0,9468312.0,
普通空转,834.json,834,0,,https://fish-games.s3.amazonaws.com/MahjongWays1/index.html?env=ceshislot.osshaiwai.com&hasFloat=0&token=436475c81b51e6893c740657870f86b7&language=en&debug=1&debugDataPath=https://raw.githubusercontent.com/jygameclub/testdataapi/main/mahjong1date/0525_0842&debugStart=834,https://raw.githubusercontent.com/jygameclub/testdataapi/main/mahjong1date/0525_0842/834.json,https://raw.githubusercontent.com/jygameclub/testdataapi/main/mahjong1date/0525_0842,未中奖,0.00,0.00,1,0,0,0,0,0,0,否,否,否,0,2,703990,703990,4771779695498966,9468312.0,9468272.0,
普通空转,835.json,835,0,,https://fish-games.s3.amazonaws.com/MahjongWays1/index.html?env=ceshislot.osshaiwai.com&hasFloat=0&token=436475c81b51e6893c740657870f86b7&language=en&debug=1&debugDataPath=https://raw.githubusercontent.com/jygameclub/testdataapi/main/mahjong1date/0525_0842&debugStart=835,https://raw.githubusercontent.com/jygameclub/testdataapi/main/mahjong1date/0525_0842/835.json,https://raw.githubusercontent.com/jygameclub/testdataapi/main/mahjong1date/0525_0842,未中奖,0.00,0.00,1,0,0,0,0,0,0,否,否,否,0,0,703992,703992,1871779695500500,9468272.0,9468232.0,
普通空转,836.json,836,0,,https://fish-games.s3.amazonaws.com/MahjongWays1/index.html?env=ceshislot.osshaiwai.com&hasFloat=0&token=436475c81b51e6893c740657870f86b7&language=en&debug=1&debugDataPath=https://raw.githubusercontent.com/jygameclub/testdataapi/main/mahjong1date/0525_0842&debugStart=836,https://raw.githubusercontent.com/jygameclub/testdataapi/main/mahjong1date/0525_0842/836.json,https://raw.githubusercontent.com/jygameclub/testdataapi/main/mahjong1date/0525_0842,未中奖,0.00,0.00,1,0,0,0,0,0,0,否,否,否,0,0,703994,703994,1531779695501299,9468232.0,9468192.0,
普通空转,837.json,837,0,,https://fish-games.s3.amazonaws.com/MahjongWays1/index.html?env=ceshislot.osshaiwai.com&hasFloat=0&token=436475c81b51e6893c740657870f86b7&language=en&debug=1&debugDataPath=https://raw.githubusercontent.com/jygameclub/testdataapi/main/mahjong1date/0525_0842&debugStart=837,https://raw.githubusercontent.com/jygameclub/testdataapi/main/mahjong1date/0525_0842/837.json,https://raw.githubusercontent.com/jygameclub/testdataapi/main/mahjong1date/0525_0842,未中奖,0.00,0.00,1,0,0,0,0,0,0,否,否,否,0,0,703996,703996,4161779695502099,9468192.0,9468152.0,
普通空转,838.json,838,0,,https://fish-games.s3.amazonaws.com/MahjongWays1/index.html?env=ceshislot.osshaiwai.com&hasFloat=0&token=436475c81b51e6893c740657870f86b7&language=en&debug=1&debugDataPath=https://raw.githubusercontent.com/jygameclub/testdataapi/main/mahjong1date/0525_0842&debugStart=838,https://raw.githubusercontent.com/jygameclub/testdataapi/main/mahjong1date/0525_0842/838.json,https://raw.githubusercontent.com/jygameclub/testdataapi/main/mahjong1date/0525_0842,未中奖,0.00,0.00,1,0,0,0,0,0,0,否,否,否,0,0,703998,703998,3911779695502883,9468152.0,9468112.0,
普通空转,840.json,840,0,,https://fish-games.s3.amazonaws.com/MahjongWays1/index.html?env=ceshislot.osshaiwai.com&hasFloat=0&token=436475c81b51e6893c740657870f86b7&language=en&debug=1&debugDataPath=https://raw.githubusercontent.com/jygameclub/testdataapi/main/mahjong1date/0525_0842&debugStart=840,https://raw.githubusercontent.com/jygameclub/testdataapi/main/mahjong1date/0525_0842/840.json,https://raw.githubusercontent.com/jygameclub/testdataapi/main/mahjong1date/0525_0842,未中奖,0.00,0.00,1,0,0,0,0,0,0,否,否,否,0,1,704005,704005,8271779695507483,9468076.0,9468036.0,
普通空转,841.json,841,0,,https://fish-games.s3.amazonaws.com/MahjongWays1/index.html?env=ceshislot.osshaiwai.com&hasFloat=0&token=436475c81b51e6893c740657870f86b7&language=en&debug=1&debugDataPath=https://raw.githubusercontent.com/jygameclub/testdataapi/main/mahjong1date/0525_0842&debugStart=841,https://raw.githubusercontent.com/jygameclub/testdataapi/main/mahjong1date/0525_0842/841.json,https://raw.githubusercontent.com/jygameclub/testdataapi/main/mahjong1date/0525_0842,未中奖,0.00,0.00,1,0,0,0,0,0,0,否,否,否,0,1,704007,704007,3421779695508883,9468036.0,9467996.0,
普通空转,843.json,843,0,,https://fish-games.s3.amazonaws.com/MahjongWays1/index.html?env=ceshislot.osshaiwai.com&hasFloat=0&token=436475c81b51e6893c740657870f86b7&language=en&debug=1&debugDataPath=https://raw.githubusercontent.com/jygameclub/testdataapi/main/mahjong1date/0525_0842&debugStart=843,https://raw.githubusercontent.com/jygameclub/testdataapi/main/mahjong1date/0525_0842/843.json,https://raw.githubusercontent.com/jygameclub/testdataapi/main/mahjong1date/0525_0842,未中奖,0.00,0.00,1,0,0,0,0,0,0,否,否,否,0,0,704020,704020,3581779695516051,9467984.0,9467944.0,
普通空转,844.json,844,0,,https://fish-games.s3.amazonaws.com/MahjongWays1/index.html?env=ceshislot.osshaiwai.com&hasFloat=0&token=436475c81b51e6893c740657870f86b7&language=en&debug=1&debugDataPath=https://raw.githubusercontent.com/jygameclub/testdataapi/main/mahjong1date/0525_0842&debugStart=844,https://raw.githubusercontent.com/jygameclub/testdataapi/main/mahjong1date/0525_0842/844.json,https://raw.githubusercontent.com/jygameclub/testdataapi/main/mahjong1date/0525_0842,未中奖,0.00,0.00,1,0,0,0,0,0,0,否,否,否,0,1,704021,704021,1571779695516849,9467944.0,9467904.0,
普通空转,845.json,845,0,,https://fish-games.s3.amazonaws.com/MahjongWays1/index.html?env=ceshislot.osshaiwai.com&hasFloat=0&token=436475c81b51e6893c740657870f86b7&language=en&debug=1&debugDataPath=https://raw.githubusercontent.com/jygameclub/testdataapi/main/mahjong1date/0525_0842&debugStart=845,https://raw.githubusercontent.com/jygameclub/testdataapi/main/mahjong1date/0525_0842/845.json,https://raw.githubusercontent.com/jygameclub/testdataapi/main/mahjong1date/0525_0842,未中奖,0.00,0.00,1,0,0,0,0,0,0,否,否,否,0,0,704025,704025,8811779695518383,9467904.0,9467864.0,
普通空转,847.json,847,0,,https://fish-games.s3.amazonaws.com/MahjongWays1/index.html?env=ceshislot.osshaiwai.com&hasFloat=0&token=436475c81b51e6893c740657870f86b7&language=en&debug=1&debugDataPath=https://raw.githubusercontent.com/jygameclub/testdataapi/main/mahjong1date/0525_0842&debugStart=847,https://raw.githubusercontent.com/jygameclub/testdataapi/main/mahjong1date/0525_0842/847.json,https://raw.githubusercontent.com/jygameclub/testdataapi/main/mahjong1date/0525_0842,未中奖,0.00,0.00,1,0,0,0,0,0,0,否,否,否,0,0,704032,704032,4001779695521833,9467832.0,9467792.0,
普通空转,848.json,848,0,,https://fish-games.s3.amazonaws.com/MahjongWays1/index.html?env=ceshislot.osshaiwai.com&hasFloat=0&token=436475c81b51e6893c740657870f86b7&language=en&debug=1&debugDataPath=https://raw.githubusercontent.com/jygameclub/testdataapi/main/mahjong1date/0525_0842&debugStart=848,https://raw.githubusercontent.com/jygameclub/testdataapi/main/mahjong1date/0525_0842/848.json,https://raw.githubusercontent.com/jygameclub/testdataapi/main/mahjong1date/0525_0842,未中奖,0.00,0.00,1,0,0,0,0,0,0,否,否,否,0,1,704033,704033,4981779695522616,9467792.0,9467752.0,
普通空转,849.json,849,0,,https://fish-games.s3.amazonaws.com/MahjongWays1/index.html?env=ceshislot.osshaiwai.com&hasFloat=0&token=436475c81b51e6893c740657870f86b7&language=en&debug=1&debugDataPath=https://raw.githubusercontent.com/jygameclub/testdataapi/main/mahjong1date/0525_0842&debugStart=849,https://raw.githubusercontent.com/jygameclub/testdataapi/main/mahjong1date/0525_0842/849.json,https://raw.githubusercontent.com/jygameclub/testdataapi/main/mahjong1date/0525_0842,未中奖,0.00,0.00,1,0,0,0,0,0,0,否,否,否,0,0,704036,704036,1201779695524016,9467752.0,9467712.0,
普通空转,850.json,850,0,,https://fish-games.s3.amazonaws.com/MahjongWays1/index.html?env=ceshislot.osshaiwai.com&hasFloat=0&token=436475c81b51e6893c740657870f86b7&language=en&debug=1&debugDataPath=https://raw.githubusercontent.com/jygameclub/testdataapi/main/mahjong1date/0525_0842&debugStart=850,https://raw.githubusercontent.com/jygameclub/testdataapi/main/mahjong1date/0525_0842/850.json,https://raw.githubusercontent.com/jygameclub/testdataapi/main/mahjong1date/0525_0842,未中奖,0.00,0.00,1,0,0,0,0,0,0,否,否,否,0,2,704038,704038,2191779695524799,9467712.0,9467672.0,
普通空转,851.json,851,0,,https://fish-games.s3.amazonaws.com/MahjongWays1/index.html?env=ceshislot.osshaiwai.com&hasFloat=0&token=436475c81b51e6893c740657870f86b7&language=en&debug=1&debugDataPath=https://raw.githubusercontent.com/jygameclub/testdataapi/main/mahjong1date/0525_0842&debugStart=851,https://raw.githubusercontent.com/jygameclub/testdataapi/main/mahjong1date/0525_0842/851.json,https://raw.githubusercontent.com/jygameclub/testdataapi/main/mahjong1date/0525_0842,未中奖,0.00,0.00,1,0,0,0,0,0,0,否,否,否,0,0,704040,704040,6401779695526300,9467672.0,9467632.0,
普通空转,852.json,852,0,,https://fish-games.s3.amazonaws.com/MahjongWays1/index.html?env=ceshislot.osshaiwai.com&hasFloat=0&token=436475c81b51e6893c740657870f86b7&language=en&debug=1&debugDataPath=https://raw.githubusercontent.com/jygameclub/testdataapi/main/mahjong1date/0525_0842&debugStart=852,https://raw.githubusercontent.com/jygameclub/testdataapi/main/mahjong1date/0525_0842/852.json,https://raw.githubusercontent.com/jygameclub/testdataapi/main/mahjong1date/0525_0842,未中奖,0.00,0.00,1,0,0,0,0,0,0,否,否,否,0,0,704042,704042,3131779695527084,9467632.0,9467592.0,
普通空转,855.json,855,0,,https://fish-games.s3.amazonaws.com/MahjongWays1/index.html?env=ceshislot.osshaiwai.com&hasFloat=0&token=436475c81b51e6893c740657870f86b7&language=en&debug=1&debugDataPath=https://raw.githubusercontent.com/jygameclub/testdataapi/main/mahjong1date/0525_0842&debugStart=855,https://raw.githubusercontent.com/jygameclub/testdataapi/main/mahjong1date/0525_0842/855.json,https://raw.githubusercontent.com/jygameclub/testdataapi/main/mahjong1date/0525_0842,未中奖,0.00,0.00,1,0,0,0,0,0,0,否,否,否,0,0,704056,704056,7781779695534198,9467672.0,9467632.0,
普通空转,856.json,856,0,,https://fish-games.s3.amazonaws.com/MahjongWays1/index.html?env=ceshislot.osshaiwai.com&hasFloat=0&token=436475c81b51e6893c740657870f86b7&language=en&debug=1&debugDataPath=https://raw.githubusercontent.com/jygameclub/testdataapi/main/mahjong1date/0525_0842&debugStart=856,https://raw.githubusercontent.com/jygameclub/testdataapi/main/mahjong1date/0525_0842/856.json,https://raw.githubusercontent.com/jygameclub/testdataapi/main/mahjong1date/0525_0842,未中奖,0.00,0.00,1,0,0,0,0,0,0,否,否,否,0,0,704057,704057,1251779695535050,9467632.0,9467592.0,
普通空转,857.json,857,0,,https://fish-games.s3.amazonaws.com/MahjongWays1/index.html?env=ceshislot.osshaiwai.com&hasFloat=0&token=436475c81b51e6893c740657870f86b7&language=en&debug=1&debugDataPath=https://raw.githubusercontent.com/jygameclub/testdataapi/main/mahjong1date/0525_0842&debugStart=857,https://raw.githubusercontent.com/jygameclub/testdataapi/main/mahjong1date/0525_0842/857.json,https://raw.githubusercontent.com/jygameclub/testdataapi/main/mahjong1date/0525_0842,未中奖,0.00,0.00,1,0,0,0,0,0,0,否,否,否,0,0,704060,704060,2571779695535849,9467592.0,9467552.0,
普通空转,858.json,858,0,,https://fish-games.s3.amazonaws.com/MahjongWays1/index.html?env=ceshislot.osshaiwai.com&hasFloat=0&token=436475c81b51e6893c740657870f86b7&language=en&debug=1&debugDataPath=https://raw.githubusercontent.com/jygameclub/testdataapi/main/mahjong1date/0525_0842&debugStart=858,https://raw.githubusercontent.com/jygameclub/testdataapi/main/mahjong1date/0525_0842/858.json,https://raw.githubusercontent.com/jygameclub/testdataapi/main/mahjong1date/0525_0842,未中奖,0.00,0.00,1,0,0,0,0,0,0,否,否,否,0,1,704061,704061,7481779695536633,9467552.0,9467512.0,
普通空转,859.json,859,0,,https://fish-games.s3.amazonaws.com/MahjongWays1/index.html?env=ceshislot.osshaiwai.com&hasFloat=0&token=436475c81b51e6893c740657870f86b7&language=en&debug=1&debugDataPath=https://raw.githubusercontent.com/jygameclub/testdataapi/main/mahjong1date/0525_0842&debugStart=859,https://raw.githubusercontent.com/jygameclub/testdataapi/main/mahjong1date/0525_0842/859.json,https://raw.githubusercontent.com/jygameclub/testdataapi/main/mahjong1date/0525_0842,未中奖,0.00,0.00,1,0,0,0,0,0,0,否,否,否,0,1,704063,704063,9551779695538034,9467512.0,9467472.0,
普通空转,860.json,860,0,,https://fish-games.s3.amazonaws.com/MahjongWays1/index.html?env=ceshislot.osshaiwai.com&hasFloat=0&token=436475c81b51e6893c740657870f86b7&language=en&debug=1&debugDataPath=https://raw.githubusercontent.com/jygameclub/testdataapi/main/mahjong1date/0525_0842&debugStart=860,https://raw.githubusercontent.com/jygameclub/testdataapi/main/mahjong1date/0525_0842/860.json,https://raw.githubusercontent.com/jygameclub/testdataapi/main/mahjong1date/0525_0842,未中奖,0.00,0.00,1,0,0,0,0,0,0,否,否,否,0,1,704066,704066,5401779695539434,9467472.0,9467432.0,
普通空转,861.json,861,0,,https://fish-games.s3.amazonaws.com/MahjongWays1/index.html?env=ceshislot.osshaiwai.com&hasFloat=0&token=436475c81b51e6893c740657870f86b7&language=en&debug=1&debugDataPath=https://raw.githubusercontent.com/jygameclub/testdataapi/main/mahjong1date/0525_0842&debugStart=861,https://raw.githubusercontent.com/jygameclub/testdataapi/main/mahjong1date/0525_0842/861.json,https://raw.githubusercontent.com/jygameclub/testdataapi/main/mahjong1date/0525_0842,未中奖,0.00,0.00,1,0,0,0,0,0,0,否,否,否,0,1,704069,704069,2371779695540849,9467432.0,9467392.0,
普通空转,862.json,862,0,,https://fish-games.s3.amazonaws.com/MahjongWays1/index.html?env=ceshislot.osshaiwai.com&hasFloat=0&token=436475c81b51e6893c740657870f86b7&language=en&debug=1&debugDataPath=https://raw.githubusercontent.com/jygameclub/testdataapi/main/mahjong1date/0525_0842&debugStart=862,https://raw.githubusercontent.com/jygameclub/testdataapi/main/mahjong1date/0525_0842/862.json,https://raw.githubusercontent.com/jygameclub/testdataapi/main/mahjong1date/0525_0842,未中奖,0.00,0.00,1,0,0,0,0,0,0,否,否,否,0,1,704070,704070,7871779695542250,9467392.0,9467352.0,
普通空转,864.json,864,0,,https://fish-games.s3.amazonaws.com/MahjongWays1/index.html?env=ceshislot.osshaiwai.com&hasFloat=0&token=436475c81b51e6893c740657870f86b7&language=en&debug=1&debugDataPath=https://raw.githubusercontent.com/jygameclub/testdataapi/main/mahjong1date/0525_0842&debugStart=864,https://raw.githubusercontent.com/jygameclub/testdataapi/main/mahjong1date/0525_0842/864.json,https://raw.githubusercontent.com/jygameclub/testdataapi/main/mahjong1date/0525_0842,未中奖,0.00,0.00,1,0,0,0,0,0,0,否,否,否,0,0,704080,704080,9511779695548366,9467432.0,9467392.0,
普通空转,866.json,866,0,,https://fish-games.s3.amazonaws.com/MahjongWays1/index.html?env=ceshislot.osshaiwai.com&hasFloat=0&token=436475c81b51e6893c740657870f86b7&language=en&debug=1&debugDataPath=https://raw.githubusercontent.com/jygameclub/testdataapi/main/mahjong1date/0525_0842&debugStart=866,https://raw.githubusercontent.com/jygameclub/testdataapi/main/mahjong1date/0525_0842/866.json,https://raw.githubusercontent.com/jygameclub/testdataapi/main/mahjong1date/0525_0842,未中奖,0.00,0.00,1,0,0,0,0,0,0,否,否,否,0,0,704088,704088,5931779695551816,9467372.0,9467332.0,
普通空转,868.json,868,0,,https://fish-games.s3.amazonaws.com/MahjongWays1/index.html?env=ceshislot.osshaiwai.com&hasFloat=0&token=436475c81b51e6893c740657870f86b7&language=en&debug=1&debugDataPath=https://raw.githubusercontent.com/jygameclub/testdataapi/main/mahjong1date/0525_0842&debugStart=868,https://raw.githubusercontent.com/jygameclub/testdataapi/main/mahjong1date/0525_0842/868.json,https://raw.githubusercontent.com/jygameclub/testdataapi/main/mahjong1date/0525_0842,未中奖,0.00,0.00,1,0,0,0,0,0,0,否,否,否,0,0,704095,704095,8231779695556432,9467300.0,9467260.0,
普通空转,869.json,869,0,,https://fish-games.s3.amazonaws.com/MahjongWays1/index.html?env=ceshislot.osshaiwai.com&hasFloat=0&token=436475c81b51e6893c740657870f86b7&language=en&debug=1&debugDataPath=https://raw.githubusercontent.com/jygameclub/testdataapi/main/mahjong1date/0525_0842&debugStart=869,https://raw.githubusercontent.com/jygameclub/testdataapi/main/mahjong1date/0525_0842/869.json,https://raw.githubusercontent.com/jygameclub/testdataapi/main/mahjong1date/0525_0842,未中奖,0.00,0.00,1,0,0,0,0,0,0,否,否,否,0,1,704097,704097,9161779695557232,9467260.0,9467220.0,
普通空转,870.json,870,0,,https://fish-games.s3.amazonaws.com/MahjongWays1/index.html?env=ceshislot.osshaiwai.com&hasFloat=0&token=436475c81b51e6893c740657870f86b7&language=en&debug=1&debugDataPath=https://raw.githubusercontent.com/jygameclub/testdataapi/main/mahjong1date/0525_0842&debugStart=870,https://raw.githubusercontent.com/jygameclub/testdataapi/main/mahjong1date/0525_0842/870.json,https://raw.githubusercontent.com/jygameclub/testdataapi/main/mahjong1date/0525_0842,未中奖,0.00,0.00,1,0,0,0,0,0,0,否,否,否,0,0,704099,704099,2331779695558633,9467220.0,9467180.0,
普通空转,873.json,873,0,,https://fish-games.s3.amazonaws.com/MahjongWays1/index.html?env=ceshislot.osshaiwai.com&hasFloat=0&token=436475c81b51e6893c740657870f86b7&language=en&debug=1&debugDataPath=https://raw.githubusercontent.com/jygameclub/testdataapi/main/mahjong1date/0525_0842&debugStart=873,https://raw.githubusercontent.com/jygameclub/testdataapi/main/mahjong1date/0525_0842/873.json,https://raw.githubusercontent.com/jygameclub/testdataapi/main/mahjong1date/0525_0842,未中奖,0.00,0.00,1,0,0,0,0,0,0,否,否,否,0,0,704112,704112,7831779695565783,9467112.0,9467072.0,
普通空转,875.json,875,0,,https://fish-games.s3.amazonaws.com/MahjongWays1/index.html?env=ceshislot.osshaiwai.com&hasFloat=0&token=436475c81b51e6893c740657870f86b7&language=en&debug=1&debugDataPath=https://raw.githubusercontent.com/jygameclub/testdataapi/main/mahjong1date/0525_0842&debugStart=875,https://raw.githubusercontent.com/jygameclub/testdataapi/main/mahjong1date/0525_0842/875.json,https://raw.githubusercontent.com/jygameclub/testdataapi/main/mahjong1date/0525_0842,未中奖,0.00,0.00,1,0,0,0,0,0,0,否,否,否,0,0,704119,704119,1101779695570249,9467040.0,9467000.0,
普通空转,876.json,876,0,,https://fish-games.s3.amazonaws.com/MahjongWays1/index.html?env=ceshislot.osshaiwai.com&hasFloat=0&token=436475c81b51e6893c740657870f86b7&language=en&debug=1&debugDataPath=https://raw.githubusercontent.com/jygameclub/testdataapi/main/mahjong1date/0525_0842&debugStart=876,https://raw.githubusercontent.com/jygameclub/testdataapi/main/mahjong1date/0525_0842/876.json,https://raw.githubusercontent.com/jygameclub/testdataapi/main/mahjong1date/0525_0842,未中奖,0.00,0.00,1,0,0,0,0,0,0,否,否,否,0,0,704121,704121,1141779695571032,9467000.0,9466960.0,
普通空转,877.json,877,0,,https://fish-games.s3.amazonaws.com/MahjongWays1/index.html?env=ceshislot.osshaiwai.com&hasFloat=0&token=436475c81b51e6893c740657870f86b7&language=en&debug=1&debugDataPath=https://raw.githubusercontent.com/jygameclub/testdataapi/main/mahjong1date/0525_0842&debugStart=877,https://raw.githubusercontent.com/jygameclub/testdataapi/main/mahjong1date/0525_0842/877.json,https://raw.githubusercontent.com/jygameclub/testdataapi/main/mahjong1date/0525_0842,未中奖,0.00,0.00,1,0,0,0,0,0,0,否,否,否,0,0,704123,704123,5921779695571816,9466960.0,9466920.0,
普通空转,879.json,879,0,,https://fish-games.s3.amazonaws.com/MahjongWays1/index.html?env=ceshislot.osshaiwai.com&hasFloat=0&token=436475c81b51e6893c740657870f86b7&language=en&debug=1&debugDataPath=https://raw.githubusercontent.com/jygameclub/testdataapi/main/mahjong1date/0525_0842&debugStart=879,https://raw.githubusercontent.com/jygameclub/testdataapi/main/mahjong1date/0525_0842/879.json,https://raw.githubusercontent.com/jygameclub/testdataapi/main/mahjong1date/0525_0842,未中奖,0.00,0.00,1,0,0,0,0,0,0,否,否,否,0,0,704126,704126,6441779695576266,9466920.0,9466880.0,
普通空转,880.json,880,0,,https://fish-games.s3.amazonaws.com/MahjongWays1/index.html?env=ceshislot.osshaiwai.com&hasFloat=0&token=436475c81b51e6893c740657870f86b7&language=en&debug=1&debugDataPath=https://raw.githubusercontent.com/jygameclub/testdataapi/main/mahjong1date/0525_0842&debugStart=880,https://raw.githubusercontent.com/jygameclub/testdataapi/main/mahjong1date/0525_0842/880.json,https://raw.githubusercontent.com/jygameclub/testdataapi/main/mahjong1date/0525_0842,未中奖,0.00,0.00,1,0,0,0,0,0,0,否,否,否,0,1,704127,704127,4391779695577049,9466880.0,9466840.0,
普通空转,881.json,881,0,,https://fish-games.s3.amazonaws.com/MahjongWays1/index.html?env=ceshislot.osshaiwai.com&hasFloat=0&token=436475c81b51e6893c740657870f86b7&language=en&debug=1&debugDataPath=https://raw.githubusercontent.com/jygameclub/testdataapi/main/mahjong1date/0525_0842&debugStart=881,https://raw.githubusercontent.com/jygameclub/testdataapi/main/mahjong1date/0525_0842/881.json,https://raw.githubusercontent.com/jygameclub/testdataapi/main/mahjong1date/0525_0842,未中奖,0.00,0.00,1,0,0,0,0,0,0,否,否,否,0,0,704128,704128,2671779695578450,9466840.0,9466800.0,
普通空转,882.json,882,0,,https://fish-games.s3.amazonaws.com/MahjongWays1/index.html?env=ceshislot.osshaiwai.com&hasFloat=0&token=436475c81b51e6893c740657870f86b7&language=en&debug=1&debugDataPath=https://raw.githubusercontent.com/jygameclub/testdataapi/main/mahjong1date/0525_0842&debugStart=882,https://raw.githubusercontent.com/jygameclub/testdataapi/main/mahjong1date/0525_0842/882.json,https://raw.githubusercontent.com/jygameclub/testdataapi/main/mahjong1date/0525_0842,未中奖,0.00,0.00,1,0,0,0,0,0,0,否,否,否,0,0,704129,704129,7741779695579232,9466800.0,9466760.0,
普通空转,883.json,883,0,,https://fish-games.s3.amazonaws.com/MahjongWays1/index.html?env=ceshislot.osshaiwai.com&hasFloat=0&token=436475c81b51e6893c740657870f86b7&language=en&debug=1&debugDataPath=https://raw.githubusercontent.com/jygameclub/testdataapi/main/mahjong1date/0525_0842&debugStart=883,https://raw.githubusercontent.com/jygameclub/testdataapi/main/mahjong1date/0525_0842/883.json,https://raw.githubusercontent.com/jygameclub/testdataapi/main/mahjong1date/0525_0842,未中奖,0.00,0.00,1,0,0,0,0,0,0,否,否,否,0,0,704130,704130,4531779695580016,9466760.0,9466720.0,
普通空转,884.json,884,0,,https://fish-games.s3.amazonaws.com/MahjongWays1/index.html?env=ceshislot.osshaiwai.com&hasFloat=0&token=436475c81b51e6893c740657870f86b7&language=en&debug=1&debugDataPath=https://raw.githubusercontent.com/jygameclub/testdataapi/main/mahjong1date/0525_0842&debugStart=884,https://raw.githubusercontent.com/jygameclub/testdataapi/main/mahjong1date/0525_0842/884.json,https://raw.githubusercontent.com/jygameclub/testdataapi/main/mahjong1date/0525_0842,未中奖,0.00,0.00,1,0,0,0,0,0,0,否,否,否,0,0,704131,704131,2021779695580949,9466720.0,9466680.0,
普通空转,885.json,885,0,,https://fish-games.s3.amazonaws.com/MahjongWays1/index.html?env=ceshislot.osshaiwai.com&hasFloat=0&token=436475c81b51e6893c740657870f86b7&language=en&debug=1&debugDataPath=https://raw.githubusercontent.com/jygameclub/testdataapi/main/mahjong1date/0525_0842&debugStart=885,https://raw.githubusercontent.com/jygameclub/testdataapi/main/mahjong1date/0525_0842/885.json,https://raw.githubusercontent.com/jygameclub/testdataapi/main/mahjong1date/0525_0842,未中奖,0.00,0.00,1,0,0,0,0,0,0,否,否,否,0,1,704132,704132,5731779695581732,9466680.0,9466640.0,
普通空转,887.json,887,0,,https://fish-games.s3.amazonaws.com/MahjongWays1/index.html?env=ceshislot.osshaiwai.com&hasFloat=0&token=436475c81b51e6893c740657870f86b7&language=en&debug=1&debugDataPath=https://raw.githubusercontent.com/jygameclub/testdataapi/main/mahjong1date/0525_0842&debugStart=887,https://raw.githubusercontent.com/jygameclub/testdataapi/main/mahjong1date/0525_0842/887.json,https://raw.githubusercontent.com/jygameclub/testdataapi/main/mahjong1date/0525_0842,未中奖,0.00,0.00,1,0,0,0,0,0,0,否,否,否,0,0,704138,704138,6391779695585799,9466616.0,9466576.0,
普通空转,888.json,888,0,,https://fish-games.s3.amazonaws.com/MahjongWays1/index.html?env=ceshislot.osshaiwai.com&hasFloat=0&token=436475c81b51e6893c740657870f86b7&language=en&debug=1&debugDataPath=https://raw.githubusercontent.com/jygameclub/testdataapi/main/mahjong1date/0525_0842&debugStart=888,https://raw.githubusercontent.com/jygameclub/testdataapi/main/mahjong1date/0525_0842/888.json,https://raw.githubusercontent.com/jygameclub/testdataapi/main/mahjong1date/0525_0842,未中奖,0.00,0.00,1,0,0,0,0,0,0,否,否,否,0,0,704139,704139,3881779695586583,9466576.0,9466536.0,
普通空转,890.json,890,0,,https://fish-games.s3.amazonaws.com/MahjongWays1/index.html?env=ceshislot.osshaiwai.com&hasFloat=0&token=436475c81b51e6893c740657870f86b7&language=en&debug=1&debugDataPath=https://raw.githubusercontent.com/jygameclub/testdataapi/main/mahjong1date/0525_0842&debugStart=890,https://raw.githubusercontent.com/jygameclub/testdataapi/main/mahjong1date/0525_0842/890.json,https://raw.githubusercontent.com/jygameclub/testdataapi/main/mahjong1date/0525_0842,未中奖,0.00,0.00,1,0,0,0,0,0,0,否,否,否,0,0,704145,704145,6761779695591066,9466512.0,9466472.0,
普通空转,893.json,893,0,,https://fish-games.s3.amazonaws.com/MahjongWays1/index.html?env=ceshislot.osshaiwai.com&hasFloat=0&token=436475c81b51e6893c740657870f86b7&language=en&debug=1&debugDataPath=https://raw.githubusercontent.com/jygameclub/testdataapi/main/mahjong1date/0525_0842&debugStart=893,https://raw.githubusercontent.com/jygameclub/testdataapi/main/mahjong1date/0525_0842/893.json,https://raw.githubusercontent.com/jygameclub/testdataapi/main/mahjong1date/0525_0842,未中奖,0.00,0.00,1,0,0,0,0,0,0,否,否,否,0,0,704153,704153,3061779695597199,9466428.0,9466388.0,
普通空转,895.json,895,0,,https://fish-games.s3.amazonaws.com/MahjongWays1/index.html?env=ceshislot.osshaiwai.com&hasFloat=0&token=436475c81b51e6893c740657870f86b7&language=en&debug=1&debugDataPath=https://raw.githubusercontent.com/jygameclub/testdataapi/main/mahjong1date/0525_0842&debugStart=895,https://raw.githubusercontent.com/jygameclub/testdataapi/main/mahjong1date/0525_0842/895.json,https://raw.githubusercontent.com/jygameclub/testdataapi/main/mahjong1date/0525_0842,未中奖,0.00,0.00,1,0,0,0,0,0,0,否,否,否,0,0,704159,704159,7421779695601866,9466360.0,9466320.0,
普通空转,896.json,896,0,,https://fish-games.s3.amazonaws.com/MahjongWays1/index.html?env=ceshislot.osshaiwai.com&hasFloat=0&token=436475c81b51e6893c740657870f86b7&language=en&debug=1&debugDataPath=https://raw.githubusercontent.com/jygameclub/testdataapi/main/mahjong1date/0525_0842&debugStart=896,https://raw.githubusercontent.com/jygameclub/testdataapi/main/mahjong1date/0525_0842/896.json,https://raw.githubusercontent.com/jygameclub/testdataapi/main/mahjong1date/0525_0842,未中奖,0.00,0.00,1,0,0,0,0,0,0,否,否,否,0,1,704162,704162,3001779695602667,9466320.0,9466280.0,
普通空转,897.json,897,0,,https://fish-games.s3.amazonaws.com/MahjongWays1/index.html?env=ceshislot.osshaiwai.com&hasFloat=0&token=436475c81b51e6893c740657870f86b7&language=en&debug=1&debugDataPath=https://raw.githubusercontent.com/jygameclub/testdataapi/main/mahjong1date/0525_0842&debugStart=897,https://raw.githubusercontent.com/jygameclub/testdataapi/main/mahjong1date/0525_0842/897.json,https://raw.githubusercontent.com/jygameclub/testdataapi/main/mahjong1date/0525_0842,未中奖,0.00,0.00,1,0,0,0,0,0,0,否,否,否,0,1,704163,704163,6461779695604067,9466280.0,9466240.0,
普通空转,898.json,898,0,,https://fish-games.s3.amazonaws.com/MahjongWays1/index.html?env=ceshislot.osshaiwai.com&hasFloat=0&token=436475c81b51e6893c740657870f86b7&language=en&debug=1&debugDataPath=https://raw.githubusercontent.com/jygameclub/testdataapi/main/mahjong1date/0525_0842&debugStart=898,https://raw.githubusercontent.com/jygameclub/testdataapi/main/mahjong1date/0525_0842/898.json,https://raw.githubusercontent.com/jygameclub/testdataapi/main/mahjong1date/0525_0842,未中奖,0.00,0.00,1,0,0,0,0,0,0,否,否,否,0,0,704166,704166,4291779695605466,9466240.0,9466200.0,
普通空转,899.json,899,0,,https://fish-games.s3.amazonaws.com/MahjongWays1/index.html?env=ceshislot.osshaiwai.com&hasFloat=0&token=436475c81b51e6893c740657870f86b7&language=en&debug=1&debugDataPath=https://raw.githubusercontent.com/jygameclub/testdataapi/main/mahjong1date/0525_0842&debugStart=899,https://raw.githubusercontent.com/jygameclub/testdataapi/main/mahjong1date/0525_0842/899.json,https://raw.githubusercontent.com/jygameclub/testdataapi/main/mahjong1date/0525_0842,未中奖,0.00,0.00,1,0,0,0,0,0,0,否,否,否,0,0,704167,704167,4611779695606251,9466200.0,9466160.0,
普通空转,901.json,901,0,,https://fish-games.s3.amazonaws.com/MahjongWays1/index.html?env=ceshislot.osshaiwai.com&hasFloat=0&token=436475c81b51e6893c740657870f86b7&language=en&debug=1&debugDataPath=https://raw.githubusercontent.com/jygameclub/testdataapi/main/mahjong1date/0525_0842&debugStart=901,https://raw.githubusercontent.com/jygameclub/testdataapi/main/mahjong1date/0525_0842/901.json,https://raw.githubusercontent.com/jygameclub/testdataapi/main/mahjong1date/0525_0842,未中奖,0.00,0.00,1,0,0,0,0,0,0,否,否,否,0,0,704172,704172,3631779695609682,9466160.0,9466120.0,
普通空转,902.json,902,0,,https://fish-games.s3.amazonaws.com/MahjongWays1/index.html?env=ceshislot.osshaiwai.com&hasFloat=0&token=436475c81b51e6893c740657870f86b7&language=en&debug=1&debugDataPath=https://raw.githubusercontent.com/jygameclub/testdataapi/main/mahjong1date/0525_0842&debugStart=902,https://raw.githubusercontent.com/jygameclub/testdataapi/main/mahjong1date/0525_0842/902.json,https://raw.githubusercontent.com/jygameclub/testdataapi/main/mahjong1date/0525_0842,未中奖,0.00,0.00,1,0,0,0,0,0,0,否,否,否,0,1,704173,704173,8721779695610483,9466120.0,9466080.0,
普通空转,903.json,903,0,,https://fish-games.s3.amazonaws.com/MahjongWays1/index.html?env=ceshislot.osshaiwai.com&hasFloat=0&token=436475c81b51e6893c740657870f86b7&language=en&debug=1&debugDataPath=https://raw.githubusercontent.com/jygameclub/testdataapi/main/mahjong1date/0525_0842&debugStart=903,https://raw.githubusercontent.com/jygameclub/testdataapi/main/mahjong1date/0525_0842/903.json,https://raw.githubusercontent.com/jygameclub/testdataapi/main/mahjong1date/0525_0842,未中奖,0.00,0.00,1,0,0,0,0,0,0,否,否,否,0,1,704174,704174,3371779695611883,9466080.0,9466040.0,
普通空转,904.json,904,0,,https://fish-games.s3.amazonaws.com/MahjongWays1/index.html?env=ceshislot.osshaiwai.com&hasFloat=0&token=436475c81b51e6893c740657870f86b7&language=en&debug=1&debugDataPath=https://raw.githubusercontent.com/jygameclub/testdataapi/main/mahjong1date/0525_0842&debugStart=904,https://raw.githubusercontent.com/jygameclub/testdataapi/main/mahjong1date/0525_0842/904.json,https://raw.githubusercontent.com/jygameclub/testdataapi/main/mahjong1date/0525_0842,未中奖,0.00,0.00,1,0,0,0,0,0,0,否,否,否,0,2,704176,704176,3311779695613350,9466040.0,9466000.0,
普通空转,905.json,905,0,,https://fish-games.s3.amazonaws.com/MahjongWays1/index.html?env=ceshislot.osshaiwai.com&hasFloat=0&token=436475c81b51e6893c740657870f86b7&language=en&debug=1&debugDataPath=https://raw.githubusercontent.com/jygameclub/testdataapi/main/mahjong1date/0525_0842&debugStart=905,https://raw.githubusercontent.com/jygameclub/testdataapi/main/mahjong1date/0525_0842/905.json,https://raw.githubusercontent.com/jygameclub/testdataapi/main/mahjong1date/0525_0842,未中奖,0.00,0.00,1,0,0,0,0,0,0,否,否,否,0,0,704178,704178,5621779695614984,9466000.0,9465960.0,
普通空转,906.json,906,0,,https://fish-games.s3.amazonaws.com/MahjongWays1/index.html?env=ceshislot.osshaiwai.com&hasFloat=0&token=436475c81b51e6893c740657870f86b7&language=en&debug=1&debugDataPath=https://raw.githubusercontent.com/jygameclub/testdataapi/main/mahjong1date/0525_0842&debugStart=906,https://raw.githubusercontent.com/jygameclub/testdataapi/main/mahjong1date/0525_0842/906.json,https://raw.githubusercontent.com/jygameclub/testdataapi/main/mahjong1date/0525_0842,未中奖,0.00,0.00,1,0,0,0,0,0,0,否,否,否,0,0,704179,704179,6641779695615766,9465960.0,9465920.0,
普通空转,908.json,908,0,,https://fish-games.s3.amazonaws.com/MahjongWays1/index.html?env=ceshislot.osshaiwai.com&hasFloat=0&token=436475c81b51e6893c740657870f86b7&language=en&debug=1&debugDataPath=https://raw.githubusercontent.com/jygameclub/testdataapi/main/mahjong1date/0525_0842&debugStart=908,https://raw.githubusercontent.com/jygameclub/testdataapi/main/mahjong1date/0525_0842/908.json,https://raw.githubusercontent.com/jygameclub/testdataapi/main/mahjong1date/0525_0842,未中奖,0.00,0.00,1,0,0,0,0,0,0,否,否,否,0,1,704186,704186,9121779695621300,9465928.0,9465888.0,
普通空转,909.json,909,0,,https://fish-games.s3.amazonaws.com/MahjongWays1/index.html?env=ceshislot.osshaiwai.com&hasFloat=0&token=436475c81b51e6893c740657870f86b7&language=en&debug=1&debugDataPath=https://raw.githubusercontent.com/jygameclub/testdataapi/main/mahjong1date/0525_0842&debugStart=909,https://raw.githubusercontent.com/jygameclub/testdataapi/main/mahjong1date/0525_0842/909.json,https://raw.githubusercontent.com/jygameclub/testdataapi/main/mahjong1date/0525_0842,未中奖,0.00,0.00,1,0,0,0,0,0,0,否,否,否,0,1,704187,704187,7751779695622716,9465888.0,9465848.0,
普通空转,910.json,910,0,,https://fish-games.s3.amazonaws.com/MahjongWays1/index.html?env=ceshislot.osshaiwai.com&hasFloat=0&token=436475c81b51e6893c740657870f86b7&language=en&debug=1&debugDataPath=https://raw.githubusercontent.com/jygameclub/testdataapi/main/mahjong1date/0525_0842&debugStart=910,https://raw.githubusercontent.com/jygameclub/testdataapi/main/mahjong1date/0525_0842/910.json,https://raw.githubusercontent.com/jygameclub/testdataapi/main/mahjong1date/0525_0842,未中奖,0.00,0.00,1,0,0,0,0,0,0,否,否,否,0,1,704189,704189,8561779695624116,9465848.0,9465808.0,
普通空转,911.json,911,0,,https://fish-games.s3.amazonaws.com/MahjongWays1/index.html?env=ceshislot.osshaiwai.com&hasFloat=0&token=436475c81b51e6893c740657870f86b7&language=en&debug=1&debugDataPath=https://raw.githubusercontent.com/jygameclub/testdataapi/main/mahjong1date/0525_0842&debugStart=911,https://raw.githubusercontent.com/jygameclub/testdataapi/main/mahjong1date/0525_0842/911.json,https://raw.githubusercontent.com/jygameclub/testdataapi/main/mahjong1date/0525_0842,未中奖,0.00,0.00,1,0,0,0,0,0,0,否,否,否,0,0,704192,704192,6801779695625517,9465808.0,9465768.0,
普通空转,912.json,912,0,,https://fish-games.s3.amazonaws.com/MahjongWays1/index.html?env=ceshislot.osshaiwai.com&hasFloat=0&token=436475c81b51e6893c740657870f86b7&language=en&debug=1&debugDataPath=https://raw.githubusercontent.com/jygameclub/testdataapi/main/mahjong1date/0525_0842&debugStart=912,https://raw.githubusercontent.com/jygameclub/testdataapi/main/mahjong1date/0525_0842/912.json,https://raw.githubusercontent.com/jygameclub/testdataapi/main/mahjong1date/0525_0842,未中奖,0.00,0.00,1,0,0,0,0,0,0,否,否,否,0,1,704193,704193,8651779695626301,9465768.0,9465728.0,
普通空转,913.json,913,0,,https://fish-games.s3.amazonaws.com/MahjongWays1/index.html?env=ceshislot.osshaiwai.com&hasFloat=0&token=436475c81b51e6893c740657870f86b7&language=en&debug=1&debugDataPath=https://raw.githubusercontent.com/jygameclub/testdataapi/main/mahjong1date/0525_0842&debugStart=913,https://raw.githubusercontent.com/jygameclub/testdataapi/main/mahjong1date/0525_0842/913.json,https://raw.githubusercontent.com/jygameclub/testdataapi/main/mahjong1date/0525_0842,未中奖,0.00,0.00,1,0,0,0,0,0,0,否,否,否,0,0,704195,704195,1821779695627699,9465728.0,9465688.0,
普通空转,914.json,914,0,,https://fish-games.s3.amazonaws.com/MahjongWays1/index.html?env=ceshislot.osshaiwai.com&hasFloat=0&token=436475c81b51e6893c740657870f86b7&language=en&debug=1&debugDataPath=https://raw.githubusercontent.com/jygameclub/testdataapi/main/mahjong1date/0525_0842&debugStart=914,https://raw.githubusercontent.com/jygameclub/testdataapi/main/mahjong1date/0525_0842/914.json,https://raw.githubusercontent.com/jygameclub/testdataapi/main/mahjong1date/0525_0842,未中奖,0.00,0.00,1,0,0,0,0,0,0,否,否,否,0,0,704196,704196,9711779695628481,9465688.0,9465648.0,
普通空转,916.json,916,0,,https://fish-games.s3.amazonaws.com/MahjongWays1/index.html?env=ceshislot.osshaiwai.com&hasFloat=0&token=436475c81b51e6893c740657870f86b7&language=en&debug=1&debugDataPath=https://raw.githubusercontent.com/jygameclub/testdataapi/main/mahjong1date/0525_0842&debugStart=916,https://raw.githubusercontent.com/jygameclub/testdataapi/main/mahjong1date/0525_0842/916.json,https://raw.githubusercontent.com/jygameclub/testdataapi/main/mahjong1date/0525_0842,未中奖,0.00,0.00,1,0,0,0,0,0,0,否,否,否,0,0,704201,704201,1691779695631948,9465628.0,9465588.0,
普通空转,917.json,917,0,,https://fish-games.s3.amazonaws.com/MahjongWays1/index.html?env=ceshislot.osshaiwai.com&hasFloat=0&token=436475c81b51e6893c740657870f86b7&language=en&debug=1&debugDataPath=https://raw.githubusercontent.com/jygameclub/testdataapi/main/mahjong1date/0525_0842&debugStart=917,https://raw.githubusercontent.com/jygameclub/testdataapi/main/mahjong1date/0525_0842/917.json,https://raw.githubusercontent.com/jygameclub/testdataapi/main/mahjong1date/0525_0842,未中奖,0.00,0.00,1,0,0,0,0,0,0,否,否,否,0,0,704203,704203,3251779695632750,9465588.0,9465548.0,
普通空转,919.json,919,0,,https://fish-games.s3.amazonaws.com/MahjongWays1/index.html?env=ceshislot.osshaiwai.com&hasFloat=0&token=436475c81b51e6893c740657870f86b7&language=en&debug=1&debugDataPath=https://raw.githubusercontent.com/jygameclub/testdataapi/main/mahjong1date/0525_0842&debugStart=919,https://raw.githubusercontent.com/jygameclub/testdataapi/main/mahjong1date/0525_0842/919.json,https://raw.githubusercontent.com/jygameclub/testdataapi/main/mahjong1date/0525_0842,未中奖,0.00,0.00,1,0,0,0,0,0,0,否,否,否,0,0,704208,704208,9771779695637232,9465516.0,9465476.0,
普通空转,920.json,920,0,,https://fish-games.s3.amazonaws.com/MahjongWays1/index.html?env=ceshislot.osshaiwai.com&hasFloat=0&token=436475c81b51e6893c740657870f86b7&language=en&debug=1&debugDataPath=https://raw.githubusercontent.com/jygameclub/testdataapi/main/mahjong1date/0525_0842&debugStart=920,https://raw.githubusercontent.com/jygameclub/testdataapi/main/mahjong1date/0525_0842/920.json,https://raw.githubusercontent.com/jygameclub/testdataapi/main/mahjong1date/0525_0842,未中奖,0.00,0.00,1,0,0,0,0,0,0,否,否,否,0,1,704209,704209,6161779695638032,9465476.0,9465436.0,
普通空转,921.json,921,0,,https://fish-games.s3.amazonaws.com/MahjongWays1/index.html?env=ceshislot.osshaiwai.com&hasFloat=0&token=436475c81b51e6893c740657870f86b7&language=en&debug=1&debugDataPath=https://raw.githubusercontent.com/jygameclub/testdataapi/main/mahjong1date/0525_0842&debugStart=921,https://raw.githubusercontent.com/jygameclub/testdataapi/main/mahjong1date/0525_0842/921.json,https://raw.githubusercontent.com/jygameclub/testdataapi/main/mahjong1date/0525_0842,未中奖,0.00,0.00,1,0,0,0,0,0,0,否,否,否,0,0,704212,704212,2011779695639433,9465436.0,9465396.0,
普通空转,922.json,922,0,,https://fish-games.s3.amazonaws.com/MahjongWays1/index.html?env=ceshislot.osshaiwai.com&hasFloat=0&token=436475c81b51e6893c740657870f86b7&language=en&debug=1&debugDataPath=https://raw.githubusercontent.com/jygameclub/testdataapi/main/mahjong1date/0525_0842&debugStart=922,https://raw.githubusercontent.com/jygameclub/testdataapi/main/mahjong1date/0525_0842/922.json,https://raw.githubusercontent.com/jygameclub/testdataapi/main/mahjong1date/0525_0842,未中奖,0.00,0.00,1,0,0,0,0,0,0,否,否,否,0,0,704213,704213,2971779695640232,9465396.0,9465356.0,
普通空转,923.json,923,0,,https://fish-games.s3.amazonaws.com/MahjongWays1/index.html?env=ceshislot.osshaiwai.com&hasFloat=0&token=436475c81b51e6893c740657870f86b7&language=en&debug=1&debugDataPath=https://raw.githubusercontent.com/jygameclub/testdataapi/main/mahjong1date/0525_0842&debugStart=923,https://raw.githubusercontent.com/jygameclub/testdataapi/main/mahjong1date/0525_0842/923.json,https://raw.githubusercontent.com/jygameclub/testdataapi/main/mahjong1date/0525_0842,未中奖,0.00,0.00,1,0,0,0,0,0,0,否,否,否,0,1,704214,704214,3111779695641016,9465356.0,9465316.0,
普通空转,925.json,925,0,,https://fish-games.s3.amazonaws.com/MahjongWays1/index.html?env=ceshislot.osshaiwai.com&hasFloat=0&token=436475c81b51e6893c740657870f86b7&language=en&debug=1&debugDataPath=https://raw.githubusercontent.com/jygameclub/testdataapi/main/mahjong1date/0525_0842&debugStart=925,https://raw.githubusercontent.com/jygameclub/testdataapi/main/mahjong1date/0525_0842/925.json,https://raw.githubusercontent.com/jygameclub/testdataapi/main/mahjong1date/0525_0842,未中奖,0.00,0.00,1,0,0,0,0,0,0,否,否,否,0,0,704224,704224,4281779695649317,9465356.0,9465316.0,
普通空转,927.json,927,0,,https://fish-games.s3.amazonaws.com/MahjongWays1/index.html?env=ceshislot.osshaiwai.com&hasFloat=0&token=436475c81b51e6893c740657870f86b7&language=en&debug=1&debugDataPath=https://raw.githubusercontent.com/jygameclub/testdataapi/main/mahjong1date/0525_0842&debugStart=927,https://raw.githubusercontent.com/jygameclub/testdataapi/main/mahjong1date/0525_0842/927.json,https://raw.githubusercontent.com/jygameclub/testdataapi/main/mahjong1date/0525_0842,未中奖,0.00,0.00,1,0,0,0,0,0,0,否,否,否,0,0,704228,704228,3851779695652767,9465316.0,9465276.0,
普通空转,928.json,928,0,,https://fish-games.s3.amazonaws.com/MahjongWays1/index.html?env=ceshislot.osshaiwai.com&hasFloat=0&token=436475c81b51e6893c740657870f86b7&language=en&debug=1&debugDataPath=https://raw.githubusercontent.com/jygameclub/testdataapi/main/mahjong1date/0525_0842&debugStart=928,https://raw.githubusercontent.com/jygameclub/testdataapi/main/mahjong1date/0525_0842/928.json,https://raw.githubusercontent.com/jygameclub/testdataapi/main/mahjong1date/0525_0842,未中奖,0.00,0.00,1,0,0,0,0,0,0,否,否,否,0,1,704229,704229,3311779695653550,9465276.0,9465236.0,
普通空转,929.json,929,0,,https://fish-games.s3.amazonaws.com/MahjongWays1/index.html?env=ceshislot.osshaiwai.com&hasFloat=0&token=436475c81b51e6893c740657870f86b7&language=en&debug=1&debugDataPath=https://raw.githubusercontent.com/jygameclub/testdataapi/main/mahjong1date/0525_0842&debugStart=929,https://raw.githubusercontent.com/jygameclub/testdataapi/main/mahjong1date/0525_0842/929.json,https://raw.githubusercontent.com/jygameclub/testdataapi/main/mahjong1date/0525_0842,未中奖,0.00,0.00,1,0,0,0,0,0,0,否,否,否,0,0,704230,704230,5651779695654966,9465236.0,9465196.0,
普通空转,932.json,932,0,,https://fish-games.s3.amazonaws.com/MahjongWays1/index.html?env=ceshislot.osshaiwai.com&hasFloat=0&token=436475c81b51e6893c740657870f86b7&language=en&debug=1&debugDataPath=https://raw.githubusercontent.com/jygameclub/testdataapi/main/mahjong1date/0525_0842&debugStart=932,https://raw.githubusercontent.com/jygameclub/testdataapi/main/mahjong1date/0525_0842/932.json,https://raw.githubusercontent.com/jygameclub/testdataapi/main/mahjong1date/0525_0842,未中奖,0.00,0.00,1,0,0,0,0,0,0,否,否,否,0,0,704246,704246,4701779695668366,9465624.0,9465584.0,
普通空转,933.json,933,0,,https://fish-games.s3.amazonaws.com/MahjongWays1/index.html?env=ceshislot.osshaiwai.com&hasFloat=0&token=436475c81b51e6893c740657870f86b7&language=en&debug=1&debugDataPath=https://raw.githubusercontent.com/jygameclub/testdataapi/main/mahjong1date/0525_0842&debugStart=933,https://raw.githubusercontent.com/jygameclub/testdataapi/main/mahjong1date/0525_0842/933.json,https://raw.githubusercontent.com/jygameclub/testdataapi/main/mahjong1date/0525_0842,未中奖,0.00,0.00,1,0,0,0,0,0,0,否,否,否,0,2,704247,704247,1961779695669150,9465584.0,9465544.0,
普通空转,934.json,934,0,,https://fish-games.s3.amazonaws.com/MahjongWays1/index.html?env=ceshislot.osshaiwai.com&hasFloat=0&token=436475c81b51e6893c740657870f86b7&language=en&debug=1&debugDataPath=https://raw.githubusercontent.com/jygameclub/testdataapi/main/mahjong1date/0525_0842&debugStart=934,https://raw.githubusercontent.com/jygameclub/testdataapi/main/mahjong1date/0525_0842/934.json,https://raw.githubusercontent.com/jygameclub/testdataapi/main/mahjong1date/0525_0842,未中奖,0.00,0.00,1,0,0,0,0,0,0,否,否,否,0,0,704250,704250,2261779695670667,9465544.0,9465504.0,
普通空转,935.json,935,0,,https://fish-games.s3.amazonaws.com/MahjongWays1/index.html?env=ceshislot.osshaiwai.com&hasFloat=0&token=436475c81b51e6893c740657870f86b7&language=en&debug=1&debugDataPath=https://raw.githubusercontent.com/jygameclub/testdataapi/main/mahjong1date/0525_0842&debugStart=935,https://raw.githubusercontent.com/jygameclub/testdataapi/main/mahjong1date/0525_0842/935.json,https://raw.githubusercontent.com/jygameclub/testdataapi/main/mahjong1date/0525_0842,未中奖,0.00,0.00,1,0,0,0,0,0,0,否,否,否,0,1,704251,704251,4261779695671449,9465504.0,9465464.0,
普通空转,936.json,936,0,,https://fish-games.s3.amazonaws.com/MahjongWays1/index.html?env=ceshislot.osshaiwai.com&hasFloat=0&token=436475c81b51e6893c740657870f86b7&language=en&debug=1&debugDataPath=https://raw.githubusercontent.com/jygameclub/testdataapi/main/mahjong1date/0525_0842&debugStart=936,https://raw.githubusercontent.com/jygameclub/testdataapi/main/mahjong1date/0525_0842/936.json,https://raw.githubusercontent.com/jygameclub/testdataapi/main/mahjong1date/0525_0842,未中奖,0.00,0.00,1,0,0,0,0,0,0,否,否,否,0,1,704253,704253,8041779695672849,9465464.0,9465424.0,
普通空转,937.json,937,0,,https://fish-games.s3.amazonaws.com/MahjongWays1/index.html?env=ceshislot.osshaiwai.com&hasFloat=0&token=436475c81b51e6893c740657870f86b7&language=en&debug=1&debugDataPath=https://raw.githubusercontent.com/jygameclub/testdataapi/main/mahjong1date/0525_0842&debugStart=937,https://raw.githubusercontent.com/jygameclub/testdataapi/main/mahjong1date/0525_0842/937.json,https://raw.githubusercontent.com/jygameclub/testdataapi/main/mahjong1date/0525_0842,未中奖,0.00,0.00,1,0,0,0,0,0,0,否,否,否,0,0,704256,704256,9801779695674250,9465424.0,9465384.0,
普通空转,938.json,938,0,,https://fish-games.s3.amazonaws.com/MahjongWays1/index.html?env=ceshislot.osshaiwai.com&hasFloat=0&token=436475c81b51e6893c740657870f86b7&language=en&debug=1&debugDataPath=https://raw.githubusercontent.com/jygameclub/testdataapi/main/mahjong1date/0525_0842&debugStart=938,https://raw.githubusercontent.com/jygameclub/testdataapi/main/mahjong1date/0525_0842/938.json,https://raw.githubusercontent.com/jygameclub/testdataapi/main/mahjong1date/0525_0842,未中奖,0.00,0.00,1,0,0,0,0,0,0,否,否,否,0,1,704257,704257,1161779695675033,9465384.0,9465344.0,
普通空转,939.json,939,0,,https://fish-games.s3.amazonaws.com/MahjongWays1/index.html?env=ceshislot.osshaiwai.com&hasFloat=0&token=436475c81b51e6893c740657870f86b7&language=en&debug=1&debugDataPath=https://raw.githubusercontent.com/jygameclub/testdataapi/main/mahjong1date/0525_0842&debugStart=939,https://raw.githubusercontent.com/jygameclub/testdataapi/main/mahjong1date/0525_0842/939.json,https://raw.githubusercontent.com/jygameclub/testdataapi/main/mahjong1date/0525_0842,未中奖,0.00,0.00,1,0,0,0,0,0,0,否,否,否,0,0,704259,704259,9921779695676433,9465344.0,9465304.0,
普通空转,940.json,940,0,,https://fish-games.s3.amazonaws.com/MahjongWays1/index.html?env=ceshislot.osshaiwai.com&hasFloat=0&token=436475c81b51e6893c740657870f86b7&language=en&debug=1&debugDataPath=https://raw.githubusercontent.com/jygameclub/testdataapi/main/mahjong1date/0525_0842&debugStart=940,https://raw.githubusercontent.com/jygameclub/testdataapi/main/mahjong1date/0525_0842/940.json,https://raw.githubusercontent.com/jygameclub/testdataapi/main/mahjong1date/0525_0842,未中奖,0.00,0.00,1,0,0,0,0,0,0,否,否,否,0,1,704262,704262,8501779695677215,9465304.0,9465264.0,
普通空转,941.json,941,0,,https://fish-games.s3.amazonaws.com/MahjongWays1/index.html?env=ceshislot.osshaiwai.com&hasFloat=0&token=436475c81b51e6893c740657870f86b7&language=en&debug=1&debugDataPath=https://raw.githubusercontent.com/jygameclub/testdataapi/main/mahjong1date/0525_0842&debugStart=941,https://raw.githubusercontent.com/jygameclub/testdataapi/main/mahjong1date/0525_0842/941.json,https://raw.githubusercontent.com/jygameclub/testdataapi/main/mahjong1date/0525_0842,未中奖,0.00,0.00,1,0,0,0,0,0,0,否,否,否,0,0,704264,704264,9401779695678616,9465264.0,9465224.0,
普通空转,942.json,942,0,,https://fish-games.s3.amazonaws.com/MahjongWays1/index.html?env=ceshislot.osshaiwai.com&hasFloat=0&token=436475c81b51e6893c740657870f86b7&language=en&debug=1&debugDataPath=https://raw.githubusercontent.com/jygameclub/testdataapi/main/mahjong1date/0525_0842&debugStart=942,https://raw.githubusercontent.com/jygameclub/testdataapi/main/mahjong1date/0525_0842/942.json,https://raw.githubusercontent.com/jygameclub/testdataapi/main/mahjong1date/0525_0842,未中奖,0.00,0.00,1,0,0,0,0,0,0,否,否,否,0,1,704265,704265,8421779695679415,9465224.0,9465184.0,
普通空转,943.json,943,0,,https://fish-games.s3.amazonaws.com/MahjongWays1/index.html?env=ceshislot.osshaiwai.com&hasFloat=0&token=436475c81b51e6893c740657870f86b7&language=en&debug=1&debugDataPath=https://raw.githubusercontent.com/jygameclub/testdataapi/main/mahjong1date/0525_0842&debugStart=943,https://raw.githubusercontent.com/jygameclub/testdataapi/main/mahjong1date/0525_0842/943.json,https://raw.githubusercontent.com/jygameclub/testdataapi/main/mahjong1date/0525_0842,未中奖,0.00,0.00,1,0,0,0,0,0,0,否,否,否,0,1,704268,704268,7891779695680833,9465184.0,9465144.0,
普通空转,944.json,944,0,,https://fish-games.s3.amazonaws.com/MahjongWays1/index.html?env=ceshislot.osshaiwai.com&hasFloat=0&token=436475c81b51e6893c740657870f86b7&language=en&debug=1&debugDataPath=https://raw.githubusercontent.com/jygameclub/testdataapi/main/mahjong1date/0525_0842&debugStart=944,https://raw.githubusercontent.com/jygameclub/testdataapi/main/mahjong1date/0525_0842/944.json,https://raw.githubusercontent.com/jygameclub/testdataapi/main/mahjong1date/0525_0842,未中奖,0.00,0.00,1,0,0,0,0,0,0,否,否,否,0,1,704270,704270,1681779695682231,9465144.0,9465104.0,
普通空转,945.json,945,0,,https://fish-games.s3.amazonaws.com/MahjongWays1/index.html?env=ceshislot.osshaiwai.com&hasFloat=0&token=436475c81b51e6893c740657870f86b7&language=en&debug=1&debugDataPath=https://raw.githubusercontent.com/jygameclub/testdataapi/main/mahjong1date/0525_0842&debugStart=945,https://raw.githubusercontent.com/jygameclub/testdataapi/main/mahjong1date/0525_0842/945.json,https://raw.githubusercontent.com/jygameclub/testdataapi/main/mahjong1date/0525_0842,未中奖,0.00,0.00,1,0,0,0,0,0,0,否,否,否,0,1,704274,704274,1161779695683632,9465104.0,9465064.0,
普通空转,948.json,948,0,,https://fish-games.s3.amazonaws.com/MahjongWays1/index.html?env=ceshislot.osshaiwai.com&hasFloat=0&token=436475c81b51e6893c740657870f86b7&language=en&debug=1&debugDataPath=https://raw.githubusercontent.com/jygameclub/testdataapi/main/mahjong1date/0525_0842&debugStart=948,https://raw.githubusercontent.com/jygameclub/testdataapi/main/mahjong1date/0525_0842/948.json,https://raw.githubusercontent.com/jygameclub/testdataapi/main/mahjong1date/0525_0842,未中奖,0.00,0.00,1,0,0,0,0,0,0,否,否,否,0,1,704299,704299,9081779695703015,9465924.0,9465884.0,
普通空转,951.json,951,0,,https://fish-games.s3.amazonaws.com/MahjongWays1/index.html?env=ceshislot.osshaiwai.com&hasFloat=0&token=436475c81b51e6893c740657870f86b7&language=en&debug=1&debugDataPath=https://raw.githubusercontent.com/jygameclub/testdataapi/main/mahjong1date/0525_0842&debugStart=951,https://raw.githubusercontent.com/jygameclub/testdataapi/main/mahjong1date/0525_0842/951.json,https://raw.githubusercontent.com/jygameclub/testdataapi/main/mahjong1date/0525_0842,未中奖,0.00,0.00,1,0,0,0,0,0,0,否,否,否,0,0,704312,704312,2791779695709733,9465860.0,9465820.0,
普通空转,952.json,952,0,,https://fish-games.s3.amazonaws.com/MahjongWays1/index.html?env=ceshislot.osshaiwai.com&hasFloat=0&token=436475c81b51e6893c740657870f86b7&language=en&debug=1&debugDataPath=https://raw.githubusercontent.com/jygameclub/testdataapi/main/mahjong1date/0525_0842&debugStart=952,https://raw.githubusercontent.com/jygameclub/testdataapi/main/mahjong1date/0525_0842/952.json,https://raw.githubusercontent.com/jygameclub/testdataapi/main/mahjong1date/0525_0842,未中奖,0.00,0.00,1,0,0,0,0,0,0,否,否,否,0,1,704315,704315,7701779695710533,9465820.0,9465780.0,
普通空转,953.json,953,0,,https://fish-games.s3.amazonaws.com/MahjongWays1/index.html?env=ceshislot.osshaiwai.com&hasFloat=0&token=436475c81b51e6893c740657870f86b7&language=en&debug=1&debugDataPath=https://raw.githubusercontent.com/jygameclub/testdataapi/main/mahjong1date/0525_0842&debugStart=953,https://raw.githubusercontent.com/jygameclub/testdataapi/main/mahjong1date/0525_0842/953.json,https://raw.githubusercontent.com/jygameclub/testdataapi/main/mahjong1date/0525_0842,未中奖,0.00,0.00,1,0,0,0,0,0,0,否,否,否,0,0,704317,704317,5341779695711949,9465780.0,9465740.0,
普通空转,955.json,955,0,,https://fish-games.s3.amazonaws.com/MahjongWays1/index.html?env=ceshislot.osshaiwai.com&hasFloat=0&token=436475c81b51e6893c740657870f86b7&language=en&debug=1&debugDataPath=https://raw.githubusercontent.com/jygameclub/testdataapi/main/mahjong1date/0525_0842&debugStart=955,https://raw.githubusercontent.com/jygameclub/testdataapi/main/mahjong1date/0525_0842/955.json,https://raw.githubusercontent.com/jygameclub/testdataapi/main/mahjong1date/0525_0842,未中奖,0.00,0.00,1,0,0,0,0,0,0,否,否,否,0,0,704327,704327,6721779695718515,9465752.0,9465712.0,
普通空转,956.json,956,0,,https://fish-games.s3.amazonaws.com/MahjongWays1/index.html?env=ceshislot.osshaiwai.com&hasFloat=0&token=436475c81b51e6893c740657870f86b7&language=en&debug=1&debugDataPath=https://raw.githubusercontent.com/jygameclub/testdataapi/main/mahjong1date/0525_0842&debugStart=956,https://raw.githubusercontent.com/jygameclub/testdataapi/main/mahjong1date/0525_0842/956.json,https://raw.githubusercontent.com/jygameclub/testdataapi/main/mahjong1date/0525_0842,未中奖,0.00,0.00,1,0,0,0,0,0,0,否,否,否,0,0,704328,704328,7251779695719299,9465712.0,9465672.0,
普通空转,957.json,957,0,,https://fish-games.s3.amazonaws.com/MahjongWays1/index.html?env=ceshislot.osshaiwai.com&hasFloat=0&token=436475c81b51e6893c740657870f86b7&language=en&debug=1&debugDataPath=https://raw.githubusercontent.com/jygameclub/testdataapi/main/mahjong1date/0525_0842&debugStart=957,https://raw.githubusercontent.com/jygameclub/testdataapi/main/mahjong1date/0525_0842/957.json,https://raw.githubusercontent.com/jygameclub/testdataapi/main/mahjong1date/0525_0842,未中奖,0.00,0.00,1,0,0,0,0,0,0,否,否,否,0,0,704329,704329,2901779695720083,9465672.0,9465632.0,
普通空转,958.json,958,0,,https://fish-games.s3.amazonaws.com/MahjongWays1/index.html?env=ceshislot.osshaiwai.com&hasFloat=0&token=436475c81b51e6893c740657870f86b7&language=en&debug=1&debugDataPath=https://raw.githubusercontent.com/jygameclub/testdataapi/main/mahjong1date/0525_0842&debugStart=958,https://raw.githubusercontent.com/jygameclub/testdataapi/main/mahjong1date/0525_0842/958.json,https://raw.githubusercontent.com/jygameclub/testdataapi/main/mahjong1date/0525_0842,未中奖,0.00,0.00,1,0,0,0,0,0,0,否,否,否,0,0,704331,704331,7521779695720866,9465632.0,9465592.0,
普通空转,961.json,961,0,,https://fish-games.s3.amazonaws.com/MahjongWays1/index.html?env=ceshislot.osshaiwai.com&hasFloat=0&token=436475c81b51e6893c740657870f86b7&language=en&debug=1&debugDataPath=https://raw.githubusercontent.com/jygameclub/testdataapi/main/mahjong1date/0525_0842&debugStart=961,https://raw.githubusercontent.com/jygameclub/testdataapi/main/mahjong1date/0525_0842/961.json,https://raw.githubusercontent.com/jygameclub/testdataapi/main/mahjong1date/0525_0842,未中奖,0.00,0.00,1,0,0,0,0,0,0,否,否,否,0,0,704337,704337,4711779695728016,9465596.0,9465556.0,
普通空转,962.json,962,0,,https://fish-games.s3.amazonaws.com/MahjongWays1/index.html?env=ceshislot.osshaiwai.com&hasFloat=0&token=436475c81b51e6893c740657870f86b7&language=en&debug=1&debugDataPath=https://raw.githubusercontent.com/jygameclub/testdataapi/main/mahjong1date/0525_0842&debugStart=962,https://raw.githubusercontent.com/jygameclub/testdataapi/main/mahjong1date/0525_0842/962.json,https://raw.githubusercontent.com/jygameclub/testdataapi/main/mahjong1date/0525_0842,未中奖,0.00,0.00,1,0,0,0,0,0,0,否,否,否,0,1,704338,704338,9851779695728800,9465556.0,9465516.0,
普通空转,964.json,964,0,,https://fish-games.s3.amazonaws.com/MahjongWays1/index.html?env=ceshislot.osshaiwai.com&hasFloat=0&token=436475c81b51e6893c740657870f86b7&language=en&debug=1&debugDataPath=https://raw.githubusercontent.com/jygameclub/testdataapi/main/mahjong1date/0525_0842&debugStart=964,https://raw.githubusercontent.com/jygameclub/testdataapi/main/mahjong1date/0525_0842/964.json,https://raw.githubusercontent.com/jygameclub/testdataapi/main/mahjong1date/0525_0842,未中奖,0.00,0.00,1,0,0,0,0,0,0,否,否,否,0,0,704344,704344,3291779695732882,9465492.0,9465452.0,
普通空转,965.json,965,0,,https://fish-games.s3.amazonaws.com/MahjongWays1/index.html?env=ceshislot.osshaiwai.com&hasFloat=0&token=436475c81b51e6893c740657870f86b7&language=en&debug=1&debugDataPath=https://raw.githubusercontent.com/jygameclub/testdataapi/main/mahjong1date/0525_0842&debugStart=965,https://raw.githubusercontent.com/jygameclub/testdataapi/main/mahjong1date/0525_0842/965.json,https://raw.githubusercontent.com/jygameclub/testdataapi/main/mahjong1date/0525_0842,未中奖,0.00,0.00,1,0,0,0,0,0,0,否,否,否,0,0,704345,704345,4951779695733666,9465452.0,9465412.0,
普通空转,966.json,966,0,,https://fish-games.s3.amazonaws.com/MahjongWays1/index.html?env=ceshislot.osshaiwai.com&hasFloat=0&token=436475c81b51e6893c740657870f86b7&language=en&debug=1&debugDataPath=https://raw.githubusercontent.com/jygameclub/testdataapi/main/mahjong1date/0525_0842&debugStart=966,https://raw.githubusercontent.com/jygameclub/testdataapi/main/mahjong1date/0525_0842/966.json,https://raw.githubusercontent.com/jygameclub/testdataapi/main/mahjong1date/0525_0842,未中奖,0.00,0.00,1,0,0,0,0,0,0,否,否,否,0,1,704346,704346,5151779695734449,9465412.0,9465372.0,
普通空转,967.json,967,0,,https://fish-games.s3.amazonaws.com/MahjongWays1/index.html?env=ceshislot.osshaiwai.com&hasFloat=0&token=436475c81b51e6893c740657870f86b7&language=en&debug=1&debugDataPath=https://raw.githubusercontent.com/jygameclub/testdataapi/main/mahjong1date/0525_0842&debugStart=967,https://raw.githubusercontent.com/jygameclub/testdataapi/main/mahjong1date/0525_0842/967.json,https://raw.githubusercontent.com/jygameclub/testdataapi/main/mahjong1date/0525_0842,未中奖,0.00,0.00,1,0,0,0,0,0,0,否,否,否,0,1,704348,704348,6491779695735867,9465372.0,9465332.0,
普通空转,970.json,970,0,,https://fish-games.s3.amazonaws.com/MahjongWays1/index.html?env=ceshislot.osshaiwai.com&hasFloat=0&token=436475c81b51e6893c740657870f86b7&language=en&debug=1&debugDataPath=https://raw.githubusercontent.com/jygameclub/testdataapi/main/mahjong1date/0525_0842&debugStart=970,https://raw.githubusercontent.com/jygameclub/testdataapi/main/mahjong1date/0525_0842/970.json,https://raw.githubusercontent.com/jygameclub/testdataapi/main/mahjong1date/0525_0842,未中奖,0.00,0.00,1,0,0,0,0,0,0,否,否,否,0,0,704360,704360,2241779695747965,9465672.0,9465632.0,
普通空转,971.json,971,0,,https://fish-games.s3.amazonaws.com/MahjongWays1/index.html?env=ceshislot.osshaiwai.com&hasFloat=0&token=436475c81b51e6893c740657870f86b7&language=en&debug=1&debugDataPath=https://raw.githubusercontent.com/jygameclub/testdataapi/main/mahjong1date/0525_0842&debugStart=971,https://raw.githubusercontent.com/jygameclub/testdataapi/main/mahjong1date/0525_0842/971.json,https://raw.githubusercontent.com/jygameclub/testdataapi/main/mahjong1date/0525_0842,未中奖,0.00,0.00,1,0,0,0,0,0,0,否,否,否,0,0,704362,704362,9011779695748748,9465632.0,9465592.0,
普通空转,972.json,972,0,,https://fish-games.s3.amazonaws.com/MahjongWays1/index.html?env=ceshislot.osshaiwai.com&hasFloat=0&token=436475c81b51e6893c740657870f86b7&language=en&debug=1&debugDataPath=https://raw.githubusercontent.com/jygameclub/testdataapi/main/mahjong1date/0525_0842&debugStart=972,https://raw.githubusercontent.com/jygameclub/testdataapi/main/mahjong1date/0525_0842/972.json,https://raw.githubusercontent.com/jygameclub/testdataapi/main/mahjong1date/0525_0842,未中奖,0.00,0.00,1,0,0,0,0,0,0,否,否,否,0,1,704363,704363,8681779695749533,9465592.0,9465552.0,
普通空转,973.json,973,0,,https://fish-games.s3.amazonaws.com/MahjongWays1/index.html?env=ceshislot.osshaiwai.com&hasFloat=0&token=436475c81b51e6893c740657870f86b7&language=en&debug=1&debugDataPath=https://raw.githubusercontent.com/jygameclub/testdataapi/main/mahjong1date/0525_0842&debugStart=973,https://raw.githubusercontent.com/jygameclub/testdataapi/main/mahjong1date/0525_0842/973.json,https://raw.githubusercontent.com/jygameclub/testdataapi/main/mahjong1date/0525_0842,未中奖,0.00,0.00,1,0,0,0,0,0,0,否,否,否,0,0,704365,704365,2461779695750932,9465552.0,9465512.0,
普通空转,974.json,974,0,,https://fish-games.s3.amazonaws.com/MahjongWays1/index.html?env=ceshislot.osshaiwai.com&hasFloat=0&token=436475c81b51e6893c740657870f86b7&language=en&debug=1&debugDataPath=https://raw.githubusercontent.com/jygameclub/testdataapi/main/mahjong1date/0525_0842&debugStart=974,https://raw.githubusercontent.com/jygameclub/testdataapi/main/mahjong1date/0525_0842/974.json,https://raw.githubusercontent.com/jygameclub/testdataapi/main/mahjong1date/0525_0842,未中奖,0.00,0.00,1,0,0,0,0,0,0,否,否,否,0,0,704367,704367,5461779695751715,9465512.0,9465472.0,
普通空转,975.json,975,0,,https://fish-games.s3.amazonaws.com/MahjongWays1/index.html?env=ceshislot.osshaiwai.com&hasFloat=0&token=436475c81b51e6893c740657870f86b7&language=en&debug=1&debugDataPath=https://raw.githubusercontent.com/jygameclub/testdataapi/main/mahjong1date/0525_0842&debugStart=975,https://raw.githubusercontent.com/jygameclub/testdataapi/main/mahjong1date/0525_0842/975.json,https://raw.githubusercontent.com/jygameclub/testdataapi/main/mahjong1date/0525_0842,未中奖,0.00,0.00,1,0,0,0,0,0,0,否,否,否,0,0,704368,704368,4451779695752499,9465472.0,9465432.0,
普通空转,976.json,976,0,,https://fish-games.s3.amazonaws.com/MahjongWays1/index.html?env=ceshislot.osshaiwai.com&hasFloat=0&token=436475c81b51e6893c740657870f86b7&language=en&debug=1&debugDataPath=https://raw.githubusercontent.com/jygameclub/testdataapi/main/mahjong1date/0525_0842&debugStart=976,https://raw.githubusercontent.com/jygameclub/testdataapi/main/mahjong1date/0525_0842/976.json,https://raw.githubusercontent.com/jygameclub/testdataapi/main/mahjong1date/0525_0842,未中奖,0.00,0.00,1,0,0,0,0,0,0,否,否,否,0,1,704369,704369,2241779695753283,9465432.0,9465392.0,
普通空转,977.json,977,0,,https://fish-games.s3.amazonaws.com/MahjongWays1/index.html?env=ceshislot.osshaiwai.com&hasFloat=0&token=436475c81b51e6893c740657870f86b7&language=en&debug=1&debugDataPath=https://raw.githubusercontent.com/jygameclub/testdataapi/main/mahjong1date/0525_0842&debugStart=977,https://raw.githubusercontent.com/jygameclub/testdataapi/main/mahjong1date/0525_0842/977.json,https://raw.githubusercontent.com/jygameclub/testdataapi/main/mahjong1date/0525_0842,未中奖,0.00,0.00,1,0,0,0,0,0,0,否,否,否,0,1,704371,704371,7391779695754682,9465392.0,9465352.0,
普通空转,978.json,978,0,,https://fish-games.s3.amazonaws.com/MahjongWays1/index.html?env=ceshislot.osshaiwai.com&hasFloat=0&token=436475c81b51e6893c740657870f86b7&language=en&debug=1&debugDataPath=https://raw.githubusercontent.com/jygameclub/testdataapi/main/mahjong1date/0525_0842&debugStart=978,https://raw.githubusercontent.com/jygameclub/testdataapi/main/mahjong1date/0525_0842/978.json,https://raw.githubusercontent.com/jygameclub/testdataapi/main/mahjong1date/0525_0842,未中奖,0.00,0.00,1,0,0,0,0,0,0,否,否,否,0,0,704372,704372,8111779695756099,9465352.0,9465312.0,
普通空转,979.json,979,0,,https://fish-games.s3.amazonaws.com/MahjongWays1/index.html?env=ceshislot.osshaiwai.com&hasFloat=0&token=436475c81b51e6893c740657870f86b7&language=en&debug=1&debugDataPath=https://raw.githubusercontent.com/jygameclub/testdataapi/main/mahjong1date/0525_0842&debugStart=979,https://raw.githubusercontent.com/jygameclub/testdataapi/main/mahjong1date/0525_0842/979.json,https://raw.githubusercontent.com/jygameclub/testdataapi/main/mahjong1date/0525_0842,未中奖,0.00,0.00,1,0,0,0,0,0,0,否,否,否,0,0,704373,704373,4051779695756899,9465312.0,9465272.0,
普通空转,980.json,980,0,,https://fish-games.s3.amazonaws.com/MahjongWays1/index.html?env=ceshislot.osshaiwai.com&hasFloat=0&token=436475c81b51e6893c740657870f86b7&language=en&debug=1&debugDataPath=https://raw.githubusercontent.com/jygameclub/testdataapi/main/mahjong1date/0525_0842&debugStart=980,https://raw.githubusercontent.com/jygameclub/testdataapi/main/mahjong1date/0525_0842/980.json,https://raw.githubusercontent.com/jygameclub/testdataapi/main/mahjong1date/0525_0842,未中奖,0.00,0.00,1,0,0,0,0,0,0,否,否,否,0,1,704375,704375,3241779695757683,9465272.0,9465232.0,
普通空转,982.json,982,0,,https://fish-games.s3.amazonaws.com/MahjongWays1/index.html?env=ceshislot.osshaiwai.com&hasFloat=0&token=436475c81b51e6893c740657870f86b7&language=en&debug=1&debugDataPath=https://raw.githubusercontent.com/jygameclub/testdataapi/main/mahjong1date/0525_0842&debugStart=982,https://raw.githubusercontent.com/jygameclub/testdataapi/main/mahjong1date/0525_0842/982.json,https://raw.githubusercontent.com/jygameclub/testdataapi/main/mahjong1date/0525_0842,未中奖,0.00,0.00,1,0,0,0,0,0,0,否,否,否,0,0,704379,704379,2151779695761766,9465202.0,9465162.0,
普通空转,983.json,983,0,,https://fish-games.s3.amazonaws.com/MahjongWays1/index.html?env=ceshislot.osshaiwai.com&hasFloat=0&token=436475c81b51e6893c740657870f86b7&language=en&debug=1&debugDataPath=https://raw.githubusercontent.com/jygameclub/testdataapi/main/mahjong1date/0525_0842&debugStart=983,https://raw.githubusercontent.com/jygameclub/testdataapi/main/mahjong1date/0525_0842/983.json,https://raw.githubusercontent.com/jygameclub/testdataapi/main/mahjong1date/0525_0842,未中奖,0.00,0.00,1,0,0,0,0,0,0,否,否,否,0,0,704381,704381,4171779695762550,9465162.0,9465122.0,
普通空转,984.json,984,0,,https://fish-games.s3.amazonaws.com/MahjongWays1/index.html?env=ceshislot.osshaiwai.com&hasFloat=0&token=436475c81b51e6893c740657870f86b7&language=en&debug=1&debugDataPath=https://raw.githubusercontent.com/jygameclub/testdataapi/main/mahjong1date/0525_0842&debugStart=984,https://raw.githubusercontent.com/jygameclub/testdataapi/main/mahjong1date/0525_0842/984.json,https://raw.githubusercontent.com/jygameclub/testdataapi/main/mahjong1date/0525_0842,未中奖,0.00,0.00,1,0,0,0,0,0,0,否,否,否,0,0,704383,704383,2731779695763332,9465122.0,9465082.0,
普通空转,985.json,985,0,,https://fish-games.s3.amazonaws.com/MahjongWays1/index.html?env=ceshislot.osshaiwai.com&hasFloat=0&token=436475c81b51e6893c740657870f86b7&language=en&debug=1&debugDataPath=https://raw.githubusercontent.com/jygameclub/testdataapi/main/mahjong1date/0525_0842&debugStart=985,https://raw.githubusercontent.com/jygameclub/testdataapi/main/mahjong1date/0525_0842/985.json,https://raw.githubusercontent.com/jygameclub/testdataapi/main/mahjong1date/0525_0842,未中奖,0.00,0.00,1,0,0,0,0,0,0,否,否,否,0,1,704384,704384,3871779695764115,9465082.0,9465042.0,
普通空转,986.json,986,0,,https://fish-games.s3.amazonaws.com/MahjongWays1/index.html?env=ceshislot.osshaiwai.com&hasFloat=0&token=436475c81b51e6893c740657870f86b7&language=en&debug=1&debugDataPath=https://raw.githubusercontent.com/jygameclub/testdataapi/main/mahjong1date/0525_0842&debugStart=986,https://raw.githubusercontent.com/jygameclub/testdataapi/main/mahjong1date/0525_0842/986.json,https://raw.githubusercontent.com/jygameclub/testdataapi/main/mahjong1date/0525_0842,未中奖,0.00,0.00,1,0,0,0,0,0,0,否,否,否,0,0,704386,704386,7501779695765598,9465042.0,9465002.0,
普通空转,987.json,987,0,,https://fish-games.s3.amazonaws.com/MahjongWays1/index.html?env=ceshislot.osshaiwai.com&hasFloat=0&token=436475c81b51e6893c740657870f86b7&language=en&debug=1&debugDataPath=https://raw.githubusercontent.com/jygameclub/testdataapi/main/mahjong1date/0525_0842&debugStart=987,https://raw.githubusercontent.com/jygameclub/testdataapi/main/mahjong1date/0525_0842/987.json,https://raw.githubusercontent.com/jygameclub/testdataapi/main/mahjong1date/0525_0842,未中奖,0.00,0.00,1,0,0,0,0,0,0,否,否,否,0,0,704388,704388,1611779695766382,9465002.0,9464962.0,
普通空转,990.json,990,0,,https://fish-games.s3.amazonaws.com/MahjongWays1/index.html?env=ceshislot.osshaiwai.com&hasFloat=0&token=436475c81b51e6893c740657870f86b7&language=en&debug=1&debugDataPath=https://raw.githubusercontent.com/jygameclub/testdataapi/main/mahjong1date/0525_0842&debugStart=990,https://raw.githubusercontent.com/jygameclub/testdataapi/main/mahjong1date/0525_0842/990.json,https://raw.githubusercontent.com/jygameclub/testdataapi/main/mahjong1date/0525_0842,未中奖,0.00,0.00,1,0,0,0,0,0,0,否,否,否,0,0,704400,704400,9831779695776633,9465034.0,9464994.0,
普通空转,991.json,991,0,,https://fish-games.s3.amazonaws.com/MahjongWays1/index.html?env=ceshislot.osshaiwai.com&hasFloat=0&token=436475c81b51e6893c740657870f86b7&language=en&debug=1&debugDataPath=https://raw.githubusercontent.com/jygameclub/testdataapi/main/mahjong1date/0525_0842&debugStart=991,https://raw.githubusercontent.com/jygameclub/testdataapi/main/mahjong1date/0525_0842/991.json,https://raw.githubusercontent.com/jygameclub/testdataapi/main/mahjong1date/0525_0842,未中奖,0.00,0.00,1,0,0,0,0,0,0,否,否,否,0,0,704401,704401,9371779695777433,9464994.0,9464954.0,
普通空转,992.json,992,0,,https://fish-games.s3.amazonaws.com/MahjongWays1/index.html?env=ceshislot.osshaiwai.com&hasFloat=0&token=436475c81b51e6893c740657870f86b7&language=en&debug=1&debugDataPath=https://raw.githubusercontent.com/jygameclub/testdataapi/main/mahjong1date/0525_0842&debugStart=992,https://raw.githubusercontent.com/jygameclub/testdataapi/main/mahjong1date/0525_0842/992.json,https://raw.githubusercontent.com/jygameclub/testdataapi/main/mahjong1date/0525_0842,未中奖,0.00,0.00,1,0,0,0,0,0,0,否,否,否,0,0,704403,704403,2501779695778232,9464954.0,9464914.0,
普通空转,993.json,993,0,,https://fish-games.s3.amazonaws.com/MahjongWays1/index.html?env=ceshislot.osshaiwai.com&hasFloat=0&token=436475c81b51e6893c740657870f86b7&language=en&debug=1&debugDataPath=https://raw.githubusercontent.com/jygameclub/testdataapi/main/mahjong1date/0525_0842&debugStart=993,https://raw.githubusercontent.com/jygameclub/testdataapi/main/mahjong1date/0525_0842/993.json,https://raw.githubusercontent.com/jygameclub/testdataapi/main/mahjong1date/0525_0842,未中奖,0.00,0.00,1,0,0,0,0,0,0,否,否,否,0,0,704404,704404,5801779695779015,9464914.0,9464874.0,
普通空转,994.json,994,0,,https://fish-games.s3.amazonaws.com/MahjongWays1/index.html?env=ceshislot.osshaiwai.com&hasFloat=0&token=436475c81b51e6893c740657870f86b7&language=en&debug=1&debugDataPath=https://raw.githubusercontent.com/jygameclub/testdataapi/main/mahjong1date/0525_0842&debugStart=994,https://raw.githubusercontent.com/jygameclub/testdataapi/main/mahjong1date/0525_0842/994.json,https://raw.githubusercontent.com/jygameclub/testdataapi/main/mahjong1date/0525_0842,未中奖,0.00,0.00,1,0,0,0,0,0,0,否,否,否,0,0,704405,704405,3721779695779799,9464874.0,9464834.0,
普通空转,995.json,995,0,,https://fish-games.s3.amazonaws.com/MahjongWays1/index.html?env=ceshislot.osshaiwai.com&hasFloat=0&token=436475c81b51e6893c740657870f86b7&language=en&debug=1&debugDataPath=https://raw.githubusercontent.com/jygameclub/testdataapi/main/mahjong1date/0525_0842&debugStart=995,https://raw.githubusercontent.com/jygameclub/testdataapi/main/mahjong1date/0525_0842/995.json,https://raw.githubusercontent.com/jygameclub/testdataapi/main/mahjong1date/0525_0842,未中奖,0.00,0.00,1,0,0,0,0,0,0,否,否,否,0,0,704406,704406,2561779695780583,9464834.0,9464794.0,
普通空转,996.json,996,0,,https://fish-games.s3.amazonaws.com/MahjongWays1/index.html?env=ceshislot.osshaiwai.com&hasFloat=0&token=436475c81b51e6893c740657870f86b7&language=en&debug=1&debugDataPath=https://raw.githubusercontent.com/jygameclub/testdataapi/main/mahjong1date/0525_0842&debugStart=996,https://raw.githubusercontent.com/jygameclub/testdataapi/main/mahjong1date/0525_0842/996.json,https://raw.githubusercontent.com/jygameclub/testdataapi/main/mahjong1date/0525_0842,未中奖,0.00,0.00,1,0,0,0,0,0,0,否,否,否,0,0,704408,704408,4661779695781381,9464794.0,9464754.0,
普通空转,997.json,997,0,,https://fish-games.s3.amazonaws.com/MahjongWays1/index.html?env=ceshislot.osshaiwai.com&hasFloat=0&token=436475c81b51e6893c740657870f86b7&language=en&debug=1&debugDataPath=https://raw.githubusercontent.com/jygameclub/testdataapi/main/mahjong1date/0525_0842&debugStart=997,https://raw.githubusercontent.com/jygameclub/testdataapi/main/mahjong1date/0525_0842/997.json,https://raw.githubusercontent.com/jygameclub/testdataapi/main/mahjong1date/0525_0842,未中奖,0.00,0.00,1,0,0,0,0,0,0,否,否,否,0,0,704409,704409,3011779695782165,9464754.0,9464714.0,
普通空转,998.json,998,0,,https://fish-games.s3.amazonaws.com/MahjongWays1/index.html?env=ceshislot.osshaiwai.com&hasFloat=0&token=436475c81b51e6893c740657870f86b7&language=en&debug=1&debugDataPath=https://raw.githubusercontent.com/jygameclub/testdataapi/main/mahjong1date/0525_0842&debugStart=998,https://raw.githubusercontent.com/jygameclub/testdataapi/main/mahjong1date/0525_0842/998.json,https://raw.githubusercontent.com/jygameclub/testdataapi/main/mahjong1date/0525_0842,未中奖,0.00,0.00,1,0,0,0,0,0,0,否,否,否,0,0,704410,704410,5071779695782965,9464714.0,9464674.0,
普通空转,999.json,999,0,,https://fish-games.s3.amazonaws.com/MahjongWays1/index.html?env=ceshislot.osshaiwai.com&hasFloat=0&token=436475c81b51e6893c740657870f86b7&language=en&debug=1&debugDataPath=https://raw.githubusercontent.com/jygameclub/testdataapi/main/mahjong1date/0525_0842&debugStart=999,https://raw.githubusercontent.com/jygameclub/testdataapi/main/mahjong1date/0525_0842/999.json,https://raw.githubusercontent.com/jygameclub/testdataapi/main/mahjong1date/0525_0842,未中奖,0.00,0.00,1,0,0,0,0,0,0,否,否,否,0,0,704411,704411,2561779695783748,9464674.0,9464634.0,
