测试类型,文件,编号,推荐分,特征标签,回放链接,json绝对地址,数据目录,类型,总赢,倍率,请求数,掉落次数,补牌总数,消除位置总数,wp中奖位置总数,wild总数(可见盘面),单次最大wild数(可见盘面),是否免费旋转,免费送胡,是否金色百搭,中奖线,Scatter,起始SID,结束SID,spinId,起始余额,结束余额,为什么要测
免费中大奖,181.json,181,185,免费旋转 / 免费中大奖 / 免费送胡 / 金色/百搭,https://fish-games.s3.amazonaws.com/MahjongWays1/index.html?env=ceshislot.osshaiwai.com&hasFloat=0&token=436475c81b51e6893c740657870f86b7&language=en&debug=1&debugDataPath=https://raw.githubusercontent.com/jygameclub/testdataapi/main/mahjong1date/0525_0842&debugStart=181,https://raw.githubusercontent.com/jygameclub/testdataapi/main/mahjong1date/0525_0842/181.json,https://raw.githubusercontent.com/jygameclub/testdataapi/main/mahjong1date/0525_0842,Big Win,952.00,23.80,23,22,50,51,52,1,1,是,是,是,2,3,701077,701196,5641779692717691,9473388.0,9474300.0,Big Win / 23段连消/续转 / Scatter / Free Spin / 金色符号/百搭转换
免费中大奖,738.json,738,185,免费旋转 / 免费中大奖 / 免费送胡 / 金色/百搭,https://fish-games.s3.amazonaws.com/MahjongWays1/index.html?env=ceshislot.osshaiwai.com&hasFloat=0&token=436475c81b51e6893c740657870f86b7&language=en&debug=1&debugDataPath=https://raw.githubusercontent.com/jygameclub/testdataapi/main/mahjong1date/0525_0842&debugStart=738,https://raw.githubusercontent.com/jygameclub/testdataapi/main/mahjong1date/0525_0842/738.json,https://raw.githubusercontent.com/jygameclub/testdataapi/main/mahjong1date/0525_0842,Big Win,760.00,19.00,19,18,28,33,34,5,2,是,是,是,2,3,703661,703712,5241779695217235,9465104.0,9465824.0,Big Win / 19段连消/续转 / Scatter / Free Spin / 金色符号/百搭转换
免费中大奖,344.json,344,185,免费旋转 / 免费中大奖 / 免费送胡 / 金色/百搭,https://fish-games.s3.amazonaws.com/MahjongWays1/index.html?env=ceshislot.osshaiwai.com&hasFloat=0&token=436475c81b51e6893c740657870f86b7&language=en&debug=1&debugDataPath=https://raw.githubusercontent.com/jygameclub/testdataapi/main/mahjong1date/0525_0842&debugStart=344,https://raw.githubusercontent.com/jygameclub/testdataapi/main/mahjong1date/0525_0842/344.json,https://raw.githubusercontent.com/jygameclub/testdataapi/main/mahjong1date/0525_0842,Big Win,720.00,18.00,33,32,46,47,47,1,1,是,是,是,2,3,702404,702476,3631779694179939,9473298.0,9473978.0,Big Win / 33段连消/续转 / Scatter / Free Spin / 金色符号/百搭转换
Super Mega Win,827.json,827,155,金色/百搭,https://fish-games.s3.amazonaws.com/MahjongWays1/index.html?env=ceshislot.osshaiwai.com&hasFloat=0&token=436475c81b51e6893c740657870f86b7&language=en&debug=1&debugDataPath=https://raw.githubusercontent.com/jygameclub/testdataapi/main/mahjong1date/0525_0842&debugStart=827,https://raw.githubusercontent.com/jygameclub/testdataapi/main/mahjong1date/0525_0842/827.json,https://raw.githubusercontent.com/jygameclub/testdataapi/main/mahjong1date/0525_0842,Super Mega Win,4208.00,105.20,6,5,28,30,32,2,2,否,否,是,2,0,703935,703944,8451779695452783,9464354.0,9468522.0,Super Mega Win / 6段连消/续转 / 金色符号/百搭转换
Mega Win,279.json,279,145,金色/百搭,https://fish-games.s3.amazonaws.com/MahjongWays1/index.html?env=ceshislot.osshaiwai.com&hasFloat=0&token=436475c81b51e6893c740657870f86b7&language=en&debug=1&debugDataPath=https://raw.githubusercontent.com/jygameclub/testdataapi/main/mahjong1date/0525_0842&debugStart=279,https://raw.githubusercontent.com/jygameclub/testdataapi/main/mahjong1date/0525_0842/279.json,https://raw.githubusercontent.com/jygameclub/testdataapi/main/mahjong1date/0525_0842,Mega Win,1440.00,36.00,2,1,9,9,9,0,0,否,否,是,1,2,701438,701439,3321779692953074,9472096.0,9473496.0,Mega Win / 2段连消/续转 / 金色符号/百搭转换
Big Win,316.json,316,135,金色/百搭,https://fish-games.s3.amazonaws.com/MahjongWays1/index.html?env=ceshislot.osshaiwai.com&hasFloat=0&token=436475c81b51e6893c740657870f86b7&language=en&debug=1&debugDataPath=https://raw.githubusercontent.com/jygameclub/testdataapi/main/mahjong1date/0525_0842&debugStart=316,https://raw.githubusercontent.com/jygameclub/testdataapi/main/mahjong1date/0525_0842/316.json,https://raw.githubusercontent.com/jygameclub/testdataapi/main/mahjong1date/0525_0842,Big Win,1296.00,32.40,3,2,15,15,15,0,0,否,否,是,2,1,702307,702311,4911779694119739,9472818.0,9474074.0,Big Win / 3段连消/续转 / 金色符号/百搭转换
Big Win,187.json,187,135,金色/百搭,https://fish-games.s3.amazonaws.com/MahjongWays1/index.html?env=ceshislot.osshaiwai.com&hasFloat=0&token=436475c81b51e6893c740657870f86b7&language=en&debug=1&debugDataPath=https://raw.githubusercontent.com/jygameclub/testdataapi/main/mahjong1date/0525_0842&debugStart=187,https://raw.githubusercontent.com/jygameclub/testdataapi/main/mahjong1date/0525_0842/187.json,https://raw.githubusercontent.com/jygameclub/testdataapi/main/mahjong1date/0525_0842,Big Win,888.00,22.20,4,3,14,14,14,0,0,否,否,是,1,1,701221,701228,7181779692803690,9474100.0,9474948.0,Big Win / 4段连消/续转 / 金色符号/百搭转换
Big Win,947.json,947,135,金色/百搭,https://fish-games.s3.amazonaws.com/MahjongWays1/index.html?env=ceshislot.osshaiwai.com&hasFloat=0&token=436475c81b51e6893c740657870f86b7&language=en&debug=1&debugDataPath=https://raw.githubusercontent.com/jygameclub/testdataapi/main/mahjong1date/0525_0842&debugStart=947,https://raw.githubusercontent.com/jygameclub/testdataapi/main/mahjong1date/0525_0842/947.json,https://raw.githubusercontent.com/jygameclub/testdataapi/main/mahjong1date/0525_0842,Big Win,700.00,17.50,3,2,13,13,13,0,0,否,否,是,1,1,704281,704285,1681779695688748,9465264.0,9465924.0,Big Win / 3段连消/续转 / 金色符号/百搭转换
免费送胡,683.json,683,125,免费旋转 / 免费送胡 / 金色/百搭,https://fish-games.s3.amazonaws.com/MahjongWays1/index.html?env=ceshislot.osshaiwai.com&hasFloat=0&token=436475c81b51e6893c740657870f86b7&language=en&debug=1&debugDataPath=https://raw.githubusercontent.com/jygameclub/testdataapi/main/mahjong1date/0525_0842&debugStart=683,https://raw.githubusercontent.com/jygameclub/testdataapi/main/mahjong1date/0525_0842/683.json,https://raw.githubusercontent.com/jygameclub/testdataapi/main/mahjong1date/0525_0842,普通中奖,632.00,15.80,18,17,22,23,23,1,1,是,是,是,1,3,703431,703480,9811779695049167,9465506.0,9466098.0,18段连消/续转 / Scatter / Free Spin / 金色符号/百搭转换
免费送胡,657.json,657,125,免费旋转 / 免费送胡 / 金色/百搭,https://fish-games.s3.amazonaws.com/MahjongWays1/index.html?env=ceshislot.osshaiwai.com&hasFloat=0&token=436475c81b51e6893c740657870f86b7&language=en&debug=1&debugDataPath=https://raw.githubusercontent.com/jygameclub/testdataapi/main/mahjong1date/0525_0842&debugStart=657,https://raw.githubusercontent.com/jygameclub/testdataapi/main/mahjong1date/0525_0842/657.json,https://raw.githubusercontent.com/jygameclub/testdataapi/main/mahjong1date/0525_0842,普通中奖,272.00,6.80,18,17,28,28,28,0,0,是,是,是,2,3,703324,703368,6081779694943002,9466162.0,9466394.0,18段连消/续转 / Scatter / Free Spin / 金色符号/百搭转换
免费送胡,126.json,126,125,免费旋转 / 免费送胡 / 金色/百搭,https://fish-games.s3.amazonaws.com/MahjongWays1/index.html?env=ceshislot.osshaiwai.com&hasFloat=0&token=436475c81b51e6893c740657870f86b7&language=en&debug=1&debugDataPath=https://raw.githubusercontent.com/jygameclub/testdataapi/main/mahjong1date/0525_0842&debugStart=126,https://raw.githubusercontent.com/jygameclub/testdataapi/main/mahjong1date/0525_0842/126.json,https://raw.githubusercontent.com/jygameclub/testdataapi/main/mahjong1date/0525_0842,普通中奖,192.00,4.80,16,15,13,13,13,0,0,是,是,是,1,3,700847,700896,9221779692562141,9474680.0,9474832.0,16段连消/续转 / Scatter / Free Spin / 金色符号/百搭转换
免费送胡,354.json,354,125,免费旋转 / 免费送胡 / 金色/百搭,https://fish-games.s3.amazonaws.com/MahjongWays1/index.html?env=ceshislot.osshaiwai.com&hasFloat=0&token=436475c81b51e6893c740657870f86b7&language=en&debug=1&debugDataPath=https://raw.githubusercontent.com/jygameclub/testdataapi/main/mahjong1date/0525_0842&debugStart=354,https://raw.githubusercontent.com/jygameclub/testdataapi/main/mahjong1date/0525_0842/354.json,https://raw.githubusercontent.com/jygameclub/testdataapi/main/mahjong1date/0525_0842,普通中奖,168.00,4.20,18,17,23,23,23,0,0,是,是,是,1,3,702495,702535,7901779694300004,9473706.0,9473834.0,18段连消/续转 / Scatter / Free Spin / 金色符号/百搭转换
免费送胡,367.json,367,125,免费旋转 / 免费送胡 / 金色/百搭,https://fish-games.s3.amazonaws.com/MahjongWays1/index.html?env=ceshislot.osshaiwai.com&hasFloat=0&token=436475c81b51e6893c740657870f86b7&language=en&debug=1&debugDataPath=https://raw.githubusercontent.com/jygameclub/testdataapi/main/mahjong1date/0525_0842&debugStart=367,https://raw.githubusercontent.com/jygameclub/testdataapi/main/mahjong1date/0525_0842/367.json,https://raw.githubusercontent.com/jygameclub/testdataapi/main/mahjong1date/0525_0842,普通中奖,16.00,0.40,14,13,3,3,3,0,0,是,是,是,1,3,702559,702587,9971779694391972,9473378.0,9473354.0,14段连消/续转 / Scatter / Free Spin / 金色符号/百搭转换
连消/掉落,931.json,931,90,金色/百搭,https://fish-games.s3.amazonaws.com/MahjongWays1/index.html?env=ceshislot.osshaiwai.com&hasFloat=0&token=436475c81b51e6893c740657870f86b7&language=en&debug=1&debugDataPath=https://raw.githubusercontent.com/jygameclub/testdataapi/main/mahjong1date/0525_0842&debugStart=931,https://raw.githubusercontent.com/jygameclub/testdataapi/main/mahjong1date/0525_0842/931.json,https://raw.githubusercontent.com/jygameclub/testdataapi/main/mahjong1date/0525_0842,普通中奖,504.00,12.60,5,4,27,31,35,4,1,否,否,是,3,1,704235,704243,4831779695659466,9465160.0,9465624.0,5段连消/续转 / 金色符号/百搭转换 / 多线中奖 3线
连消/掉落,257.json,257,90,金色/百搭,https://fish-games.s3.amazonaws.com/MahjongWays1/index.html?env=ceshislot.osshaiwai.com&hasFloat=0&token=436475c81b51e6893c740657870f86b7&language=en&debug=1&debugDataPath=https://raw.githubusercontent.com/jygameclub/testdataapi/main/mahjong1date/0525_0842&debugStart=257,https://raw.githubusercontent.com/jygameclub/testdataapi/main/mahjong1date/0525_0842/257.json,https://raw.githubusercontent.com/jygameclub/testdataapi/main/mahjong1date/0525_0842,普通中奖,320.00,8.00,4,3,17,19,21,2,1,否,否,是,3,0,701383,701388,8911779692915661,9472504.0,9472784.0,4段连消/续转 / 金色符号/百搭转换 / 多线中奖 3线
连消/掉落,637.json,637,90,金色/百搭,https://fish-games.s3.amazonaws.com/MahjongWays1/index.html?env=ceshislot.osshaiwai.com&hasFloat=0&token=436475c81b51e6893c740657870f86b7&language=en&debug=1&debugDataPath=https://raw.githubusercontent.com/jygameclub/testdataapi/main/mahjong1date/0525_0842&debugStart=637,https://raw.githubusercontent.com/jygameclub/testdataapi/main/mahjong1date/0525_0842/637.json,https://raw.githubusercontent.com/jygameclub/testdataapi/main/mahjong1date/0525_0842,普通中奖,228.00,5.70,3,2,13,16,20,3,2,否,否,是,3,0,703275,703277,7201779694905802,9466630.0,9466818.0,3段连消/续转 / 金色符号/百搭转换 / 多线中奖 3线
连消/掉落,420.json,420,75,金色/百搭,https://fish-games.s3.amazonaws.com/MahjongWays1/index.html?env=ceshislot.osshaiwai.com&hasFloat=0&token=436475c81b51e6893c740657870f86b7&language=en&debug=1&debugDataPath=https://raw.githubusercontent.com/jygameclub/testdataapi/main/mahjong1date/0525_0842&debugStart=420,https://raw.githubusercontent.com/jygameclub/testdataapi/main/mahjong1date/0525_0842/420.json,https://raw.githubusercontent.com/jygameclub/testdataapi/main/mahjong1date/0525_0842,普通中奖,512.00,12.80,4,3,20,22,23,2,1,否,否,是,2,0,702688,702692,9951779694532370,9471514.0,9471986.0,4段连消/续转 / 金色符号/百搭转换
连消/掉落,747.json,747,75,金色/百搭,https://fish-games.s3.amazonaws.com/MahjongWays1/index.html?env=ceshislot.osshaiwai.com&hasFloat=0&token=436475c81b51e6893c740657870f86b7&language=en&debug=1&debugDataPath=https://raw.githubusercontent.com/jygameclub/testdataapi/main/mahjong1date/0525_0842&debugStart=747,https://raw.githubusercontent.com/jygameclub/testdataapi/main/mahjong1date/0525_0842/747.json,https://raw.githubusercontent.com/jygameclub/testdataapi/main/mahjong1date/0525_0842,普通中奖,496.00,12.40,3,2,13,14,14,1,1,否,否,是,1,0,703746,703749,4001779695308649,9466058.0,9466514.0,3段连消/续转 / 金色符号/百搭转换
连消/掉落,527.json,527,75,金色/百搭,https://fish-games.s3.amazonaws.com/MahjongWays1/index.html?env=ceshislot.osshaiwai.com&hasFloat=0&token=436475c81b51e6893c740657870f86b7&language=en&debug=1&debugDataPath=https://raw.githubusercontent.com/jygameclub/testdataapi/main/mahjong1date/0525_0842&debugStart=527,https://raw.githubusercontent.com/jygameclub/testdataapi/main/mahjong1date/0525_0842/527.json,https://raw.githubusercontent.com/jygameclub/testdataapi/main/mahjong1date/0525_0842,普通中奖,488.00,12.20,3,2,13,13,13,0,0,否,否,是,1,1,702944,702950,3091779694719119,9469070.0,9469518.0,3段连消/续转 / 金色符号/百搭转换
连消/掉落,685.json,685,75,金色/百搭,https://fish-games.s3.amazonaws.com/MahjongWays1/index.html?env=ceshislot.osshaiwai.com&hasFloat=0&token=436475c81b51e6893c740657870f86b7&language=en&debug=1&debugDataPath=https://raw.githubusercontent.com/jygameclub/testdataapi/main/mahjong1date/0525_0842&debugStart=685,https://raw.githubusercontent.com/jygameclub/testdataapi/main/mahjong1date/0525_0842/685.json,https://raw.githubusercontent.com/jygameclub/testdataapi/main/mahjong1date/0525_0842,普通中奖,468.00,11.70,6,5,29,30,31,1,1,否,否,是,2,1,703493,703502,6271779695122168,9466078.0,9466506.0,6段连消/续转 / 金色符号/百搭转换
连消/掉落,969.json,969,75,金色/百搭,https://fish-games.s3.amazonaws.com/MahjongWays1/index.html?env=ceshislot.osshaiwai.com&hasFloat=0&token=436475c81b51e6893c740657870f86b7&language=en&debug=1&debugDataPath=https://raw.githubusercontent.com/jygameclub/testdataapi/main/mahjong1date/0525_0842&debugStart=969,https://raw.githubusercontent.com/jygameclub/testdataapi/main/mahjong1date/0525_0842/969.json,https://raw.githubusercontent.com/jygameclub/testdataapi/main/mahjong1date/0525_0842,普通中奖,416.00,10.40,4,3,15,16,16,1,1,否,否,是,1,0,704353,704358,4221779695741149,9465296.0,9465672.0,4段连消/续转 / 金色符号/百搭转换
连消/掉落,098.json,98,75,金色/百搭,https://fish-games.s3.amazonaws.com/MahjongWays1/index.html?env=ceshislot.osshaiwai.com&hasFloat=0&token=436475c81b51e6893c740657870f86b7&language=en&debug=1&debugDataPath=https://raw.githubusercontent.com/jygameclub/testdataapi/main/mahjong1date/0525_0842&debugStart=98,https://raw.githubusercontent.com/jygameclub/testdataapi/main/mahjong1date/0525_0842/098.json,https://raw.githubusercontent.com/jygameclub/testdataapi/main/mahjong1date/0525_0842,普通中奖,336.00,8.40,5,4,19,20,21,1,1,否,否,是,2,0,700776,700780,7111779692507739,9474756.0,9475052.0,5段连消/续转 / 金色符号/百搭转换
连消/掉落,578.json,578,75,金色/百搭,https://fish-games.s3.amazonaws.com/MahjongWays1/index.html?env=ceshislot.osshaiwai.com&hasFloat=0&token=436475c81b51e6893c740657870f86b7&language=en&debug=1&debugDataPath=https://raw.githubusercontent.com/jygameclub/testdataapi/main/mahjong1date/0525_0842&debugStart=578,https://raw.githubusercontent.com/jygameclub/testdataapi/main/mahjong1date/0525_0842/578.json,https://raw.githubusercontent.com/jygameclub/testdataapi/main/mahjong1date/0525_0842,普通中奖,320.00,8.00,2,1,9,9,9,0,0,否,否,是,1,1,703097,703099,5711779694803218,9468064.0,9468344.0,2段连消/续转 / 金色符号/百搭转换
连消/掉落,458.json,458,75,金色/百搭,https://fish-games.s3.amazonaws.com/MahjongWays1/index.html?env=ceshislot.osshaiwai.com&hasFloat=0&token=436475c81b51e6893c740657870f86b7&language=en&debug=1&debugDataPath=https://raw.githubusercontent.com/jygameclub/testdataapi/main/mahjong1date/0525_0842&debugStart=458,https://raw.githubusercontent.com/jygameclub/testdataapi/main/mahjong1date/0525_0842/458.json,https://raw.githubusercontent.com/jygameclub/testdataapi/main/mahjong1date/0525_0842,普通中奖,300.00,7.50,4,3,19,21,23,2,1,否,否,是,2,0,702750,702754,5631779694596853,9470790.0,9471050.0,4段连消/续转 / 金色符号/百搭转换
连消/掉落,313.json,313,75,金色/百搭,https://fish-games.s3.amazonaws.com/MahjongWays1/index.html?env=ceshislot.osshaiwai.com&hasFloat=0&token=436475c81b51e6893c740657870f86b7&language=en&debug=1&debugDataPath=https://raw.githubusercontent.com/jygameclub/testdataapi/main/mahjong1date/0525_0842&debugStart=313,https://raw.githubusercontent.com/jygameclub/testdataapi/main/mahjong1date/0525_0842/313.json,https://raw.githubusercontent.com/jygameclub/testdataapi/main/mahjong1date/0525_0842,普通中奖,288.00,7.20,4,3,16,17,17,1,1,否,否,是,1,0,702292,702300,8251779694111306,9472650.0,9472898.0,4段连消/续转 / 金色符号/百搭转换
连消/掉落,743.json,743,75,金色/百搭,https://fish-games.s3.amazonaws.com/MahjongWays1/index.html?env=ceshislot.osshaiwai.com&hasFloat=0&token=436475c81b51e6893c740657870f86b7&language=en&debug=1&debugDataPath=https://raw.githubusercontent.com/jygameclub/testdataapi/main/mahjong1date/0525_0842&debugStart=743,https://raw.githubusercontent.com/jygameclub/testdataapi/main/mahjong1date/0525_0842/743.json,https://raw.githubusercontent.com/jygameclub/testdataapi/main/mahjong1date/0525_0842,普通中奖,240.00,6.00,3,2,14,14,14,0,0,否,否,是,1,1,703737,703740,5451779695299149,9465978.0,9466178.0,3段连消/续转 / 金色符号/百搭转换
连消/掉落,107.json,107,75,金色/百搭,https://fish-games.s3.amazonaws.com/MahjongWays1/index.html?env=ceshislot.osshaiwai.com&hasFloat=0&token=436475c81b51e6893c740657870f86b7&language=en&debug=1&debugDataPath=https://raw.githubusercontent.com/jygameclub/testdataapi/main/mahjong1date/0525_0842&debugStart=107,https://raw.githubusercontent.com/jygameclub/testdataapi/main/mahjong1date/0525_0842/107.json,https://raw.githubusercontent.com/jygameclub/testdataapi/main/mahjong1date/0525_0842,普通中奖,240.00,6.00,2,1,9,9,9,0,0,否,否,是,1,0,700799,700800,1541779692531176,9474964.0,9475164.0,2段连消/续转 / 金色符号/百搭转换
连消/掉落,946.json,946,75,金色/百搭,https://fish-games.s3.amazonaws.com/MahjongWays1/index.html?env=ceshislot.osshaiwai.com&hasFloat=0&token=436475c81b51e6893c740657870f86b7&language=en&debug=1&debugDataPath=https://raw.githubusercontent.com/jygameclub/testdataapi/main/mahjong1date/0525_0842&debugStart=946,https://raw.githubusercontent.com/jygameclub/testdataapi/main/mahjong1date/0525_0842/946.json,https://raw.githubusercontent.com/jygameclub/testdataapi/main/mahjong1date/0525_0842,普通中奖,240.00,6.00,2,1,9,9,9,0,0,否,否,是,1,1,704276,704279,6021779695685033,9465064.0,9465264.0,2段连消/续转 / 金色符号/百搭转换
连消/掉落,740.json,740,75,金色/百搭,https://fish-games.s3.amazonaws.com/MahjongWays1/index.html?env=ceshislot.osshaiwai.com&hasFloat=0&token=436475c81b51e6893c740657870f86b7&language=en&debug=1&debugDataPath=https://raw.githubusercontent.com/jygameclub/testdataapi/main/mahjong1date/0525_0842&debugStart=740,https://raw.githubusercontent.com/jygameclub/testdataapi/main/mahjong1date/0525_0842/740.json,https://raw.githubusercontent.com/jygameclub/testdataapi/main/mahjong1date/0525_0842,普通中奖,218.00,5.45,3,2,12,14,16,2,2,否,否,是,2,0,703724,703726,9361779695287785,9465784.0,9465962.0,3段连消/续转 / 金色符号/百搭转换
连消/掉落,179.json,179,75,金色/百搭,https://fish-games.s3.amazonaws.com/MahjongWays1/index.html?env=ceshislot.osshaiwai.com&hasFloat=0&token=436475c81b51e6893c740657870f86b7&language=en&debug=1&debugDataPath=https://raw.githubusercontent.com/jygameclub/testdataapi/main/mahjong1date/0525_0842&debugStart=179,https://raw.githubusercontent.com/jygameclub/testdataapi/main/mahjong1date/0525_0842/179.json,https://raw.githubusercontent.com/jygameclub/testdataapi/main/mahjong1date/0525_0842,普通中奖,208.00,5.20,3,2,10,11,11,1,1,否,否,是,1,2,701070,701073,2391779692712043,9473260.0,9473428.0,3段连消/续转 / 金色符号/百搭转换
连消/掉落,716.json,716,75,金色/百搭,https://fish-games.s3.amazonaws.com/MahjongWays1/index.html?env=ceshislot.osshaiwai.com&hasFloat=0&token=436475c81b51e6893c740657870f86b7&language=en&debug=1&debugDataPath=https://raw.githubusercontent.com/jygameclub/testdataapi/main/mahjong1date/0525_0842&debugStart=716,https://raw.githubusercontent.com/jygameclub/testdataapi/main/mahjong1date/0525_0842/716.json,https://raw.githubusercontent.com/jygameclub/testdataapi/main/mahjong1date/0525_0842,普通中奖,208.00,5.20,3,2,14,15,16,1,1,否,否,是,2,0,703599,703602,7211779695183935,9465734.0,9465902.0,3段连消/续转 / 金色符号/百搭转换
连消/掉落,304.json,304,75,金色/百搭,https://fish-games.s3.amazonaws.com/MahjongWays1/index.html?env=ceshislot.osshaiwai.com&hasFloat=0&token=436475c81b51e6893c740657870f86b7&language=en&debug=1&debugDataPath=https://raw.githubusercontent.com/jygameclub/testdataapi/main/mahjong1date/0525_0842&debugStart=304,https://raw.githubusercontent.com/jygameclub/testdataapi/main/mahjong1date/0525_0842/304.json,https://raw.githubusercontent.com/jygameclub/testdataapi/main/mahjong1date/0525_0842,普通中奖,192.00,4.80,3,2,15,15,15,0,0,否,否,是,2,0,702255,702259,7081779694090241,9472714.0,9472866.0,3段连消/续转 / 金色符号/百搭转换
连消/掉落,004.json,4,75,金色/百搭,https://fish-games.s3.amazonaws.com/MahjongWays1/index.html?env=ceshislot.osshaiwai.com&hasFloat=0&token=436475c81b51e6893c740657870f86b7&language=en&debug=1&debugDataPath=https://raw.githubusercontent.com/jygameclub/testdataapi/main/mahjong1date/0525_0842&debugStart=4,https://raw.githubusercontent.com/jygameclub/testdataapi/main/mahjong1date/0525_0842/004.json,https://raw.githubusercontent.com/jygameclub/testdataapi/main/mahjong1date/0525_0842,普通中奖,184.00,4.60,3,2,12,14,15,2,1,否,否,是,2,2,700473,700480,1211779692357406,9477812.0,9477956.0,3段连消/续转 / 金色符号/百搭转换
连消/掉落,623.json,623,75,金色/百搭,https://fish-games.s3.amazonaws.com/MahjongWays1/index.html?env=ceshislot.osshaiwai.com&hasFloat=0&token=436475c81b51e6893c740657870f86b7&language=en&debug=1&debugDataPath=https://raw.githubusercontent.com/jygameclub/testdataapi/main/mahjong1date/0525_0842&debugStart=623,https://raw.githubusercontent.com/jygameclub/testdataapi/main/mahjong1date/0525_0842/623.json,https://raw.githubusercontent.com/jygameclub/testdataapi/main/mahjong1date/0525_0842,普通中奖,184.00,4.60,3,2,20,21,22,1,1,否,否,是,2,0,703243,703247,6661779694886284,9466946.0,9467090.0,3段连消/续转 / 金色符号/百搭转换
连消/掉落,796.json,796,75,金色/百搭,https://fish-games.s3.amazonaws.com/MahjongWays1/index.html?env=ceshislot.osshaiwai.com&hasFloat=0&token=436475c81b51e6893c740657870f86b7&language=en&debug=1&debugDataPath=https://raw.githubusercontent.com/jygameclub/testdataapi/main/mahjong1date/0525_0842&debugStart=796,https://raw.githubusercontent.com/jygameclub/testdataapi/main/mahjong1date/0525_0842/796.json,https://raw.githubusercontent.com/jygameclub/testdataapi/main/mahjong1date/0525_0842,普通中奖,180.00,4.50,3,2,12,12,12,0,0,否,否,是,1,2,703862,703864,7191779695394967,9465042.0,9465182.0,3段连消/续转 / 金色符号/百搭转换
连消/掉落,709.json,709,75,金色/百搭,https://fish-games.s3.amazonaws.com/MahjongWays1/index.html?env=ceshislot.osshaiwai.com&hasFloat=0&token=436475c81b51e6893c740657870f86b7&language=en&debug=1&debugDataPath=https://raw.githubusercontent.com/jygameclub/testdataapi/main/mahjong1date/0525_0842&debugStart=709,https://raw.githubusercontent.com/jygameclub/testdataapi/main/mahjong1date/0525_0842/709.json,https://raw.githubusercontent.com/jygameclub/testdataapi/main/mahjong1date/0525_0842,普通中奖,176.00,4.40,4,3,11,12,12,1,1,否,否,是,1,1,703575,703583,8141779695170018,9465838.0,9465974.0,4段连消/续转 / 金色符号/百搭转换
连消/掉落,462.json,462,75,金色/百搭,https://fish-games.s3.amazonaws.com/MahjongWays1/index.html?env=ceshislot.osshaiwai.com&hasFloat=0&token=436475c81b51e6893c740657870f86b7&language=en&debug=1&debugDataPath=https://raw.githubusercontent.com/jygameclub/testdataapi/main/mahjong1date/0525_0842&debugStart=462,https://raw.githubusercontent.com/jygameclub/testdataapi/main/mahjong1date/0525_0842/462.json,https://raw.githubusercontent.com/jygameclub/testdataapi/main/mahjong1date/0525_0842,普通中奖,170.00,4.25,3,2,8,9,9,1,1,否,否,是,1,0,702761,702765,3841779694608221,9470938.0,9471068.0,3段连消/续转 / 金色符号/百搭转换
连消/掉落,495.json,495,75,金色/百搭,https://fish-games.s3.amazonaws.com/MahjongWays1/index.html?env=ceshislot.osshaiwai.com&hasFloat=0&token=436475c81b51e6893c740657870f86b7&language=en&debug=1&debugDataPath=https://raw.githubusercontent.com/jygameclub/testdataapi/main/mahjong1date/0525_0842&debugStart=495,https://raw.githubusercontent.com/jygameclub/testdataapi/main/mahjong1date/0525_0842/495.json,https://raw.githubusercontent.com/jygameclub/testdataapi/main/mahjong1date/0525_0842,普通中奖,160.00,4.00,2,1,8,8,8,0,0,否,否,是,1,1,702846,702848,9961779694665203,9470030.0,9470150.0,2段连消/续转 / 金色符号/百搭转换
连消/掉落,807.json,807,75,金色/百搭,https://fish-games.s3.amazonaws.com/MahjongWays1/index.html?env=ceshislot.osshaiwai.com&hasFloat=0&token=436475c81b51e6893c740657870f86b7&language=en&debug=1&debugDataPath=https://raw.githubusercontent.com/jygameclub/testdataapi/main/mahjong1date/0525_0842&debugStart=807,https://raw.githubusercontent.com/jygameclub/testdataapi/main/mahjong1date/0525_0842/807.json,https://raw.githubusercontent.com/jygameclub/testdataapi/main/mahjong1date/0525_0842,普通中奖,160.00,4.00,2,1,8,8,8,0,0,否,否,是,1,1,703889,703890,8311779695415800,9464894.0,9465014.0,2段连消/续转 / 金色符号/百搭转换
连消/掉落,165.json,165,75,金色/百搭,https://fish-games.s3.amazonaws.com/MahjongWays1/index.html?env=ceshislot.osshaiwai.com&hasFloat=0&token=436475c81b51e6893c740657870f86b7&language=en&debug=1&debugDataPath=https://raw.githubusercontent.com/jygameclub/testdataapi/main/mahjong1date/0525_0842&debugStart=165,https://raw.githubusercontent.com/jygameclub/testdataapi/main/mahjong1date/0525_0842/165.json,https://raw.githubusercontent.com/jygameclub/testdataapi/main/mahjong1date/0525_0842,普通中奖,156.00,3.90,4,3,12,13,13,1,1,否,否,是,1,0,701023,701031,5491779692688158,9473580.0,9473696.0,4段连消/续转 / 金色符号/百搭转换
连消/掉落,100.json,100,75,金色/百搭,https://fish-games.s3.amazonaws.com/MahjongWays1/index.html?env=ceshislot.osshaiwai.com&hasFloat=0&token=436475c81b51e6893c740657870f86b7&language=en&debug=1&debugDataPath=https://raw.githubusercontent.com/jygameclub/testdataapi/main/mahjong1date/0525_0842&debugStart=100,https://raw.githubusercontent.com/jygameclub/testdataapi/main/mahjong1date/0525_0842/100.json,https://raw.githubusercontent.com/jygameclub/testdataapi/main/mahjong1date/0525_0842,普通中奖,152.00,3.80,3,2,11,12,12,1,1,否,否,是,1,0,700782,700785,9491779692518156,9475012.0,9475124.0,3段连消/续转 / 金色符号/百搭转换
连消/掉落,770.json,770,75,金色/百搭,https://fish-games.s3.amazonaws.com/MahjongWays1/index.html?env=ceshislot.osshaiwai.com&hasFloat=0&token=436475c81b51e6893c740657870f86b7&language=en&debug=1&debugDataPath=https://raw.githubusercontent.com/jygameclub/testdataapi/main/mahjong1date/0525_0842&debugStart=770,https://raw.githubusercontent.com/jygameclub/testdataapi/main/mahjong1date/0525_0842/770.json,https://raw.githubusercontent.com/jygameclub/testdataapi/main/mahjong1date/0525_0842,普通中奖,148.00,3.70,4,3,13,14,14,1,1,否,否,是,1,1,703791,703795,7201779695343067,9465690.0,9465798.0,4段连消/续转 / 金色符号/百搭转换
连消/掉落,574.json,574,75,金色/百搭,https://fish-games.s3.amazonaws.com/MahjongWays1/index.html?env=ceshislot.osshaiwai.com&hasFloat=0&token=436475c81b51e6893c740657870f86b7&language=en&debug=1&debugDataPath=https://raw.githubusercontent.com/jygameclub/testdataapi/main/mahjong1date/0525_0842&debugStart=574,https://raw.githubusercontent.com/jygameclub/testdataapi/main/mahjong1date/0525_0842/574.json,https://raw.githubusercontent.com/jygameclub/testdataapi/main/mahjong1date/0525_0842,普通中奖,140.00,3.50,3,2,11,11,11,0,0,否,否,是,1,0,703077,703082,7361779694793402,9468004.0,9468104.0,3段连消/续转 / 金色符号/百搭转换
连消/掉落,290.json,290,75,金色/百搭,https://fish-games.s3.amazonaws.com/MahjongWays1/index.html?env=ceshislot.osshaiwai.com&hasFloat=0&token=436475c81b51e6893c740657870f86b7&language=en&debug=1&debugDataPath=https://raw.githubusercontent.com/jygameclub/testdataapi/main/mahjong1date/0525_0842&debugStart=290,https://raw.githubusercontent.com/jygameclub/testdataapi/main/mahjong1date/0525_0842/290.json,https://raw.githubusercontent.com/jygameclub/testdataapi/main/mahjong1date/0525_0842,普通中奖,130.00,3.25,3,2,11,11,11,0,0,否,否,是,1,1,701473,701479,5801779692980825,9473116.0,9473206.0,3段连消/续转 / 金色符号/百搭转换
连消/掉落,589.json,589,75,金色/百搭,https://fish-games.s3.amazonaws.com/MahjongWays1/index.html?env=ceshislot.osshaiwai.com&hasFloat=0&token=436475c81b51e6893c740657870f86b7&language=en&debug=1&debugDataPath=https://raw.githubusercontent.com/jygameclub/testdataapi/main/mahjong1date/0525_0842&debugStart=589,https://raw.githubusercontent.com/jygameclub/testdataapi/main/mahjong1date/0525_0842/589.json,https://raw.githubusercontent.com/jygameclub/testdataapi/main/mahjong1date/0525_0842,普通中奖,128.00,3.20,4,3,13,13,13,0,0,否,否,是,1,1,703129,703136,3571779694819335,9467956.0,9468044.0,4段连消/续转 / 金色符号/百搭转换
连消/掉落,332.json,332,75,金色/百搭,https://fish-games.s3.amazonaws.com/MahjongWays1/index.html?env=ceshislot.osshaiwai.com&hasFloat=0&token=436475c81b51e6893c740657870f86b7&language=en&debug=1&debugDataPath=https://raw.githubusercontent.com/jygameclub/testdataapi/main/mahjong1date/0525_0842&debugStart=332,https://raw.githubusercontent.com/jygameclub/testdataapi/main/mahjong1date/0525_0842/332.json,https://raw.githubusercontent.com/jygameclub/testdataapi/main/mahjong1date/0525_0842,普通中奖,128.00,3.20,3,2,11,11,11,0,0,否,否,是,1,0,702370,702374,6851779694162522,9473642.0,9473730.0,3段连消/续转 / 金色符号/百搭转换
连消/掉落,863.json,863,75,金色/百搭,https://fish-games.s3.amazonaws.com/MahjongWays1/index.html?env=ceshislot.osshaiwai.com&hasFloat=0&token=436475c81b51e6893c740657870f86b7&language=en&debug=1&debugDataPath=https://raw.githubusercontent.com/jygameclub/testdataapi/main/mahjong1date/0525_0842&debugStart=863,https://raw.githubusercontent.com/jygameclub/testdataapi/main/mahjong1date/0525_0842/863.json,https://raw.githubusercontent.com/jygameclub/testdataapi/main/mahjong1date/0525_0842,普通中奖,120.00,3.00,3,2,11,11,11,0,0,否,否,是,1,1,704074,704077,5321779695543651,9467352.0,9467432.0,3段连消/续转 / 金色符号/百搭转换
连消/掉落,989.json,989,75,金色/百搭,https://fish-games.s3.amazonaws.com/MahjongWays1/index.html?env=ceshislot.osshaiwai.com&hasFloat=0&token=436475c81b51e6893c740657870f86b7&language=en&debug=1&debugDataPath=https://raw.githubusercontent.com/jygameclub/testdataapi/main/mahjong1date/0525_0842&debugStart=989,https://raw.githubusercontent.com/jygameclub/testdataapi/main/mahjong1date/0525_0842/989.json,https://raw.githubusercontent.com/jygameclub/testdataapi/main/mahjong1date/0525_0842,普通中奖,120.00,3.00,3,2,11,12,12,1,1,否,否,是,1,0,704395,704398,6561779695771884,9464954.0,9465034.0,3段连消/续转 / 金色符号/百搭转换
连消/掉落,260.json,260,75,金色/百搭,https://fish-games.s3.amazonaws.com/MahjongWays1/index.html?env=ceshislot.osshaiwai.com&hasFloat=0&token=436475c81b51e6893c740657870f86b7&language=en&debug=1&debugDataPath=https://raw.githubusercontent.com/jygameclub/testdataapi/main/mahjong1date/0525_0842&debugStart=260,https://raw.githubusercontent.com/jygameclub/testdataapi/main/mahjong1date/0525_0842/260.json,https://raw.githubusercontent.com/jygameclub/testdataapi/main/mahjong1date/0525_0842,普通中奖,120.00,3.00,2,1,8,8,8,0,0,否,否,是,1,1,701394,701395,7221779692924674,9472704.0,9472784.0,2段连消/续转 / 金色符号/百搭转换
连消/掉落,452.json,452,75,金色/百搭,https://fish-games.s3.amazonaws.com/MahjongWays1/index.html?env=ceshislot.osshaiwai.com&hasFloat=0&token=436475c81b51e6893c740657870f86b7&language=en&debug=1&debugDataPath=https://raw.githubusercontent.com/jygameclub/testdataapi/main/mahjong1date/0525_0842&debugStart=452,https://raw.githubusercontent.com/jygameclub/testdataapi/main/mahjong1date/0525_0842/452.json,https://raw.githubusercontent.com/jygameclub/testdataapi/main/mahjong1date/0525_0842,普通中奖,120.00,3.00,2,1,8,8,8,0,0,否,否,是,1,1,702737,702738,5861779694580319,9470882.0,9470962.0,2段连消/续转 / 金色符号/百搭转换
连消/掉落,696.json,696,75,金色/百搭,https://fish-games.s3.amazonaws.com/MahjongWays1/index.html?env=ceshislot.osshaiwai.com&hasFloat=0&token=436475c81b51e6893c740657870f86b7&language=en&debug=1&debugDataPath=https://raw.githubusercontent.com/jygameclub/testdataapi/main/mahjong1date/0525_0842&debugStart=696,https://raw.githubusercontent.com/jygameclub/testdataapi/main/mahjong1date/0525_0842/696.json,https://raw.githubusercontent.com/jygameclub/testdataapi/main/mahjong1date/0525_0842,普通中奖,120.00,3.00,2,1,8,8,8,0,0,否,否,是,1,1,703537,703540,6841779695149401,9466154.0,9466234.0,2段连消/续转 / 金色符号/百搭转换
连消/掉落,317.json,317,75,金色/百搭,https://fish-games.s3.amazonaws.com/MahjongWays1/index.html?env=ceshislot.osshaiwai.com&hasFloat=0&token=436475c81b51e6893c740657870f86b7&language=en&debug=1&debugDataPath=https://raw.githubusercontent.com/jygameclub/testdataapi/main/mahjong1date/0525_0842&debugStart=317,https://raw.githubusercontent.com/jygameclub/testdataapi/main/mahjong1date/0525_0842/317.json,https://raw.githubusercontent.com/jygameclub/testdataapi/main/mahjong1date/0525_0842,普通中奖,112.00,2.80,4,3,12,13,14,1,1,否,否,是,2,0,702321,702329,7801779694134005,9474074.0,9474146.0,4段连消/续转 / 金色符号/百搭转换
连消/掉落,431.json,431,75,金色/百搭,https://fish-games.s3.amazonaws.com/MahjongWays1/index.html?env=ceshislot.osshaiwai.com&hasFloat=0&token=436475c81b51e6893c740657870f86b7&language=en&debug=1&debugDataPath=https://raw.githubusercontent.com/jygameclub/testdataapi/main/mahjong1date/0525_0842&debugStart=431,https://raw.githubusercontent.com/jygameclub/testdataapi/main/mahjong1date/0525_0842/431.json,https://raw.githubusercontent.com/jygameclub/testdataapi/main/mahjong1date/0525_0842,普通中奖,100.00,2.50,2,1,12,12,12,0,0,否,否,是,2,0,702707,702709,6071779694552704,9471614.0,9471674.0,2段连消/续转 / 金色符号/百搭转换
连消/掉落,569.json,569,75,金色/百搭,https://fish-games.s3.amazonaws.com/MahjongWays1/index.html?env=ceshislot.osshaiwai.com&hasFloat=0&token=436475c81b51e6893c740657870f86b7&language=en&debug=1&debugDataPath=https://raw.githubusercontent.com/jygameclub/testdataapi/main/mahjong1date/0525_0842&debugStart=569,https://raw.githubusercontent.com/jygameclub/testdataapi/main/mahjong1date/0525_0842/569.json,https://raw.githubusercontent.com/jygameclub/testdataapi/main/mahjong1date/0525_0842,普通中奖,96.00,2.40,3,2,10,10,10,0,0,否,否,是,1,2,703060,703066,7141779694782336,9468108.0,9468164.0,3段连消/续转 / 金色符号/百搭转换
连消/掉落,741.json,741,75,金色/百搭,https://fish-games.s3.amazonaws.com/MahjongWays1/index.html?env=ceshislot.osshaiwai.com&hasFloat=0&token=436475c81b51e6893c740657870f86b7&language=en&debug=1&debugDataPath=https://raw.githubusercontent.com/jygameclub/testdataapi/main/mahjong1date/0525_0842&debugStart=741,https://raw.githubusercontent.com/jygameclub/testdataapi/main/mahjong1date/0525_0842/741.json,https://raw.githubusercontent.com/jygameclub/testdataapi/main/mahjong1date/0525_0842,普通中奖,96.00,2.40,3,2,8,8,8,0,0,否,否,是,1,1,703729,703733,6541779695292568,9465962.0,9466018.0,3段连消/续转 / 金色符号/百搭转换
连消/掉落,305.json,305,75,金色/百搭,https://fish-games.s3.amazonaws.com/MahjongWays1/index.html?env=ceshislot.osshaiwai.com&hasFloat=0&token=436475c81b51e6893c740657870f86b7&language=en&debug=1&debugDataPath=https://raw.githubusercontent.com/jygameclub/testdataapi/main/mahjong1date/0525_0842&debugStart=305,https://raw.githubusercontent.com/jygameclub/testdataapi/main/mahjong1date/0525_0842/305.json,https://raw.githubusercontent.com/jygameclub/testdataapi/main/mahjong1date/0525_0842,普通中奖,88.00,2.20,3,2,8,8,8,0,0,否,否,是,1,1,702264,702270,2891779694094990,9472866.0,9472914.0,3段连消/续转 / 金色符号/百搭转换
连消/掉落,593.json,593,75,金色/百搭,https://fish-games.s3.amazonaws.com/MahjongWays1/index.html?env=ceshislot.osshaiwai.com&hasFloat=0&token=436475c81b51e6893c740657870f86b7&language=en&debug=1&debugDataPath=https://raw.githubusercontent.com/jygameclub/testdataapi/main/mahjong1date/0525_0842&debugStart=593,https://raw.githubusercontent.com/jygameclub/testdataapi/main/mahjong1date/0525_0842/593.json,https://raw.githubusercontent.com/jygameclub/testdataapi/main/mahjong1date/0525_0842,普通中奖,88.00,2.20,3,2,9,10,10,1,1,否,否,是,1,1,703143,703148,5771779694830135,9467924.0,9467972.0,3段连消/续转 / 金色符号/百搭转换
连消/掉落,924.json,924,75,金色/百搭,https://fish-games.s3.amazonaws.com/MahjongWays1/index.html?env=ceshislot.osshaiwai.com&hasFloat=0&token=436475c81b51e6893c740657870f86b7&language=en&debug=1&debugDataPath=https://raw.githubusercontent.com/jygameclub/testdataapi/main/mahjong1date/0525_0842&debugStart=924,https://raw.githubusercontent.com/jygameclub/testdataapi/main/mahjong1date/0525_0842/924.json,https://raw.githubusercontent.com/jygameclub/testdataapi/main/mahjong1date/0525_0842,普通中奖,80.00,2.00,4,3,12,13,14,1,1,否,否,是,2,1,704217,704222,3081779695642417,9465316.0,9465356.0,4段连消/续转 / 金色符号/百搭转换
连消/掉落,117.json,117,75,金色/百搭,https://fish-games.s3.amazonaws.com/MahjongWays1/index.html?env=ceshislot.osshaiwai.com&hasFloat=0&token=436475c81b51e6893c740657870f86b7&language=en&debug=1&debugDataPath=https://raw.githubusercontent.com/jygameclub/testdataapi/main/mahjong1date/0525_0842&debugStart=117,https://raw.githubusercontent.com/jygameclub/testdataapi/main/mahjong1date/0525_0842/117.json,https://raw.githubusercontent.com/jygameclub/testdataapi/main/mahjong1date/0525_0842,普通中奖,80.00,2.00,3,2,11,11,11,0,0,否,否,是,1,1,700820,700825,9251779692544241,9474820.0,9474860.0,3段连消/续转 / 金色符号/百搭转换
连消/掉落,256.json,256,75,金色/百搭,https://fish-games.s3.amazonaws.com/MahjongWays1/index.html?env=ceshislot.osshaiwai.com&hasFloat=0&token=436475c81b51e6893c740657870f86b7&language=en&debug=1&debugDataPath=https://raw.githubusercontent.com/jygameclub/testdataapi/main/mahjong1date/0525_0842&debugStart=256,https://raw.githubusercontent.com/jygameclub/testdataapi/main/mahjong1date/0525_0842/256.json,https://raw.githubusercontent.com/jygameclub/testdataapi/main/mahjong1date/0525_0842,普通中奖,80.00,2.00,3,2,10,10,10,0,0,否,否,是,1,2,701379,701381,8981779692909824,9472464.0,9472504.0,3段连消/续转 / 金色符号/百搭转换
连消/掉落,005.json,5,75,金色/百搭,https://fish-games.s3.amazonaws.com/MahjongWays1/index.html?env=ceshislot.osshaiwai.com&hasFloat=0&token=436475c81b51e6893c740657870f86b7&language=en&debug=1&debugDataPath=https://raw.githubusercontent.com/jygameclub/testdataapi/main/mahjong1date/0525_0842&debugStart=5,https://raw.githubusercontent.com/jygameclub/testdataapi/main/mahjong1date/0525_0842/005.json,https://raw.githubusercontent.com/jygameclub/testdataapi/main/mahjong1date/0525_0842,普通中奖,80.00,2.00,2,1,7,7,7,0,0,否,否,是,1,0,700483,700485,9381779692363574,9477956.0,9477996.0,2段连消/续转 / 金色符号/百搭转换
连消/掉落,040.json,40,75,金色/百搭,https://fish-games.s3.amazonaws.com/MahjongWays1/index.html?env=ceshislot.osshaiwai.com&hasFloat=0&token=436475c81b51e6893c740657870f86b7&language=en&debug=1&debugDataPath=https://raw.githubusercontent.com/jygameclub/testdataapi/main/mahjong1date/0525_0842&debugStart=40,https://raw.githubusercontent.com/jygameclub/testdataapi/main/mahjong1date/0525_0842/040.json,https://raw.githubusercontent.com/jygameclub/testdataapi/main/mahjong1date/0525_0842,普通中奖,80.00,2.00,2,1,6,7,7,1,1,否,否,是,1,0,700609,700611,7421779692427907,9476824.0,9476864.0,2段连消/续转 / 金色符号/百搭转换
连消/掉落,066.json,66,75,金色/百搭,https://fish-games.s3.amazonaws.com/MahjongWays1/index.html?env=ceshislot.osshaiwai.com&hasFloat=0&token=436475c81b51e6893c740657870f86b7&language=en&debug=1&debugDataPath=https://raw.githubusercontent.com/jygameclub/testdataapi/main/mahjong1date/0525_0842&debugStart=66,https://raw.githubusercontent.com/jygameclub/testdataapi/main/mahjong1date/0525_0842/066.json,https://raw.githubusercontent.com/jygameclub/testdataapi/main/mahjong1date/0525_0842,普通中奖,80.00,2.00,2,1,7,7,7,0,0,否,否,是,1,0,700683,700684,3391779692462573,9475892.0,9475932.0,2段连消/续转 / 金色符号/百搭转换
连消/掉落,105.json,105,75,金色/百搭,https://fish-games.s3.amazonaws.com/MahjongWays1/index.html?env=ceshislot.osshaiwai.com&hasFloat=0&token=436475c81b51e6893c740657870f86b7&language=en&debug=1&debugDataPath=https://raw.githubusercontent.com/jygameclub/testdataapi/main/mahjong1date/0525_0842&debugStart=105,https://raw.githubusercontent.com/jygameclub/testdataapi/main/mahjong1date/0525_0842/105.json,https://raw.githubusercontent.com/jygameclub/testdataapi/main/mahjong1date/0525_0842,普通中奖,80.00,2.00,2,1,7,7,7,0,0,否,否,是,1,0,700792,700794,9031779692526989,9474964.0,9475004.0,2段连消/续转 / 金色符号/百搭转换
连消/掉落,124.json,124,75,金色/百搭,https://fish-games.s3.amazonaws.com/MahjongWays1/index.html?env=ceshislot.osshaiwai.com&hasFloat=0&token=436475c81b51e6893c740657870f86b7&language=en&debug=1&debugDataPath=https://raw.githubusercontent.com/jygameclub/testdataapi/main/mahjong1date/0525_0842&debugStart=124,https://raw.githubusercontent.com/jygameclub/testdataapi/main/mahjong1date/0525_0842/124.json,https://raw.githubusercontent.com/jygameclub/testdataapi/main/mahjong1date/0525_0842,普通中奖,80.00,2.00,2,1,6,7,7,1,1,否,否,是,1,0,700841,700842,6121779692558643,9474680.0,9474720.0,2段连消/续转 / 金色符号/百搭转换
连消/掉落,149.json,149,75,金色/百搭,https://fish-games.s3.amazonaws.com/MahjongWays1/index.html?env=ceshislot.osshaiwai.com&hasFloat=0&token=436475c81b51e6893c740657870f86b7&language=en&debug=1&debugDataPath=https://raw.githubusercontent.com/jygameclub/testdataapi/main/mahjong1date/0525_0842&debugStart=149,https://raw.githubusercontent.com/jygameclub/testdataapi/main/mahjong1date/0525_0842/149.json,https://raw.githubusercontent.com/jygameclub/testdataapi/main/mahjong1date/0525_0842,普通中奖,80.00,2.00,2,1,7,7,7,0,0,否,否,是,1,0,700982,700983,9721779692663143,9474068.0,9474108.0,2段连消/续转 / 金色符号/百搭转换
连消/掉落,177.json,177,75,金色/百搭,https://fish-games.s3.amazonaws.com/MahjongWays1/index.html?env=ceshislot.osshaiwai.com&hasFloat=0&token=436475c81b51e6893c740657870f86b7&language=en&debug=1&debugDataPath=https://raw.githubusercontent.com/jygameclub/testdataapi/main/mahjong1date/0525_0842&debugStart=177,https://raw.githubusercontent.com/jygameclub/testdataapi/main/mahjong1date/0525_0842/177.json,https://raw.githubusercontent.com/jygameclub/testdataapi/main/mahjong1date/0525_0842,普通中奖,80.00,2.00,2,1,7,7,7,0,0,否,否,是,1,0,701058,701061,3531779692705626,9473256.0,9473296.0,2段连消/续转 / 金色符号/百搭转换
连消/掉落,353.json,353,75,金色/百搭,https://fish-games.s3.amazonaws.com/MahjongWays1/index.html?env=ceshislot.osshaiwai.com&hasFloat=0&token=436475c81b51e6893c740657870f86b7&language=en&debug=1&debugDataPath=https://raw.githubusercontent.com/jygameclub/testdataapi/main/mahjong1date/0525_0842&debugStart=353,https://raw.githubusercontent.com/jygameclub/testdataapi/main/mahjong1date/0525_0842/353.json,https://raw.githubusercontent.com/jygameclub/testdataapi/main/mahjong1date/0525_0842,普通中奖,80.00,2.00,2,1,6,6,6,0,0,否,否,是,1,1,702493,702494,9551779694297254,9473666.0,9473706.0,2段连消/续转 / 金色符号/百搭转换
连消/掉落,575.json,575,75,金色/百搭,https://fish-games.s3.amazonaws.com/MahjongWays1/index.html?env=ceshislot.osshaiwai.com&hasFloat=0&token=436475c81b51e6893c740657870f86b7&language=en&debug=1&debugDataPath=https://raw.githubusercontent.com/jygameclub/testdataapi/main/mahjong1date/0525_0842&debugStart=575,https://raw.githubusercontent.com/jygameclub/testdataapi/main/mahjong1date/0525_0842/575.json,https://raw.githubusercontent.com/jygameclub/testdataapi/main/mahjong1date/0525_0842,普通中奖,80.00,2.00,2,1,4,4,4,0,0,否,否,是,1,1,703086,703087,3371779694798152,9468104.0,9468144.0,2段连消/续转 / 金色符号/百搭转换
连消/掉落,595.json,595,75,金色/百搭,https://fish-games.s3.amazonaws.com/MahjongWays1/index.html?env=ceshislot.osshaiwai.com&hasFloat=0&token=436475c81b51e6893c740657870f86b7&language=en&debug=1&debugDataPath=https://raw.githubusercontent.com/jygameclub/testdataapi/main/mahjong1date/0525_0842&debugStart=595,https://raw.githubusercontent.com/jygameclub/testdataapi/main/mahjong1date/0525_0842/595.json,https://raw.githubusercontent.com/jygameclub/testdataapi/main/mahjong1date/0525_0842,普通中奖,80.00,2.00,2,1,6,6,6,0,0,否,否,是,1,0,703154,703155,1741779694837469,9467932.0,9467972.0,2段连消/续转 / 金色符号/百搭转换
连消/掉落,800.json,800,75,金色/百搭,https://fish-games.s3.amazonaws.com/MahjongWays1/index.html?env=ceshislot.osshaiwai.com&hasFloat=0&token=436475c81b51e6893c740657870f86b7&language=en&debug=1&debugDataPath=https://raw.githubusercontent.com/jygameclub/testdataapi/main/mahjong1date/0525_0842&debugStart=800,https://raw.githubusercontent.com/jygameclub/testdataapi/main/mahjong1date/0525_0842/800.json,https://raw.githubusercontent.com/jygameclub/testdataapi/main/mahjong1date/0525_0842,普通中奖,80.00,2.00,2,1,7,7,7,0,0,否,否,是,1,0,703871,703872,7701779695403816,9465062.0,9465102.0,2段连消/续转 / 金色符号/百搭转换
连消/掉落,853.json,853,75,金色/百搭,https://fish-games.s3.amazonaws.com/MahjongWays1/index.html?env=ceshislot.osshaiwai.com&hasFloat=0&token=436475c81b51e6893c740657870f86b7&language=en&debug=1&debugDataPath=https://raw.githubusercontent.com/jygameclub/testdataapi/main/mahjong1date/0525_0842&debugStart=853,https://raw.githubusercontent.com/jygameclub/testdataapi/main/mahjong1date/0525_0842/853.json,https://raw.githubusercontent.com/jygameclub/testdataapi/main/mahjong1date/0525_0842,普通中奖,80.00,2.00,2,1,7,7,7,0,0,否,否,是,1,1,704044,704047,1371779695527866,9467592.0,9467632.0,2段连消/续转 / 金色符号/百搭转换
连消/掉落,854.json,854,75,金色/百搭,https://fish-games.s3.amazonaws.com/MahjongWays1/index.html?env=ceshislot.osshaiwai.com&hasFloat=0&token=436475c81b51e6893c740657870f86b7&language=en&debug=1&debugDataPath=https://raw.githubusercontent.com/jygameclub/testdataapi/main/mahjong1date/0525_0842&debugStart=854,https://raw.githubusercontent.com/jygameclub/testdataapi/main/mahjong1date/0525_0842/854.json,https://raw.githubusercontent.com/jygameclub/testdataapi/main/mahjong1date/0525_0842,普通中奖,80.00,2.00,2,1,7,7,7,0,0,否,否,是,1,0,704050,704052,9001779695531533,9467632.0,9467672.0,2段连消/续转 / 金色符号/百搭转换
连消/掉落,959.json,959,75,金色/百搭,https://fish-games.s3.amazonaws.com/MahjongWays1/index.html?env=ceshislot.osshaiwai.com&hasFloat=0&token=436475c81b51e6893c740657870f86b7&language=en&debug=1&debugDataPath=https://raw.githubusercontent.com/jygameclub/testdataapi/main/mahjong1date/0525_0842&debugStart=959,https://raw.githubusercontent.com/jygameclub/testdataapi/main/mahjong1date/0525_0842/959.json,https://raw.githubusercontent.com/jygameclub/testdataapi/main/mahjong1date/0525_0842,普通中奖,80.00,2.00,2,1,6,6,6,0,0,否,否,是,1,0,704332,704333,9561779695721649,9465592.0,9465632.0,2段连消/续转 / 金色符号/百搭转换
连消/掉落,663.json,663,75,金色/百搭,https://fish-games.s3.amazonaws.com/MahjongWays1/index.html?env=ceshislot.osshaiwai.com&hasFloat=0&token=436475c81b51e6893c740657870f86b7&language=en&debug=1&debugDataPath=https://raw.githubusercontent.com/jygameclub/testdataapi/main/mahjong1date/0525_0842&debugStart=663,https://raw.githubusercontent.com/jygameclub/testdataapi/main/mahjong1date/0525_0842/663.json,https://raw.githubusercontent.com/jygameclub/testdataapi/main/mahjong1date/0525_0842,普通中奖,76.00,1.90,3,2,10,11,11,1,1,否,否,是,1,0,703382,703384,9841779695019986,9466198.0,9466234.0,3段连消/续转 / 金色符号/百搭转换
连消/掉落,535.json,535,75,金色/百搭,https://fish-games.s3.amazonaws.com/MahjongWays1/index.html?env=ceshislot.osshaiwai.com&hasFloat=0&token=436475c81b51e6893c740657870f86b7&language=en&debug=1&debugDataPath=https://raw.githubusercontent.com/jygameclub/testdataapi/main/mahjong1date/0525_0842&debugStart=535,https://raw.githubusercontent.com/jygameclub/testdataapi/main/mahjong1date/0525_0842/535.json,https://raw.githubusercontent.com/jygameclub/testdataapi/main/mahjong1date/0525_0842,普通中奖,70.00,1.75,3,2,8,9,9,1,1,否,否,是,1,0,702969,702972,8181779694731802,9469238.0,9469268.0,3段连消/续转 / 金色符号/百搭转换
连消/掉落,403.json,403,75,金色/百搭,https://fish-games.s3.amazonaws.com/MahjongWays1/index.html?env=ceshislot.osshaiwai.com&hasFloat=0&token=436475c81b51e6893c740657870f86b7&language=en&debug=1&debugDataPath=https://raw.githubusercontent.com/jygameclub/testdataapi/main/mahjong1date/0525_0842&debugStart=403,https://raw.githubusercontent.com/jygameclub/testdataapi/main/mahjong1date/0525_0842/403.json,https://raw.githubusercontent.com/jygameclub/testdataapi/main/mahjong1date/0525_0842,普通中奖,68.00,1.70,3,2,8,8,8,0,0,否,否,是,1,1,702655,702658,9261779694507205,9472106.0,9472134.0,3段连消/续转 / 金色符号/百搭转换
连消/掉落,120.json,120,75,金色/百搭,https://fish-games.s3.amazonaws.com/MahjongWays1/index.html?env=ceshislot.osshaiwai.com&hasFloat=0&token=436475c81b51e6893c740657870f86b7&language=en&debug=1&debugDataPath=https://raw.githubusercontent.com/jygameclub/testdataapi/main/mahjong1date/0525_0842&debugStart=120,https://raw.githubusercontent.com/jygameclub/testdataapi/main/mahjong1date/0525_0842/120.json,https://raw.githubusercontent.com/jygameclub/testdataapi/main/mahjong1date/0525_0842,普通中奖,60.00,1.50,2,1,6,7,7,1,1,否,否,是,1,0,700831,700832,9611779692552958,9474780.0,9474800.0,2段连消/续转 / 金色符号/百搭转换
连消/掉落,627.json,627,75,金色/百搭,https://fish-games.s3.amazonaws.com/MahjongWays1/index.html?env=ceshislot.osshaiwai.com&hasFloat=0&token=436475c81b51e6893c740657870f86b7&language=en&debug=1&debugDataPath=https://raw.githubusercontent.com/jygameclub/testdataapi/main/mahjong1date/0525_0842&debugStart=627,https://raw.githubusercontent.com/jygameclub/testdataapi/main/mahjong1date/0525_0842/627.json,https://raw.githubusercontent.com/jygameclub/testdataapi/main/mahjong1date/0525_0842,普通中奖,60.00,1.50,2,1,4,4,4,0,0,否,否,是,1,0,703254,703255,7721779694893452,9466970.0,9466990.0,2段连消/续转 / 金色符号/百搭转换
连消/掉落,788.json,788,75,金色/百搭,https://fish-games.s3.amazonaws.com/MahjongWays1/index.html?env=ceshislot.osshaiwai.com&hasFloat=0&token=436475c81b51e6893c740657870f86b7&language=en&debug=1&debugDataPath=https://raw.githubusercontent.com/jygameclub/testdataapi/main/mahjong1date/0525_0842&debugStart=788,https://raw.githubusercontent.com/jygameclub/testdataapi/main/mahjong1date/0525_0842/788.json,https://raw.githubusercontent.com/jygameclub/testdataapi/main/mahjong1date/0525_0842,普通中奖,60.00,1.50,2,1,7,7,7,0,0,否,否,是,1,0,703845,703846,6491779695382317,9465258.0,9465278.0,2段连消/续转 / 金色符号/百搭转换
连消/掉落,555.json,555,75,金色/百搭,https://fish-games.s3.amazonaws.com/MahjongWays1/index.html?env=ceshislot.osshaiwai.com&hasFloat=0&token=436475c81b51e6893c740657870f86b7&language=en&debug=1&debugDataPath=https://raw.githubusercontent.com/jygameclub/testdataapi/main/mahjong1date/0525_0842&debugStart=555,https://raw.githubusercontent.com/jygameclub/testdataapi/main/mahjong1date/0525_0842/555.json,https://raw.githubusercontent.com/jygameclub/testdataapi/main/mahjong1date/0525_0842,普通中奖,56.00,1.40,3,2,9,9,9,0,0,否,否,是,1,0,703020,703023,3641779694760153,9468604.0,9468620.0,3段连消/续转 / 金色符号/百搭转换
连消/掉落,954.json,954,75,金色/百搭,https://fish-games.s3.amazonaws.com/MahjongWays1/index.html?env=ceshislot.osshaiwai.com&hasFloat=0&token=436475c81b51e6893c740657870f86b7&language=en&debug=1&debugDataPath=https://raw.githubusercontent.com/jygameclub/testdataapi/main/mahjong1date/0525_0842&debugStart=954,https://raw.githubusercontent.com/jygameclub/testdataapi/main/mahjong1date/0525_0842/954.json,https://raw.githubusercontent.com/jygameclub/testdataapi/main/mahjong1date/0525_0842,普通中奖,52.00,1.30,3,2,9,9,9,0,0,否,否,是,1,1,704318,704324,4301779695712731,9465740.0,9465752.0,3段连消/续转 / 金色符号/百搭转换
连消/掉落,201.json,201,75,金色/百搭,https://fish-games.s3.amazonaws.com/MahjongWays1/index.html?env=ceshislot.osshaiwai.com&hasFloat=0&token=436475c81b51e6893c740657870f86b7&language=en&debug=1&debugDataPath=https://raw.githubusercontent.com/jygameclub/testdataapi/main/mahjong1date/0525_0842&debugStart=201,https://raw.githubusercontent.com/jygameclub/testdataapi/main/mahjong1date/0525_0842/201.json,https://raw.githubusercontent.com/jygameclub/testdataapi/main/mahjong1date/0525_0842,普通中奖,52.00,1.30,2,1,10,10,10,0,0,否,否,是,2,0,701265,701267,6021779692835025,9474436.0,9474448.0,2段连消/续转 / 金色符号/百搭转换
连消/掉落,907.json,907,75,金色/百搭,https://fish-games.s3.amazonaws.com/MahjongWays1/index.html?env=ceshislot.osshaiwai.com&hasFloat=0&token=436475c81b51e6893c740657870f86b7&language=en&debug=1&debugDataPath=https://raw.githubusercontent.com/jygameclub/testdataapi/main/mahjong1date/0525_0842&debugStart=907,https://raw.githubusercontent.com/jygameclub/testdataapi/main/mahjong1date/0525_0842/907.json,https://raw.githubusercontent.com/jygameclub/testdataapi/main/mahjong1date/0525_0842,普通中奖,48.00,1.20,3,2,8,8,8,0,0,否,否,是,1,0,704181,704184,8881779695616566,9465920.0,9465928.0,3段连消/续转 / 金色符号/百搭转换
连消/掉落,478.json,478,75,金色/百搭,https://fish-games.s3.amazonaws.com/MahjongWays1/index.html?env=ceshislot.osshaiwai.com&hasFloat=0&token=436475c81b51e6893c740657870f86b7&language=en&debug=1&debugDataPath=https://raw.githubusercontent.com/jygameclub/testdataapi/main/mahjong1date/0525_0842&debugStart=478,https://raw.githubusercontent.com/jygameclub/testdataapi/main/mahjong1date/0525_0842/478.json,https://raw.githubusercontent.com/jygameclub/testdataapi/main/mahjong1date/0525_0842,普通中奖,44.00,1.10,3,2,7,8,8,1,1,否,否,是,1,0,702799,702803,6611779694635570,9470542.0,9470546.0,3段连消/续转 / 金色符号/百搭转换
连消/掉落,022.json,22,75,金色/百搭,https://fish-games.s3.amazonaws.com/MahjongWays1/index.html?env=ceshislot.osshaiwai.com&hasFloat=0&token=436475c81b51e6893c740657870f86b7&language=en&debug=1&debugDataPath=https://raw.githubusercontent.com/jygameclub/testdataapi/main/mahjong1date/0525_0842&debugStart=22,https://raw.githubusercontent.com/jygameclub/testdataapi/main/mahjong1date/0525_0842/022.json,https://raw.githubusercontent.com/jygameclub/testdataapi/main/mahjong1date/0525_0842,普通中奖,40.00,1.00,2,1,6,6,6,0,0,否,否,是,1,0,700543,700545,3801779692395139,9477436.0,9477436.0,2段连消/续转 / 金色符号/百搭转换
连消/掉落,082.json,82,75,金色/百搭,https://fish-games.s3.amazonaws.com/MahjongWays1/index.html?env=ceshislot.osshaiwai.com&hasFloat=0&token=436475c81b51e6893c740657870f86b7&language=en&debug=1&debugDataPath=https://raw.githubusercontent.com/jygameclub/testdataapi/main/mahjong1date/0525_0842&debugStart=82,https://raw.githubusercontent.com/jygameclub/testdataapi/main/mahjong1date/0525_0842/082.json,https://raw.githubusercontent.com/jygameclub/testdataapi/main/mahjong1date/0525_0842,普通中奖,40.00,1.00,2,1,6,6,6,0,0,否,否,是,1,0,700734,700736,1811779692486941,9475348.0,9475348.0,2段连消/续转 / 金色符号/百搭转换
连消/掉落,128.json,128,75,金色/百搭,https://fish-games.s3.amazonaws.com/MahjongWays1/index.html?env=ceshislot.osshaiwai.com&hasFloat=0&token=436475c81b51e6893c740657870f86b7&language=en&debug=1&debugDataPath=https://raw.githubusercontent.com/jygameclub/testdataapi/main/mahjong1date/0525_0842&debugStart=128,https://raw.githubusercontent.com/jygameclub/testdataapi/main/mahjong1date/0525_0842/128.json,https://raw.githubusercontent.com/jygameclub/testdataapi/main/mahjong1date/0525_0842,普通中奖,40.00,1.00,2,1,6,6,6,0,0,否,否,是,1,0,700910,700911,4281779692626927,9474792.0,9474792.0,2段连消/续转 / 金色符号/百搭转换
连消/掉落,236.json,236,75,金色/百搭,https://fish-games.s3.amazonaws.com/MahjongWays1/index.html?env=ceshislot.osshaiwai.com&hasFloat=0&token=436475c81b51e6893c740657870f86b7&language=en&debug=1&debugDataPath=https://raw.githubusercontent.com/jygameclub/testdataapi/main/mahjong1date/0525_0842&debugStart=236,https://raw.githubusercontent.com/jygameclub/testdataapi/main/mahjong1date/0525_0842/236.json,https://raw.githubusercontent.com/jygameclub/testdataapi/main/mahjong1date/0525_0842,普通中奖,40.00,1.00,2,1,6,6,6,0,0,否,否,是,1,2,701337,701340,4501779692874124,9473132.0,9473132.0,2段连消/续转 / 金色符号/百搭转换
连消/掉落,251.json,251,75,金色/百搭,https://fish-games.s3.amazonaws.com/MahjongWays1/index.html?env=ceshislot.osshaiwai.com&hasFloat=0&token=436475c81b51e6893c740657870f86b7&language=en&debug=1&debugDataPath=https://raw.githubusercontent.com/jygameclub/testdataapi/main/mahjong1date/0525_0842&debugStart=251,https://raw.githubusercontent.com/jygameclub/testdataapi/main/mahjong1date/0525_0842/251.json,https://raw.githubusercontent.com/jygameclub/testdataapi/main/mahjong1date/0525_0842,普通中奖,40.00,1.00,2,1,6,6,6,0,0,否,否,是,1,1,701370,701372,7361779692902960,9472624.0,9472624.0,2段连消/续转 / 金色符号/百搭转换
连消/掉落,383.json,383,75,金色/百搭,https://fish-games.s3.amazonaws.com/MahjongWays1/index.html?env=ceshislot.osshaiwai.com&hasFloat=0&token=436475c81b51e6893c740657870f86b7&language=en&debug=1&debugDataPath=https://raw.githubusercontent.com/jygameclub/testdataapi/main/mahjong1date/0525_0842&debugStart=383,https://raw.githubusercontent.com/jygameclub/testdataapi/main/mahjong1date/0525_0842/383.json,https://raw.githubusercontent.com/jygameclub/testdataapi/main/mahjong1date/0525_0842,普通中奖,40.00,1.00,2,1,6,6,6,0,0,否,否,是,1,1,702616,702618,6441779694472104,9472798.0,9472798.0,2段连消/续转 / 金色符号/百搭转换
连消/掉落,385.json,385,75,金色/百搭,https://fish-games.s3.amazonaws.com/MahjongWays1/index.html?env=ceshislot.osshaiwai.com&hasFloat=0&token=436475c81b51e6893c740657870f86b7&language=en&debug=1&debugDataPath=https://raw.githubusercontent.com/jygameclub/testdataapi/main/mahjong1date/0525_0842&debugStart=385,https://raw.githubusercontent.com/jygameclub/testdataapi/main/mahjong1date/0525_0842/385.json,https://raw.githubusercontent.com/jygameclub/testdataapi/main/mahjong1date/0525_0842,普通中奖,40.00,1.00,2,1,5,5,5,0,0,否,否,是,1,2,702621,702622,1071779694476187,9472758.0,9472758.0,2段连消/续转 / 金色符号/百搭转换
连消/掉落,463.json,463,75,金色/百搭,https://fish-games.s3.amazonaws.com/MahjongWays1/index.html?env=ceshislot.osshaiwai.com&hasFloat=0&token=436475c81b51e6893c740657870f86b7&language=en&debug=1&debugDataPath=https://raw.githubusercontent.com/jygameclub/testdataapi/main/mahjong1date/0525_0842&debugStart=463,https://raw.githubusercontent.com/jygameclub/testdataapi/main/mahjong1date/0525_0842/463.json,https://raw.githubusercontent.com/jygameclub/testdataapi/main/mahjong1date/0525_0842,普通中奖,40.00,1.00,2,1,6,6,6,0,0,否,否,是,1,0,702767,702768,8661779694612954,9471068.0,9471068.0,2段连消/续转 / 金色符号/百搭转换
连消/掉落,485.json,485,75,金色/百搭,https://fish-games.s3.amazonaws.com/MahjongWays1/index.html?env=ceshislot.osshaiwai.com&hasFloat=0&token=436475c81b51e6893c740657870f86b7&language=en&debug=1&debugDataPath=https://raw.githubusercontent.com/jygameclub/testdataapi/main/mahjong1date/0525_0842&debugStart=485,https://raw.githubusercontent.com/jygameclub/testdataapi/main/mahjong1date/0525_0842/485.json,https://raw.githubusercontent.com/jygameclub/testdataapi/main/mahjong1date/0525_0842,普通中奖,40.00,1.00,2,1,5,6,6,1,1,否,否,是,1,0,702817,702818,6921779694648820,9470310.0,9470310.0,2段连消/续转 / 金色符号/百搭转换
连消/掉落,489.json,489,75,金色/百搭,https://fish-games.s3.amazonaws.com/MahjongWays1/index.html?env=ceshislot.osshaiwai.com&hasFloat=0&token=436475c81b51e6893c740657870f86b7&language=en&debug=1&debugDataPath=https://raw.githubusercontent.com/jygameclub/testdataapi/main/mahjong1date/0525_0842&debugStart=489,https://raw.githubusercontent.com/jygameclub/testdataapi/main/mahjong1date/0525_0842/489.json,https://raw.githubusercontent.com/jygameclub/testdataapi/main/mahjong1date/0525_0842,普通中奖,40.00,1.00,2,1,6,6,6,0,0,否,否,是,1,0,702826,702827,3521779694654453,9470190.0,9470190.0,2段连消/续转 / 金色符号/百搭转换
连消/掉落,490.json,490,75,金色/百搭,https://fish-games.s3.amazonaws.com/MahjongWays1/index.html?env=ceshislot.osshaiwai.com&hasFloat=0&token=436475c81b51e6893c740657870f86b7&language=en&debug=1&debugDataPath=https://raw.githubusercontent.com/jygameclub/testdataapi/main/mahjong1date/0525_0842&debugStart=490,https://raw.githubusercontent.com/jygameclub/testdataapi/main/mahjong1date/0525_0842/490.json,https://raw.githubusercontent.com/jygameclub/testdataapi/main/mahjong1date/0525_0842,普通中奖,40.00,1.00,2,1,5,6,6,1,1,否,否,是,1,1,702831,702833,2151779694657120,9470190.0,9470190.0,2段连消/续转 / 金色符号/百搭转换
连消/掉落,505.json,505,75,金色/百搭,https://fish-games.s3.amazonaws.com/MahjongWays1/index.html?env=ceshislot.osshaiwai.com&hasFloat=0&token=436475c81b51e6893c740657870f86b7&language=en&debug=1&debugDataPath=https://raw.githubusercontent.com/jygameclub/testdataapi/main/mahjong1date/0525_0842&debugStart=505,https://raw.githubusercontent.com/jygameclub/testdataapi/main/mahjong1date/0525_0842/505.json,https://raw.githubusercontent.com/jygameclub/testdataapi/main/mahjong1date/0525_0842,普通中奖,40.00,1.00,2,1,6,6,6,0,0,否,否,是,1,0,702878,702879,1331779694679520,9469814.0,9469814.0,2段连消/续转 / 金色符号/百搭转换
连消/掉落,518.json,518,75,金色/百搭,https://fish-games.s3.amazonaws.com/MahjongWays1/index.html?env=ceshislot.osshaiwai.com&hasFloat=0&token=436475c81b51e6893c740657870f86b7&language=en&debug=1&debugDataPath=https://raw.githubusercontent.com/jygameclub/testdataapi/main/mahjong1date/0525_0842&debugStart=518,https://raw.githubusercontent.com/jygameclub/testdataapi/main/mahjong1date/0525_0842/518.json,https://raw.githubusercontent.com/jygameclub/testdataapi/main/mahjong1date/0525_0842,普通中奖,40.00,1.00,2,1,6,6,6,0,0,否,否,是,1,0,702911,702912,5161779694696835,9469350.0,9469350.0,2段连消/续转 / 金色符号/百搭转换
连消/掉落,538.json,538,75,金色/百搭,https://fish-games.s3.amazonaws.com/MahjongWays1/index.html?env=ceshislot.osshaiwai.com&hasFloat=0&token=436475c81b51e6893c740657870f86b7&language=en&debug=1&debugDataPath=https://raw.githubusercontent.com/jygameclub/testdataapi/main/mahjong1date/0525_0842&debugStart=538,https://raw.githubusercontent.com/jygameclub/testdataapi/main/mahjong1date/0525_0842/538.json,https://raw.githubusercontent.com/jygameclub/testdataapi/main/mahjong1date/0525_0842,普通中奖,40.00,1.00,2,1,6,6,6,0,0,否,否,是,1,0,702983,702984,6051779694741719,9469204.0,9469204.0,2段连消/续转 / 金色符号/百搭转换
连消/掉落,540.json,540,75,金色/百搭,https://fish-games.s3.amazonaws.com/MahjongWays1/index.html?env=ceshislot.osshaiwai.com&hasFloat=0&token=436475c81b51e6893c740657870f86b7&language=en&debug=1&debugDataPath=https://raw.githubusercontent.com/jygameclub/testdataapi/main/mahjong1date/0525_0842&debugStart=540,https://raw.githubusercontent.com/jygameclub/testdataapi/main/mahjong1date/0525_0842/540.json,https://raw.githubusercontent.com/jygameclub/testdataapi/main/mahjong1date/0525_0842,普通中奖,40.00,1.00,2,1,6,6,6,0,0,否,否,是,1,1,702989,702990,6821779694745186,9469164.0,9469164.0,2段连消/续转 / 金色符号/百搭转换
连消/掉落,645.json,645,75,金色/百搭,https://fish-games.s3.amazonaws.com/MahjongWays1/index.html?env=ceshislot.osshaiwai.com&hasFloat=0&token=436475c81b51e6893c740657870f86b7&language=en&debug=1&debugDataPath=https://raw.githubusercontent.com/jygameclub/testdataapi/main/mahjong1date/0525_0842&debugStart=645,https://raw.githubusercontent.com/jygameclub/testdataapi/main/mahjong1date/0525_0842/645.json,https://raw.githubusercontent.com/jygameclub/testdataapi/main/mahjong1date/0525_0842,普通中奖,40.00,1.00,2,1,6,6,6,0,0,否,否,是,1,0,703296,703297,2731779694923568,9466578.0,9466578.0,2段连消/续转 / 金色符号/百搭转换
连消/掉落,700.json,700,75,金色/百搭,https://fish-games.s3.amazonaws.com/MahjongWays1/index.html?env=ceshislot.osshaiwai.com&hasFloat=0&token=436475c81b51e6893c740657870f86b7&language=en&debug=1&debugDataPath=https://raw.githubusercontent.com/jygameclub/testdataapi/main/mahjong1date/0525_0842&debugStart=700,https://raw.githubusercontent.com/jygameclub/testdataapi/main/mahjong1date/0525_0842/700.json,https://raw.githubusercontent.com/jygameclub/testdataapi/main/mahjong1date/0525_0842,普通中奖,40.00,1.00,2,1,6,6,6,0,0,否,否,是,1,0,703555,703556,9621779695159200,9466158.0,9466158.0,2段连消/续转 / 金色符号/百搭转换
连消/掉落,774.json,774,75,金色/百搭,https://fish-games.s3.amazonaws.com/MahjongWays1/index.html?env=ceshislot.osshaiwai.com&hasFloat=0&token=436475c81b51e6893c740657870f86b7&language=en&debug=1&debugDataPath=https://raw.githubusercontent.com/jygameclub/testdataapi/main/mahjong1date/0525_0842&debugStart=774,https://raw.githubusercontent.com/jygameclub/testdataapi/main/mahjong1date/0525_0842/774.json,https://raw.githubusercontent.com/jygameclub/testdataapi/main/mahjong1date/0525_0842,普通中奖,40.00,1.00,2,1,6,6,6,0,0,否,否,是,1,0,703806,703808,2191779695357217,9465702.0,9465702.0,2段连消/续转 / 金色符号/百搭转换
连消/掉落,779.json,779,75,金色/百搭,https://fish-games.s3.amazonaws.com/MahjongWays1/index.html?env=ceshislot.osshaiwai.com&hasFloat=0&token=436475c81b51e6893c740657870f86b7&language=en&debug=1&debugDataPath=https://raw.githubusercontent.com/jygameclub/testdataapi/main/mahjong1date/0525_0842&debugStart=779,https://raw.githubusercontent.com/jygameclub/testdataapi/main/mahjong1date/0525_0842/779.json,https://raw.githubusercontent.com/jygameclub/testdataapi/main/mahjong1date/0525_0842,普通中奖,40.00,1.00,2,1,5,6,6,1,1,否,否,是,1,1,703820,703821,3811779695364400,9465542.0,9465542.0,2段连消/续转 / 金色符号/百搭转换
连消/掉落,791.json,791,75,金色/百搭,https://fish-games.s3.amazonaws.com/MahjongWays1/index.html?env=ceshislot.osshaiwai.com&hasFloat=0&token=436475c81b51e6893c740657870f86b7&language=en&debug=1&debugDataPath=https://raw.githubusercontent.com/jygameclub/testdataapi/main/mahjong1date/0525_0842&debugStart=791,https://raw.githubusercontent.com/jygameclub/testdataapi/main/mahjong1date/0525_0842/791.json,https://raw.githubusercontent.com/jygameclub/testdataapi/main/mahjong1date/0525_0842,普通中奖,40.00,1.00,2,1,6,6,6,0,0,否,否,是,1,0,703852,703853,2851779695387251,9465198.0,9465198.0,2段连消/续转 / 金色符号/百搭转换
连消/掉落,878.json,878,75,金色/百搭,https://fish-games.s3.amazonaws.com/MahjongWays1/index.html?env=ceshislot.osshaiwai.com&hasFloat=0&token=436475c81b51e6893c740657870f86b7&language=en&debug=1&debugDataPath=https://raw.githubusercontent.com/jygameclub/testdataapi/main/mahjong1date/0525_0842&debugStart=878,https://raw.githubusercontent.com/jygameclub/testdataapi/main/mahjong1date/0525_0842/878.json,https://raw.githubusercontent.com/jygameclub/testdataapi/main/mahjong1date/0525_0842,普通中奖,40.00,1.00,2,1,6,6,6,0,0,否,否,是,1,1,704124,704125,2901779695572599,9466920.0,9466920.0,2段连消/续转 / 金色符号/百搭转换
连消/掉落,900.json,900,75,金色/百搭,https://fish-games.s3.amazonaws.com/MahjongWays1/index.html?env=ceshislot.osshaiwai.com&hasFloat=0&token=436475c81b51e6893c740657870f86b7&language=en&debug=1&debugDataPath=https://raw.githubusercontent.com/jygameclub/testdataapi/main/mahjong1date/0525_0842&debugStart=900,https://raw.githubusercontent.com/jygameclub/testdataapi/main/mahjong1date/0525_0842/900.json,https://raw.githubusercontent.com/jygameclub/testdataapi/main/mahjong1date/0525_0842,普通中奖,40.00,1.00,2,1,5,6,6,1,1,否,否,是,1,0,704168,704169,1561779695607032,9466160.0,9466160.0,2段连消/续转 / 金色符号/百搭转换
连消/掉落,926.json,926,75,金色/百搭,https://fish-games.s3.amazonaws.com/MahjongWays1/index.html?env=ceshislot.osshaiwai.com&hasFloat=0&token=436475c81b51e6893c740657870f86b7&language=en&debug=1&debugDataPath=https://raw.githubusercontent.com/jygameclub/testdataapi/main/mahjong1date/0525_0842&debugStart=926,https://raw.githubusercontent.com/jygameclub/testdataapi/main/mahjong1date/0525_0842/926.json,https://raw.githubusercontent.com/jygameclub/testdataapi/main/mahjong1date/0525_0842,普通中奖,40.00,1.00,2,1,5,5,5,0,0,否,否,是,1,0,704225,704226,4761779695650099,9465316.0,9465316.0,2段连消/续转 / 金色符号/百搭转换
连消/掉落,949.json,949,75,金色/百搭,https://fish-games.s3.amazonaws.com/MahjongWays1/index.html?env=ceshislot.osshaiwai.com&hasFloat=0&token=436475c81b51e6893c740657870f86b7&language=en&debug=1&debugDataPath=https://raw.githubusercontent.com/jygameclub/testdataapi/main/mahjong1date/0525_0842&debugStart=949,https://raw.githubusercontent.com/jygameclub/testdataapi/main/mahjong1date/0525_0842/949.json,https://raw.githubusercontent.com/jygameclub/testdataapi/main/mahjong1date/0525_0842,普通中奖,40.00,1.00,2,1,6,6,6,0,0,否,否,是,1,0,704302,704303,5851779695704417,9465884.0,9465884.0,2段连消/续转 / 金色符号/百搭转换
连消/掉落,809.json,809,75,金色/百搭,https://fish-games.s3.amazonaws.com/MahjongWays1/index.html?env=ceshislot.osshaiwai.com&hasFloat=0&token=436475c81b51e6893c740657870f86b7&language=en&debug=1&debugDataPath=https://raw.githubusercontent.com/jygameclub/testdataapi/main/mahjong1date/0525_0842&debugStart=809,https://raw.githubusercontent.com/jygameclub/testdataapi/main/mahjong1date/0525_0842/809.json,https://raw.githubusercontent.com/jygameclub/testdataapi/main/mahjong1date/0525_0842,普通中奖,36.00,0.90,4,3,10,10,10,0,0,否,否,是,1,0,703894,703899,6611779695419283,9464974.0,9464970.0,4段连消/续转 / 金色符号/百搭转换
连消/掉落,017.json,17,75,金色/百搭,https://fish-games.s3.amazonaws.com/MahjongWays1/index.html?env=ceshislot.osshaiwai.com&hasFloat=0&token=436475c81b51e6893c740657870f86b7&language=en&debug=1&debugDataPath=https://raw.githubusercontent.com/jygameclub/testdataapi/main/mahjong1date/0525_0842&debugStart=17,https://raw.githubusercontent.com/jygameclub/testdataapi/main/mahjong1date/0525_0842/017.json,https://raw.githubusercontent.com/jygameclub/testdataapi/main/mahjong1date/0525_0842,普通中奖,36.00,0.90,3,2,8,8,8,0,0,否,否,是,1,0,700525,700529,4041779692386590,9477600.0,9477596.0,3段连消/续转 / 金色符号/百搭转换
连消/掉落,694.json,694,75,金色/百搭,https://fish-games.s3.amazonaws.com/MahjongWays1/index.html?env=ceshislot.osshaiwai.com&hasFloat=0&token=436475c81b51e6893c740657870f86b7&language=en&debug=1&debugDataPath=https://raw.githubusercontent.com/jygameclub/testdataapi/main/mahjong1date/0525_0842&debugStart=694,https://raw.githubusercontent.com/jygameclub/testdataapi/main/mahjong1date/0525_0842/694.json,https://raw.githubusercontent.com/jygameclub/testdataapi/main/mahjong1date/0525_0842,普通中奖,36.00,0.90,3,2,9,9,9,0,0,否,否,是,1,0,703528,703533,1671779695143885,9466198.0,9466194.0,3段连消/续转 / 金色符号/百搭转换
连消/掉落,036.json,36,75,金色/百搭,https://fish-games.s3.amazonaws.com/MahjongWays1/index.html?env=ceshislot.osshaiwai.com&hasFloat=0&token=436475c81b51e6893c740657870f86b7&language=en&debug=1&debugDataPath=https://raw.githubusercontent.com/jygameclub/testdataapi/main/mahjong1date/0525_0842&debugStart=36,https://raw.githubusercontent.com/jygameclub/testdataapi/main/mahjong1date/0525_0842/036.json,https://raw.githubusercontent.com/jygameclub/testdataapi/main/mahjong1date/0525_0842,普通中奖,32.00,0.80,3,2,8,9,9,1,1,否,否,是,1,0,700594,700599,8571779692419690,9476952.0,9476944.0,3段连消/续转 / 金色符号/百搭转换
连消/掉落,373.json,373,75,金色/百搭,https://fish-games.s3.amazonaws.com/MahjongWays1/index.html?env=ceshislot.osshaiwai.com&hasFloat=0&token=436475c81b51e6893c740657870f86b7&language=en&debug=1&debugDataPath=https://raw.githubusercontent.com/jygameclub/testdataapi/main/mahjong1date/0525_0842&debugStart=373,https://raw.githubusercontent.com/jygameclub/testdataapi/main/mahjong1date/0525_0842/373.json,https://raw.githubusercontent.com/jygameclub/testdataapi/main/mahjong1date/0525_0842,普通中奖,32.00,0.80,3,2,7,8,8,1,1,否,否,是,1,0,702601,702604,7651779694456338,9473158.0,9473150.0,3段连消/续转 / 金色符号/百搭转换
连消/掉落,802.json,802,75,金色/百搭,https://fish-games.s3.amazonaws.com/MahjongWays1/index.html?env=ceshislot.osshaiwai.com&hasFloat=0&token=436475c81b51e6893c740657870f86b7&language=en&debug=1&debugDataPath=https://raw.githubusercontent.com/jygameclub/testdataapi/main/mahjong1date/0525_0842&debugStart=802,https://raw.githubusercontent.com/jygameclub/testdataapi/main/mahjong1date/0525_0842/802.json,https://raw.githubusercontent.com/jygameclub/testdataapi/main/mahjong1date/0525_0842,普通中奖,32.00,0.80,3,2,9,9,9,0,0,否,否,是,1,0,703877,703881,6011779695407917,9465062.0,9465054.0,3段连消/续转 / 金色符号/百搭转换
连消/掉落,988.json,988,75,金色/百搭,https://fish-games.s3.amazonaws.com/MahjongWays1/index.html?env=ceshislot.osshaiwai.com&hasFloat=0&token=436475c81b51e6893c740657870f86b7&language=en&debug=1&debugDataPath=https://raw.githubusercontent.com/jygameclub/testdataapi/main/mahjong1date/0525_0842&debugStart=988,https://raw.githubusercontent.com/jygameclub/testdataapi/main/mahjong1date/0525_0842/988.json,https://raw.githubusercontent.com/jygameclub/testdataapi/main/mahjong1date/0525_0842,普通中奖,32.00,0.80,3,2,9,9,9,0,0,否,否,是,1,1,704389,704393,6941779695767182,9464962.0,9464954.0,3段连消/续转 / 金色符号/百搭转换
连消/掉落,476.json,476,75,金色/百搭,https://fish-games.s3.amazonaws.com/MahjongWays1/index.html?env=ceshislot.osshaiwai.com&hasFloat=0&token=436475c81b51e6893c740657870f86b7&language=en&debug=1&debugDataPath=https://raw.githubusercontent.com/jygameclub/testdataapi/main/mahjong1date/0525_0842&debugStart=476,https://raw.githubusercontent.com/jygameclub/testdataapi/main/mahjong1date/0525_0842/476.json,https://raw.githubusercontent.com/jygameclub/testdataapi/main/mahjong1date/0525_0842,普通中奖,30.00,0.75,2,1,4,4,4,0,0,否,否,是,1,0,702795,702796,1481779694632070,9470592.0,9470582.0,2段连消/续转 / 金色符号/百搭转换
连消/掉落,828.json,828,75,金色/百搭,https://fish-games.s3.amazonaws.com/MahjongWays1/index.html?env=ceshislot.osshaiwai.com&hasFloat=0&token=436475c81b51e6893c740657870f86b7&language=en&debug=1&debugDataPath=https://raw.githubusercontent.com/jygameclub/testdataapi/main/mahjong1date/0525_0842&debugStart=828,https://raw.githubusercontent.com/jygameclub/testdataapi/main/mahjong1date/0525_0842/828.json,https://raw.githubusercontent.com/jygameclub/testdataapi/main/mahjong1date/0525_0842,普通中奖,30.00,0.75,2,1,4,4,4,0,0,否,否,是,1,0,703976,703978,8421779695490518,9468522.0,9468512.0,2段连消/续转 / 金色符号/百搭转换
连消/掉落,639.json,639,75,金色/百搭,https://fish-games.s3.amazonaws.com/MahjongWays1/index.html?env=ceshislot.osshaiwai.com&hasFloat=0&token=436475c81b51e6893c740657870f86b7&language=en&debug=1&debugDataPath=https://raw.githubusercontent.com/jygameclub/testdataapi/main/mahjong1date/0525_0842&debugStart=639,https://raw.githubusercontent.com/jygameclub/testdataapi/main/mahjong1date/0525_0842/639.json,https://raw.githubusercontent.com/jygameclub/testdataapi/main/mahjong1date/0525_0842,普通中奖,28.00,0.70,3,2,8,8,8,0,0,否,否,是,1,0,703281,703284,4741779694911418,9466778.0,9466766.0,3段连消/续转 / 金色符号/百搭转换
连消/掉落,842.json,842,75,金色/百搭,https://fish-games.s3.amazonaws.com/MahjongWays1/index.html?env=ceshislot.osshaiwai.com&hasFloat=0&token=436475c81b51e6893c740657870f86b7&language=en&debug=1&debugDataPath=https://raw.githubusercontent.com/jygameclub/testdataapi/main/mahjong1date/0525_0842&debugStart=842,https://raw.githubusercontent.com/jygameclub/testdataapi/main/mahjong1date/0525_0842/842.json,https://raw.githubusercontent.com/jygameclub/testdataapi/main/mahjong1date/0525_0842,普通中奖,28.00,0.70,3,2,7,7,7,0,0,否,否,是,1,1,704009,704016,1821779695510283,9467996.0,9467984.0,3段连消/续转 / 金色符号/百搭转换
连消/掉落,816.json,816,75,金色/百搭,https://fish-games.s3.amazonaws.com/MahjongWays1/index.html?env=ceshislot.osshaiwai.com&hasFloat=0&token=436475c81b51e6893c740657870f86b7&language=en&debug=1&debugDataPath=https://raw.githubusercontent.com/jygameclub/testdataapi/main/mahjong1date/0525_0842&debugStart=816,https://raw.githubusercontent.com/jygameclub/testdataapi/main/mahjong1date/0525_0842/816.json,https://raw.githubusercontent.com/jygameclub/testdataapi/main/mahjong1date/0525_0842,普通中奖,28.00,0.70,2,1,8,8,8,0,0,否,否,是,2,1,703910,703912,5141779695432149,9464730.0,9464718.0,2段连消/续转 / 金色符号/百搭转换
连消/掉落,611.json,611,75,金色/百搭,https://fish-games.s3.amazonaws.com/MahjongWays1/index.html?env=ceshislot.osshaiwai.com&hasFloat=0&token=436475c81b51e6893c740657870f86b7&language=en&debug=1&debugDataPath=https://raw.githubusercontent.com/jygameclub/testdataapi/main/mahjong1date/0525_0842&debugStart=611,https://raw.githubusercontent.com/jygameclub/testdataapi/main/mahjong1date/0525_0842/611.json,https://raw.githubusercontent.com/jygameclub/testdataapi/main/mahjong1date/0525_0842,普通中奖,26.00,0.65,3,2,7,8,8,1,1,否,否,是,1,1,703205,703211,6131779694866135,9467392.0,9467378.0,3段连消/续转 / 金色符号/百搭转换
连消/掉落,246.json,246,75,金色/百搭,https://fish-games.s3.amazonaws.com/MahjongWays1/index.html?env=ceshislot.osshaiwai.com&hasFloat=0&token=436475c81b51e6893c740657870f86b7&language=en&debug=1&debugDataPath=https://raw.githubusercontent.com/jygameclub/testdataapi/main/mahjong1date/0525_0842&debugStart=246,https://raw.githubusercontent.com/jygameclub/testdataapi/main/mahjong1date/0525_0842/246.json,https://raw.githubusercontent.com/jygameclub/testdataapi/main/mahjong1date/0525_0842,普通中奖,24.00,0.60,3,2,8,8,8,0,0,否,否,是,1,1,701359,701362,8391779692889460,9472788.0,9472772.0,3段连消/续转 / 金色符号/百搭转换
连消/掉落,773.json,773,75,金色/百搭,https://fish-games.s3.amazonaws.com/MahjongWays1/index.html?env=ceshislot.osshaiwai.com&hasFloat=0&token=436475c81b51e6893c740657870f86b7&language=en&debug=1&debugDataPath=https://raw.githubusercontent.com/jygameclub/testdataapi/main/mahjong1date/0525_0842&debugStart=773,https://raw.githubusercontent.com/jygameclub/testdataapi/main/mahjong1date/0525_0842/773.json,https://raw.githubusercontent.com/jygameclub/testdataapi/main/mahjong1date/0525_0842,普通中奖,24.00,0.60,3,2,7,8,8,1,1,否,否,是,1,1,703799,703802,2251779695351484,9465718.0,9465702.0,3段连消/续转 / 金色符号/百搭转换
连消/掉落,162.json,162,75,金色/百搭,https://fish-games.s3.amazonaws.com/MahjongWays1/index.html?env=ceshislot.osshaiwai.com&hasFloat=0&token=436475c81b51e6893c740657870f86b7&language=en&debug=1&debugDataPath=https://raw.githubusercontent.com/jygameclub/testdataapi/main/mahjong1date/0525_0842&debugStart=162,https://raw.githubusercontent.com/jygameclub/testdataapi/main/mahjong1date/0525_0842/162.json,https://raw.githubusercontent.com/jygameclub/testdataapi/main/mahjong1date/0525_0842,普通中奖,24.00,0.60,2,1,6,6,6,0,0,否,否,是,1,0,701013,701014,4881779692683260,9473676.0,9473660.0,2段连消/续转 / 金色符号/百搭转换
连消/掉落,699.json,699,75,金色/百搭,https://fish-games.s3.amazonaws.com/MahjongWays1/index.html?env=ceshislot.osshaiwai.com&hasFloat=0&token=436475c81b51e6893c740657870f86b7&language=en&debug=1&debugDataPath=https://raw.githubusercontent.com/jygameclub/testdataapi/main/mahjong1date/0525_0842&debugStart=699,https://raw.githubusercontent.com/jygameclub/testdataapi/main/mahjong1date/0525_0842/699.json,https://raw.githubusercontent.com/jygameclub/testdataapi/main/mahjong1date/0525_0842,普通中奖,24.00,0.60,2,1,8,8,8,0,0,否,否,是,2,0,703549,703552,8061779695156551,9466174.0,9466158.0,2段连消/续转 / 金色符号/百搭转换
连消/掉落,318.json,318,75,金色/百搭,https://fish-games.s3.amazonaws.com/MahjongWays1/index.html?env=ceshislot.osshaiwai.com&hasFloat=0&token=436475c81b51e6893c740657870f86b7&language=en&debug=1&debugDataPath=https://raw.githubusercontent.com/jygameclub/testdataapi/main/mahjong1date/0525_0842&debugStart=318,https://raw.githubusercontent.com/jygameclub/testdataapi/main/mahjong1date/0525_0842/318.json,https://raw.githubusercontent.com/jygameclub/testdataapi/main/mahjong1date/0525_0842,普通中奖,20.00,0.50,3,2,10,10,10,0,0,否,否,是,2,1,702332,702340,2191779694140789,9474146.0,9474126.0,3段连消/续转 / 金色符号/百搭转换
连消/掉落,684.json,684,75,金色/百搭,https://fish-games.s3.amazonaws.com/MahjongWays1/index.html?env=ceshislot.osshaiwai.com&hasFloat=0&token=436475c81b51e6893c740657870f86b7&language=en&debug=1&debugDataPath=https://raw.githubusercontent.com/jygameclub/testdataapi/main/mahjong1date/0525_0842&debugStart=684,https://raw.githubusercontent.com/jygameclub/testdataapi/main/mahjong1date/0525_0842/684.json,https://raw.githubusercontent.com/jygameclub/testdataapi/main/mahjong1date/0525_0842,普通中奖,20.00,0.50,3,2,6,6,6,0,0,否,否,是,1,1,703487,703491,4831779695116435,9466098.0,9466078.0,3段连消/续转 / 金色符号/百搭转换
连消/掉落,016.json,16,75,金色/百搭,https://fish-games.s3.amazonaws.com/MahjongWays1/index.html?env=ceshislot.osshaiwai.com&hasFloat=0&token=436475c81b51e6893c740657870f86b7&language=en&debug=1&debugDataPath=https://raw.githubusercontent.com/jygameclub/testdataapi/main/mahjong1date/0525_0842&debugStart=16,https://raw.githubusercontent.com/jygameclub/testdataapi/main/mahjong1date/0525_0842/016.json,https://raw.githubusercontent.com/jygameclub/testdataapi/main/mahjong1date/0525_0842,普通中奖,20.00,0.50,2,1,5,5,5,0,0,否,否,是,1,2,700520,700523,8351779692382522,9477620.0,9477600.0,2段连消/续转 / 金色符号/百搭转换
连消/掉落,135.json,135,75,金色/百搭,https://fish-games.s3.amazonaws.com/MahjongWays1/index.html?env=ceshislot.osshaiwai.com&hasFloat=0&token=436475c81b51e6893c740657870f86b7&language=en&debug=1&debugDataPath=https://raw.githubusercontent.com/jygameclub/testdataapi/main/mahjong1date/0525_0842&debugStart=135,https://raw.githubusercontent.com/jygameclub/testdataapi/main/mahjong1date/0525_0842/135.json,https://raw.githubusercontent.com/jygameclub/testdataapi/main/mahjong1date/0525_0842,普通中奖,20.00,0.50,2,1,4,5,5,1,1,否,否,是,1,2,700935,700938,1721779692638559,9474568.0,9474548.0,2段连消/续转 / 金色符号/百搭转换
连消/掉落,157.json,157,75,金色/百搭,https://fish-games.s3.amazonaws.com/MahjongWays1/index.html?env=ceshislot.osshaiwai.com&hasFloat=0&token=436475c81b51e6893c740657870f86b7&language=en&debug=1&debugDataPath=https://raw.githubusercontent.com/jygameclub/testdataapi/main/mahjong1date/0525_0842&debugStart=157,https://raw.githubusercontent.com/jygameclub/testdataapi/main/mahjong1date/0525_0842/157.json,https://raw.githubusercontent.com/jygameclub/testdataapi/main/mahjong1date/0525_0842,普通中奖,20.00,0.50,2,1,5,5,5,0,0,否,否,是,1,1,700999,701000,4281779692674474,9473836.0,9473816.0,2段连消/续转 / 金色符号/百搭转换
连消/掉落,159.json,159,75,金色/百搭,https://fish-games.s3.amazonaws.com/MahjongWays1/index.html?env=ceshislot.osshaiwai.com&hasFloat=0&token=436475c81b51e6893c740657870f86b7&language=en&debug=1&debugDataPath=https://raw.githubusercontent.com/jygameclub/testdataapi/main/mahjong1date/0525_0842&debugStart=159,https://raw.githubusercontent.com/jygameclub/testdataapi/main/mahjong1date/0525_0842/159.json,https://raw.githubusercontent.com/jygameclub/testdataapi/main/mahjong1date/0525_0842,普通中奖,20.00,0.50,2,1,5,5,5,0,0,否,否,是,1,0,701004,701005,6911779692678976,9473776.0,9473756.0,2段连消/续转 / 金色符号/百搭转换
连消/掉落,211.json,211,75,金色/百搭,https://fish-games.s3.amazonaws.com/MahjongWays1/index.html?env=ceshislot.osshaiwai.com&hasFloat=0&token=436475c81b51e6893c740657870f86b7&language=en&debug=1&debugDataPath=https://raw.githubusercontent.com/jygameclub/testdataapi/main/mahjong1date/0525_0842&debugStart=211,https://raw.githubusercontent.com/jygameclub/testdataapi/main/mahjong1date/0525_0842/211.json,https://raw.githubusercontent.com/jygameclub/testdataapi/main/mahjong1date/0525_0842,普通中奖,20.00,0.50,2,1,4,4,4,0,0,否,否,是,1,0,701285,701286,7481779692846124,9474088.0,9474068.0,2段连消/续转 / 金色符号/百搭转换
连消/掉落,229.json,229,75,金色/百搭,https://fish-games.s3.amazonaws.com/MahjongWays1/index.html?env=ceshislot.osshaiwai.com&hasFloat=0&token=436475c81b51e6893c740657870f86b7&language=en&debug=1&debugDataPath=https://raw.githubusercontent.com/jygameclub/testdataapi/main/mahjong1date/0525_0842&debugStart=229,https://raw.githubusercontent.com/jygameclub/testdataapi/main/mahjong1date/0525_0842/229.json,https://raw.githubusercontent.com/jygameclub/testdataapi/main/mahjong1date/0525_0842,普通中奖,20.00,0.50,2,1,5,5,5,0,0,否,否,是,1,0,701319,701321,5721779692864244,9473388.0,9473368.0,2段连消/续转 / 金色符号/百搭转换
连消/掉落,280.json,280,75,金色/百搭,https://fish-games.s3.amazonaws.com/MahjongWays1/index.html?env=ceshislot.osshaiwai.com&hasFloat=0&token=436475c81b51e6893c740657870f86b7&language=en&debug=1&debugDataPath=https://raw.githubusercontent.com/jygameclub/testdataapi/main/mahjong1date/0525_0842&debugStart=280,https://raw.githubusercontent.com/jygameclub/testdataapi/main/mahjong1date/0525_0842/280.json,https://raw.githubusercontent.com/jygameclub/testdataapi/main/mahjong1date/0525_0842,普通中奖,20.00,0.50,2,1,5,5,5,0,0,否,否,是,1,1,701456,701457,3901779692969807,9473496.0,9473476.0,2段连消/续转 / 金色符号/百搭转换
连消/掉落,295.json,295,75,金色/百搭,https://fish-games.s3.amazonaws.com/MahjongWays1/index.html?env=ceshislot.osshaiwai.com&hasFloat=0&token=436475c81b51e6893c740657870f86b7&language=en&debug=1&debugDataPath=https://raw.githubusercontent.com/jygameclub/testdataapi/main/mahjong1date/0525_0842&debugStart=295,https://raw.githubusercontent.com/jygameclub/testdataapi/main/mahjong1date/0525_0842/295.json,https://raw.githubusercontent.com/jygameclub/testdataapi/main/mahjong1date/0525_0842,普通中奖,20.00,0.50,2,1,5,5,5,0,0,否,否,是,1,1,701492,701494,3341779692989941,9473046.0,9473026.0,2段连消/续转 / 金色符号/百搭转换
连消/掉落,331.json,331,75,金色/百搭,https://fish-games.s3.amazonaws.com/MahjongWays1/index.html?env=ceshislot.osshaiwai.com&hasFloat=0&token=436475c81b51e6893c740657870f86b7&language=en&debug=1&debugDataPath=https://raw.githubusercontent.com/jygameclub/testdataapi/main/mahjong1date/0525_0842&debugStart=331,https://raw.githubusercontent.com/jygameclub/testdataapi/main/mahjong1date/0525_0842/331.json,https://raw.githubusercontent.com/jygameclub/testdataapi/main/mahjong1date/0525_0842,普通中奖,20.00,0.50,2,1,5,5,5,0,0,否,否,是,1,1,702365,702366,7161779694159872,9473662.0,9473642.0,2段连消/续转 / 金色符号/百搭转换
连消/掉落,426.json,426,75,金色/百搭,https://fish-games.s3.amazonaws.com/MahjongWays1/index.html?env=ceshislot.osshaiwai.com&hasFloat=0&token=436475c81b51e6893c740657870f86b7&language=en&debug=1&debugDataPath=https://raw.githubusercontent.com/jygameclub/testdataapi/main/mahjong1date/0525_0842&debugStart=426,https://raw.githubusercontent.com/jygameclub/testdataapi/main/mahjong1date/0525_0842/426.json,https://raw.githubusercontent.com/jygameclub/testdataapi/main/mahjong1date/0525_0842,普通中奖,20.00,0.50,2,1,5,5,5,0,0,否,否,是,1,0,702700,702701,2571779694545004,9471794.0,9471774.0,2段连消/续转 / 金色符号/百搭转换
连消/掉落,454.json,454,75,金色/百搭,https://fish-games.s3.amazonaws.com/MahjongWays1/index.html?env=ceshislot.osshaiwai.com&hasFloat=0&token=436475c81b51e6893c740657870f86b7&language=en&debug=1&debugDataPath=https://raw.githubusercontent.com/jygameclub/testdataapi/main/mahjong1date/0525_0842&debugStart=454,https://raw.githubusercontent.com/jygameclub/testdataapi/main/mahjong1date/0525_0842/454.json,https://raw.githubusercontent.com/jygameclub/testdataapi/main/mahjong1date/0525_0842,普通中奖,20.00,0.50,2,1,5,5,5,0,0,否,否,是,1,1,702741,702742,8501779694584871,9470922.0,9470902.0,2段连消/续转 / 金色符号/百搭转换
连消/掉落,651.json,651,75,金色/百搭,https://fish-games.s3.amazonaws.com/MahjongWays1/index.html?env=ceshislot.osshaiwai.com&hasFloat=0&token=436475c81b51e6893c740657870f86b7&language=en&debug=1&debugDataPath=https://raw.githubusercontent.com/jygameclub/testdataapi/main/mahjong1date/0525_0842&debugStart=651,https://raw.githubusercontent.com/jygameclub/testdataapi/main/mahjong1date/0525_0842/651.json,https://raw.githubusercontent.com/jygameclub/testdataapi/main/mahjong1date/0525_0842,普通中奖,20.00,0.50,2,1,4,4,4,0,0,否,否,是,1,0,703312,703313,4911779694935135,9466382.0,9466362.0,2段连消/续转 / 金色符号/百搭转换
连消/掉落,697.json,697,75,金色/百搭,https://fish-games.s3.amazonaws.com/MahjongWays1/index.html?env=ceshislot.osshaiwai.com&hasFloat=0&token=436475c81b51e6893c740657870f86b7&language=en&debug=1&debugDataPath=https://raw.githubusercontent.com/jygameclub/testdataapi/main/mahjong1date/0525_0842&debugStart=697,https://raw.githubusercontent.com/jygameclub/testdataapi/main/mahjong1date/0525_0842/697.json,https://raw.githubusercontent.com/jygameclub/testdataapi/main/mahjong1date/0525_0842,普通中奖,20.00,0.50,2,1,5,5,5,0,0,否,否,是,1,1,703542,703545,3341779695153118,9466234.0,9466214.0,2段连消/续转 / 金色符号/百搭转换
连消/掉落,748.json,748,75,金色/百搭,https://fish-games.s3.amazonaws.com/MahjongWays1/index.html?env=ceshislot.osshaiwai.com&hasFloat=0&token=436475c81b51e6893c740657870f86b7&language=en&debug=1&debugDataPath=https://raw.githubusercontent.com/jygameclub/testdataapi/main/mahjong1date/0525_0842&debugStart=748,https://raw.githubusercontent.com/jygameclub/testdataapi/main/mahjong1date/0525_0842/748.json,https://raw.githubusercontent.com/jygameclub/testdataapi/main/mahjong1date/0525_0842,普通中奖,20.00,0.50,2,1,5,5,5,0,0,否,否,是,1,1,703752,703753,3061779695313484,9466514.0,9466494.0,2段连消/续转 / 金色符号/百搭转换
连消/掉落,768.json,768,75,金色/百搭,https://fish-games.s3.amazonaws.com/MahjongWays1/index.html?env=ceshislot.osshaiwai.com&hasFloat=0&token=436475c81b51e6893c740657870f86b7&language=en&debug=1&debugDataPath=https://raw.githubusercontent.com/jygameclub/testdataapi/main/mahjong1date/0525_0842&debugStart=768,https://raw.githubusercontent.com/jygameclub/testdataapi/main/mahjong1date/0525_0842/768.json,https://raw.githubusercontent.com/jygameclub/testdataapi/main/mahjong1date/0525_0842,普通中奖,20.00,0.50,2,1,5,5,5,0,0,否,否,是,1,2,703787,703788,5351779695338450,9465750.0,9465730.0,2段连消/续转 / 金色符号/百搭转换
连消/掉落,787.json,787,75,金色/百搭,https://fish-games.s3.amazonaws.com/MahjongWays1/index.html?env=ceshislot.osshaiwai.com&hasFloat=0&token=436475c81b51e6893c740657870f86b7&language=en&debug=1&debugDataPath=https://raw.githubusercontent.com/jygameclub/testdataapi/main/mahjong1date/0525_0842&debugStart=787,https://raw.githubusercontent.com/jygameclub/testdataapi/main/mahjong1date/0525_0842/787.json,https://raw.githubusercontent.com/jygameclub/testdataapi/main/mahjong1date/0525_0842,普通中奖,20.00,0.50,2,1,5,5,5,0,0,否,否,是,1,1,703840,703842,1431779695378633,9465278.0,9465258.0,2段连消/续转 / 金色符号/百搭转换
连消/掉落,817.json,817,75,金色/百搭,https://fish-games.s3.amazonaws.com/MahjongWays1/index.html?env=ceshislot.osshaiwai.com&hasFloat=0&token=436475c81b51e6893c740657870f86b7&language=en&debug=1&debugDataPath=https://raw.githubusercontent.com/jygameclub/testdataapi/main/mahjong1date/0525_0842&debugStart=817,https://raw.githubusercontent.com/jygameclub/testdataapi/main/mahjong1date/0525_0842/817.json,https://raw.githubusercontent.com/jygameclub/testdataapi/main/mahjong1date/0525_0842,普通中奖,20.00,0.50,2,1,5,5,5,0,0,否,否,是,1,1,703914,703915,5881779695435832,9464718.0,9464698.0,2段连消/续转 / 金色符号/百搭转换
连消/掉落,865.json,865,75,金色/百搭,https://fish-games.s3.amazonaws.com/MahjongWays1/index.html?env=ceshislot.osshaiwai.com&hasFloat=0&token=436475c81b51e6893c740657870f86b7&language=en&debug=1&debugDataPath=https://raw.githubusercontent.com/jygameclub/testdataapi/main/mahjong1date/0525_0842&debugStart=865,https://raw.githubusercontent.com/jygameclub/testdataapi/main/mahjong1date/0525_0842/865.json,https://raw.githubusercontent.com/jygameclub/testdataapi/main/mahjong1date/0525_0842,普通中奖,20.00,0.50,2,1,5,5,5,0,0,否,否,是,1,0,704082,704083,3661779695549149,9467392.0,9467372.0,2段连消/续转 / 金色符号/百搭转换
连消/掉落,892.json,892,75,金色/百搭,https://fish-games.s3.amazonaws.com/MahjongWays1/index.html?env=ceshislot.osshaiwai.com&hasFloat=0&token=436475c81b51e6893c740657870f86b7&language=en&debug=1&debugDataPath=https://raw.githubusercontent.com/jygameclub/testdataapi/main/mahjong1date/0525_0842&debugStart=892,https://raw.githubusercontent.com/jygameclub/testdataapi/main/mahjong1date/0525_0842/892.json,https://raw.githubusercontent.com/jygameclub/testdataapi/main/mahjong1date/0525_0842,普通中奖,20.00,0.50,2,1,5,5,5,0,0,否,否,是,1,0,704150,704151,4581779695594533,9466448.0,9466428.0,2段连消/续转 / 金色符号/百搭转换
连消/掉落,915.json,915,75,金色/百搭,https://fish-games.s3.amazonaws.com/MahjongWays1/index.html?env=ceshislot.osshaiwai.com&hasFloat=0&token=436475c81b51e6893c740657870f86b7&language=en&debug=1&debugDataPath=https://raw.githubusercontent.com/jygameclub/testdataapi/main/mahjong1date/0525_0842&debugStart=915,https://raw.githubusercontent.com/jygameclub/testdataapi/main/mahjong1date/0525_0842/915.json,https://raw.githubusercontent.com/jygameclub/testdataapi/main/mahjong1date/0525_0842,普通中奖,20.00,0.50,2,1,5,5,5,0,0,否,否,是,1,0,704198,704199,2151779695629268,9465648.0,9465628.0,2段连消/续转 / 金色符号/百搭转换
连消/掉落,032.json,32,75,金色/百搭,https://fish-games.s3.amazonaws.com/MahjongWays1/index.html?env=ceshislot.osshaiwai.com&hasFloat=0&token=436475c81b51e6893c740657870f86b7&language=en&debug=1&debugDataPath=https://raw.githubusercontent.com/jygameclub/testdataapi/main/mahjong1date/0525_0842&debugStart=32,https://raw.githubusercontent.com/jygameclub/testdataapi/main/mahjong1date/0525_0842/032.json,https://raw.githubusercontent.com/jygameclub/testdataapi/main/mahjong1date/0525_0842,普通中奖,16.00,0.40,3,2,7,7,7,0,0,否,否,是,1,1,700574,700580,3781779692410340,9477092.0,9477068.0,3段连消/续转 / 金色符号/百搭转换
连消/掉落,011.json,11,75,金色/百搭,https://fish-games.s3.amazonaws.com/MahjongWays1/index.html?env=ceshislot.osshaiwai.com&hasFloat=0&token=436475c81b51e6893c740657870f86b7&language=en&debug=1&debugDataPath=https://raw.githubusercontent.com/jygameclub/testdataapi/main/mahjong1date/0525_0842&debugStart=11,https://raw.githubusercontent.com/jygameclub/testdataapi/main/mahjong1date/0525_0842/011.json,https://raw.githubusercontent.com/jygameclub/testdataapi/main/mahjong1date/0525_0842,普通中奖,16.00,0.40,2,1,5,5,5,0,0,否,否,是,1,0,700502,700503,2401779692373457,9477796.0,9477772.0,2段连消/续转 / 金色符号/百搭转换
连消/掉落,028.json,28,75,金色/百搭,https://fish-games.s3.amazonaws.com/MahjongWays1/index.html?env=ceshislot.osshaiwai.com&hasFloat=0&token=436475c81b51e6893c740657870f86b7&language=en&debug=1&debugDataPath=https://raw.githubusercontent.com/jygameclub/testdataapi/main/mahjong1date/0525_0842&debugStart=28,https://raw.githubusercontent.com/jygameclub/testdataapi/main/mahjong1date/0525_0842/028.json,https://raw.githubusercontent.com/jygameclub/testdataapi/main/mahjong1date/0525_0842,普通中奖,16.00,0.40,2,1,5,5,5,0,0,否,否,是,1,0,700563,700565,8841779692404973,9477236.0,9477212.0,2段连消/续转 / 金色符号/百搭转换
连消/掉落,053.json,53,75,金色/百搭,https://fish-games.s3.amazonaws.com/MahjongWays1/index.html?env=ceshislot.osshaiwai.com&hasFloat=0&token=436475c81b51e6893c740657870f86b7&language=en&debug=1&debugDataPath=https://raw.githubusercontent.com/jygameclub/testdataapi/main/mahjong1date/0525_0842&debugStart=53,https://raw.githubusercontent.com/jygameclub/testdataapi/main/mahjong1date/0525_0842/053.json,https://raw.githubusercontent.com/jygameclub/testdataapi/main/mahjong1date/0525_0842,普通中奖,16.00,0.40,2,1,5,5,5,0,0,否,否,是,1,0,700643,700645,6081779692444290,9476384.0,9476360.0,2段连消/续转 / 金色符号/百搭转换
连消/掉落,112.json,112,75,金色/百搭,https://fish-games.s3.amazonaws.com/MahjongWays1/index.html?env=ceshislot.osshaiwai.com&hasFloat=0&token=436475c81b51e6893c740657870f86b7&language=en&debug=1&debugDataPath=https://raw.githubusercontent.com/jygameclub/testdataapi/main/mahjong1date/0525_0842&debugStart=112,https://raw.githubusercontent.com/jygameclub/testdataapi/main/mahjong1date/0525_0842/112.json,https://raw.githubusercontent.com/jygameclub/testdataapi/main/mahjong1date/0525_0842,普通中奖,16.00,0.40,2,1,4,4,4,0,0,否,否,是,1,0,700809,700810,5451779692537691,9475004.0,9474980.0,2段连消/续转 / 金色符号/百搭转换
连消/掉落,134.json,134,75,金色/百搭,https://fish-games.s3.amazonaws.com/MahjongWays1/index.html?env=ceshislot.osshaiwai.com&hasFloat=0&token=436475c81b51e6893c740657870f86b7&language=en&debug=1&debugDataPath=https://raw.githubusercontent.com/jygameclub/testdataapi/main/mahjong1date/0525_0842&debugStart=134,https://raw.githubusercontent.com/jygameclub/testdataapi/main/mahjong1date/0525_0842/134.json,https://raw.githubusercontent.com/jygameclub/testdataapi/main/mahjong1date/0525_0842,普通中奖,16.00,0.40,2,1,5,5,5,0,0,否,否,是,1,0,700931,700932,7551779692635559,9474592.0,9474568.0,2段连消/续转 / 金色符号/百搭转换
连消/掉落,137.json,137,75,金色/百搭,https://fish-games.s3.amazonaws.com/MahjongWays1/index.html?env=ceshislot.osshaiwai.com&hasFloat=0&token=436475c81b51e6893c740657870f86b7&language=en&debug=1&debugDataPath=https://raw.githubusercontent.com/jygameclub/testdataapi/main/mahjong1date/0525_0842&debugStart=137,https://raw.githubusercontent.com/jygameclub/testdataapi/main/mahjong1date/0525_0842/137.json,https://raw.githubusercontent.com/jygameclub/testdataapi/main/mahjong1date/0525_0842,普通中奖,16.00,0.40,2,1,5,5,5,0,0,否,否,是,1,0,700946,700947,2731779692645025,9474512.0,9474488.0,2段连消/续转 / 金色符号/百搭转换
连消/掉落,144.json,144,75,金色/百搭,https://fish-games.s3.amazonaws.com/MahjongWays1/index.html?env=ceshislot.osshaiwai.com&hasFloat=0&token=436475c81b51e6893c740657870f86b7&language=en&debug=1&debugDataPath=https://raw.githubusercontent.com/jygameclub/testdataapi/main/mahjong1date/0525_0842&debugStart=144,https://raw.githubusercontent.com/jygameclub/testdataapi/main/mahjong1date/0525_0842/144.json,https://raw.githubusercontent.com/jygameclub/testdataapi/main/mahjong1date/0525_0842,普通中奖,16.00,0.40,2,1,5,5,5,0,0,否,否,是,1,1,700962,700966,6261779692653758,9474248.0,9474224.0,2段连消/续转 / 金色符号/百搭转换
连消/掉落,242.json,242,75,金色/百搭,https://fish-games.s3.amazonaws.com/MahjongWays1/index.html?env=ceshislot.osshaiwai.com&hasFloat=0&token=436475c81b51e6893c740657870f86b7&language=en&debug=1&debugDataPath=https://raw.githubusercontent.com/jygameclub/testdataapi/main/mahjong1date/0525_0842&debugStart=242,https://raw.githubusercontent.com/jygameclub/testdataapi/main/mahjong1date/0525_0842/242.json,https://raw.githubusercontent.com/jygameclub/testdataapi/main/mahjong1date/0525_0842,普通中奖,16.00,0.40,2,1,5,5,5,0,0,否,否,是,1,2,701351,701353,5661779692883276,9472932.0,9472908.0,2段连消/续转 / 金色符号/百搭转换
连消/掉落,262.json,262,75,金色/百搭,https://fish-games.s3.amazonaws.com/MahjongWays1/index.html?env=ceshislot.osshaiwai.com&hasFloat=0&token=436475c81b51e6893c740657870f86b7&language=en&debug=1&debugDataPath=https://raw.githubusercontent.com/jygameclub/testdataapi/main/mahjong1date/0525_0842&debugStart=262,https://raw.githubusercontent.com/jygameclub/testdataapi/main/mahjong1date/0525_0842/262.json,https://raw.githubusercontent.com/jygameclub/testdataapi/main/mahjong1date/0525_0842,普通中奖,16.00,0.40,2,1,5,5,5,0,0,否,否,是,1,0,701399,701400,4591779692929824,9472744.0,9472720.0,2段连消/续转 / 金色符号/百搭转换
连消/掉落,306.json,306,75,金色/百搭,https://fish-games.s3.amazonaws.com/MahjongWays1/index.html?env=ceshislot.osshaiwai.com&hasFloat=0&token=436475c81b51e6893c740657870f86b7&language=en&debug=1&debugDataPath=https://raw.githubusercontent.com/jygameclub/testdataapi/main/mahjong1date/0525_0842&debugStart=306,https://raw.githubusercontent.com/jygameclub/testdataapi/main/mahjong1date/0525_0842/306.json,https://raw.githubusercontent.com/jygameclub/testdataapi/main/mahjong1date/0525_0842,普通中奖,16.00,0.40,2,1,4,4,4,0,0,否,否,是,1,1,702274,702276,6971779694100756,9472914.0,9472890.0,2段连消/续转 / 金色符号/百搭转换
连消/掉落,319.json,319,75,金色/百搭,https://fish-games.s3.amazonaws.com/MahjongWays1/index.html?env=ceshislot.osshaiwai.com&hasFloat=0&token=436475c81b51e6893c740657870f86b7&language=en&debug=1&debugDataPath=https://raw.githubusercontent.com/jygameclub/testdataapi/main/mahjong1date/0525_0842&debugStart=319,https://raw.githubusercontent.com/jygameclub/testdataapi/main/mahjong1date/0525_0842/319.json,https://raw.githubusercontent.com/jygameclub/testdataapi/main/mahjong1date/0525_0842,普通中奖,16.00,0.40,2,1,4,4,4,0,0,否,否,是,1,0,702343,702344,9761779694146524,9474126.0,9474102.0,2段连消/续转 / 金色符号/百搭转换
连消/掉落,397.json,397,75,金色/百搭,https://fish-games.s3.amazonaws.com/MahjongWays1/index.html?env=ceshislot.osshaiwai.com&hasFloat=0&token=436475c81b51e6893c740657870f86b7&language=en&debug=1&debugDataPath=https://raw.githubusercontent.com/jygameclub/testdataapi/main/mahjong1date/0525_0842&debugStart=397,https://raw.githubusercontent.com/jygameclub/testdataapi/main/mahjong1date/0525_0842/397.json,https://raw.githubusercontent.com/jygameclub/testdataapi/main/mahjong1date/0525_0842,普通中奖,16.00,0.40,2,1,4,4,4,0,0,否,否,是,1,0,702646,702647,5881779694496120,9472322.0,9472298.0,2段连消/续转 / 金色符号/百搭转换
连消/掉落,500.json,500,75,金色/百搭,https://fish-games.s3.amazonaws.com/MahjongWays1/index.html?env=ceshislot.osshaiwai.com&hasFloat=0&token=436475c81b51e6893c740657870f86b7&language=en&debug=1&debugDataPath=https://raw.githubusercontent.com/jygameclub/testdataapi/main/mahjong1date/0525_0842&debugStart=500,https://raw.githubusercontent.com/jygameclub/testdataapi/main/mahjong1date/0525_0842/500.json,https://raw.githubusercontent.com/jygameclub/testdataapi/main/mahjong1date/0525_0842,普通中奖,16.00,0.40,2,1,4,4,4,0,0,否,否,是,1,0,702864,702865,5851779694673670,9469998.0,9469974.0,2段连消/续转 / 金色符号/百搭转换
连消/掉落,513.json,513,75,金色/百搭,https://fish-games.s3.amazonaws.com/MahjongWays1/index.html?env=ceshislot.osshaiwai.com&hasFloat=0&token=436475c81b51e6893c740657870f86b7&language=en&debug=1&debugDataPath=https://raw.githubusercontent.com/jygameclub/testdataapi/main/mahjong1date/0525_0842&debugStart=513,https://raw.githubusercontent.com/jygameclub/testdataapi/main/mahjong1date/0525_0842/513.json,https://raw.githubusercontent.com/jygameclub/testdataapi/main/mahjong1date/0525_0842,普通中奖,16.00,0.40,2,1,5,5,5,0,0,否,否,是,1,1,702898,702901,3591779694689153,9469534.0,9469510.0,2段连消/续转 / 金色符号/百搭转换
连消/掉落,524.json,524,75,金色/百搭,https://fish-games.s3.amazonaws.com/MahjongWays1/index.html?env=ceshislot.osshaiwai.com&hasFloat=0&token=436475c81b51e6893c740657870f86b7&language=en&debug=1&debugDataPath=https://raw.githubusercontent.com/jygameclub/testdataapi/main/mahjong1date/0525_0842&debugStart=524,https://raw.githubusercontent.com/jygameclub/testdataapi/main/mahjong1date/0525_0842/524.json,https://raw.githubusercontent.com/jygameclub/testdataapi/main/mahjong1date/0525_0842,普通中奖,16.00,0.40,2,1,5,5,5,0,0,否,否,是,1,0,702936,702937,2371779694711886,9469174.0,9469150.0,2段连消/续转 / 金色符号/百搭转换
连消/掉落,536.json,536,75,金色/百搭,https://fish-games.s3.amazonaws.com/MahjongWays1/index.html?env=ceshislot.osshaiwai.com&hasFloat=0&token=436475c81b51e6893c740657870f86b7&language=en&debug=1&debugDataPath=https://raw.githubusercontent.com/jygameclub/testdataapi/main/mahjong1date/0525_0842&debugStart=536,https://raw.githubusercontent.com/jygameclub/testdataapi/main/mahjong1date/0525_0842/536.json,https://raw.githubusercontent.com/jygameclub/testdataapi/main/mahjong1date/0525_0842,普通中奖,16.00,0.40,2,1,4,4,4,0,0,否,否,是,1,2,702974,702976,5341779694736518,9469268.0,9469244.0,2段连消/续转 / 金色符号/百搭转换
连消/掉落,669.json,669,75,金色/百搭,https://fish-games.s3.amazonaws.com/MahjongWays1/index.html?env=ceshislot.osshaiwai.com&hasFloat=0&token=436475c81b51e6893c740657870f86b7&language=en&debug=1&debugDataPath=https://raw.githubusercontent.com/jygameclub/testdataapi/main/mahjong1date/0525_0842&debugStart=669,https://raw.githubusercontent.com/jygameclub/testdataapi/main/mahjong1date/0525_0842/669.json,https://raw.githubusercontent.com/jygameclub/testdataapi/main/mahjong1date/0525_0842,普通中奖,16.00,0.40,2,1,5,5,5,0,0,否,否,是,1,1,703397,703399,3951779695030018,9466034.0,9466010.0,2段连消/续转 / 金色符号/百搭转换
连消/掉落,682.json,682,75,金色/百搭,https://fish-games.s3.amazonaws.com/MahjongWays1/index.html?env=ceshislot.osshaiwai.com&hasFloat=0&token=436475c81b51e6893c740657870f86b7&language=en&debug=1&debugDataPath=https://raw.githubusercontent.com/jygameclub/testdataapi/main/mahjong1date/0525_0842&debugStart=682,https://raw.githubusercontent.com/jygameclub/testdataapi/main/mahjong1date/0525_0842/682.json,https://raw.githubusercontent.com/jygameclub/testdataapi/main/mahjong1date/0525_0842,普通中奖,16.00,0.40,2,1,4,5,5,1,1,否,否,是,1,0,703426,703428,2191779695046451,9465530.0,9465506.0,2段连消/续转 / 金色符号/百搭转换
连消/掉落,717.json,717,75,金色/百搭,https://fish-games.s3.amazonaws.com/MahjongWays1/index.html?env=ceshislot.osshaiwai.com&hasFloat=0&token=436475c81b51e6893c740657870f86b7&language=en&debug=1&debugDataPath=https://raw.githubusercontent.com/jygameclub/testdataapi/main/mahjong1date/0525_0842&debugStart=717,https://raw.githubusercontent.com/jygameclub/testdataapi/main/mahjong1date/0525_0842/717.json,https://raw.githubusercontent.com/jygameclub/testdataapi/main/mahjong1date/0525_0842,普通中奖,16.00,0.40,2,1,5,5,5,0,0,否,否,是,1,0,703606,703607,6401779695188668,9465902.0,9465878.0,2段连消/续转 / 金色符号/百搭转换
连消/掉落,718.json,718,75,金色/百搭,https://fish-games.s3.amazonaws.com/MahjongWays1/index.html?env=ceshislot.osshaiwai.com&hasFloat=0&token=436475c81b51e6893c740657870f86b7&language=en&debug=1&debugDataPath=https://raw.githubusercontent.com/jygameclub/testdataapi/main/mahjong1date/0525_0842&debugStart=718,https://raw.githubusercontent.com/jygameclub/testdataapi/main/mahjong1date/0525_0842/718.json,https://raw.githubusercontent.com/jygameclub/testdataapi/main/mahjong1date/0525_0842,普通中奖,16.00,0.40,2,1,5,5,5,0,0,否,否,是,1,0,703611,703613,6861779695191319,9465878.0,9465854.0,2段连消/续转 / 金色符号/百搭转换
连消/掉落,749.json,749,75,金色/百搭,https://fish-games.s3.amazonaws.com/MahjongWays1/index.html?env=ceshislot.osshaiwai.com&hasFloat=0&token=436475c81b51e6893c740657870f86b7&language=en&debug=1&debugDataPath=https://raw.githubusercontent.com/jygameclub/testdataapi/main/mahjong1date/0525_0842&debugStart=749,https://raw.githubusercontent.com/jygameclub/testdataapi/main/mahjong1date/0525_0842/749.json,https://raw.githubusercontent.com/jygameclub/testdataapi/main/mahjong1date/0525_0842,普通中奖,16.00,0.40,2,1,4,4,4,0,0,否,否,是,1,1,703755,703757,9411779695317167,9466494.0,9466470.0,2段连消/续转 / 金色符号/百搭转换
连消/掉落,822.json,822,75,金色/百搭,https://fish-games.s3.amazonaws.com/MahjongWays1/index.html?env=ceshislot.osshaiwai.com&hasFloat=0&token=436475c81b51e6893c740657870f86b7&language=en&debug=1&debugDataPath=https://raw.githubusercontent.com/jygameclub/testdataapi/main/mahjong1date/0525_0842&debugStart=822,https://raw.githubusercontent.com/jygameclub/testdataapi/main/mahjong1date/0525_0842/822.json,https://raw.githubusercontent.com/jygameclub/testdataapi/main/mahjong1date/0525_0842,普通中奖,16.00,0.40,2,1,5,5,5,0,0,否,否,是,1,1,703925,703927,1581779695444116,9464538.0,9464514.0,2段连消/续转 / 金色符号/百搭转换
连消/掉落,886.json,886,75,金色/百搭,https://fish-games.s3.amazonaws.com/MahjongWays1/index.html?env=ceshislot.osshaiwai.com&hasFloat=0&token=436475c81b51e6893c740657870f86b7&language=en&debug=1&debugDataPath=https://raw.githubusercontent.com/jygameclub/testdataapi/main/mahjong1date/0525_0842&debugStart=886,https://raw.githubusercontent.com/jygameclub/testdataapi/main/mahjong1date/0525_0842/886.json,https://raw.githubusercontent.com/jygameclub/testdataapi/main/mahjong1date/0525_0842,普通中奖,16.00,0.40,2,1,5,5,5,0,0,否,否,是,1,1,704135,704136,3761779695583132,9466640.0,9466616.0,2段连消/续转 / 金色符号/百搭转换
连消/掉落,889.json,889,75,金色/百搭,https://fish-games.s3.amazonaws.com/MahjongWays1/index.html?env=ceshislot.osshaiwai.com&hasFloat=0&token=436475c81b51e6893c740657870f86b7&language=en&debug=1&debugDataPath=https://raw.githubusercontent.com/jygameclub/testdataapi/main/mahjong1date/0525_0842&debugStart=889,https://raw.githubusercontent.com/jygameclub/testdataapi/main/mahjong1date/0525_0842/889.json,https://raw.githubusercontent.com/jygameclub/testdataapi/main/mahjong1date/0525_0842,普通中奖,16.00,0.40,2,1,3,3,3,0,0,否,否,是,1,1,704140,704143,9981779695587382,9466536.0,9466512.0,2段连消/续转 / 金色符号/百搭转换
连消/掉落,891.json,891,75,金色/百搭,https://fish-games.s3.amazonaws.com/MahjongWays1/index.html?env=ceshislot.osshaiwai.com&hasFloat=0&token=436475c81b51e6893c740657870f86b7&language=en&debug=1&debugDataPath=https://raw.githubusercontent.com/jygameclub/testdataapi/main/mahjong1date/0525_0842&debugStart=891,https://raw.githubusercontent.com/jygameclub/testdataapi/main/mahjong1date/0525_0842/891.json,https://raw.githubusercontent.com/jygameclub/testdataapi/main/mahjong1date/0525_0842,普通中奖,16.00,0.40,2,1,5,5,5,0,0,否,否,是,1,1,704146,704148,9461779695591865,9466472.0,9466448.0,2段连消/续转 / 金色符号/百搭转换
连消/掉落,950.json,950,75,金色/百搭,https://fish-games.s3.amazonaws.com/MahjongWays1/index.html?env=ceshislot.osshaiwai.com&hasFloat=0&token=436475c81b51e6893c740657870f86b7&language=en&debug=1&debugDataPath=https://raw.githubusercontent.com/jygameclub/testdataapi/main/mahjong1date/0525_0842&debugStart=950,https://raw.githubusercontent.com/jygameclub/testdataapi/main/mahjong1date/0525_0842/950.json,https://raw.githubusercontent.com/jygameclub/testdataapi/main/mahjong1date/0525_0842,普通中奖,16.00,0.40,2,1,3,3,3,0,0,否,否,是,1,0,704306,704308,3381779695707065,9465884.0,9465860.0,2段连消/续转 / 金色符号/百搭转换
连消/掉落,963.json,963,75,金色/百搭,https://fish-games.s3.amazonaws.com/MahjongWays1/index.html?env=ceshislot.osshaiwai.com&hasFloat=0&token=436475c81b51e6893c740657870f86b7&language=en&debug=1&debugDataPath=https://raw.githubusercontent.com/jygameclub/testdataapi/main/mahjong1date/0525_0842&debugStart=963,https://raw.githubusercontent.com/jygameclub/testdataapi/main/mahjong1date/0525_0842/963.json,https://raw.githubusercontent.com/jygameclub/testdataapi/main/mahjong1date/0525_0842,普通中奖,16.00,0.40,2,1,5,5,5,0,0,否,否,是,1,0,704341,704342,8231779695730199,9465516.0,9465492.0,2段连消/续转 / 金色符号/百搭转换
连消/掉落,250.json,250,75,金色/百搭,https://fish-games.s3.amazonaws.com/MahjongWays1/index.html?env=ceshislot.osshaiwai.com&hasFloat=0&token=436475c81b51e6893c740657870f86b7&language=en&debug=1&debugDataPath=https://raw.githubusercontent.com/jygameclub/testdataapi/main/mahjong1date/0525_0842&debugStart=250,https://raw.githubusercontent.com/jygameclub/testdataapi/main/mahjong1date/0525_0842/250.json,https://raw.githubusercontent.com/jygameclub/testdataapi/main/mahjong1date/0525_0842,普通中奖,12.00,0.30,3,2,5,6,6,1,1,否,否,是,1,1,701366,701369,1301779692897174,9472652.0,9472624.0,3段连消/续转 / 金色符号/百搭转换
连消/掉落,055.json,55,75,金色/百搭,https://fish-games.s3.amazonaws.com/MahjongWays1/index.html?env=ceshislot.osshaiwai.com&hasFloat=0&token=436475c81b51e6893c740657870f86b7&language=en&debug=1&debugDataPath=https://raw.githubusercontent.com/jygameclub/testdataapi/main/mahjong1date/0525_0842&debugStart=55,https://raw.githubusercontent.com/jygameclub/testdataapi/main/mahjong1date/0525_0842/055.json,https://raw.githubusercontent.com/jygameclub/testdataapi/main/mahjong1date/0525_0842,普通中奖,12.00,0.30,2,1,5,5,5,0,0,否,否,是,1,1,700650,700654,2001779692447888,9476320.0,9476292.0,2段连消/续转 / 金色符号/百搭转换
连消/掉落,409.json,409,75,金色/百搭,https://fish-games.s3.amazonaws.com/MahjongWays1/index.html?env=ceshislot.osshaiwai.com&hasFloat=0&token=436475c81b51e6893c740657870f86b7&language=en&debug=1&debugDataPath=https://raw.githubusercontent.com/jygameclub/testdataapi/main/mahjong1date/0525_0842&debugStart=409,https://raw.githubusercontent.com/jygameclub/testdataapi/main/mahjong1date/0525_0842/409.json,https://raw.githubusercontent.com/jygameclub/testdataapi/main/mahjong1date/0525_0842,普通中奖,12.00,0.30,2,1,3,3,3,0,0,否,否,是,1,0,702667,702668,5721779694517620,9471934.0,9471906.0,2段连消/续转 / 金色符号/百搭转换
连消/掉落,581.json,581,75,金色/百搭,https://fish-games.s3.amazonaws.com/MahjongWays1/index.html?env=ceshislot.osshaiwai.com&hasFloat=0&token=436475c81b51e6893c740657870f86b7&language=en&debug=1&debugDataPath=https://raw.githubusercontent.com/jygameclub/testdataapi/main/mahjong1date/0525_0842&debugStart=581,https://raw.githubusercontent.com/jygameclub/testdataapi/main/mahjong1date/0525_0842/581.json,https://raw.githubusercontent.com/jygameclub/testdataapi/main/mahjong1date/0525_0842,普通中奖,12.00,0.30,2,1,3,3,3,0,0,否,否,是,1,1,703107,703110,1081779694807536,9468264.0,9468236.0,2段连消/续转 / 金色符号/百搭转换
连消/掉落,641.json,641,75,金色/百搭,https://fish-games.s3.amazonaws.com/MahjongWays1/index.html?env=ceshislot.osshaiwai.com&hasFloat=0&token=436475c81b51e6893c740657870f86b7&language=en&debug=1&debugDataPath=https://raw.githubusercontent.com/jygameclub/testdataapi/main/mahjong1date/0525_0842&debugStart=641,https://raw.githubusercontent.com/jygameclub/testdataapi/main/mahjong1date/0525_0842/641.json,https://raw.githubusercontent.com/jygameclub/testdataapi/main/mahjong1date/0525_0842,普通中奖,12.00,0.30,2,1,7,7,7,0,0,否,否,是,2,1,703288,703289,2681779694917701,9466726.0,9466698.0,2段连消/续转 / 金色符号/百搭转换
连消/掉落,692.json,692,75,金色/百搭,https://fish-games.s3.amazonaws.com/MahjongWays1/index.html?env=ceshislot.osshaiwai.com&hasFloat=0&token=436475c81b51e6893c740657870f86b7&language=en&debug=1&debugDataPath=https://raw.githubusercontent.com/jygameclub/testdataapi/main/mahjong1date/0525_0842&debugStart=692,https://raw.githubusercontent.com/jygameclub/testdataapi/main/mahjong1date/0525_0842/692.json,https://raw.githubusercontent.com/jygameclub/testdataapi/main/mahjong1date/0525_0842,普通中奖,12.00,0.30,2,1,5,5,5,0,0,否,否,是,1,1,703521,703523,8771779695139384,9466266.0,9466238.0,2段连消/续转 / 金色符号/百搭转换
连消/掉落,894.json,894,75,金色/百搭,https://fish-games.s3.amazonaws.com/MahjongWays1/index.html?env=ceshislot.osshaiwai.com&hasFloat=0&token=436475c81b51e6893c740657870f86b7&language=en&debug=1&debugDataPath=https://raw.githubusercontent.com/jygameclub/testdataapi/main/mahjong1date/0525_0842&debugStart=894,https://raw.githubusercontent.com/jygameclub/testdataapi/main/mahjong1date/0525_0842/894.json,https://raw.githubusercontent.com/jygameclub/testdataapi/main/mahjong1date/0525_0842,普通中奖,12.00,0.30,2,1,3,3,3,0,0,否,否,是,1,2,704154,704157,7221779695598066,9466388.0,9466360.0,2段连消/续转 / 金色符号/百搭转换
连消/掉落,727.json,727,75,金色/百搭,https://fish-games.s3.amazonaws.com/MahjongWays1/index.html?env=ceshislot.osshaiwai.com&hasFloat=0&token=436475c81b51e6893c740657870f86b7&language=en&debug=1&debugDataPath=https://raw.githubusercontent.com/jygameclub/testdataapi/main/mahjong1date/0525_0842&debugStart=727,https://raw.githubusercontent.com/jygameclub/testdataapi/main/mahjong1date/0525_0842/727.json,https://raw.githubusercontent.com/jygameclub/testdataapi/main/mahjong1date/0525_0842,普通中奖,10.00,0.25,2,1,4,4,4,0,0,否,否,是,1,2,703634,703636,6011779695202202,9465534.0,9465504.0,2段连消/续转 / 金色符号/百搭转换
连消/掉落,981.json,981,75,金色/百搭,https://fish-games.s3.amazonaws.com/MahjongWays1/index.html?env=ceshislot.osshaiwai.com&hasFloat=0&token=436475c81b51e6893c740657870f86b7&language=en&debug=1&debugDataPath=https://raw.githubusercontent.com/jygameclub/testdataapi/main/mahjong1date/0525_0842&debugStart=981,https://raw.githubusercontent.com/jygameclub/testdataapi/main/mahjong1date/0525_0842/981.json,https://raw.githubusercontent.com/jygameclub/testdataapi/main/mahjong1date/0525_0842,普通中奖,10.00,0.25,2,1,4,4,4,0,0,否,否,是,1,0,704377,704378,4831779695759082,9465232.0,9465202.0,2段连消/续转 / 金色符号/百搭转换
连消/掉落,013.json,13,75,金色/百搭,https://fish-games.s3.amazonaws.com/MahjongWays1/index.html?env=ceshislot.osshaiwai.com&hasFloat=0&token=436475c81b51e6893c740657870f86b7&language=en&debug=1&debugDataPath=https://raw.githubusercontent.com/jygameclub/testdataapi/main/mahjong1date/0525_0842&debugStart=13,https://raw.githubusercontent.com/jygameclub/testdataapi/main/mahjong1date/0525_0842/013.json,https://raw.githubusercontent.com/jygameclub/testdataapi/main/mahjong1date/0525_0842,普通中奖,8.00,0.20,2,1,4,4,4,0,0,否,否,是,1,0,700509,700511,7201779692377324,9477732.0,9477700.0,2段连消/续转 / 金色符号/百搭转换
连消/掉落,073.json,73,75,金色/百搭,https://fish-games.s3.amazonaws.com/MahjongWays1/index.html?env=ceshislot.osshaiwai.com&hasFloat=0&token=436475c81b51e6893c740657870f86b7&language=en&debug=1&debugDataPath=https://raw.githubusercontent.com/jygameclub/testdataapi/main/mahjong1date/0525_0842&debugStart=73,https://raw.githubusercontent.com/jygameclub/testdataapi/main/mahjong1date/0525_0842/073.json,https://raw.githubusercontent.com/jygameclub/testdataapi/main/mahjong1date/0525_0842,普通中奖,8.00,0.20,2,1,4,4,4,0,0,否,否,是,1,0,700704,700705,1921779692472638,9475692.0,9475660.0,2段连消/续转 / 金色符号/百搭转换
连消/掉落,076.json,76,75,金色/百搭,https://fish-games.s3.amazonaws.com/MahjongWays1/index.html?env=ceshislot.osshaiwai.com&hasFloat=0&token=436475c81b51e6893c740657870f86b7&language=en&debug=1&debugDataPath=https://raw.githubusercontent.com/jygameclub/testdataapi/main/mahjong1date/0525_0842&debugStart=76,https://raw.githubusercontent.com/jygameclub/testdataapi/main/mahjong1date/0525_0842/076.json,https://raw.githubusercontent.com/jygameclub/testdataapi/main/mahjong1date/0525_0842,普通中奖,8.00,0.20,2,1,4,4,4,0,0,否,否,是,1,1,700716,700719,6821779692477822,9475580.0,9475548.0,2段连消/续转 / 金色符号/百搭转换
连消/掉落,088.json,88,75,金色/百搭,https://fish-games.s3.amazonaws.com/MahjongWays1/index.html?env=ceshislot.osshaiwai.com&hasFloat=0&token=436475c81b51e6893c740657870f86b7&language=en&debug=1&debugDataPath=https://raw.githubusercontent.com/jygameclub/testdataapi/main/mahjong1date/0525_0842&debugStart=88,https://raw.githubusercontent.com/jygameclub/testdataapi/main/mahjong1date/0525_0842/088.json,https://raw.githubusercontent.com/jygameclub/testdataapi/main/mahjong1date/0525_0842,普通中奖,8.00,0.20,2,1,3,3,3,0,0,否,否,是,1,1,700751,700753,9161779692496007,9475148.0,9475116.0,2段连消/续转 / 金色符号/百搭转换
连消/掉落,154.json,154,75,金色/百搭,https://fish-games.s3.amazonaws.com/MahjongWays1/index.html?env=ceshislot.osshaiwai.com&hasFloat=0&token=436475c81b51e6893c740657870f86b7&language=en&debug=1&debugDataPath=https://raw.githubusercontent.com/jygameclub/testdataapi/main/mahjong1date/0525_0842&debugStart=154,https://raw.githubusercontent.com/jygameclub/testdataapi/main/mahjong1date/0525_0842/154.json,https://raw.githubusercontent.com/jygameclub/testdataapi/main/mahjong1date/0525_0842,普通中奖,8.00,0.20,2,1,4,4,4,0,0,否,否,是,1,0,700994,700995,7721779692670227,9473948.0,9473916.0,2段连消/续转 / 金色符号/百搭转换
连消/掉落,198.json,198,75,金色/百搭,https://fish-games.s3.amazonaws.com/MahjongWays1/index.html?env=ceshislot.osshaiwai.com&hasFloat=0&token=436475c81b51e6893c740657870f86b7&language=en&debug=1&debugDataPath=https://raw.githubusercontent.com/jygameclub/testdataapi/main/mahjong1date/0525_0842&debugStart=198,https://raw.githubusercontent.com/jygameclub/testdataapi/main/mahjong1date/0525_0842/198.json,https://raw.githubusercontent.com/jygameclub/testdataapi/main/mahjong1date/0525_0842,普通中奖,8.00,0.20,2,1,4,4,4,0,0,否,否,是,1,0,701258,701259,1031779692830774,9474548.0,9474516.0,2段连消/续转 / 金色符号/百搭转换
连消/掉落,265.json,265,75,金色/百搭,https://fish-games.s3.amazonaws.com/MahjongWays1/index.html?env=ceshislot.osshaiwai.com&hasFloat=0&token=436475c81b51e6893c740657870f86b7&language=en&debug=1&debugDataPath=https://raw.githubusercontent.com/jygameclub/testdataapi/main/mahjong1date/0525_0842&debugStart=265,https://raw.githubusercontent.com/jygameclub/testdataapi/main/mahjong1date/0525_0842/265.json,https://raw.githubusercontent.com/jygameclub/testdataapi/main/mahjong1date/0525_0842,普通中奖,8.00,0.20,2,1,4,4,4,0,0,否,否,是,1,2,701406,701407,5541779692935324,9472640.0,9472608.0,2段连消/续转 / 金色符号/百搭转换
连消/掉落,270.json,270,75,金色/百搭,https://fish-games.s3.amazonaws.com/MahjongWays1/index.html?env=ceshislot.osshaiwai.com&hasFloat=0&token=436475c81b51e6893c740657870f86b7&language=en&debug=1&debugDataPath=https://raw.githubusercontent.com/jygameclub/testdataapi/main/mahjong1date/0525_0842&debugStart=270,https://raw.githubusercontent.com/jygameclub/testdataapi/main/mahjong1date/0525_0842/270.json,https://raw.githubusercontent.com/jygameclub/testdataapi/main/mahjong1date/0525_0842,普通中奖,8.00,0.20,2,1,4,4,4,0,0,否,否,是,1,0,701418,701419,8451779692941924,9472448.0,9472416.0,2段连消/续转 / 金色符号/百搭转换
连消/掉落,297.json,297,75,金色/百搭,https://fish-games.s3.amazonaws.com/MahjongWays1/index.html?env=ceshislot.osshaiwai.com&hasFloat=0&token=436475c81b51e6893c740657870f86b7&language=en&debug=1&debugDataPath=https://raw.githubusercontent.com/jygameclub/testdataapi/main/mahjong1date/0525_0842&debugStart=297,https://raw.githubusercontent.com/jygameclub/testdataapi/main/mahjong1date/0525_0842/297.json,https://raw.githubusercontent.com/jygameclub/testdataapi/main/mahjong1date/0525_0842,普通中奖,8.00,0.20,2,1,4,4,4,0,0,否,否,是,1,1,701525,701538,4561779693033400,9472986.0,9472954.0,2段连消/续转 / 金色符号/百搭转换
连消/掉落,340.json,340,75,金色/百搭,https://fish-games.s3.amazonaws.com/MahjongWays1/index.html?env=ceshislot.osshaiwai.com&hasFloat=0&token=436475c81b51e6893c740657870f86b7&language=en&debug=1&debugDataPath=https://raw.githubusercontent.com/jygameclub/testdataapi/main/mahjong1date/0525_0842&debugStart=340,https://raw.githubusercontent.com/jygameclub/testdataapi/main/mahjong1date/0525_0842/340.json,https://raw.githubusercontent.com/jygameclub/testdataapi/main/mahjong1date/0525_0842,普通中奖,8.00,0.20,2,1,4,4,4,0,0,否,否,是,1,0,702393,702395,1861779694174189,9473450.0,9473418.0,2段连消/续转 / 金色符号/百搭转换
连消/掉落,347.json,347,75,金色/百搭,https://fish-games.s3.amazonaws.com/MahjongWays1/index.html?env=ceshislot.osshaiwai.com&hasFloat=0&token=436475c81b51e6893c740657870f86b7&language=en&debug=1&debugDataPath=https://raw.githubusercontent.com/jygameclub/testdataapi/main/mahjong1date/0525_0842&debugStart=347,https://raw.githubusercontent.com/jygameclub/testdataapi/main/mahjong1date/0525_0842/347.json,https://raw.githubusercontent.com/jygameclub/testdataapi/main/mahjong1date/0525_0842,普通中奖,8.00,0.20,2,1,4,4,4,0,0,否,否,是,1,0,702483,702485,2771779694290555,9473898.0,9473866.0,2段连消/续转 / 金色符号/百搭转换
连消/掉落,356.json,356,75,金色/百搭,https://fish-games.s3.amazonaws.com/MahjongWays1/index.html?env=ceshislot.osshaiwai.com&hasFloat=0&token=436475c81b51e6893c740657870f86b7&language=en&debug=1&debugDataPath=https://raw.githubusercontent.com/jygameclub/testdataapi/main/mahjong1date/0525_0842&debugStart=356,https://raw.githubusercontent.com/jygameclub/testdataapi/main/mahjong1date/0525_0842/356.json,https://raw.githubusercontent.com/jygameclub/testdataapi/main/mahjong1date/0525_0842,普通中奖,8.00,0.20,2,1,4,4,4,0,0,否,否,是,1,0,702542,702543,9531779694374771,9473794.0,9473762.0,2段连消/续转 / 金色符号/百搭转换
连消/掉落,357.json,357,75,金色/百搭,https://fish-games.s3.amazonaws.com/MahjongWays1/index.html?env=ceshislot.osshaiwai.com&hasFloat=0&token=436475c81b51e6893c740657870f86b7&language=en&debug=1&debugDataPath=https://raw.githubusercontent.com/jygameclub/testdataapi/main/mahjong1date/0525_0842&debugStart=357,https://raw.githubusercontent.com/jygameclub/testdataapi/main/mahjong1date/0525_0842/357.json,https://raw.githubusercontent.com/jygameclub/testdataapi/main/mahjong1date/0525_0842,普通中奖,8.00,0.20,2,1,3,3,3,0,0,否,否,是,1,1,702544,702546,3661779694377455,9473762.0,9473730.0,2段连消/续转 / 金色符号/百搭转换
连消/掉落,362.json,362,75,金色/百搭,https://fish-games.s3.amazonaws.com/MahjongWays1/index.html?env=ceshislot.osshaiwai.com&hasFloat=0&token=436475c81b51e6893c740657870f86b7&language=en&debug=1&debugDataPath=https://raw.githubusercontent.com/jygameclub/testdataapi/main/mahjong1date/0525_0842&debugStart=362,https://raw.githubusercontent.com/jygameclub/testdataapi/main/mahjong1date/0525_0842/362.json,https://raw.githubusercontent.com/jygameclub/testdataapi/main/mahjong1date/0525_0842,普通中奖,8.00,0.20,2,1,3,3,3,0,0,否,否,是,1,0,702553,702554,9221779694385538,9473570.0,9473538.0,2段连消/续转 / 金色符号/百搭转换
连消/掉落,375.json,375,75,金色/百搭,https://fish-games.s3.amazonaws.com/MahjongWays1/index.html?env=ceshislot.osshaiwai.com&hasFloat=0&token=436475c81b51e6893c740657870f86b7&language=en&debug=1&debugDataPath=https://raw.githubusercontent.com/jygameclub/testdataapi/main/mahjong1date/0525_0842&debugStart=375,https://raw.githubusercontent.com/jygameclub/testdataapi/main/mahjong1date/0525_0842/375.json,https://raw.githubusercontent.com/jygameclub/testdataapi/main/mahjong1date/0525_0842,普通中奖,8.00,0.20,2,1,4,4,4,0,0,否,否,是,1,0,702606,702607,3571779694461853,9473110.0,9473078.0,2段连消/续转 / 金色符号/百搭转换
连消/掉落,399.json,399,75,金色/百搭,https://fish-games.s3.amazonaws.com/MahjongWays1/index.html?env=ceshislot.osshaiwai.com&hasFloat=0&token=436475c81b51e6893c740657870f86b7&language=en&debug=1&debugDataPath=https://raw.githubusercontent.com/jygameclub/testdataapi/main/mahjong1date/0525_0842&debugStart=399,https://raw.githubusercontent.com/jygameclub/testdataapi/main/mahjong1date/0525_0842/399.json,https://raw.githubusercontent.com/jygameclub/testdataapi/main/mahjong1date/0525_0842,普通中奖,8.00,0.20,2,1,4,4,4,0,0,否,否,是,1,0,702649,702650,7081779694500221,9472258.0,9472226.0,2段连消/续转 / 金色符号/百搭转换
连消/掉落,414.json,414,75,金色/百搭,https://fish-games.s3.amazonaws.com/MahjongWays1/index.html?env=ceshislot.osshaiwai.com&hasFloat=0&token=436475c81b51e6893c740657870f86b7&language=en&debug=1&debugDataPath=https://raw.githubusercontent.com/jygameclub/testdataapi/main/mahjong1date/0525_0842&debugStart=414,https://raw.githubusercontent.com/jygameclub/testdataapi/main/mahjong1date/0525_0842/414.json,https://raw.githubusercontent.com/jygameclub/testdataapi/main/mahjong1date/0525_0842,普通中奖,8.00,0.20,2,1,3,3,3,0,0,否,否,是,1,1,702678,702680,8061779694524103,9471746.0,9471714.0,2段连消/续转 / 金色符号/百搭转换
连消/掉落,422.json,422,75,金色/百搭,https://fish-games.s3.amazonaws.com/MahjongWays1/index.html?env=ceshislot.osshaiwai.com&hasFloat=0&token=436475c81b51e6893c740657870f86b7&language=en&debug=1&debugDataPath=https://raw.githubusercontent.com/jygameclub/testdataapi/main/mahjong1date/0525_0842&debugStart=422,https://raw.githubusercontent.com/jygameclub/testdataapi/main/mahjong1date/0525_0842/422.json,https://raw.githubusercontent.com/jygameclub/testdataapi/main/mahjong1date/0525_0842,普通中奖,8.00,0.20,2,1,4,4,4,0,0,否,否,是,1,1,702695,702696,4011779694539936,9471946.0,9471914.0,2段连消/续转 / 金色符号/百搭转换
连消/掉落,432.json,432,75,金色/百搭,https://fish-games.s3.amazonaws.com/MahjongWays1/index.html?env=ceshislot.osshaiwai.com&hasFloat=0&token=436475c81b51e6893c740657870f86b7&language=en&debug=1&debugDataPath=https://raw.githubusercontent.com/jygameclub/testdataapi/main/mahjong1date/0525_0842&debugStart=432,https://raw.githubusercontent.com/jygameclub/testdataapi/main/mahjong1date/0525_0842/432.json,https://raw.githubusercontent.com/jygameclub/testdataapi/main/mahjong1date/0525_0842,普通中奖,8.00,0.20,2,1,4,4,4,0,0,否,否,是,1,0,702710,702711,5181779694555386,9471674.0,9471642.0,2段连消/续转 / 金色符号/百搭转换
连消/掉落,459.json,459,75,金色/百搭,https://fish-games.s3.amazonaws.com/MahjongWays1/index.html?env=ceshislot.osshaiwai.com&hasFloat=0&token=436475c81b51e6893c740657870f86b7&language=en&debug=1&debugDataPath=https://raw.githubusercontent.com/jygameclub/testdataapi/main/mahjong1date/0525_0842&debugStart=459,https://raw.githubusercontent.com/jygameclub/testdataapi/main/mahjong1date/0525_0842/459.json,https://raw.githubusercontent.com/jygameclub/testdataapi/main/mahjong1date/0525_0842,普通中奖,8.00,0.20,2,1,4,4,4,0,0,否,否,是,1,0,702756,702757,4711779694603654,9471050.0,9471018.0,2段连消/续转 / 金色符号/百搭转换
连消/掉落,499.json,499,75,金色/百搭,https://fish-games.s3.amazonaws.com/MahjongWays1/index.html?env=ceshislot.osshaiwai.com&hasFloat=0&token=436475c81b51e6893c740657870f86b7&language=en&debug=1&debugDataPath=https://raw.githubusercontent.com/jygameclub/testdataapi/main/mahjong1date/0525_0842&debugStart=499,https://raw.githubusercontent.com/jygameclub/testdataapi/main/mahjong1date/0525_0842/499.json,https://raw.githubusercontent.com/jygameclub/testdataapi/main/mahjong1date/0525_0842,普通中奖,8.00,0.20,2,1,4,4,4,0,0,否,否,是,1,0,702859,702861,4971779694671003,9470030.0,9469998.0,2段连消/续转 / 金色符号/百搭转换
连消/掉落,519.json,519,75,金色/百搭,https://fish-games.s3.amazonaws.com/MahjongWays1/index.html?env=ceshislot.osshaiwai.com&hasFloat=0&token=436475c81b51e6893c740657870f86b7&language=en&debug=1&debugDataPath=https://raw.githubusercontent.com/jygameclub/testdataapi/main/mahjong1date/0525_0842&debugStart=519,https://raw.githubusercontent.com/jygameclub/testdataapi/main/mahjong1date/0525_0842/519.json,https://raw.githubusercontent.com/jygameclub/testdataapi/main/mahjong1date/0525_0842,普通中奖,8.00,0.20,2,1,4,4,4,0,0,否,否,是,1,1,702915,702917,7001779694699520,9469350.0,9469318.0,2段连消/续转 / 金色符号/百搭转换
连消/掉落,520.json,520,75,金色/百搭,https://fish-games.s3.amazonaws.com/MahjongWays1/index.html?env=ceshislot.osshaiwai.com&hasFloat=0&token=436475c81b51e6893c740657870f86b7&language=en&debug=1&debugDataPath=https://raw.githubusercontent.com/jygameclub/testdataapi/main/mahjong1date/0525_0842&debugStart=520,https://raw.githubusercontent.com/jygameclub/testdataapi/main/mahjong1date/0525_0842/520.json,https://raw.githubusercontent.com/jygameclub/testdataapi/main/mahjong1date/0525_0842,普通中奖,8.00,0.20,2,1,4,4,4,0,0,否,否,是,1,0,702922,702923,3801779694703186,9469318.0,9469286.0,2段连消/续转 / 金色符号/百搭转换
连消/掉落,522.json,522,75,金色/百搭,https://fish-games.s3.amazonaws.com/MahjongWays1/index.html?env=ceshislot.osshaiwai.com&hasFloat=0&token=436475c81b51e6893c740657870f86b7&language=en&debug=1&debugDataPath=https://raw.githubusercontent.com/jygameclub/testdataapi/main/mahjong1date/0525_0842&debugStart=522,https://raw.githubusercontent.com/jygameclub/testdataapi/main/mahjong1date/0525_0842/522.json,https://raw.githubusercontent.com/jygameclub/testdataapi/main/mahjong1date/0525_0842,普通中奖,8.00,0.20,2,1,4,4,4,0,0,否,否,是,1,1,702929,702931,6161779694706768,9469246.0,9469214.0,2段连消/续转 / 金色符号/百搭转换
连消/掉落,557.json,557,75,金色/百搭,https://fish-games.s3.amazonaws.com/MahjongWays1/index.html?env=ceshislot.osshaiwai.com&hasFloat=0&token=436475c81b51e6893c740657870f86b7&language=en&debug=1&debugDataPath=https://raw.githubusercontent.com/jygameclub/testdataapi/main/mahjong1date/0525_0842&debugStart=557,https://raw.githubusercontent.com/jygameclub/testdataapi/main/mahjong1date/0525_0842/557.json,https://raw.githubusercontent.com/jygameclub/testdataapi/main/mahjong1date/0525_0842,普通中奖,8.00,0.20,2,1,4,4,4,0,0,否,否,是,1,0,703029,703031,7791779694766421,9468580.0,9468548.0,2段连消/续转 / 金色符号/百搭转换
连消/掉落,602.json,602,75,金色/百搭,https://fish-games.s3.amazonaws.com/MahjongWays1/index.html?env=ceshislot.osshaiwai.com&hasFloat=0&token=436475c81b51e6893c740657870f86b7&language=en&debug=1&debugDataPath=https://raw.githubusercontent.com/jygameclub/testdataapi/main/mahjong1date/0525_0842&debugStart=602,https://raw.githubusercontent.com/jygameclub/testdataapi/main/mahjong1date/0525_0842/602.json,https://raw.githubusercontent.com/jygameclub/testdataapi/main/mahjong1date/0525_0842,普通中奖,8.00,0.20,2,1,4,4,4,0,0,否,否,是,1,1,703177,703180,5431779694852152,9467740.0,9467708.0,2段连消/续转 / 金色符号/百搭转换
连消/掉落,615.json,615,75,金色/百搭,https://fish-games.s3.amazonaws.com/MahjongWays1/index.html?env=ceshislot.osshaiwai.com&hasFloat=0&token=436475c81b51e6893c740657870f86b7&language=en&debug=1&debugDataPath=https://raw.githubusercontent.com/jygameclub/testdataapi/main/mahjong1date/0525_0842&debugStart=615,https://raw.githubusercontent.com/jygameclub/testdataapi/main/mahjong1date/0525_0842/615.json,https://raw.githubusercontent.com/jygameclub/testdataapi/main/mahjong1date/0525_0842,普通中奖,8.00,0.20,2,1,4,4,4,0,0,否,否,是,1,1,703222,703224,9041779694875703,9467258.0,9467226.0,2段连消/续转 / 金色符号/百搭转换
连消/掉落,784.json,784,75,金色/百搭,https://fish-games.s3.amazonaws.com/MahjongWays1/index.html?env=ceshislot.osshaiwai.com&hasFloat=0&token=436475c81b51e6893c740657870f86b7&language=en&debug=1&debugDataPath=https://raw.githubusercontent.com/jygameclub/testdataapi/main/mahjong1date/0525_0842&debugStart=784,https://raw.githubusercontent.com/jygameclub/testdataapi/main/mahjong1date/0525_0842/784.json,https://raw.githubusercontent.com/jygameclub/testdataapi/main/mahjong1date/0525_0842,普通中奖,8.00,0.20,2,1,3,3,3,0,0,否,否,是,1,1,703832,703833,5701779695370850,9465382.0,9465350.0,2段连消/续转 / 金色符号/百搭转换
连消/掉落,786.json,786,75,金色/百搭,https://fish-games.s3.amazonaws.com/MahjongWays1/index.html?env=ceshislot.osshaiwai.com&hasFloat=0&token=436475c81b51e6893c740657870f86b7&language=en&debug=1&debugDataPath=https://raw.githubusercontent.com/jygameclub/testdataapi/main/mahjong1date/0525_0842&debugStart=786,https://raw.githubusercontent.com/jygameclub/testdataapi/main/mahjong1date/0525_0842/786.json,https://raw.githubusercontent.com/jygameclub/testdataapi/main/mahjong1date/0525_0842,普通中奖,8.00,0.20,2,1,4,4,4,0,0,否,否,是,1,0,703837,703838,7201779695375951,9465310.0,9465278.0,2段连消/续转 / 金色符号/百搭转换
连消/掉落,846.json,846,75,金色/百搭,https://fish-games.s3.amazonaws.com/MahjongWays1/index.html?env=ceshislot.osshaiwai.com&hasFloat=0&token=436475c81b51e6893c740657870f86b7&language=en&debug=1&debugDataPath=https://raw.githubusercontent.com/jygameclub/testdataapi/main/mahjong1date/0525_0842&debugStart=846,https://raw.githubusercontent.com/jygameclub/testdataapi/main/mahjong1date/0525_0842/846.json,https://raw.githubusercontent.com/jygameclub/testdataapi/main/mahjong1date/0525_0842,普通中奖,8.00,0.20,2,1,4,4,4,0,0,否,否,是,1,1,704027,704028,1591779695519183,9467864.0,9467832.0,2段连消/续转 / 金色符号/百搭转换
连消/掉落,867.json,867,75,金色/百搭,https://fish-games.s3.amazonaws.com/MahjongWays1/index.html?env=ceshislot.osshaiwai.com&hasFloat=0&token=436475c81b51e6893c740657870f86b7&language=en&debug=1&debugDataPath=https://raw.githubusercontent.com/jygameclub/testdataapi/main/mahjong1date/0525_0842&debugStart=867,https://raw.githubusercontent.com/jygameclub/testdataapi/main/mahjong1date/0525_0842/867.json,https://raw.githubusercontent.com/jygameclub/testdataapi/main/mahjong1date/0525_0842,普通中奖,8.00,0.20,2,1,4,4,4,0,0,否,否,是,1,2,704089,704092,2991779695552617,9467332.0,9467300.0,2段连消/续转 / 金色符号/百搭转换
连消/掉落,872.json,872,75,金色/百搭,https://fish-games.s3.amazonaws.com/MahjongWays1/index.html?env=ceshislot.osshaiwai.com&hasFloat=0&token=436475c81b51e6893c740657870f86b7&language=en&debug=1&debugDataPath=https://raw.githubusercontent.com/jygameclub/testdataapi/main/mahjong1date/0525_0842&debugStart=872,https://raw.githubusercontent.com/jygameclub/testdataapi/main/mahjong1date/0525_0842/872.json,https://raw.githubusercontent.com/jygameclub/testdataapi/main/mahjong1date/0525_0842,普通中奖,8.00,0.20,2,1,4,4,4,0,0,否,否,是,1,0,704107,704108,9251779695563116,9467144.0,9467112.0,2段连消/续转 / 金色符号/百搭转换
连消/掉落,874.json,874,75,金色/百搭,https://fish-games.s3.amazonaws.com/MahjongWays1/index.html?env=ceshislot.osshaiwai.com&hasFloat=0&token=436475c81b51e6893c740657870f86b7&language=en&debug=1&debugDataPath=https://raw.githubusercontent.com/jygameclub/testdataapi/main/mahjong1date/0525_0842&debugStart=874,https://raw.githubusercontent.com/jygameclub/testdataapi/main/mahjong1date/0525_0842/874.json,https://raw.githubusercontent.com/jygameclub/testdataapi/main/mahjong1date/0525_0842,普通中奖,8.00,0.20,2,1,4,4,4,0,0,否,否,是,1,1,704114,704117,9431779695566567,9467072.0,9467040.0,2段连消/续转 / 金色符号/百搭转换
连消/掉落,918.json,918,75,金色/百搭,https://fish-games.s3.amazonaws.com/MahjongWays1/index.html?env=ceshislot.osshaiwai.com&hasFloat=0&token=436475c81b51e6893c740657870f86b7&language=en&debug=1&debugDataPath=https://raw.githubusercontent.com/jygameclub/testdataapi/main/mahjong1date/0525_0842&debugStart=918,https://raw.githubusercontent.com/jygameclub/testdataapi/main/mahjong1date/0525_0842/918.json,https://raw.githubusercontent.com/jygameclub/testdataapi/main/mahjong1date/0525_0842,普通中奖,8.00,0.20,2,1,4,4,4,0,0,否,否,是,1,1,704205,704206,5101779695633532,9465548.0,9465516.0,2段连消/续转 / 金色符号/百搭转换
连消/掉落,1000.json,1000,75,金色/百搭,https://fish-games.s3.amazonaws.com/MahjongWays1/index.html?env=ceshislot.osshaiwai.com&hasFloat=0&token=436475c81b51e6893c740657870f86b7&language=en&debug=1&debugDataPath=https://raw.githubusercontent.com/jygameclub/testdataapi/main/mahjong1date/0525_0842&debugStart=1000,https://raw.githubusercontent.com/jygameclub/testdataapi/main/mahjong1date/0525_0842/1000.json,https://raw.githubusercontent.com/jygameclub/testdataapi/main/mahjong1date/0525_0842,普通中奖,8.00,0.20,2,1,4,4,4,0,0,否,否,是,1,1,704412,704414,9251779695784549,9464634.0,9464602.0,2段连消/续转 / 金色符号/百搭转换
连消/掉落,034.json,34,75,金色/百搭,https://fish-games.s3.amazonaws.com/MahjongWays1/index.html?env=ceshislot.osshaiwai.com&hasFloat=0&token=436475c81b51e6893c740657870f86b7&language=en&debug=1&debugDataPath=https://raw.githubusercontent.com/jygameclub/testdataapi/main/mahjong1date/0525_0842&debugStart=34,https://raw.githubusercontent.com/jygameclub/testdataapi/main/mahjong1date/0525_0842/034.json,https://raw.githubusercontent.com/jygameclub/testdataapi/main/mahjong1date/0525_0842,普通中奖,4.00,0.10,2,1,3,3,3,0,0,否,否,是,1,0,700587,700589,5301779692416156,9477028.0,9476992.0,2段连消/续转 / 金色符号/百搭转换
连消/掉落,136.json,136,75,金色/百搭,https://fish-games.s3.amazonaws.com/MahjongWays1/index.html?env=ceshislot.osshaiwai.com&hasFloat=0&token=436475c81b51e6893c740657870f86b7&language=en&debug=1&debugDataPath=https://raw.githubusercontent.com/jygameclub/testdataapi/main/mahjong1date/0525_0842&debugStart=136,https://raw.githubusercontent.com/jygameclub/testdataapi/main/mahjong1date/0525_0842/136.json,https://raw.githubusercontent.com/jygameclub/testdataapi/main/mahjong1date/0525_0842,普通中奖,4.00,0.10,2,1,3,3,3,0,0,否,否,是,1,0,700940,700942,8531779692642359,9474548.0,9474512.0,2段连消/续转 / 金色符号/百搭转换
连消/掉落,147.json,147,75,金色/百搭,https://fish-games.s3.amazonaws.com/MahjongWays1/index.html?env=ceshislot.osshaiwai.com&hasFloat=0&token=436475c81b51e6893c740657870f86b7&language=en&debug=1&debugDataPath=https://raw.githubusercontent.com/jygameclub/testdataapi/main/mahjong1date/0525_0842&debugStart=147,https://raw.githubusercontent.com/jygameclub/testdataapi/main/mahjong1date/0525_0842/147.json,https://raw.githubusercontent.com/jygameclub/testdataapi/main/mahjong1date/0525_0842,普通中奖,4.00,0.10,2,1,3,3,3,0,0,否,否,是,1,0,700974,700976,1711779692659659,9474144.0,9474108.0,2段连消/续转 / 金色符号/百搭转换
连消/掉落,178.json,178,75,金色/百搭,https://fish-games.s3.amazonaws.com/MahjongWays1/index.html?env=ceshislot.osshaiwai.com&hasFloat=0&token=436475c81b51e6893c740657870f86b7&language=en&debug=1&debugDataPath=https://raw.githubusercontent.com/jygameclub/testdataapi/main/mahjong1date/0525_0842&debugStart=178,https://raw.githubusercontent.com/jygameclub/testdataapi/main/mahjong1date/0525_0842/178.json,https://raw.githubusercontent.com/jygameclub/testdataapi/main/mahjong1date/0525_0842,普通中奖,4.00,0.10,2,1,3,3,3,0,0,否,否,是,1,1,701065,701067,9271779692708292,9473296.0,9473260.0,2段连消/续转 / 金色符号/百搭转换
连消/掉落,232.json,232,75,金色/百搭,https://fish-games.s3.amazonaws.com/MahjongWays1/index.html?env=ceshislot.osshaiwai.com&hasFloat=0&token=436475c81b51e6893c740657870f86b7&language=en&debug=1&debugDataPath=https://raw.githubusercontent.com/jygameclub/testdataapi/main/mahjong1date/0525_0842&debugStart=232,https://raw.githubusercontent.com/jygameclub/testdataapi/main/mahjong1date/0525_0842/232.json,https://raw.githubusercontent.com/jygameclub/testdataapi/main/mahjong1date/0525_0842,普通中奖,4.00,0.10,2,1,3,3,3,0,0,否,否,是,1,0,701328,701330,2151779692868491,9473288.0,9473252.0,2段连消/续转 / 金色符号/百搭转换
连消/掉落,369.json,369,75,金色/百搭,https://fish-games.s3.amazonaws.com/MahjongWays1/index.html?env=ceshislot.osshaiwai.com&hasFloat=0&token=436475c81b51e6893c740657870f86b7&language=en&debug=1&debugDataPath=https://raw.githubusercontent.com/jygameclub/testdataapi/main/mahjong1date/0525_0842&debugStart=369,https://raw.githubusercontent.com/jygameclub/testdataapi/main/mahjong1date/0525_0842/369.json,https://raw.githubusercontent.com/jygameclub/testdataapi/main/mahjong1date/0525_0842,普通中奖,4.00,0.10,2,1,3,3,3,0,0,否,否,是,1,0,702594,702595,9601779694449904,9473314.0,9473278.0,2段连消/续转 / 金色符号/百搭转换
连消/掉落,386.json,386,75,金色/百搭,https://fish-games.s3.amazonaws.com/MahjongWays1/index.html?env=ceshislot.osshaiwai.com&hasFloat=0&token=436475c81b51e6893c740657870f86b7&language=en&debug=1&debugDataPath=https://raw.githubusercontent.com/jygameclub/testdataapi/main/mahjong1date/0525_0842&debugStart=386,https://raw.githubusercontent.com/jygameclub/testdataapi/main/mahjong1date/0525_0842/386.json,https://raw.githubusercontent.com/jygameclub/testdataapi/main/mahjong1date/0525_0842,普通中奖,4.00,0.10,2,1,3,3,3,0,0,否,否,是,1,1,702625,702626,2171779694479955,9472758.0,9472722.0,2段连消/续转 / 金色符号/百搭转换
连消/掉落,456.json,456,75,金色/百搭,https://fish-games.s3.amazonaws.com/MahjongWays1/index.html?env=ceshislot.osshaiwai.com&hasFloat=0&token=436475c81b51e6893c740657870f86b7&language=en&debug=1&debugDataPath=https://raw.githubusercontent.com/jygameclub/testdataapi/main/mahjong1date/0525_0842&debugStart=456,https://raw.githubusercontent.com/jygameclub/testdataapi/main/mahjong1date/0525_0842/456.json,https://raw.githubusercontent.com/jygameclub/testdataapi/main/mahjong1date/0525_0842,普通中奖,4.00,0.10,2,1,3,3,3,0,0,否,否,是,1,1,702744,702746,9431779694589355,9470862.0,9470826.0,2段连消/续转 / 金色符号/百搭转换
连消/掉落,457.json,457,75,金色/百搭,https://fish-games.s3.amazonaws.com/MahjongWays1/index.html?env=ceshislot.osshaiwai.com&hasFloat=0&token=436475c81b51e6893c740657870f86b7&language=en&debug=1&debugDataPath=https://raw.githubusercontent.com/jygameclub/testdataapi/main/mahjong1date/0525_0842&debugStart=457,https://raw.githubusercontent.com/jygameclub/testdataapi/main/mahjong1date/0525_0842/457.json,https://raw.githubusercontent.com/jygameclub/testdataapi/main/mahjong1date/0525_0842,普通中奖,4.00,0.10,2,1,3,3,3,0,0,否,否,是,1,2,702747,702749,7761779694593053,9470826.0,9470790.0,2段连消/续转 / 金色符号/百搭转换
连消/掉落,472.json,472,75,金色/百搭,https://fish-games.s3.amazonaws.com/MahjongWays1/index.html?env=ceshislot.osshaiwai.com&hasFloat=0&token=436475c81b51e6893c740657870f86b7&language=en&debug=1&debugDataPath=https://raw.githubusercontent.com/jygameclub/testdataapi/main/mahjong1date/0525_0842&debugStart=472,https://raw.githubusercontent.com/jygameclub/testdataapi/main/mahjong1date/0525_0842/472.json,https://raw.githubusercontent.com/jygameclub/testdataapi/main/mahjong1date/0525_0842,普通中奖,4.00,0.10,2,1,3,3,3,0,0,否,否,是,1,2,702786,702787,9721779694624585,9470748.0,9470712.0,2段连消/续转 / 金色符号/百搭转换
连消/掉落,479.json,479,75,金色/百搭,https://fish-games.s3.amazonaws.com/MahjongWays1/index.html?env=ceshislot.osshaiwai.com&hasFloat=0&token=436475c81b51e6893c740657870f86b7&language=en&debug=1&debugDataPath=https://raw.githubusercontent.com/jygameclub/testdataapi/main/mahjong1date/0525_0842&debugStart=479,https://raw.githubusercontent.com/jygameclub/testdataapi/main/mahjong1date/0525_0842/479.json,https://raw.githubusercontent.com/jygameclub/testdataapi/main/mahjong1date/0525_0842,普通中奖,4.00,0.10,2,1,3,3,3,0,0,否,否,是,1,0,702805,702806,5521779694640303,9470546.0,9470510.0,2段连消/续转 / 金色符号/百搭转换
连消/掉落,599.json,599,75,金色/百搭,https://fish-games.s3.amazonaws.com/MahjongWays1/index.html?env=ceshislot.osshaiwai.com&hasFloat=0&token=436475c81b51e6893c740657870f86b7&language=en&debug=1&debugDataPath=https://raw.githubusercontent.com/jygameclub/testdataapi/main/mahjong1date/0525_0842&debugStart=599,https://raw.githubusercontent.com/jygameclub/testdataapi/main/mahjong1date/0525_0842/599.json,https://raw.githubusercontent.com/jygameclub/testdataapi/main/mahjong1date/0525_0842,普通中奖,4.00,0.10,2,1,3,3,3,0,0,否,否,是,1,1,703165,703167,2721779694843969,9467852.0,9467816.0,2段连消/续转 / 金色符号/百搭转换
连消/掉落,600.json,600,75,金色/百搭,https://fish-games.s3.amazonaws.com/MahjongWays1/index.html?env=ceshislot.osshaiwai.com&hasFloat=0&token=436475c81b51e6893c740657870f86b7&language=en&debug=1&debugDataPath=https://raw.githubusercontent.com/jygameclub/testdataapi/main/mahjong1date/0525_0842&debugStart=600,https://raw.githubusercontent.com/jygameclub/testdataapi/main/mahjong1date/0525_0842/600.json,https://raw.githubusercontent.com/jygameclub/testdataapi/main/mahjong1date/0525_0842,普通中奖,4.00,0.10,2,1,3,3,3,0,0,否,否,是,1,1,703171,703174,9811779694847669,9467816.0,9467780.0,2段连消/续转 / 金色符号/百搭转换
连消/掉落,603.json,603,75,金色/百搭,https://fish-games.s3.amazonaws.com/MahjongWays1/index.html?env=ceshislot.osshaiwai.com&hasFloat=0&token=436475c81b51e6893c740657870f86b7&language=en&debug=1&debugDataPath=https://raw.githubusercontent.com/jygameclub/testdataapi/main/mahjong1date/0525_0842&debugStart=603,https://raw.githubusercontent.com/jygameclub/testdataapi/main/mahjong1date/0525_0842/603.json,https://raw.githubusercontent.com/jygameclub/testdataapi/main/mahjong1date/0525_0842,普通中奖,4.00,0.10,2,1,3,3,3,0,0,否,否,是,1,0,703183,703184,2951779694855919,9467708.0,9467672.0,2段连消/续转 / 金色符号/百搭转换
连消/掉落,648.json,648,75,金色/百搭,https://fish-games.s3.amazonaws.com/MahjongWays1/index.html?env=ceshislot.osshaiwai.com&hasFloat=0&token=436475c81b51e6893c740657870f86b7&language=en&debug=1&debugDataPath=https://raw.githubusercontent.com/jygameclub/testdataapi/main/mahjong1date/0525_0842&debugStart=648,https://raw.githubusercontent.com/jygameclub/testdataapi/main/mahjong1date/0525_0842/648.json,https://raw.githubusercontent.com/jygameclub/testdataapi/main/mahjong1date/0525_0842,普通中奖,4.00,0.10,2,1,3,3,3,0,0,否,否,是,1,1,703304,703305,9241779694929169,9466498.0,9466462.0,2段连消/续转 / 金色符号/百搭转换
连消/掉落,658.json,658,75,金色/百搭,https://fish-games.s3.amazonaws.com/MahjongWays1/index.html?env=ceshislot.osshaiwai.com&hasFloat=0&token=436475c81b51e6893c740657870f86b7&language=en&debug=1&debugDataPath=https://raw.githubusercontent.com/jygameclub/testdataapi/main/mahjong1date/0525_0842&debugStart=658,https://raw.githubusercontent.com/jygameclub/testdataapi/main/mahjong1date/0525_0842/658.json,https://raw.githubusercontent.com/jygameclub/testdataapi/main/mahjong1date/0525_0842,普通中奖,4.00,0.10,2,1,3,3,3,0,0,否,否,是,1,2,703373,703375,1851779695011803,9466394.0,9466358.0,2段连消/续转 / 金色符号/百搭转换
连消/掉落,792.json,792,75,金色/百搭,https://fish-games.s3.amazonaws.com/MahjongWays1/index.html?env=ceshislot.osshaiwai.com&hasFloat=0&token=436475c81b51e6893c740657870f86b7&language=en&debug=1&debugDataPath=https://raw.githubusercontent.com/jygameclub/testdataapi/main/mahjong1date/0525_0842&debugStart=792,https://raw.githubusercontent.com/jygameclub/testdataapi/main/mahjong1date/0525_0842/792.json,https://raw.githubusercontent.com/jygameclub/testdataapi/main/mahjong1date/0525_0842,普通中奖,4.00,0.10,2,1,3,3,3,0,0,否,否,是,1,0,703855,703856,1271779695389901,9465198.0,9465162.0,2段连消/续转 / 金色符号/百搭转换
连消/掉落,839.json,839,75,金色/百搭,https://fish-games.s3.amazonaws.com/MahjongWays1/index.html?env=ceshislot.osshaiwai.com&hasFloat=0&token=436475c81b51e6893c740657870f86b7&language=en&debug=1&debugDataPath=https://raw.githubusercontent.com/jygameclub/testdataapi/main/mahjong1date/0525_0842&debugStart=839,https://raw.githubusercontent.com/jygameclub/testdataapi/main/mahjong1date/0525_0842/839.json,https://raw.githubusercontent.com/jygameclub/testdataapi/main/mahjong1date/0525_0842,普通中奖,4.00,0.10,2,1,3,3,3,0,0,否,否,是,1,2,704000,704002,4971779695503684,9468112.0,9468076.0,2段连消/续转 / 金色符号/百搭转换
连消/掉落,871.json,871,75,金色/百搭,https://fish-games.s3.amazonaws.com/MahjongWays1/index.html?env=ceshislot.osshaiwai.com&hasFloat=0&token=436475c81b51e6893c740657870f86b7&language=en&debug=1&debugDataPath=https://raw.githubusercontent.com/jygameclub/testdataapi/main/mahjong1date/0525_0842&debugStart=871,https://raw.githubusercontent.com/jygameclub/testdataapi/main/mahjong1date/0525_0842/871.json,https://raw.githubusercontent.com/jygameclub/testdataapi/main/mahjong1date/0525_0842,普通中奖,4.00,0.10,2,1,3,3,3,0,0,否,否,是,1,1,704101,704104,3891779695559433,9467180.0,9467144.0,2段连消/续转 / 金色符号/百搭转换
连消/掉落,930.json,930,75,金色/百搭,https://fish-games.s3.amazonaws.com/MahjongWays1/index.html?env=ceshislot.osshaiwai.com&hasFloat=0&token=436475c81b51e6893c740657870f86b7&language=en&debug=1&debugDataPath=https://raw.githubusercontent.com/jygameclub/testdataapi/main/mahjong1date/0525_0842&debugStart=930,https://raw.githubusercontent.com/jygameclub/testdataapi/main/mahjong1date/0525_0842/930.json,https://raw.githubusercontent.com/jygameclub/testdataapi/main/mahjong1date/0525_0842,普通中奖,4.00,0.10,2,1,3,3,3,0,0,否,否,是,1,1,704231,704233,9901779695655750,9465196.0,9465160.0,2段连消/续转 / 金色符号/百搭转换
连消/掉落,960.json,960,75,金色/百搭,https://fish-games.s3.amazonaws.com/MahjongWays1/index.html?env=ceshislot.osshaiwai.com&hasFloat=0&token=436475c81b51e6893c740657870f86b7&language=en&debug=1&debugDataPath=https://raw.githubusercontent.com/jygameclub/testdataapi/main/mahjong1date/0525_0842&debugStart=960,https://raw.githubusercontent.com/jygameclub/testdataapi/main/mahjong1date/0525_0842/960.json,https://raw.githubusercontent.com/jygameclub/testdataapi/main/mahjong1date/0525_0842,普通中奖,4.00,0.10,2,1,3,3,3,0,0,否,否,是,1,1,704334,704335,1701779695724317,9465632.0,9465596.0,2段连消/续转 / 金色符号/百搭转换
连消/掉落,968.json,968,75,金色/百搭,https://fish-games.s3.amazonaws.com/MahjongWays1/index.html?env=ceshislot.osshaiwai.com&hasFloat=0&token=436475c81b51e6893c740657870f86b7&language=en&debug=1&debugDataPath=https://raw.githubusercontent.com/jygameclub/testdataapi/main/mahjong1date/0525_0842&debugStart=968,https://raw.githubusercontent.com/jygameclub/testdataapi/main/mahjong1date/0525_0842/968.json,https://raw.githubusercontent.com/jygameclub/testdataapi/main/mahjong1date/0525_0842,普通中奖,4.00,0.10,2,1,3,3,3,0,0,否,否,是,1,2,704349,704351,5921779695737264,9465332.0,9465296.0,2段连消/续转 / 金色符号/百搭转换
