测试类型,文件,编号,推荐分,特征标签,回放链接,json绝对地址,数据目录,类型,总赢,倍率,请求数,掉落次数,补牌总数,消除位置总数,wp中奖位置总数,wild总数(可见盘面),单次最大wild数(可见盘面),是否免费旋转,免费送胡,是否金色百搭,中奖线,Scatter,起始SID,结束SID,spinId,起始余额,结束余额,为什么要测
免费中大奖,084.json,84,220,免费旋转 / 免费中大奖 / 免费送胡 / 金色/百搭,https://fish-games.s3.amazonaws.com/MahjongWays2/index.html?env=ceshislot.osshaiwai.com&hasFloat=0&token=436475c81b51e6893c740657870f86b7&language=en&debug=1&debugDataPath=https://raw.githubusercontent.com/jygameclub/testdataapi/main/mahjong2date/0525_0433&debugStart=84,https://raw.githubusercontent.com/jygameclub/testdataapi/main/mahjong2date/0525_0433/084.json,https://raw.githubusercontent.com/jygameclub/testdataapi/main/mahjong2date/0525_0433,Super Mega Win,3132.00,78.30,21,20,47,64,78,17,5,是,是,是,3,3,675899,675947,3181779667225277,9461494.0,9464586.0,Super Mega Win / 21段连消/续转 / Scatter / Free Spin / 金色符号/百搭转换 / 多线中奖 3线
免费中大奖,382.json,382,220,免费旋转 / 免费中大奖 / 免费送胡 / 金色/百搭,https://fish-games.s3.amazonaws.com/MahjongWays2/index.html?env=ceshislot.osshaiwai.com&hasFloat=0&token=436475c81b51e6893c740657870f86b7&language=en&debug=1&debugDataPath=https://raw.githubusercontent.com/jygameclub/testdataapi/main/mahjong2date/0525_0433&debugStart=382,https://raw.githubusercontent.com/jygameclub/testdataapi/main/mahjong2date/0525_0433/382.json,https://raw.githubusercontent.com/jygameclub/testdataapi/main/mahjong2date/0525_0433,Super Mega Win,2464.00,61.60,24,23,64,82,95,18,4,是,是,是,3,3,677251,677291,2501779669444275,9471148.0,9473572.0,Super Mega Win / 24段连消/续转 / Scatter / Free Spin / 金色符号/百搭转换 / 多线中奖 3线
免费中大奖,508.json,508,200,免费旋转 / 免费中大奖 / 免费送胡 / 金色/百搭,https://fish-games.s3.amazonaws.com/MahjongWays2/index.html?env=ceshislot.osshaiwai.com&hasFloat=0&token=436475c81b51e6893c740657870f86b7&language=en&debug=1&debugDataPath=https://raw.githubusercontent.com/jygameclub/testdataapi/main/mahjong2date/0525_0433&debugStart=508,https://raw.githubusercontent.com/jygameclub/testdataapi/main/mahjong2date/0525_0433/508.json,https://raw.githubusercontent.com/jygameclub/testdataapi/main/mahjong2date/0525_0433,Big Win,1276.00,31.90,33,32,56,75,81,19,4,是,是,是,3,3,677602,677741,5191779669892745,9472674.0,9473910.0,Big Win / 33段连消/续转 / Scatter / Free Spin / 金色符号/百搭转换 / 多线中奖 3线
免费中大奖,782.json,782,200,免费旋转 / 免费中大奖 / 免费送胡 / 金色/百搭,https://fish-games.s3.amazonaws.com/MahjongWays2/index.html?env=ceshislot.osshaiwai.com&hasFloat=0&token=436475c81b51e6893c740657870f86b7&language=en&debug=1&debugDataPath=https://raw.githubusercontent.com/jygameclub/testdataapi/main/mahjong2date/0525_0433&debugStart=782,https://raw.githubusercontent.com/jygameclub/testdataapi/main/mahjong2date/0525_0433/782.json,https://raw.githubusercontent.com/jygameclub/testdataapi/main/mahjong2date/0525_0433,Big Win,1256.00,31.40,44,43,106,138,156,32,4,是,是,是,3,3,678360,678491,9321779670807061,9470492.0,9476324.0,Big Win / 44段连消/续转 / Scatter / Free Spin / 金色符号/百搭转换 / 多线中奖 3线
免费中大奖,612.json,612,200,免费旋转 / 免费中大奖 / 免费送胡 / 金色/百搭,https://fish-games.s3.amazonaws.com/MahjongWays2/index.html?env=ceshislot.osshaiwai.com&hasFloat=0&token=436475c81b51e6893c740657870f86b7&language=en&debug=1&debugDataPath=https://raw.githubusercontent.com/jygameclub/testdataapi/main/mahjong2date/0525_0433&debugStart=612,https://raw.githubusercontent.com/jygameclub/testdataapi/main/mahjong2date/0525_0433/612.json,https://raw.githubusercontent.com/jygameclub/testdataapi/main/mahjong2date/0525_0433,Big Win,1180.00,29.50,20,19,48,61,76,13,4,是,是,是,4,3,677977,678025,9121779670385580,9472072.0,9473212.0,Big Win / 20段连消/续转 / Scatter / Free Spin / 金色符号/百搭转换 / 多线中奖 4线
免费中大奖,946.json,946,200,免费旋转 / 免费中大奖 / 免费送胡 / 金色/百搭,https://fish-games.s3.amazonaws.com/MahjongWays2/index.html?env=ceshislot.osshaiwai.com&hasFloat=0&token=436475c81b51e6893c740657870f86b7&language=en&debug=1&debugDataPath=https://raw.githubusercontent.com/jygameclub/testdataapi/main/mahjong2date/0525_0433&debugStart=946,https://raw.githubusercontent.com/jygameclub/testdataapi/main/mahjong2date/0525_0433/946.json,https://raw.githubusercontent.com/jygameclub/testdataapi/main/mahjong2date/0525_0433,Big Win,924.00,23.10,16,15,27,36,40,9,4,是,是,是,3,3,679035,679061,1171779671653950,9473940.0,9474824.0,Big Win / 16段连消/续转 / Scatter / Free Spin / 金色符号/百搭转换 / 多线中奖 3线
免费中大奖,212.json,212,200,免费旋转 / 免费中大奖 / 免费送胡 / 金色/百搭,https://fish-games.s3.amazonaws.com/MahjongWays2/index.html?env=ceshislot.osshaiwai.com&hasFloat=0&token=436475c81b51e6893c740657870f86b7&language=en&debug=1&debugDataPath=https://raw.githubusercontent.com/jygameclub/testdataapi/main/mahjong2date/0525_0433&debugStart=212,https://raw.githubusercontent.com/jygameclub/testdataapi/main/mahjong2date/0525_0433/212.json,https://raw.githubusercontent.com/jygameclub/testdataapi/main/mahjong2date/0525_0433,Big Win,896.00,22.40,21,20,47,61,76,14,4,是,是,是,4,3,676316,676377,5691779667806315,9464846.0,9466736.0,Big Win / 21段连消/续转 / Scatter / Free Spin / 金色符号/百搭转换 / 多线中奖 4线
免费中大奖,325.json,325,195,免费旋转 / 免费中大奖 / 免费送胡 / 金色/百搭,https://fish-games.s3.amazonaws.com/MahjongWays2/index.html?env=ceshislot.osshaiwai.com&hasFloat=0&token=436475c81b51e6893c740657870f86b7&language=en&debug=1&debugDataPath=https://raw.githubusercontent.com/jygameclub/testdataapi/main/mahjong2date/0525_0433&debugStart=325,https://raw.githubusercontent.com/jygameclub/testdataapi/main/mahjong2date/0525_0433/325.json,https://raw.githubusercontent.com/jygameclub/testdataapi/main/mahjong2date/0525_0433,Mega Win,1570.00,39.25,26,25,64,83,85,19,3,是,是,是,2,4,676924,676965,8421779668981711,9464570.0,9466100.0,Mega Win / 26段连消/续转 / Scatter / Free Spin / 金色符号/百搭转换
免费中大奖,377.json,377,185,免费旋转 / 免费中大奖 / 免费送胡 / 金色/百搭,https://fish-games.s3.amazonaws.com/MahjongWays2/index.html?env=ceshislot.osshaiwai.com&hasFloat=0&token=436475c81b51e6893c740657870f86b7&language=en&debug=1&debugDataPath=https://raw.githubusercontent.com/jygameclub/testdataapi/main/mahjong2date/0525_0433&debugStart=377,https://raw.githubusercontent.com/jygameclub/testdataapi/main/mahjong2date/0525_0433/377.json,https://raw.githubusercontent.com/jygameclub/testdataapi/main/mahjong2date/0525_0433,Big Win,1084.00,27.10,18,17,30,39,41,9,3,是,是,是,2,3,677163,677238,7371779669345810,9470260.0,9471304.0,Big Win / 18段连消/续转 / Scatter / Free Spin / 金色符号/百搭转换
免费中大奖,938.json,938,185,免费旋转 / 免费中大奖 / 免费送胡 / 金色/百搭,https://fish-games.s3.amazonaws.com/MahjongWays2/index.html?env=ceshislot.osshaiwai.com&hasFloat=0&token=436475c81b51e6893c740657870f86b7&language=en&debug=1&debugDataPath=https://raw.githubusercontent.com/jygameclub/testdataapi/main/mahjong2date/0525_0433&debugStart=938,https://raw.githubusercontent.com/jygameclub/testdataapi/main/mahjong2date/0525_0433/938.json,https://raw.githubusercontent.com/jygameclub/testdataapi/main/mahjong2date/0525_0433,Big Win,858.00,21.45,22,21,50,63,65,13,4,是,是,是,2,4,678952,679016,5691779671545134,9473320.0,9474138.0,Big Win / 22段连消/续转 / Scatter / Free Spin / 金色符号/百搭转换
Big Win,176.json,176,135,金色/百搭,https://fish-games.s3.amazonaws.com/MahjongWays2/index.html?env=ceshislot.osshaiwai.com&hasFloat=0&token=436475c81b51e6893c740657870f86b7&language=en&debug=1&debugDataPath=https://raw.githubusercontent.com/jygameclub/testdataapi/main/mahjong2date/0525_0433&debugStart=176,https://raw.githubusercontent.com/jygameclub/testdataapi/main/mahjong2date/0525_0433/176.json,https://raw.githubusercontent.com/jygameclub/testdataapi/main/mahjong2date/0525_0433,Big Win,752.00,18.80,5,4,25,27,27,2,1,否,否,是,2,2,676188,676197,3021779667616692,9464316.0,9465028.0,Big Win / 5段连消/续转 / 金色符号/百搭转换
免费送胡,344.json,344,140,免费旋转 / 免费送胡 / 金色/百搭,https://fish-games.s3.amazonaws.com/MahjongWays2/index.html?env=ceshislot.osshaiwai.com&hasFloat=0&token=436475c81b51e6893c740657870f86b7&language=en&debug=1&debugDataPath=https://raw.githubusercontent.com/jygameclub/testdataapi/main/mahjong2date/0525_0433&debugStart=344,https://raw.githubusercontent.com/jygameclub/testdataapi/main/mahjong2date/0525_0433/344.json,https://raw.githubusercontent.com/jygameclub/testdataapi/main/mahjong2date/0525_0433,普通中奖,176.00,4.40,25,24,74,99,117,25,5,是,是,是,4,3,677027,677090,8121779669139094,9465934.0,9471234.0,25段连消/续转 / Scatter / Free Spin / 金色符号/百搭转换 / 多线中奖 4线
免费送胡,440.json,440,140,免费旋转 / 免费送胡 / 金色/百搭,https://fish-games.s3.amazonaws.com/MahjongWays2/index.html?env=ceshislot.osshaiwai.com&hasFloat=0&token=436475c81b51e6893c740657870f86b7&language=en&debug=1&debugDataPath=https://raw.githubusercontent.com/jygameclub/testdataapi/main/mahjong2date/0525_0433&debugStart=440,https://raw.githubusercontent.com/jygameclub/testdataapi/main/mahjong2date/0525_0433/440.json,https://raw.githubusercontent.com/jygameclub/testdataapi/main/mahjong2date/0525_0433,普通中奖,20.00,0.50,18,17,32,45,51,13,4,是,是,是,4,3,677422,677460,4871779669697644,9473158.0,9474930.0,18段连消/续转 / Scatter / Free Spin / 金色符号/百搭转换 / 多线中奖 4线
免费送胡,305.json,305,140,免费旋转 / 免费送胡 / 金色/百搭,https://fish-games.s3.amazonaws.com/MahjongWays2/index.html?env=ceshislot.osshaiwai.com&hasFloat=0&token=436475c81b51e6893c740657870f86b7&language=en&debug=1&debugDataPath=https://raw.githubusercontent.com/jygameclub/testdataapi/main/mahjong2date/0525_0433&debugStart=305,https://raw.githubusercontent.com/jygameclub/testdataapi/main/mahjong2date/0525_0433/305.json,https://raw.githubusercontent.com/jygameclub/testdataapi/main/mahjong2date/0525_0433,普通中奖,16.00,0.40,18,17,40,52,54,12,4,是,是,是,3,3,676844,676879,5701779668864678,9464640.0,9465216.0,18段连消/续转 / Scatter / Free Spin / 金色符号/百搭转换 / 多线中奖 3线
免费送胡,959.json,959,125,免费旋转 / 免费送胡 / 金色/百搭,https://fish-games.s3.amazonaws.com/MahjongWays2/index.html?env=ceshislot.osshaiwai.com&hasFloat=0&token=436475c81b51e6893c740657870f86b7&language=en&debug=1&debugDataPath=https://raw.githubusercontent.com/jygameclub/testdataapi/main/mahjong2date/0525_0433&debugStart=959,https://raw.githubusercontent.com/jygameclub/testdataapi/main/mahjong2date/0525_0433/959.json,https://raw.githubusercontent.com/jygameclub/testdataapi/main/mahjong2date/0525_0433,普通中奖,284.00,7.10,18,17,31,43,44,12,4,是,是,是,2,3,679144,679171,6021779671871215,9477226.0,9477470.0,18段连消/续转 / Scatter / Free Spin / 金色符号/百搭转换
免费送胡,205.json,205,125,免费旋转 / 免费送胡 / 金色/百搭,https://fish-games.s3.amazonaws.com/MahjongWays2/index.html?env=ceshislot.osshaiwai.com&hasFloat=0&token=436475c81b51e6893c740657870f86b7&language=en&debug=1&debugDataPath=https://raw.githubusercontent.com/jygameclub/testdataapi/main/mahjong2date/0525_0433&debugStart=205,https://raw.githubusercontent.com/jygameclub/testdataapi/main/mahjong2date/0525_0433/205.json,https://raw.githubusercontent.com/jygameclub/testdataapi/main/mahjong2date/0525_0433,普通中奖,236.00,5.90,16,15,26,31,31,5,2,是,是,是,2,3,676275,676296,1361779667707206,9464618.0,9464814.0,16段连消/续转 / Scatter / Free Spin / 金色符号/百搭转换
免费送胡,103.json,103,125,免费旋转 / 免费送胡 / 金色/百搭,https://fish-games.s3.amazonaws.com/MahjongWays2/index.html?env=ceshislot.osshaiwai.com&hasFloat=0&token=436475c81b51e6893c740657870f86b7&language=en&debug=1&debugDataPath=https://raw.githubusercontent.com/jygameclub/testdataapi/main/mahjong2date/0525_0433&debugStart=103,https://raw.githubusercontent.com/jygameclub/testdataapi/main/mahjong2date/0525_0433/103.json,https://raw.githubusercontent.com/jygameclub/testdataapi/main/mahjong2date/0525_0433,普通中奖,32.00,0.80,26,25,72,93,95,21,4,是,是,是,2,3,676005,676060,8601779667380225,9464348.0,9466228.0,26段连消/续转 / Scatter / Free Spin / 金色符号/百搭转换
免费送胡,958.json,958,125,免费旋转 / 免费送胡 / 金色/百搭,https://fish-games.s3.amazonaws.com/MahjongWays2/index.html?env=ceshislot.osshaiwai.com&hasFloat=0&token=436475c81b51e6893c740657870f86b7&language=en&debug=1&debugDataPath=https://raw.githubusercontent.com/jygameclub/testdataapi/main/mahjong2date/0525_0433&debugStart=958,https://raw.githubusercontent.com/jygameclub/testdataapi/main/mahjong2date/0525_0433/958.json,https://raw.githubusercontent.com/jygameclub/testdataapi/main/mahjong2date/0525_0433,普通中奖,24.00,0.60,19,18,41,54,55,13,3,是,是,是,2,3,679092,679143,9041779671770432,9475086.0,9477226.0,19段连消/续转 / Scatter / Free Spin / 金色符号/百搭转换
免费送胡,272.json,272,125,免费旋转 / 免费送胡 / 金色/百搭,https://fish-games.s3.amazonaws.com/MahjongWays2/index.html?env=ceshislot.osshaiwai.com&hasFloat=0&token=436475c81b51e6893c740657870f86b7&language=en&debug=1&debugDataPath=https://raw.githubusercontent.com/jygameclub/testdataapi/main/mahjong2date/0525_0433&debugStart=272,https://raw.githubusercontent.com/jygameclub/testdataapi/main/mahjong2date/0525_0433/272.json,https://raw.githubusercontent.com/jygameclub/testdataapi/main/mahjong2date/0525_0433,普通中奖,8.00,0.20,12,11,3,4,4,1,1,是,是,是,1,3,676754,676773,1961779668741646,9465620.0,9465588.0,12段连消/续转 / Scatter / Free Spin / 金色符号/百搭转换
连消/掉落,784.json,784,90,金色/百搭,https://fish-games.s3.amazonaws.com/MahjongWays2/index.html?env=ceshislot.osshaiwai.com&hasFloat=0&token=436475c81b51e6893c740657870f86b7&language=en&debug=1&debugDataPath=https://raw.githubusercontent.com/jygameclub/testdataapi/main/mahjong2date/0525_0433&debugStart=784,https://raw.githubusercontent.com/jygameclub/testdataapi/main/mahjong2date/0525_0433/784.json,https://raw.githubusercontent.com/jygameclub/testdataapi/main/mahjong2date/0525_0433,普通中奖,618.00,15.45,4,3,25,26,28,1,1,否,否,是,3,0,678506,678514,1331779671018494,9476284.0,9476862.0,4段连消/续转 / 金色符号/百搭转换 / 多线中奖 3线
连消/掉落,260.json,260,90,金色/百搭,https://fish-games.s3.amazonaws.com/MahjongWays2/index.html?env=ceshislot.osshaiwai.com&hasFloat=0&token=436475c81b51e6893c740657870f86b7&language=en&debug=1&debugDataPath=https://raw.githubusercontent.com/jygameclub/testdataapi/main/mahjong2date/0525_0433&debugStart=260,https://raw.githubusercontent.com/jygameclub/testdataapi/main/mahjong2date/0525_0433/260.json,https://raw.githubusercontent.com/jygameclub/testdataapi/main/mahjong2date/0525_0433,普通中奖,442.00,11.05,7,6,38,40,44,2,2,否,否,是,3,1,676729,676738,6011779668711063,9465618.0,9466020.0,7段连消/续转 / 金色符号/百搭转换 / 多线中奖 3线
连消/掉落,016.json,16,90,金色/百搭,https://fish-games.s3.amazonaws.com/MahjongWays2/index.html?env=ceshislot.osshaiwai.com&hasFloat=0&token=436475c81b51e6893c740657870f86b7&language=en&debug=1&debugDataPath=https://raw.githubusercontent.com/jygameclub/testdataapi/main/mahjong2date/0525_0433&debugStart=16,https://raw.githubusercontent.com/jygameclub/testdataapi/main/mahjong2date/0525_0433/016.json,https://raw.githubusercontent.com/jygameclub/testdataapi/main/mahjong2date/0525_0433,普通中奖,360.00,9.00,5,4,28,31,37,3,2,否,否,是,3,0,675753,675759,1321779667078693,9461752.0,9462072.0,5段连消/续转 / 金色符号/百搭转换 / 多线中奖 3线
连消/掉落,157.json,157,90,金色/百搭,https://fish-games.s3.amazonaws.com/MahjongWays2/index.html?env=ceshislot.osshaiwai.com&hasFloat=0&token=436475c81b51e6893c740657870f86b7&language=en&debug=1&debugDataPath=https://raw.githubusercontent.com/jygameclub/testdataapi/main/mahjong2date/0525_0433&debugStart=157,https://raw.githubusercontent.com/jygameclub/testdataapi/main/mahjong2date/0525_0433/157.json,https://raw.githubusercontent.com/jygameclub/testdataapi/main/mahjong2date/0525_0433,普通中奖,348.00,8.70,3,2,13,18,30,5,4,否,否,是,4,0,676152,676154,4261779667586324,9464710.0,9465018.0,3段连消/续转 / 金色符号/百搭转换 / 多线中奖 4线
连消/掉落,533.json,533,90,金色/百搭,https://fish-games.s3.amazonaws.com/MahjongWays2/index.html?env=ceshislot.osshaiwai.com&hasFloat=0&token=436475c81b51e6893c740657870f86b7&language=en&debug=1&debugDataPath=https://raw.githubusercontent.com/jygameclub/testdataapi/main/mahjong2date/0525_0433&debugStart=533,https://raw.githubusercontent.com/jygameclub/testdataapi/main/mahjong2date/0525_0433/533.json,https://raw.githubusercontent.com/jygameclub/testdataapi/main/mahjong2date/0525_0433,普通中奖,274.00,6.85,4,3,20,21,23,1,1,否,否,是,3,2,677801,677804,9841779670207731,9473910.0,9474144.0,4段连消/续转 / 金色符号/百搭转换 / 多线中奖 3线
连消/掉落,210.json,210,90,金色/百搭,https://fish-games.s3.amazonaws.com/MahjongWays2/index.html?env=ceshislot.osshaiwai.com&hasFloat=0&token=436475c81b51e6893c740657870f86b7&language=en&debug=1&debugDataPath=https://raw.githubusercontent.com/jygameclub/testdataapi/main/mahjong2date/0525_0433&debugStart=210,https://raw.githubusercontent.com/jygameclub/testdataapi/main/mahjong2date/0525_0433/210.json,https://raw.githubusercontent.com/jygameclub/testdataapi/main/mahjong2date/0525_0433,普通中奖,268.00,6.70,4,3,24,25,28,1,1,否,否,是,4,0,676305,676310,1591779667791322,9464658.0,9464886.0,4段连消/续转 / 金色符号/百搭转换 / 多线中奖 4线
连消/掉落,936.json,936,90,金色/百搭,https://fish-games.s3.amazonaws.com/MahjongWays2/index.html?env=ceshislot.osshaiwai.com&hasFloat=0&token=436475c81b51e6893c740657870f86b7&language=en&debug=1&debugDataPath=https://raw.githubusercontent.com/jygameclub/testdataapi/main/mahjong2date/0525_0433&debugStart=936,https://raw.githubusercontent.com/jygameclub/testdataapi/main/mahjong2date/0525_0433/936.json,https://raw.githubusercontent.com/jygameclub/testdataapi/main/mahjong2date/0525_0433,普通中奖,218.00,5.45,5,4,27,28,30,1,1,否,否,是,3,1,678946,678950,6231779671533701,9473182.0,9473360.0,5段连消/续转 / 金色符号/百搭转换 / 多线中奖 3线
连消/掉落,706.json,706,90,金色/百搭,https://fish-games.s3.amazonaws.com/MahjongWays2/index.html?env=ceshislot.osshaiwai.com&hasFloat=0&token=436475c81b51e6893c740657870f86b7&language=en&debug=1&debugDataPath=https://raw.githubusercontent.com/jygameclub/testdataapi/main/mahjong2date/0525_0433&debugStart=706,https://raw.githubusercontent.com/jygameclub/testdataapi/main/mahjong2date/0525_0433/706.json,https://raw.githubusercontent.com/jygameclub/testdataapi/main/mahjong2date/0525_0433,普通中奖,210.00,5.25,4,3,19,21,23,2,1,否,否,是,3,2,678225,678231,8071779670662778,9472358.0,9472528.0,4段连消/续转 / 金色符号/百搭转换 / 多线中奖 3线
连消/掉落,239.json,239,90,金色/百搭,https://fish-games.s3.amazonaws.com/MahjongWays2/index.html?env=ceshislot.osshaiwai.com&hasFloat=0&token=436475c81b51e6893c740657870f86b7&language=en&debug=1&debugDataPath=https://raw.githubusercontent.com/jygameclub/testdataapi/main/mahjong2date/0525_0433&debugStart=239,https://raw.githubusercontent.com/jygameclub/testdataapi/main/mahjong2date/0525_0433/239.json,https://raw.githubusercontent.com/jygameclub/testdataapi/main/mahjong2date/0525_0433,普通中奖,204.00,5.10,3,2,22,24,26,2,1,否,否,是,3,0,676438,676672,6941779668029319,9465798.0,9465962.0,3段连消/续转 / 金色符号/百搭转换 / 多线中奖 3线
连消/掉落,876.json,876,90,金色/百搭,https://fish-games.s3.amazonaws.com/MahjongWays2/index.html?env=ceshislot.osshaiwai.com&hasFloat=0&token=436475c81b51e6893c740657870f86b7&language=en&debug=1&debugDataPath=https://raw.githubusercontent.com/jygameclub/testdataapi/main/mahjong2date/0525_0433&debugStart=876,https://raw.githubusercontent.com/jygameclub/testdataapi/main/mahjong2date/0525_0433/876.json,https://raw.githubusercontent.com/jygameclub/testdataapi/main/mahjong2date/0525_0433,普通中奖,186.00,4.65,4,3,22,25,29,3,2,否,否,是,3,0,678819,678822,6591779671403552,9474168.0,9474314.0,4段连消/续转 / 金色符号/百搭转换 / 多线中奖 3线
连消/掉落,882.json,882,90,金色/百搭,https://fish-games.s3.amazonaws.com/MahjongWays2/index.html?env=ceshislot.osshaiwai.com&hasFloat=0&token=436475c81b51e6893c740657870f86b7&language=en&debug=1&debugDataPath=https://raw.githubusercontent.com/jygameclub/testdataapi/main/mahjong2date/0525_0433&debugStart=882,https://raw.githubusercontent.com/jygameclub/testdataapi/main/mahjong2date/0525_0433/882.json,https://raw.githubusercontent.com/jygameclub/testdataapi/main/mahjong2date/0525_0433,普通中奖,166.00,4.15,4,3,21,22,24,1,1,否,否,是,3,1,678832,678835,9821779671423400,9474230.0,9474356.0,4段连消/续转 / 金色符号/百搭转换 / 多线中奖 3线
连消/掉落,413.json,413,90,金色/百搭,https://fish-games.s3.amazonaws.com/MahjongWays2/index.html?env=ceshislot.osshaiwai.com&hasFloat=0&token=436475c81b51e6893c740657870f86b7&language=en&debug=1&debugDataPath=https://raw.githubusercontent.com/jygameclub/testdataapi/main/mahjong2date/0525_0433&debugStart=413,https://raw.githubusercontent.com/jygameclub/testdataapi/main/mahjong2date/0525_0433/413.json,https://raw.githubusercontent.com/jygameclub/testdataapi/main/mahjong2date/0525_0433,普通中奖,136.00,3.40,3,2,13,15,21,2,2,否,否,是,4,1,677357,677360,8241779669621695,9473456.0,9473552.0,3段连消/续转 / 金色符号/百搭转换 / 多线中奖 4线
连消/掉落,974.json,974,90,金色/百搭,https://fish-games.s3.amazonaws.com/MahjongWays2/index.html?env=ceshislot.osshaiwai.com&hasFloat=0&token=436475c81b51e6893c740657870f86b7&language=en&debug=1&debugDataPath=https://raw.githubusercontent.com/jygameclub/testdataapi/main/mahjong2date/0525_0433&debugStart=974,https://raw.githubusercontent.com/jygameclub/testdataapi/main/mahjong2date/0525_0433/974.json,https://raw.githubusercontent.com/jygameclub/testdataapi/main/mahjong2date/0525_0433,普通中奖,130.00,3.25,5,4,20,22,26,2,2,否,否,是,3,2,679199,679203,4151779671981881,9477640.0,9477730.0,5段连消/续转 / 金色符号/百搭转换 / 多线中奖 3线
连消/掉落,388.json,388,75,金色/百搭,https://fish-games.s3.amazonaws.com/MahjongWays2/index.html?env=ceshislot.osshaiwai.com&hasFloat=0&token=436475c81b51e6893c740657870f86b7&language=en&debug=1&debugDataPath=https://raw.githubusercontent.com/jygameclub/testdataapi/main/mahjong2date/0525_0433&debugStart=388,https://raw.githubusercontent.com/jygameclub/testdataapi/main/mahjong2date/0525_0433/388.json,https://raw.githubusercontent.com/jygameclub/testdataapi/main/mahjong2date/0525_0433,普通中奖,656.00,16.40,5,4,27,28,28,1,1,否,否,是,2,1,677312,677316,1571779669565525,9473420.0,9474036.0,5段连消/续转 / 金色符号/百搭转换
连消/掉落,023.json,23,75,金色/百搭,https://fish-games.s3.amazonaws.com/MahjongWays2/index.html?env=ceshislot.osshaiwai.com&hasFloat=0&token=436475c81b51e6893c740657870f86b7&language=en&debug=1&debugDataPath=https://raw.githubusercontent.com/jygameclub/testdataapi/main/mahjong2date/0525_0433&debugStart=23,https://raw.githubusercontent.com/jygameclub/testdataapi/main/mahjong2date/0525_0433/023.json,https://raw.githubusercontent.com/jygameclub/testdataapi/main/mahjong2date/0525_0433,普通中奖,644.00,16.10,6,5,30,34,38,4,2,否,否,是,2,1,675774,675782,8221779667097577,9461850.0,9462454.0,6段连消/续转 / 金色符号/百搭转换
连消/掉落,971.json,971,75,金色/百搭,https://fish-games.s3.amazonaws.com/MahjongWays2/index.html?env=ceshislot.osshaiwai.com&hasFloat=0&token=436475c81b51e6893c740657870f86b7&language=en&debug=1&debugDataPath=https://raw.githubusercontent.com/jygameclub/testdataapi/main/mahjong2date/0525_0433&debugStart=971,https://raw.githubusercontent.com/jygameclub/testdataapi/main/mahjong2date/0525_0433/971.json,https://raw.githubusercontent.com/jygameclub/testdataapi/main/mahjong2date/0525_0433,普通中奖,632.00,15.80,4,3,16,17,18,1,1,否,否,是,2,0,679193,679196,8811779671973264,9477128.0,9477720.0,4段连消/续转 / 金色符号/百搭转换
连消/掉落,069.json,69,75,金色/百搭,https://fish-games.s3.amazonaws.com/MahjongWays2/index.html?env=ceshislot.osshaiwai.com&hasFloat=0&token=436475c81b51e6893c740657870f86b7&language=en&debug=1&debugDataPath=https://raw.githubusercontent.com/jygameclub/testdataapi/main/mahjong2date/0525_0433&debugStart=69,https://raw.githubusercontent.com/jygameclub/testdataapi/main/mahjong2date/0525_0433/069.json,https://raw.githubusercontent.com/jygameclub/testdataapi/main/mahjong2date/0525_0433,普通中奖,526.00,13.15,4,3,20,20,20,0,0,否,否,是,1,2,675863,675867,1421779667190843,9461062.0,9461548.0,4段连消/续转 / 金色符号/百搭转换
连消/掉落,683.json,683,75,金色/百搭,https://fish-games.s3.amazonaws.com/MahjongWays2/index.html?env=ceshislot.osshaiwai.com&hasFloat=0&token=436475c81b51e6893c740657870f86b7&language=en&debug=1&debugDataPath=https://raw.githubusercontent.com/jygameclub/testdataapi/main/mahjong2date/0525_0433&debugStart=683,https://raw.githubusercontent.com/jygameclub/testdataapi/main/mahjong2date/0525_0433/683.json,https://raw.githubusercontent.com/jygameclub/testdataapi/main/mahjong2date/0525_0433,普通中奖,488.00,12.20,3,2,13,14,14,1,1,否,否,是,1,0,678187,678189,3511779670621112,9472184.0,9472632.0,3段连消/续转 / 金色符号/百搭转换
连消/掉落,074.json,74,75,金色/百搭,https://fish-games.s3.amazonaws.com/MahjongWays2/index.html?env=ceshislot.osshaiwai.com&hasFloat=0&token=436475c81b51e6893c740657870f86b7&language=en&debug=1&debugDataPath=https://raw.githubusercontent.com/jygameclub/testdataapi/main/mahjong2date/0525_0433&debugStart=74,https://raw.githubusercontent.com/jygameclub/testdataapi/main/mahjong2date/0525_0433/074.json,https://raw.githubusercontent.com/jygameclub/testdataapi/main/mahjong2date/0525_0433,普通中奖,478.00,11.95,6,5,23,23,23,0,0,否,否,是,1,0,675874,675882,1531779667201792,9461388.0,9461826.0,6段连消/续转 / 金色符号/百搭转换
连消/掉落,635.json,635,75,金色/百搭,https://fish-games.s3.amazonaws.com/MahjongWays2/index.html?env=ceshislot.osshaiwai.com&hasFloat=0&token=436475c81b51e6893c740657870f86b7&language=en&debug=1&debugDataPath=https://raw.githubusercontent.com/jygameclub/testdataapi/main/mahjong2date/0525_0433&debugStart=635,https://raw.githubusercontent.com/jygameclub/testdataapi/main/mahjong2date/0525_0433/635.json,https://raw.githubusercontent.com/jygameclub/testdataapi/main/mahjong2date/0525_0433,普通中奖,432.00,10.80,4,3,19,20,20,1,1,否,否,是,1,0,678084,678087,2531779670524062,9472744.0,9473136.0,4段连消/续转 / 金色符号/百搭转换
连消/掉落,914.json,914,75,金色/百搭,https://fish-games.s3.amazonaws.com/MahjongWays2/index.html?env=ceshislot.osshaiwai.com&hasFloat=0&token=436475c81b51e6893c740657870f86b7&language=en&debug=1&debugDataPath=https://raw.githubusercontent.com/jygameclub/testdataapi/main/mahjong2date/0525_0433&debugStart=914,https://raw.githubusercontent.com/jygameclub/testdataapi/main/mahjong2date/0525_0433/914.json,https://raw.githubusercontent.com/jygameclub/testdataapi/main/mahjong2date/0525_0433,普通中奖,404.00,10.10,5,4,26,27,28,1,1,否,否,是,2,2,678892,678902,9141779671481418,9473500.0,9473864.0,5段连消/续转 / 金色符号/百搭转换
连消/掉落,685.json,685,75,金色/百搭,https://fish-games.s3.amazonaws.com/MahjongWays2/index.html?env=ceshislot.osshaiwai.com&hasFloat=0&token=436475c81b51e6893c740657870f86b7&language=en&debug=1&debugDataPath=https://raw.githubusercontent.com/jygameclub/testdataapi/main/mahjong2date/0525_0433&debugStart=685,https://raw.githubusercontent.com/jygameclub/testdataapi/main/mahjong2date/0525_0433/685.json,https://raw.githubusercontent.com/jygameclub/testdataapi/main/mahjong2date/0525_0433,普通中奖,400.00,10.00,4,3,21,22,23,1,1,否,否,是,2,0,678191,678194,4251779670627329,9472592.0,9472952.0,4段连消/续转 / 金色符号/百搭转换
连消/掉落,739.json,739,75,金色/百搭,https://fish-games.s3.amazonaws.com/MahjongWays2/index.html?env=ceshislot.osshaiwai.com&hasFloat=0&token=436475c81b51e6893c740657870f86b7&language=en&debug=1&debugDataPath=https://raw.githubusercontent.com/jygameclub/testdataapi/main/mahjong2date/0525_0433&debugStart=739,https://raw.githubusercontent.com/jygameclub/testdataapi/main/mahjong2date/0525_0433/739.json,https://raw.githubusercontent.com/jygameclub/testdataapi/main/mahjong2date/0525_0433,普通中奖,400.00,10.00,2,1,7,7,7,0,0,否,否,是,1,0,678278,678279,6131779670718845,9471382.0,9471742.0,2段连消/续转 / 金色符号/百搭转换
连消/掉落,992.json,992,75,金色/百搭,https://fish-games.s3.amazonaws.com/MahjongWays2/index.html?env=ceshislot.osshaiwai.com&hasFloat=0&token=436475c81b51e6893c740657870f86b7&language=en&debug=1&debugDataPath=https://raw.githubusercontent.com/jygameclub/testdataapi/main/mahjong2date/0525_0433&debugStart=992,https://raw.githubusercontent.com/jygameclub/testdataapi/main/mahjong2date/0525_0433/992.json,https://raw.githubusercontent.com/jygameclub/testdataapi/main/mahjong2date/0525_0433,普通中奖,368.00,9.20,4,3,22,24,26,2,1,否,否,是,2,2,679250,679254,8931779672028031,9477552.0,9477880.0,4段连消/续转 / 金色符号/百搭转换
连消/掉落,519.json,519,75,金色/百搭,https://fish-games.s3.amazonaws.com/MahjongWays2/index.html?env=ceshislot.osshaiwai.com&hasFloat=0&token=436475c81b51e6893c740657870f86b7&language=en&debug=1&debugDataPath=https://raw.githubusercontent.com/jygameclub/testdataapi/main/mahjong2date/0525_0433&debugStart=519,https://raw.githubusercontent.com/jygameclub/testdataapi/main/mahjong2date/0525_0433/519.json,https://raw.githubusercontent.com/jygameclub/testdataapi/main/mahjong2date/0525_0433,普通中奖,318.00,7.95,4,3,20,23,26,3,2,否,否,是,2,0,677775,677780,2181779670177098,9473996.0,9474274.0,4段连消/续转 / 金色符号/百搭转换
连消/掉落,630.json,630,75,金色/百搭,https://fish-games.s3.amazonaws.com/MahjongWays2/index.html?env=ceshislot.osshaiwai.com&hasFloat=0&token=436475c81b51e6893c740657870f86b7&language=en&debug=1&debugDataPath=https://raw.githubusercontent.com/jygameclub/testdataapi/main/mahjong2date/0525_0433&debugStart=630,https://raw.githubusercontent.com/jygameclub/testdataapi/main/mahjong2date/0525_0433/630.json,https://raw.githubusercontent.com/jygameclub/testdataapi/main/mahjong2date/0525_0433,普通中奖,296.00,7.40,5,4,24,24,24,0,0,否,否,是,1,0,678066,678073,7511779670507212,9472596.0,9472852.0,5段连消/续转 / 金色符号/百搭转换
连消/掉落,649.json,649,75,金色/百搭,https://fish-games.s3.amazonaws.com/MahjongWays2/index.html?env=ceshislot.osshaiwai.com&hasFloat=0&token=436475c81b51e6893c740657870f86b7&language=en&debug=1&debugDataPath=https://raw.githubusercontent.com/jygameclub/testdataapi/main/mahjong2date/0525_0433&debugStart=649,https://raw.githubusercontent.com/jygameclub/testdataapi/main/mahjong2date/0525_0433/649.json,https://raw.githubusercontent.com/jygameclub/testdataapi/main/mahjong2date/0525_0433,普通中奖,294.00,7.35,6,5,23,25,25,2,1,否,否,是,1,0,678120,678128,7371779670558365,9472782.0,9473036.0,6段连消/续转 / 金色符号/百搭转换
连消/掉落,515.json,515,75,金色/百搭,https://fish-games.s3.amazonaws.com/MahjongWays2/index.html?env=ceshislot.osshaiwai.com&hasFloat=0&token=436475c81b51e6893c740657870f86b7&language=en&debug=1&debugDataPath=https://raw.githubusercontent.com/jygameclub/testdataapi/main/mahjong2date/0525_0433&debugStart=515,https://raw.githubusercontent.com/jygameclub/testdataapi/main/mahjong2date/0525_0433/515.json,https://raw.githubusercontent.com/jygameclub/testdataapi/main/mahjong2date/0525_0433,普通中奖,294.00,7.35,3,2,12,14,14,2,1,否,否,是,1,1,677766,677769,1081779670168231,9473862.0,9474116.0,3段连消/续转 / 金色符号/百搭转换
连消/掉落,948.json,948,75,金色/百搭,https://fish-games.s3.amazonaws.com/MahjongWays2/index.html?env=ceshislot.osshaiwai.com&hasFloat=0&token=436475c81b51e6893c740657870f86b7&language=en&debug=1&debugDataPath=https://raw.githubusercontent.com/jygameclub/testdataapi/main/mahjong2date/0525_0433&debugStart=948,https://raw.githubusercontent.com/jygameclub/testdataapi/main/mahjong2date/0525_0433/948.json,https://raw.githubusercontent.com/jygameclub/testdataapi/main/mahjong2date/0525_0433,普通中奖,288.00,7.20,2,1,11,11,11,0,0,否,否,是,1,1,679063,679064,2481779671740649,9474784.0,9475032.0,2段连消/续转 / 金色符号/百搭转换
连消/掉落,286.json,286,75,金色/百搭,https://fish-games.s3.amazonaws.com/MahjongWays2/index.html?env=ceshislot.osshaiwai.com&hasFloat=0&token=436475c81b51e6893c740657870f86b7&language=en&debug=1&debugDataPath=https://raw.githubusercontent.com/jygameclub/testdataapi/main/mahjong2date/0525_0433&debugStart=286,https://raw.githubusercontent.com/jygameclub/testdataapi/main/mahjong2date/0525_0433/286.json,https://raw.githubusercontent.com/jygameclub/testdataapi/main/mahjong2date/0525_0433,普通中奖,276.00,6.90,3,2,14,15,15,1,1,否,否,是,1,0,676807,676809,9931779668826563,9465090.0,9465326.0,3段连消/续转 / 金色符号/百搭转换
连消/掉落,983.json,983,75,金色/百搭,https://fish-games.s3.amazonaws.com/MahjongWays2/index.html?env=ceshislot.osshaiwai.com&hasFloat=0&token=436475c81b51e6893c740657870f86b7&language=en&debug=1&debugDataPath=https://raw.githubusercontent.com/jygameclub/testdataapi/main/mahjong2date/0525_0433&debugStart=983,https://raw.githubusercontent.com/jygameclub/testdataapi/main/mahjong2date/0525_0433/983.json,https://raw.githubusercontent.com/jygameclub/testdataapi/main/mahjong2date/0525_0433,普通中奖,276.00,6.90,3,2,16,18,19,2,1,否,否,是,2,0,679225,679228,3851779672009164,9477624.0,9477860.0,3段连消/续转 / 金色符号/百搭转换
连消/掉落,592.json,592,75,金色/百搭,https://fish-games.s3.amazonaws.com/MahjongWays2/index.html?env=ceshislot.osshaiwai.com&hasFloat=0&token=436475c81b51e6893c740657870f86b7&language=en&debug=1&debugDataPath=https://raw.githubusercontent.com/jygameclub/testdataapi/main/mahjong2date/0525_0433&debugStart=592,https://raw.githubusercontent.com/jygameclub/testdataapi/main/mahjong2date/0525_0433/592.json,https://raw.githubusercontent.com/jygameclub/testdataapi/main/mahjong2date/0525_0433,普通中奖,266.00,6.65,5,4,21,22,22,1,1,否,否,是,1,1,677932,677941,7641779670342464,9472540.0,9472766.0,5段连消/续转 / 金色符号/百搭转换
连消/掉落,198.json,198,75,金色/百搭,https://fish-games.s3.amazonaws.com/MahjongWays2/index.html?env=ceshislot.osshaiwai.com&hasFloat=0&token=436475c81b51e6893c740657870f86b7&language=en&debug=1&debugDataPath=https://raw.githubusercontent.com/jygameclub/testdataapi/main/mahjong2date/0525_0433&debugStart=198,https://raw.githubusercontent.com/jygameclub/testdataapi/main/mahjong2date/0525_0433/198.json,https://raw.githubusercontent.com/jygameclub/testdataapi/main/mahjong2date/0525_0433,普通中奖,262.00,6.55,4,3,20,21,22,1,1,否,否,是,2,0,676252,676260,3071779667680440,9464358.0,9464580.0,4段连消/续转 / 金色符号/百搭转换
连消/掉落,202.json,202,75,金色/百搭,https://fish-games.s3.amazonaws.com/MahjongWays2/index.html?env=ceshislot.osshaiwai.com&hasFloat=0&token=436475c81b51e6893c740657870f86b7&language=en&debug=1&debugDataPath=https://raw.githubusercontent.com/jygameclub/testdataapi/main/mahjong2date/0525_0433&debugStart=202,https://raw.githubusercontent.com/jygameclub/testdataapi/main/mahjong2date/0525_0433/202.json,https://raw.githubusercontent.com/jygameclub/testdataapi/main/mahjong2date/0525_0433,普通中奖,258.00,6.45,5,4,20,22,23,2,1,否,否,是,2,1,676268,676272,5201779667695290,9464480.0,9464698.0,5段连消/续转 / 金色符号/百搭转换
连消/掉落,951.json,951,75,金色/百搭,https://fish-games.s3.amazonaws.com/MahjongWays2/index.html?env=ceshislot.osshaiwai.com&hasFloat=0&token=436475c81b51e6893c740657870f86b7&language=en&debug=1&debugDataPath=https://raw.githubusercontent.com/jygameclub/testdataapi/main/mahjong2date/0525_0433&debugStart=951,https://raw.githubusercontent.com/jygameclub/testdataapi/main/mahjong2date/0525_0433/951.json,https://raw.githubusercontent.com/jygameclub/testdataapi/main/mahjong2date/0525_0433,普通中奖,232.00,5.80,5,4,25,26,27,1,1,否,否,是,2,1,679068,679074,7661779671748082,9474960.0,9475152.0,5段连消/续转 / 金色符号/百搭转换
连消/掉落,651.json,651,75,金色/百搭,https://fish-games.s3.amazonaws.com/MahjongWays2/index.html?env=ceshislot.osshaiwai.com&hasFloat=0&token=436475c81b51e6893c740657870f86b7&language=en&debug=1&debugDataPath=https://raw.githubusercontent.com/jygameclub/testdataapi/main/mahjong2date/0525_0433&debugStart=651,https://raw.githubusercontent.com/jygameclub/testdataapi/main/mahjong2date/0525_0433/651.json,https://raw.githubusercontent.com/jygameclub/testdataapi/main/mahjong2date/0525_0433,普通中奖,232.00,5.80,3,2,13,14,14,1,1,否,否,是,1,1,678132,678135,9711779670570179,9472996.0,9473188.0,3段连消/续转 / 金色符号/百搭转换
连消/掉落,330.json,330,75,金色/百搭,https://fish-games.s3.amazonaws.com/MahjongWays2/index.html?env=ceshislot.osshaiwai.com&hasFloat=0&token=436475c81b51e6893c740657870f86b7&language=en&debug=1&debugDataPath=https://raw.githubusercontent.com/jygameclub/testdataapi/main/mahjong2date/0525_0433&debugStart=330,https://raw.githubusercontent.com/jygameclub/testdataapi/main/mahjong2date/0525_0433/330.json,https://raw.githubusercontent.com/jygameclub/testdataapi/main/mahjong2date/0525_0433,普通中奖,226.00,5.65,3,2,19,20,21,1,1,否,否,是,2,0,676985,676990,9191779669109744,9466080.0,9466266.0,3段连消/续转 / 金色符号/百搭转换
连消/掉落,668.json,668,75,金色/百搭,https://fish-games.s3.amazonaws.com/MahjongWays2/index.html?env=ceshislot.osshaiwai.com&hasFloat=0&token=436475c81b51e6893c740657870f86b7&language=en&debug=1&debugDataPath=https://raw.githubusercontent.com/jygameclub/testdataapi/main/mahjong2date/0525_0433&debugStart=668,https://raw.githubusercontent.com/jygameclub/testdataapi/main/mahjong2date/0525_0433/668.json,https://raw.githubusercontent.com/jygameclub/testdataapi/main/mahjong2date/0525_0433,普通中奖,208.00,5.20,3,2,13,15,16,2,1,否,否,是,2,0,678162,678164,8451779670596596,9472560.0,9472728.0,3段连消/续转 / 金色符号/百搭转换
连消/掉落,248.json,248,75,金色/百搭,https://fish-games.s3.amazonaws.com/MahjongWays2/index.html?env=ceshislot.osshaiwai.com&hasFloat=0&token=436475c81b51e6893c740657870f86b7&language=en&debug=1&debugDataPath=https://raw.githubusercontent.com/jygameclub/testdataapi/main/mahjong2date/0525_0433&debugStart=248,https://raw.githubusercontent.com/jygameclub/testdataapi/main/mahjong2date/0525_0433/248.json,https://raw.githubusercontent.com/jygameclub/testdataapi/main/mahjong2date/0525_0433,普通中奖,200.00,5.00,3,2,11,11,11,0,0,否,否,是,1,0,676695,676699,2891779668683148,9465678.0,9465838.0,3段连消/续转 / 金色符号/百搭转换
连消/掉落,253.json,253,75,金色/百搭,https://fish-games.s3.amazonaws.com/MahjongWays2/index.html?env=ceshislot.osshaiwai.com&hasFloat=0&token=436475c81b51e6893c740657870f86b7&language=en&debug=1&debugDataPath=https://raw.githubusercontent.com/jygameclub/testdataapi/main/mahjong2date/0525_0433&debugStart=253,https://raw.githubusercontent.com/jygameclub/testdataapi/main/mahjong2date/0525_0433/253.json,https://raw.githubusercontent.com/jygameclub/testdataapi/main/mahjong2date/0525_0433,普通中奖,192.00,4.80,2,1,8,9,9,1,1,否,否,是,1,1,676714,676716,3821779668698297,9465704.0,9465856.0,2段连消/续转 / 金色符号/百搭转换
连消/掉落,126.json,126,75,金色/百搭,https://fish-games.s3.amazonaws.com/MahjongWays2/index.html?env=ceshislot.osshaiwai.com&hasFloat=0&token=436475c81b51e6893c740657870f86b7&language=en&debug=1&debugDataPath=https://raw.githubusercontent.com/jygameclub/testdataapi/main/mahjong2date/0525_0433&debugStart=126,https://raw.githubusercontent.com/jygameclub/testdataapi/main/mahjong2date/0525_0433/126.json,https://raw.githubusercontent.com/jygameclub/testdataapi/main/mahjong2date/0525_0433,普通中奖,176.00,4.40,3,2,14,14,14,0,0,否,否,是,1,1,676101,676105,5911779667527458,9465576.0,9465712.0,3段连消/续转 / 金色符号/百搭转换
连消/掉落,897.json,897,75,金色/百搭,https://fish-games.s3.amazonaws.com/MahjongWays2/index.html?env=ceshislot.osshaiwai.com&hasFloat=0&token=436475c81b51e6893c740657870f86b7&language=en&debug=1&debugDataPath=https://raw.githubusercontent.com/jygameclub/testdataapi/main/mahjong2date/0525_0433&debugStart=897,https://raw.githubusercontent.com/jygameclub/testdataapi/main/mahjong2date/0525_0433/897.json,https://raw.githubusercontent.com/jygameclub/testdataapi/main/mahjong2date/0525_0433,普通中奖,176.00,4.40,3,2,15,15,15,0,0,否,否,是,1,1,678859,678861,8701779671454668,9473980.0,9474116.0,3段连消/续转 / 金色符号/百搭转换
连消/掉落,981.json,981,75,金色/百搭,https://fish-games.s3.amazonaws.com/MahjongWays2/index.html?env=ceshislot.osshaiwai.com&hasFloat=0&token=436475c81b51e6893c740657870f86b7&language=en&debug=1&debugDataPath=https://raw.githubusercontent.com/jygameclub/testdataapi/main/mahjong2date/0525_0433&debugStart=981,https://raw.githubusercontent.com/jygameclub/testdataapi/main/mahjong2date/0525_0433/981.json,https://raw.githubusercontent.com/jygameclub/testdataapi/main/mahjong2date/0525_0433,普通中奖,174.00,4.35,4,3,16,17,17,1,1,否,否,是,1,0,679216,679222,7331779672000847,9477530.0,9477664.0,4段连消/续转 / 金色符号/百搭转换
连消/掉落,509.json,509,75,金色/百搭,https://fish-games.s3.amazonaws.com/MahjongWays2/index.html?env=ceshislot.osshaiwai.com&hasFloat=0&token=436475c81b51e6893c740657870f86b7&language=en&debug=1&debugDataPath=https://raw.githubusercontent.com/jygameclub/testdataapi/main/mahjong2date/0525_0433&debugStart=509,https://raw.githubusercontent.com/jygameclub/testdataapi/main/mahjong2date/0525_0433/509.json,https://raw.githubusercontent.com/jygameclub/testdataapi/main/mahjong2date/0525_0433,普通中奖,168.00,4.20,5,4,18,20,20,2,2,否,否,是,1,2,677745,677754,4781779670151964,9473910.0,9474038.0,5段连消/续转 / 金色符号/百搭转换
连消/掉落,865.json,865,75,金色/百搭,https://fish-games.s3.amazonaws.com/MahjongWays2/index.html?env=ceshislot.osshaiwai.com&hasFloat=0&token=436475c81b51e6893c740657870f86b7&language=en&debug=1&debugDataPath=https://raw.githubusercontent.com/jygameclub/testdataapi/main/mahjong2date/0525_0433&debugStart=865,https://raw.githubusercontent.com/jygameclub/testdataapi/main/mahjong2date/0525_0433/865.json,https://raw.githubusercontent.com/jygameclub/testdataapi/main/mahjong2date/0525_0433,普通中奖,160.00,4.00,3,2,12,13,13,1,1,否,否,是,1,0,678790,678792,5311779671373320,9474356.0,9474476.0,3段连消/续转 / 金色符号/百搭转换
连消/掉落,335.json,335,75,金色/百搭,https://fish-games.s3.amazonaws.com/MahjongWays2/index.html?env=ceshislot.osshaiwai.com&hasFloat=0&token=436475c81b51e6893c740657870f86b7&language=en&debug=1&debugDataPath=https://raw.githubusercontent.com/jygameclub/testdataapi/main/mahjong2date/0525_0433&debugStart=335,https://raw.githubusercontent.com/jygameclub/testdataapi/main/mahjong2date/0525_0433/335.json,https://raw.githubusercontent.com/jygameclub/testdataapi/main/mahjong2date/0525_0433,普通中奖,160.00,4.00,2,1,8,8,8,0,0,否,否,是,1,0,677002,677003,1871779669120043,9466122.0,9466242.0,2段连消/续转 / 金色符号/百搭转换
连消/掉落,415.json,415,75,金色/百搭,https://fish-games.s3.amazonaws.com/MahjongWays2/index.html?env=ceshislot.osshaiwai.com&hasFloat=0&token=436475c81b51e6893c740657870f86b7&language=en&debug=1&debugDataPath=https://raw.githubusercontent.com/jygameclub/testdataapi/main/mahjong2date/0525_0433&debugStart=415,https://raw.githubusercontent.com/jygameclub/testdataapi/main/mahjong2date/0525_0433/415.json,https://raw.githubusercontent.com/jygameclub/testdataapi/main/mahjong2date/0525_0433,普通中奖,158.00,3.95,4,3,17,17,17,0,0,否,否,是,1,0,677365,677368,3851779669632762,9473554.0,9473672.0,4段连消/续转 / 金色符号/百搭转换
连消/掉落,551.json,551,75,金色/百搭,https://fish-games.s3.amazonaws.com/MahjongWays2/index.html?env=ceshislot.osshaiwai.com&hasFloat=0&token=436475c81b51e6893c740657870f86b7&language=en&debug=1&debugDataPath=https://raw.githubusercontent.com/jygameclub/testdataapi/main/mahjong2date/0525_0433&debugStart=551,https://raw.githubusercontent.com/jygameclub/testdataapi/main/mahjong2date/0525_0433/551.json,https://raw.githubusercontent.com/jygameclub/testdataapi/main/mahjong2date/0525_0433,普通中奖,156.00,3.90,3,2,13,13,13,0,0,否,否,是,1,0,677832,677834,1421779670243097,9473498.0,9473614.0,3段连消/续转 / 金色符号/百搭转换
连消/掉落,695.json,695,75,金色/百搭,https://fish-games.s3.amazonaws.com/MahjongWays2/index.html?env=ceshislot.osshaiwai.com&hasFloat=0&token=436475c81b51e6893c740657870f86b7&language=en&debug=1&debugDataPath=https://raw.githubusercontent.com/jygameclub/testdataapi/main/mahjong2date/0525_0433&debugStart=695,https://raw.githubusercontent.com/jygameclub/testdataapi/main/mahjong2date/0525_0433/695.json,https://raw.githubusercontent.com/jygameclub/testdataapi/main/mahjong2date/0525_0433,普通中奖,150.00,3.75,2,1,11,12,12,1,1,否,否,是,2,0,678206,678207,3411779670646545,9472630.0,9472740.0,2段连消/续转 / 金色符号/百搭转换
连消/掉落,423.json,423,75,金色/百搭,https://fish-games.s3.amazonaws.com/MahjongWays2/index.html?env=ceshislot.osshaiwai.com&hasFloat=0&token=436475c81b51e6893c740657870f86b7&language=en&debug=1&debugDataPath=https://raw.githubusercontent.com/jygameclub/testdataapi/main/mahjong2date/0525_0433&debugStart=423,https://raw.githubusercontent.com/jygameclub/testdataapi/main/mahjong2date/0525_0433/423.json,https://raw.githubusercontent.com/jygameclub/testdataapi/main/mahjong2date/0525_0433,普通中奖,146.00,3.65,2,1,11,11,11,0,0,否,否,是,2,1,677388,677389,4831779669656161,9473474.0,9473580.0,2段连消/续转 / 金色符号/百搭转换
连消/掉落,093.json,93,75,金色/百搭,https://fish-games.s3.amazonaws.com/MahjongWays2/index.html?env=ceshislot.osshaiwai.com&hasFloat=0&token=436475c81b51e6893c740657870f86b7&language=en&debug=1&debugDataPath=https://raw.githubusercontent.com/jygameclub/testdataapi/main/mahjong2date/0525_0433&debugStart=93,https://raw.githubusercontent.com/jygameclub/testdataapi/main/mahjong2date/0525_0433/093.json,https://raw.githubusercontent.com/jygameclub/testdataapi/main/mahjong2date/0525_0433,普通中奖,144.00,3.60,3,2,15,15,15,0,0,否,否,是,2,0,675979,675983,6791779667357509,9464442.0,9464546.0,3段连消/续转 / 金色符号/百搭转换
连消/掉落,327.json,327,75,金色/百搭,https://fish-games.s3.amazonaws.com/MahjongWays2/index.html?env=ceshislot.osshaiwai.com&hasFloat=0&token=436475c81b51e6893c740657870f86b7&language=en&debug=1&debugDataPath=https://raw.githubusercontent.com/jygameclub/testdataapi/main/mahjong2date/0525_0433&debugStart=327,https://raw.githubusercontent.com/jygameclub/testdataapi/main/mahjong2date/0525_0433/327.json,https://raw.githubusercontent.com/jygameclub/testdataapi/main/mahjong2date/0525_0433,普通中奖,140.00,3.50,3,2,10,10,10,0,0,否,否,是,1,1,676975,676979,8611779669101860,9466060.0,9466160.0,3段连消/续转 / 金色符号/百搭转换
连消/掉落,390.json,390,75,金色/百搭,https://fish-games.s3.amazonaws.com/MahjongWays2/index.html?env=ceshislot.osshaiwai.com&hasFloat=0&token=436475c81b51e6893c740657870f86b7&language=en&debug=1&debugDataPath=https://raw.githubusercontent.com/jygameclub/testdataapi/main/mahjong2date/0525_0433&debugStart=390,https://raw.githubusercontent.com/jygameclub/testdataapi/main/mahjong2date/0525_0433/390.json,https://raw.githubusercontent.com/jygameclub/testdataapi/main/mahjong2date/0525_0433,普通中奖,136.00,3.40,4,3,20,20,20,0,0,否,否,是,2,2,677318,677321,7991779669575275,9473996.0,9474092.0,4段连消/续转 / 金色符号/百搭转换
连消/掉落,348.json,348,75,金色/百搭,https://fish-games.s3.amazonaws.com/MahjongWays2/index.html?env=ceshislot.osshaiwai.com&hasFloat=0&token=436475c81b51e6893c740657870f86b7&language=en&debug=1&debugDataPath=https://raw.githubusercontent.com/jygameclub/testdataapi/main/mahjong2date/0525_0433&debugStart=348,https://raw.githubusercontent.com/jygameclub/testdataapi/main/mahjong2date/0525_0433/348.json,https://raw.githubusercontent.com/jygameclub/testdataapi/main/mahjong2date/0525_0433,普通中奖,128.00,3.20,3,2,11,12,12,1,1,否,否,是,1,1,677104,677106,2221779669297243,9471162.0,9471250.0,3段连消/续转 / 金色符号/百搭转换
连消/掉落,090.json,90,75,金色/百搭,https://fish-games.s3.amazonaws.com/MahjongWays2/index.html?env=ceshislot.osshaiwai.com&hasFloat=0&token=436475c81b51e6893c740657870f86b7&language=en&debug=1&debugDataPath=https://raw.githubusercontent.com/jygameclub/testdataapi/main/mahjong2date/0525_0433&debugStart=90,https://raw.githubusercontent.com/jygameclub/testdataapi/main/mahjong2date/0525_0433/090.json,https://raw.githubusercontent.com/jygameclub/testdataapi/main/mahjong2date/0525_0433,普通中奖,120.00,3.00,4,3,14,16,16,2,1,否,否,是,1,1,675966,675972,4831779667348442,9464442.0,9464522.0,4段连消/续转 / 金色符号/百搭转换
连消/掉落,117.json,117,75,金色/百搭,https://fish-games.s3.amazonaws.com/MahjongWays2/index.html?env=ceshislot.osshaiwai.com&hasFloat=0&token=436475c81b51e6893c740657870f86b7&language=en&debug=1&debugDataPath=https://raw.githubusercontent.com/jygameclub/testdataapi/main/mahjong2date/0525_0433&debugStart=117,https://raw.githubusercontent.com/jygameclub/testdataapi/main/mahjong2date/0525_0433/117.json,https://raw.githubusercontent.com/jygameclub/testdataapi/main/mahjong2date/0525_0433,普通中奖,120.00,3.00,3,2,13,14,14,1,1,否,否,是,1,0,676077,676080,5501779667508407,9465746.0,9465826.0,3段连消/续转 / 金色符号/百搭转换
连消/掉落,822.json,822,75,金色/百搭,https://fish-games.s3.amazonaws.com/MahjongWays2/index.html?env=ceshislot.osshaiwai.com&hasFloat=0&token=436475c81b51e6893c740657870f86b7&language=en&debug=1&debugDataPath=https://raw.githubusercontent.com/jygameclub/testdataapi/main/mahjong2date/0525_0433&debugStart=822,https://raw.githubusercontent.com/jygameclub/testdataapi/main/mahjong2date/0525_0433/822.json,https://raw.githubusercontent.com/jygameclub/testdataapi/main/mahjong2date/0525_0433,普通中奖,120.00,3.00,3,2,11,12,12,1,1,否,否,是,1,0,678677,678679,7481779671286770,9475654.0,9475734.0,3段连消/续转 / 金色符号/百搭转换
连消/掉落,760.json,760,75,金色/百搭,https://fish-games.s3.amazonaws.com/MahjongWays2/index.html?env=ceshislot.osshaiwai.com&hasFloat=0&token=436475c81b51e6893c740657870f86b7&language=en&debug=1&debugDataPath=https://raw.githubusercontent.com/jygameclub/testdataapi/main/mahjong2date/0525_0433&debugStart=760,https://raw.githubusercontent.com/jygameclub/testdataapi/main/mahjong2date/0525_0433/760.json,https://raw.githubusercontent.com/jygameclub/testdataapi/main/mahjong2date/0525_0433,普通中奖,120.00,3.00,2,1,8,8,8,0,0,否,否,是,1,0,678315,678316,7441779670768712,9471134.0,9471214.0,2段连消/续转 / 金色符号/百搭转换
连消/掉落,003.json,3,75,金色/百搭,https://fish-games.s3.amazonaws.com/MahjongWays2/index.html?env=ceshislot.osshaiwai.com&hasFloat=0&token=436475c81b51e6893c740657870f86b7&language=en&debug=1&debugDataPath=https://raw.githubusercontent.com/jygameclub/testdataapi/main/mahjong2date/0525_0433&debugStart=3,https://raw.githubusercontent.com/jygameclub/testdataapi/main/mahjong2date/0525_0433/003.json,https://raw.githubusercontent.com/jygameclub/testdataapi/main/mahjong2date/0525_0433,普通中奖,112.00,2.80,3,2,11,12,12,1,1,否,否,是,1,0,675730,675733,5721779667055981,9462146.0,9462218.0,3段连消/续转 / 金色符号/百搭转换
连消/掉落,811.json,811,75,金色/百搭,https://fish-games.s3.amazonaws.com/MahjongWays2/index.html?env=ceshislot.osshaiwai.com&hasFloat=0&token=436475c81b51e6893c740657870f86b7&language=en&debug=1&debugDataPath=https://raw.githubusercontent.com/jygameclub/testdataapi/main/mahjong2date/0525_0433&debugStart=811,https://raw.githubusercontent.com/jygameclub/testdataapi/main/mahjong2date/0525_0433/811.json,https://raw.githubusercontent.com/jygameclub/testdataapi/main/mahjong2date/0525_0433,普通中奖,102.00,2.55,3,2,8,9,10,1,1,否,否,是,2,0,678660,678662,6841779671268636,9475944.0,9476006.0,3段连消/续转 / 金色符号/百搭转换
连消/掉落,572.json,572,75,金色/百搭,https://fish-games.s3.amazonaws.com/MahjongWays2/index.html?env=ceshislot.osshaiwai.com&hasFloat=0&token=436475c81b51e6893c740657870f86b7&language=en&debug=1&debugDataPath=https://raw.githubusercontent.com/jygameclub/testdataapi/main/mahjong2date/0525_0433&debugStart=572,https://raw.githubusercontent.com/jygameclub/testdataapi/main/mahjong2date/0525_0433/572.json,https://raw.githubusercontent.com/jygameclub/testdataapi/main/mahjong2date/0525_0433,普通中奖,100.00,2.50,3,2,10,11,11,1,1,否,否,是,1,0,677881,677883,4881779670289380,9472984.0,9473044.0,3段连消/续转 / 金色符号/百搭转换
连消/掉落,401.json,401,75,金色/百搭,https://fish-games.s3.amazonaws.com/MahjongWays2/index.html?env=ceshislot.osshaiwai.com&hasFloat=0&token=436475c81b51e6893c740657870f86b7&language=en&debug=1&debugDataPath=https://raw.githubusercontent.com/jygameclub/testdataapi/main/mahjong2date/0525_0433&debugStart=401,https://raw.githubusercontent.com/jygameclub/testdataapi/main/mahjong2date/0525_0433/401.json,https://raw.githubusercontent.com/jygameclub/testdataapi/main/mahjong2date/0525_0433,普通中奖,98.00,2.45,3,2,11,12,12,1,1,否,否,是,1,1,677340,677342,4371779669599628,9473742.0,9473800.0,3段连消/续转 / 金色符号/百搭转换
连消/掉落,054.json,54,75,金色/百搭,https://fish-games.s3.amazonaws.com/MahjongWays2/index.html?env=ceshislot.osshaiwai.com&hasFloat=0&token=436475c81b51e6893c740657870f86b7&language=en&debug=1&debugDataPath=https://raw.githubusercontent.com/jygameclub/testdataapi/main/mahjong2date/0525_0433&debugStart=54,https://raw.githubusercontent.com/jygameclub/testdataapi/main/mahjong2date/0525_0433/054.json,https://raw.githubusercontent.com/jygameclub/testdataapi/main/mahjong2date/0525_0433,普通中奖,96.00,2.40,3,2,11,12,12,1,1,否,否,是,1,1,675843,675845,8611779667165192,9461476.0,9461532.0,3段连消/续转 / 金色符号/百搭转换
连消/掉落,932.json,932,75,金色/百搭,https://fish-games.s3.amazonaws.com/MahjongWays2/index.html?env=ceshislot.osshaiwai.com&hasFloat=0&token=436475c81b51e6893c740657870f86b7&language=en&debug=1&debugDataPath=https://raw.githubusercontent.com/jygameclub/testdataapi/main/mahjong2date/0525_0433&debugStart=932,https://raw.githubusercontent.com/jygameclub/testdataapi/main/mahjong2date/0525_0433/932.json,https://raw.githubusercontent.com/jygameclub/testdataapi/main/mahjong2date/0525_0433,普通中奖,94.00,2.35,4,3,14,16,16,2,1,否,否,是,1,1,678938,678941,7771779671522434,9473240.0,9473294.0,4段连消/续转 / 金色符号/百搭转换
连消/掉落,880.json,880,75,金色/百搭,https://fish-games.s3.amazonaws.com/MahjongWays2/index.html?env=ceshislot.osshaiwai.com&hasFloat=0&token=436475c81b51e6893c740657870f86b7&language=en&debug=1&debugDataPath=https://raw.githubusercontent.com/jygameclub/testdataapi/main/mahjong2date/0525_0433&debugStart=880,https://raw.githubusercontent.com/jygameclub/testdataapi/main/mahjong2date/0525_0433/880.json,https://raw.githubusercontent.com/jygameclub/testdataapi/main/mahjong2date/0525_0433,普通中奖,92.00,2.30,4,3,20,22,24,2,2,否,否,是,2,1,678827,678830,2091779671415635,9474218.0,9474270.0,4段连消/续转 / 金色符号/百搭转换
连消/掉落,487.json,487,75,金色/百搭,https://fish-games.s3.amazonaws.com/MahjongWays2/index.html?env=ceshislot.osshaiwai.com&hasFloat=0&token=436475c81b51e6893c740657870f86b7&language=en&debug=1&debugDataPath=https://raw.githubusercontent.com/jygameclub/testdataapi/main/mahjong2date/0525_0433&debugStart=487,https://raw.githubusercontent.com/jygameclub/testdataapi/main/mahjong2date/0525_0433/487.json,https://raw.githubusercontent.com/jygameclub/testdataapi/main/mahjong2date/0525_0433,普通中奖,86.00,2.15,4,3,19,19,19,0,0,否,否,是,2,2,677546,677550,8421779669846644,9473238.0,9473284.0,4段连消/续转 / 金色符号/百搭转换
连消/掉落,177.json,177,75,金色/百搭,https://fish-games.s3.amazonaws.com/MahjongWays2/index.html?env=ceshislot.osshaiwai.com&hasFloat=0&token=436475c81b51e6893c740657870f86b7&language=en&debug=1&debugDataPath=https://raw.githubusercontent.com/jygameclub/testdataapi/main/mahjong2date/0525_0433&debugStart=177,https://raw.githubusercontent.com/jygameclub/testdataapi/main/mahjong2date/0525_0433/177.json,https://raw.githubusercontent.com/jygameclub/testdataapi/main/mahjong2date/0525_0433,普通中奖,86.00,2.15,3,2,11,13,14,2,1,否,否,是,2,1,676201,676204,2911779667634873,9465028.0,9465074.0,3段连消/续转 / 金色符号/百搭转换
连消/掉落,828.json,828,75,金色/百搭,https://fish-games.s3.amazonaws.com/MahjongWays2/index.html?env=ceshislot.osshaiwai.com&hasFloat=0&token=436475c81b51e6893c740657870f86b7&language=en&debug=1&debugDataPath=https://raw.githubusercontent.com/jygameclub/testdataapi/main/mahjong2date/0525_0433&debugStart=828,https://raw.githubusercontent.com/jygameclub/testdataapi/main/mahjong2date/0525_0433/828.json,https://raw.githubusercontent.com/jygameclub/testdataapi/main/mahjong2date/0525_0433,普通中奖,82.00,2.05,4,3,14,14,14,0,0,否,否,是,1,0,678701,678705,5471779671304719,9475604.0,9475646.0,4段连消/续转 / 金色符号/百搭转换
连消/掉落,961.json,961,75,金色/百搭,https://fish-games.s3.amazonaws.com/MahjongWays2/index.html?env=ceshislot.osshaiwai.com&hasFloat=0&token=436475c81b51e6893c740657870f86b7&language=en&debug=1&debugDataPath=https://raw.githubusercontent.com/jygameclub/testdataapi/main/mahjong2date/0525_0433&debugStart=961,https://raw.githubusercontent.com/jygameclub/testdataapi/main/mahjong2date/0525_0433/961.json,https://raw.githubusercontent.com/jygameclub/testdataapi/main/mahjong2date/0525_0433,普通中奖,82.00,2.05,4,3,19,19,19,0,0,否,否,是,2,0,679179,679182,1351779671953366,9477430.0,9477472.0,4段连消/续转 / 金色符号/百搭转换
连消/掉落,642.json,642,75,金色/百搭,https://fish-games.s3.amazonaws.com/MahjongWays2/index.html?env=ceshislot.osshaiwai.com&hasFloat=0&token=436475c81b51e6893c740657870f86b7&language=en&debug=1&debugDataPath=https://raw.githubusercontent.com/jygameclub/testdataapi/main/mahjong2date/0525_0433&debugStart=642,https://raw.githubusercontent.com/jygameclub/testdataapi/main/mahjong2date/0525_0433/642.json,https://raw.githubusercontent.com/jygameclub/testdataapi/main/mahjong2date/0525_0433,普通中奖,80.00,2.00,2,1,6,7,7,1,1,否,否,是,1,0,678102,678103,7761779670540879,9472910.0,9472950.0,2段连消/续转 / 金色符号/百搭转换
连消/掉落,889.json,889,75,金色/百搭,https://fish-games.s3.amazonaws.com/MahjongWays2/index.html?env=ceshislot.osshaiwai.com&hasFloat=0&token=436475c81b51e6893c740657870f86b7&language=en&debug=1&debugDataPath=https://raw.githubusercontent.com/jygameclub/testdataapi/main/mahjong2date/0525_0433&debugStart=889,https://raw.githubusercontent.com/jygameclub/testdataapi/main/mahjong2date/0525_0433/889.json,https://raw.githubusercontent.com/jygameclub/testdataapi/main/mahjong2date/0525_0433,普通中奖,80.00,2.00,2,1,7,7,7,0,0,否,否,是,1,1,678844,678845,4691779671438453,9474128.0,9474168.0,2段连消/续转 / 金色符号/百搭转换
连消/掉落,941.json,941,75,金色/百搭,https://fish-games.s3.amazonaws.com/MahjongWays2/index.html?env=ceshislot.osshaiwai.com&hasFloat=0&token=436475c81b51e6893c740657870f86b7&language=en&debug=1&debugDataPath=https://raw.githubusercontent.com/jygameclub/testdataapi/main/mahjong2date/0525_0433&debugStart=941,https://raw.githubusercontent.com/jygameclub/testdataapi/main/mahjong2date/0525_0433/941.json,https://raw.githubusercontent.com/jygameclub/testdataapi/main/mahjong2date/0525_0433,普通中奖,76.00,1.90,4,3,11,11,11,0,0,否,否,是,1,0,679026,679029,3241779671641167,9474058.0,9474094.0,4段连消/续转 / 金色符号/百搭转换
连消/掉落,101.json,101,75,金色/百搭,https://fish-games.s3.amazonaws.com/MahjongWays2/index.html?env=ceshislot.osshaiwai.com&hasFloat=0&token=436475c81b51e6893c740657870f86b7&language=en&debug=1&debugDataPath=https://raw.githubusercontent.com/jygameclub/testdataapi/main/mahjong2date/0525_0433&debugStart=101,https://raw.githubusercontent.com/jygameclub/testdataapi/main/mahjong2date/0525_0433/101.json,https://raw.githubusercontent.com/jygameclub/testdataapi/main/mahjong2date/0525_0433,普通中奖,76.00,1.90,3,2,10,11,12,1,1,否,否,是,2,0,676000,676002,4551779667374692,9464352.0,9464388.0,3段连消/续转 / 金色符号/百搭转换
连消/掉落,036.json,36,75,金色/百搭,https://fish-games.s3.amazonaws.com/MahjongWays2/index.html?env=ceshislot.osshaiwai.com&hasFloat=0&token=436475c81b51e6893c740657870f86b7&language=en&debug=1&debugDataPath=https://raw.githubusercontent.com/jygameclub/testdataapi/main/mahjong2date/0525_0433&debugStart=36,https://raw.githubusercontent.com/jygameclub/testdataapi/main/mahjong2date/0525_0433/036.json,https://raw.githubusercontent.com/jygameclub/testdataapi/main/mahjong2date/0525_0433,普通中奖,72.00,1.80,3,2,16,16,16,0,0,否,否,是,2,0,675803,675805,8081779667123043,9461990.0,9462022.0,3段连消/续转 / 金色符号/百搭转换
连消/掉落,952.json,952,75,金色/百搭,https://fish-games.s3.amazonaws.com/MahjongWays2/index.html?env=ceshislot.osshaiwai.com&hasFloat=0&token=436475c81b51e6893c740657870f86b7&language=en&debug=1&debugDataPath=https://raw.githubusercontent.com/jygameclub/testdataapi/main/mahjong2date/0525_0433&debugStart=952,https://raw.githubusercontent.com/jygameclub/testdataapi/main/mahjong2date/0525_0433/952.json,https://raw.githubusercontent.com/jygameclub/testdataapi/main/mahjong2date/0525_0433,普通中奖,72.00,1.80,3,2,11,11,11,0,0,否,否,是,1,1,679076,679078,8631779671756999,9475152.0,9475184.0,3段连消/续转 / 金色符号/百搭转换
连消/掉落,099.json,99,75,金色/百搭,https://fish-games.s3.amazonaws.com/MahjongWays2/index.html?env=ceshislot.osshaiwai.com&hasFloat=0&token=436475c81b51e6893c740657870f86b7&language=en&debug=1&debugDataPath=https://raw.githubusercontent.com/jygameclub/testdataapi/main/mahjong2date/0525_0433&debugStart=99,https://raw.githubusercontent.com/jygameclub/testdataapi/main/mahjong2date/0525_0433/099.json,https://raw.githubusercontent.com/jygameclub/testdataapi/main/mahjong2date/0525_0433,普通中奖,72.00,1.80,2,1,8,8,8,0,0,否,否,是,1,0,675996,675997,1721779667370642,9464360.0,9464392.0,2段连消/续转 / 金色符号/百搭转换
连消/掉落,892.json,892,75,金色/百搭,https://fish-games.s3.amazonaws.com/MahjongWays2/index.html?env=ceshislot.osshaiwai.com&hasFloat=0&token=436475c81b51e6893c740657870f86b7&language=en&debug=1&debugDataPath=https://raw.githubusercontent.com/jygameclub/testdataapi/main/mahjong2date/0525_0433&debugStart=892,https://raw.githubusercontent.com/jygameclub/testdataapi/main/mahjong2date/0525_0433/892.json,https://raw.githubusercontent.com/jygameclub/testdataapi/main/mahjong2date/0525_0433,普通中奖,72.00,1.80,2,1,8,8,8,0,0,否,否,是,1,1,678852,678853,7551779671445401,9474100.0,9474132.0,2段连消/续转 / 金色符号/百搭转换
连消/掉落,762.json,762,75,金色/百搭,https://fish-games.s3.amazonaws.com/MahjongWays2/index.html?env=ceshislot.osshaiwai.com&hasFloat=0&token=436475c81b51e6893c740657870f86b7&language=en&debug=1&debugDataPath=https://raw.githubusercontent.com/jygameclub/testdataapi/main/mahjong2date/0525_0433&debugStart=762,https://raw.githubusercontent.com/jygameclub/testdataapi/main/mahjong2date/0525_0433/762.json,https://raw.githubusercontent.com/jygameclub/testdataapi/main/mahjong2date/0525_0433,普通中奖,70.00,1.75,3,2,9,9,9,0,0,否,否,是,1,1,678318,678320,6581779670772295,9471174.0,9471204.0,3段连消/续转 / 金色符号/百搭转换
连消/掉落,578.json,578,75,金色/百搭,https://fish-games.s3.amazonaws.com/MahjongWays2/index.html?env=ceshislot.osshaiwai.com&hasFloat=0&token=436475c81b51e6893c740657870f86b7&language=en&debug=1&debugDataPath=https://raw.githubusercontent.com/jygameclub/testdataapi/main/mahjong2date/0525_0433&debugStart=578,https://raw.githubusercontent.com/jygameclub/testdataapi/main/mahjong2date/0525_0433/578.json,https://raw.githubusercontent.com/jygameclub/testdataapi/main/mahjong2date/0525_0433,普通中奖,68.00,1.70,4,3,18,18,18,0,0,否,否,是,2,1,677895,677898,6871779670312064,9473002.0,9473030.0,4段连消/续转 / 金色符号/百搭转换
连消/掉落,577.json,577,75,金色/百搭,https://fish-games.s3.amazonaws.com/MahjongWays2/index.html?env=ceshislot.osshaiwai.com&hasFloat=0&token=436475c81b51e6893c740657870f86b7&language=en&debug=1&debugDataPath=https://raw.githubusercontent.com/jygameclub/testdataapi/main/mahjong2date/0525_0433&debugStart=577,https://raw.githubusercontent.com/jygameclub/testdataapi/main/mahjong2date/0525_0433/577.json,https://raw.githubusercontent.com/jygameclub/testdataapi/main/mahjong2date/0525_0433,普通中奖,68.00,1.70,3,2,14,15,16,1,1,否,否,是,2,1,677892,677894,6841779670307230,9472974.0,9473002.0,3段连消/续转 / 金色符号/百搭转换
连消/掉落,120.json,120,75,金色/百搭,https://fish-games.s3.amazonaws.com/MahjongWays2/index.html?env=ceshislot.osshaiwai.com&hasFloat=0&token=436475c81b51e6893c740657870f86b7&language=en&debug=1&debugDataPath=https://raw.githubusercontent.com/jygameclub/testdataapi/main/mahjong2date/0525_0433&debugStart=120,https://raw.githubusercontent.com/jygameclub/testdataapi/main/mahjong2date/0525_0433/120.json,https://raw.githubusercontent.com/jygameclub/testdataapi/main/mahjong2date/0525_0433,普通中奖,66.00,1.65,3,2,13,13,13,0,0,否,否,是,2,0,676085,676088,9751779667514857,9465746.0,9465772.0,3段连消/续转 / 金色符号/百搭转换
连消/掉落,037.json,37,75,金色/百搭,https://fish-games.s3.amazonaws.com/MahjongWays2/index.html?env=ceshislot.osshaiwai.com&hasFloat=0&token=436475c81b51e6893c740657870f86b7&language=en&debug=1&debugDataPath=https://raw.githubusercontent.com/jygameclub/testdataapi/main/mahjong2date/0525_0433&debugStart=37,https://raw.githubusercontent.com/jygameclub/testdataapi/main/mahjong2date/0525_0433/037.json,https://raw.githubusercontent.com/jygameclub/testdataapi/main/mahjong2date/0525_0433,普通中奖,64.00,1.60,3,2,13,15,16,2,1,否,否,是,2,1,675806,675808,9051779667127810,9462022.0,9462046.0,3段连消/续转 / 金色符号/百搭转换
连消/掉落,491.json,491,75,金色/百搭,https://fish-games.s3.amazonaws.com/MahjongWays2/index.html?env=ceshislot.osshaiwai.com&hasFloat=0&token=436475c81b51e6893c740657870f86b7&language=en&debug=1&debugDataPath=https://raw.githubusercontent.com/jygameclub/testdataapi/main/mahjong2date/0525_0433&debugStart=491,https://raw.githubusercontent.com/jygameclub/testdataapi/main/mahjong2date/0525_0433/491.json,https://raw.githubusercontent.com/jygameclub/testdataapi/main/mahjong2date/0525_0433,普通中奖,62.00,1.55,4,3,13,14,14,1,1,否,否,是,1,0,677558,677562,8101779669859760,9473170.0,9473192.0,4段连消/续转 / 金色符号/百搭转换
连消/掉落,729.json,729,75,金色/百搭,https://fish-games.s3.amazonaws.com/MahjongWays2/index.html?env=ceshislot.osshaiwai.com&hasFloat=0&token=436475c81b51e6893c740657870f86b7&language=en&debug=1&debugDataPath=https://raw.githubusercontent.com/jygameclub/testdataapi/main/mahjong2date/0525_0433&debugStart=729,https://raw.githubusercontent.com/jygameclub/testdataapi/main/mahjong2date/0525_0433/729.json,https://raw.githubusercontent.com/jygameclub/testdataapi/main/mahjong2date/0525_0433,普通中奖,62.00,1.55,3,2,15,16,17,1,1,否,否,是,2,0,678264,678266,9021779670702562,9471710.0,9471732.0,3段连消/续转 / 金色符号/百搭转换
连消/掉落,182.json,182,75,金色/百搭,https://fish-games.s3.amazonaws.com/MahjongWays2/index.html?env=ceshislot.osshaiwai.com&hasFloat=0&token=436475c81b51e6893c740657870f86b7&language=en&debug=1&debugDataPath=https://raw.githubusercontent.com/jygameclub/testdataapi/main/mahjong2date/0525_0433&debugStart=182,https://raw.githubusercontent.com/jygameclub/testdataapi/main/mahjong2date/0525_0433/182.json,https://raw.githubusercontent.com/jygameclub/testdataapi/main/mahjong2date/0525_0433,普通中奖,60.00,1.50,4,3,12,12,12,0,0,否,否,是,1,2,676215,676221,8111779667647840,9464922.0,9464942.0,4段连消/续转 / 金色符号/百搭转换
连消/掉落,418.json,418,75,金色/百搭,https://fish-games.s3.amazonaws.com/MahjongWays2/index.html?env=ceshislot.osshaiwai.com&hasFloat=0&token=436475c81b51e6893c740657870f86b7&language=en&debug=1&debugDataPath=https://raw.githubusercontent.com/jygameclub/testdataapi/main/mahjong2date/0525_0433&debugStart=418,https://raw.githubusercontent.com/jygameclub/testdataapi/main/mahjong2date/0525_0433/418.json,https://raw.githubusercontent.com/jygameclub/testdataapi/main/mahjong2date/0525_0433,普通中奖,60.00,1.50,3,2,14,14,14,0,0,否,否,是,2,0,677374,677378,8621779669644111,9473598.0,9473618.0,3段连消/续转 / 金色符号/百搭转换
连消/掉落,522.json,522,75,金色/百搭,https://fish-games.s3.amazonaws.com/MahjongWays2/index.html?env=ceshislot.osshaiwai.com&hasFloat=0&token=436475c81b51e6893c740657870f86b7&language=en&debug=1&debugDataPath=https://raw.githubusercontent.com/jygameclub/testdataapi/main/mahjong2date/0525_0433&debugStart=522,https://raw.githubusercontent.com/jygameclub/testdataapi/main/mahjong2date/0525_0433/522.json,https://raw.githubusercontent.com/jygameclub/testdataapi/main/mahjong2date/0525_0433,普通中奖,60.00,1.50,2,1,6,6,6,0,0,否,否,是,1,1,677786,677787,4521779670189515,9474250.0,9474270.0,2段连消/续转 / 金色符号/百搭转换
连消/掉落,646.json,646,75,金色/百搭,https://fish-games.s3.amazonaws.com/MahjongWays2/index.html?env=ceshislot.osshaiwai.com&hasFloat=0&token=436475c81b51e6893c740657870f86b7&language=en&debug=1&debugDataPath=https://raw.githubusercontent.com/jygameclub/testdataapi/main/mahjong2date/0525_0433&debugStart=646,https://raw.githubusercontent.com/jygameclub/testdataapi/main/mahjong2date/0525_0433/646.json,https://raw.githubusercontent.com/jygameclub/testdataapi/main/mahjong2date/0525_0433,普通中奖,60.00,1.50,2,1,7,7,7,0,0,否,否,是,1,1,678112,678113,3671779670550379,9472836.0,9472856.0,2段连消/续转 / 金色符号/百搭转换
连消/掉落,553.json,553,75,金色/百搭,https://fish-games.s3.amazonaws.com/MahjongWays2/index.html?env=ceshislot.osshaiwai.com&hasFloat=0&token=436475c81b51e6893c740657870f86b7&language=en&debug=1&debugDataPath=https://raw.githubusercontent.com/jygameclub/testdataapi/main/mahjong2date/0525_0433&debugStart=553,https://raw.githubusercontent.com/jygameclub/testdataapi/main/mahjong2date/0525_0433/553.json,https://raw.githubusercontent.com/jygameclub/testdataapi/main/mahjong2date/0525_0433,普通中奖,56.00,1.40,4,3,14,16,17,2,1,否,否,是,2,2,677836,677841,9341779670249247,9473574.0,9473590.0,4段连消/续转 / 金色符号/百搭转换
连消/掉落,088.json,88,75,金色/百搭,https://fish-games.s3.amazonaws.com/MahjongWays2/index.html?env=ceshislot.osshaiwai.com&hasFloat=0&token=436475c81b51e6893c740657870f86b7&language=en&debug=1&debugDataPath=https://raw.githubusercontent.com/jygameclub/testdataapi/main/mahjong2date/0525_0433&debugStart=88,https://raw.githubusercontent.com/jygameclub/testdataapi/main/mahjong2date/0525_0433/088.json,https://raw.githubusercontent.com/jygameclub/testdataapi/main/mahjong2date/0525_0433,普通中奖,56.00,1.40,3,2,8,9,9,1,1,否,否,是,1,0,675958,675962,4611779667342808,9464466.0,9464482.0,3段连消/续转 / 金色符号/百搭转换
连消/掉落,469.json,469,75,金色/百搭,https://fish-games.s3.amazonaws.com/MahjongWays2/index.html?env=ceshislot.osshaiwai.com&hasFloat=0&token=436475c81b51e6893c740657870f86b7&language=en&debug=1&debugDataPath=https://raw.githubusercontent.com/jygameclub/testdataapi/main/mahjong2date/0525_0433&debugStart=469,https://raw.githubusercontent.com/jygameclub/testdataapi/main/mahjong2date/0525_0433/469.json,https://raw.githubusercontent.com/jygameclub/testdataapi/main/mahjong2date/0525_0433,普通中奖,56.00,1.40,3,2,11,12,12,1,1,否,否,是,1,0,677508,677511,9691779669817128,9473880.0,9473896.0,3段连消/续转 / 金色符号/百搭转换
连消/掉落,520.json,520,75,金色/百搭,https://fish-games.s3.amazonaws.com/MahjongWays2/index.html?env=ceshislot.osshaiwai.com&hasFloat=0&token=436475c81b51e6893c740657870f86b7&language=en&debug=1&debugDataPath=https://raw.githubusercontent.com/jygameclub/testdataapi/main/mahjong2date/0525_0433&debugStart=520,https://raw.githubusercontent.com/jygameclub/testdataapi/main/mahjong2date/0525_0433/520.json,https://raw.githubusercontent.com/jygameclub/testdataapi/main/mahjong2date/0525_0433,普通中奖,56.00,1.40,3,2,10,10,10,0,0,否,否,是,1,0,677781,677783,1951779670183948,9474274.0,9474290.0,3段连消/续转 / 金色符号/百搭转换
连消/掉落,711.json,711,75,金色/百搭,https://fish-games.s3.amazonaws.com/MahjongWays2/index.html?env=ceshislot.osshaiwai.com&hasFloat=0&token=436475c81b51e6893c740657870f86b7&language=en&debug=1&debugDataPath=https://raw.githubusercontent.com/jygameclub/testdataapi/main/mahjong2date/0525_0433&debugStart=711,https://raw.githubusercontent.com/jygameclub/testdataapi/main/mahjong2date/0525_0433/711.json,https://raw.githubusercontent.com/jygameclub/testdataapi/main/mahjong2date/0525_0433,普通中奖,54.00,1.35,3,2,8,8,8,0,0,否,否,是,1,0,678238,678240,1741779670675979,9472368.0,9472382.0,3段连消/续转 / 金色符号/百搭转换
连消/掉落,796.json,796,75,金色/百搭,https://fish-games.s3.amazonaws.com/MahjongWays2/index.html?env=ceshislot.osshaiwai.com&hasFloat=0&token=436475c81b51e6893c740657870f86b7&language=en&debug=1&debugDataPath=https://raw.githubusercontent.com/jygameclub/testdataapi/main/mahjong2date/0525_0433&debugStart=796,https://raw.githubusercontent.com/jygameclub/testdataapi/main/mahjong2date/0525_0433/796.json,https://raw.githubusercontent.com/jygameclub/testdataapi/main/mahjong2date/0525_0433,普通中奖,54.00,1.35,3,2,13,13,13,0,0,否,否,是,2,1,678635,678638,6531779671242836,9476462.0,9476476.0,3段连消/续转 / 金色符号/百搭转换
连消/掉落,312.json,312,75,金色/百搭,https://fish-games.s3.amazonaws.com/MahjongWays2/index.html?env=ceshislot.osshaiwai.com&hasFloat=0&token=436475c81b51e6893c740657870f86b7&language=en&debug=1&debugDataPath=https://raw.githubusercontent.com/jygameclub/testdataapi/main/mahjong2date/0525_0433&debugStart=312,https://raw.githubusercontent.com/jygameclub/testdataapi/main/mahjong2date/0525_0433/312.json,https://raw.githubusercontent.com/jygameclub/testdataapi/main/mahjong2date/0525_0433,普通中奖,54.00,1.35,2,1,12,12,12,0,0,否,否,是,2,2,676905,676907,4821779668958645,9465000.0,9465014.0,2段连消/续转 / 金色符号/百搭转换
连消/掉落,954.json,954,75,金色/百搭,https://fish-games.s3.amazonaws.com/MahjongWays2/index.html?env=ceshislot.osshaiwai.com&hasFloat=0&token=436475c81b51e6893c740657870f86b7&language=en&debug=1&debugDataPath=https://raw.githubusercontent.com/jygameclub/testdataapi/main/mahjong2date/0525_0433&debugStart=954,https://raw.githubusercontent.com/jygameclub/testdataapi/main/mahjong2date/0525_0433/954.json,https://raw.githubusercontent.com/jygameclub/testdataapi/main/mahjong2date/0525_0433,普通中奖,54.00,1.35,2,1,12,12,12,0,0,否,否,是,2,0,679082,679083,1431779671762682,9475144.0,9475158.0,2段连消/续转 / 金色符号/百搭转换
连消/掉落,631.json,631,75,金色/百搭,https://fish-games.s3.amazonaws.com/MahjongWays2/index.html?env=ceshislot.osshaiwai.com&hasFloat=0&token=436475c81b51e6893c740657870f86b7&language=en&debug=1&debugDataPath=https://raw.githubusercontent.com/jygameclub/testdataapi/main/mahjong2date/0525_0433&debugStart=631,https://raw.githubusercontent.com/jygameclub/testdataapi/main/mahjong2date/0525_0433/631.json,https://raw.githubusercontent.com/jygameclub/testdataapi/main/mahjong2date/0525_0433,普通中奖,52.00,1.30,3,2,12,13,13,1,1,否,否,是,1,0,678074,678077,5391779670516146,9472852.0,9472864.0,3段连消/续转 / 金色符号/百搭转换
连消/掉落,387.json,387,75,金色/百搭,https://fish-games.s3.amazonaws.com/MahjongWays2/index.html?env=ceshislot.osshaiwai.com&hasFloat=0&token=436475c81b51e6893c740657870f86b7&language=en&debug=1&debugDataPath=https://raw.githubusercontent.com/jygameclub/testdataapi/main/mahjong2date/0525_0433&debugStart=387,https://raw.githubusercontent.com/jygameclub/testdataapi/main/mahjong2date/0525_0433/387.json,https://raw.githubusercontent.com/jygameclub/testdataapi/main/mahjong2date/0525_0433,普通中奖,48.00,1.20,4,3,11,11,11,0,0,否,否,是,1,1,677308,677311,3781779669557558,9473412.0,9473420.0,4段连消/续转 / 金色符号/百搭转换
连消/掉落,449.json,449,75,金色/百搭,https://fish-games.s3.amazonaws.com/MahjongWays2/index.html?env=ceshislot.osshaiwai.com&hasFloat=0&token=436475c81b51e6893c740657870f86b7&language=en&debug=1&debugDataPath=https://raw.githubusercontent.com/jygameclub/testdataapi/main/mahjong2date/0525_0433&debugStart=449,https://raw.githubusercontent.com/jygameclub/testdataapi/main/mahjong2date/0525_0433/449.json,https://raw.githubusercontent.com/jygameclub/testdataapi/main/mahjong2date/0525_0433,普通中奖,48.00,1.20,3,2,10,12,14,2,2,否,否,是,2,0,677478,677480,1741779669789277,9474624.0,9474632.0,3段连消/续转 / 金色符号/百搭转换
连消/掉落,130.json,130,75,金色/百搭,https://fish-games.s3.amazonaws.com/MahjongWays2/index.html?env=ceshislot.osshaiwai.com&hasFloat=0&token=436475c81b51e6893c740657870f86b7&language=en&debug=1&debugDataPath=https://raw.githubusercontent.com/jygameclub/testdataapi/main/mahjong2date/0525_0433&debugStart=130,https://raw.githubusercontent.com/jygameclub/testdataapi/main/mahjong2date/0525_0433/130.json,https://raw.githubusercontent.com/jygameclub/testdataapi/main/mahjong2date/0525_0433,普通中奖,48.00,1.20,2,1,7,7,7,0,0,否,否,是,1,2,676109,676110,1411779667535324,9465592.0,9465600.0,2段连消/续转 / 金色符号/百搭转换
连消/掉落,142.json,142,75,金色/百搭,https://fish-games.s3.amazonaws.com/MahjongWays2/index.html?env=ceshislot.osshaiwai.com&hasFloat=0&token=436475c81b51e6893c740657870f86b7&language=en&debug=1&debugDataPath=https://raw.githubusercontent.com/jygameclub/testdataapi/main/mahjong2date/0525_0433&debugStart=142,https://raw.githubusercontent.com/jygameclub/testdataapi/main/mahjong2date/0525_0433/142.json,https://raw.githubusercontent.com/jygameclub/testdataapi/main/mahjong2date/0525_0433,普通中奖,48.00,1.20,2,1,6,7,7,1,1,否,否,是,1,0,676124,676125,7941779667555907,9465174.0,9465182.0,2段连消/续转 / 金色符号/百搭转换
连消/掉落,217.json,217,75,金色/百搭,https://fish-games.s3.amazonaws.com/MahjongWays2/index.html?env=ceshislot.osshaiwai.com&hasFloat=0&token=436475c81b51e6893c740657870f86b7&language=en&debug=1&debugDataPath=https://raw.githubusercontent.com/jygameclub/testdataapi/main/mahjong2date/0525_0433&debugStart=217,https://raw.githubusercontent.com/jygameclub/testdataapi/main/mahjong2date/0525_0433/217.json,https://raw.githubusercontent.com/jygameclub/testdataapi/main/mahjong2date/0525_0433,普通中奖,48.00,1.20,2,1,6,7,7,1,1,否,否,是,1,0,676396,676397,4421779667941554,9466576.0,9466584.0,2段连消/续转 / 金色符号/百搭转换
连消/掉落,345.json,345,75,金色/百搭,https://fish-games.s3.amazonaws.com/MahjongWays2/index.html?env=ceshislot.osshaiwai.com&hasFloat=0&token=436475c81b51e6893c740657870f86b7&language=en&debug=1&debugDataPath=https://raw.githubusercontent.com/jygameclub/testdataapi/main/mahjong2date/0525_0433&debugStart=345,https://raw.githubusercontent.com/jygameclub/testdataapi/main/mahjong2date/0525_0433/345.json,https://raw.githubusercontent.com/jygameclub/testdataapi/main/mahjong2date/0525_0433,普通中奖,48.00,1.20,2,1,6,7,7,1,1,否,否,是,1,1,677099,677100,9571779669291143,9471234.0,9471242.0,2段连消/续转 / 金色符号/百搭转换
连消/掉落,402.json,402,75,金色/百搭,https://fish-games.s3.amazonaws.com/MahjongWays2/index.html?env=ceshislot.osshaiwai.com&hasFloat=0&token=436475c81b51e6893c740657870f86b7&language=en&debug=1&debugDataPath=https://raw.githubusercontent.com/jygameclub/testdataapi/main/mahjong2date/0525_0433&debugStart=402,https://raw.githubusercontent.com/jygameclub/testdataapi/main/mahjong2date/0525_0433/402.json,https://raw.githubusercontent.com/jygameclub/testdataapi/main/mahjong2date/0525_0433,普通中奖,48.00,1.20,2,1,7,7,7,0,0,否,否,是,1,1,677343,677344,7501779669604661,9473800.0,9473808.0,2段连消/续转 / 金色符号/百搭转换
连消/掉落,427.json,427,75,金色/百搭,https://fish-games.s3.amazonaws.com/MahjongWays2/index.html?env=ceshislot.osshaiwai.com&hasFloat=0&token=436475c81b51e6893c740657870f86b7&language=en&debug=1&debugDataPath=https://raw.githubusercontent.com/jygameclub/testdataapi/main/mahjong2date/0525_0433&debugStart=427,https://raw.githubusercontent.com/jygameclub/testdataapi/main/mahjong2date/0525_0433/427.json,https://raw.githubusercontent.com/jygameclub/testdataapi/main/mahjong2date/0525_0433,普通中奖,48.00,1.20,2,1,7,7,7,0,0,否,否,是,1,2,677403,677404,9551779669673294,9473528.0,9473536.0,2段连消/续转 / 金色符号/百搭转换
连消/掉落,430.json,430,75,金色/百搭,https://fish-games.s3.amazonaws.com/MahjongWays2/index.html?env=ceshislot.osshaiwai.com&hasFloat=0&token=436475c81b51e6893c740657870f86b7&language=en&debug=1&debugDataPath=https://raw.githubusercontent.com/jygameclub/testdataapi/main/mahjong2date/0525_0433&debugStart=430,https://raw.githubusercontent.com/jygameclub/testdataapi/main/mahjong2date/0525_0433/430.json,https://raw.githubusercontent.com/jygameclub/testdataapi/main/mahjong2date/0525_0433,普通中奖,48.00,1.20,2,1,7,7,7,0,0,否,否,是,1,2,677408,677409,9991779669679344,9473456.0,9473464.0,2段连消/续转 / 金色符号/百搭转换
连消/掉落,555.json,555,75,金色/百搭,https://fish-games.s3.amazonaws.com/MahjongWays2/index.html?env=ceshislot.osshaiwai.com&hasFloat=0&token=436475c81b51e6893c740657870f86b7&language=en&debug=1&debugDataPath=https://raw.githubusercontent.com/jygameclub/testdataapi/main/mahjong2date/0525_0433&debugStart=555,https://raw.githubusercontent.com/jygameclub/testdataapi/main/mahjong2date/0525_0433/555.json,https://raw.githubusercontent.com/jygameclub/testdataapi/main/mahjong2date/0525_0433,普通中奖,48.00,1.20,2,1,7,7,7,0,0,否,否,是,1,0,677846,677847,8441779670260948,9473556.0,9473564.0,2段连消/续转 / 金色符号/百搭转换
连消/掉落,749.json,749,75,金色/百搭,https://fish-games.s3.amazonaws.com/MahjongWays2/index.html?env=ceshislot.osshaiwai.com&hasFloat=0&token=436475c81b51e6893c740657870f86b7&language=en&debug=1&debugDataPath=https://raw.githubusercontent.com/jygameclub/testdataapi/main/mahjong2date/0525_0433&debugStart=749,https://raw.githubusercontent.com/jygameclub/testdataapi/main/mahjong2date/0525_0433/749.json,https://raw.githubusercontent.com/jygameclub/testdataapi/main/mahjong2date/0525_0433,普通中奖,48.00,1.20,2,1,7,7,7,0,0,否,否,是,1,0,678295,678296,3161779670739412,9471444.0,9471452.0,2段连消/续转 / 金色符号/百搭转换
连消/掉落,819.json,819,75,金色/百搭,https://fish-games.s3.amazonaws.com/MahjongWays2/index.html?env=ceshislot.osshaiwai.com&hasFloat=0&token=436475c81b51e6893c740657870f86b7&language=en&debug=1&debugDataPath=https://raw.githubusercontent.com/jygameclub/testdataapi/main/mahjong2date/0525_0433&debugStart=819,https://raw.githubusercontent.com/jygameclub/testdataapi/main/mahjong2date/0525_0433/819.json,https://raw.githubusercontent.com/jygameclub/testdataapi/main/mahjong2date/0525_0433,普通中奖,48.00,1.20,2,1,7,7,7,0,0,否,否,是,1,0,678672,678673,8341779671281769,9475726.0,9475734.0,2段连消/续转 / 金色符号/百搭转换
连消/掉落,827.json,827,75,金色/百搭,https://fish-games.s3.amazonaws.com/MahjongWays2/index.html?env=ceshislot.osshaiwai.com&hasFloat=0&token=436475c81b51e6893c740657870f86b7&language=en&debug=1&debugDataPath=https://raw.githubusercontent.com/jygameclub/testdataapi/main/mahjong2date/0525_0433&debugStart=827,https://raw.githubusercontent.com/jygameclub/testdataapi/main/mahjong2date/0525_0433/827.json,https://raw.githubusercontent.com/jygameclub/testdataapi/main/mahjong2date/0525_0433,普通中奖,48.00,1.20,2,1,6,7,7,1,1,否,否,是,1,0,678698,678700,1521779671302036,9475596.0,9475604.0,2段连消/续转 / 金色符号/百搭转换
连消/掉落,957.json,957,75,金色/百搭,https://fish-games.s3.amazonaws.com/MahjongWays2/index.html?env=ceshislot.osshaiwai.com&hasFloat=0&token=436475c81b51e6893c740657870f86b7&language=en&debug=1&debugDataPath=https://raw.githubusercontent.com/jygameclub/testdataapi/main/mahjong2date/0525_0433&debugStart=957,https://raw.githubusercontent.com/jygameclub/testdataapi/main/mahjong2date/0525_0433/957.json,https://raw.githubusercontent.com/jygameclub/testdataapi/main/mahjong2date/0525_0433,普通中奖,48.00,1.20,2,1,7,7,7,0,0,否,否,是,1,0,679089,679090,6021779671767699,9475078.0,9475086.0,2段连消/续转 / 金色符号/百搭转换
连消/掉落,871.json,871,75,金色/百搭,https://fish-games.s3.amazonaws.com/MahjongWays2/index.html?env=ceshislot.osshaiwai.com&hasFloat=0&token=436475c81b51e6893c740657870f86b7&language=en&debug=1&debugDataPath=https://raw.githubusercontent.com/jygameclub/testdataapi/main/mahjong2date/0525_0433&debugStart=871,https://raw.githubusercontent.com/jygameclub/testdataapi/main/mahjong2date/0525_0433/871.json,https://raw.githubusercontent.com/jygameclub/testdataapi/main/mahjong2date/0525_0433,普通中奖,46.00,1.15,4,3,13,13,13,0,0,否,否,是,1,1,678804,678808,8311779671384835,9474276.0,9474282.0,4段连消/续转 / 金色符号/百搭转换
连消/掉落,414.json,414,75,金色/百搭,https://fish-games.s3.amazonaws.com/MahjongWays2/index.html?env=ceshislot.osshaiwai.com&hasFloat=0&token=436475c81b51e6893c740657870f86b7&language=en&debug=1&debugDataPath=https://raw.githubusercontent.com/jygameclub/testdataapi/main/mahjong2date/0525_0433&debugStart=414,https://raw.githubusercontent.com/jygameclub/testdataapi/main/mahjong2date/0525_0433/414.json,https://raw.githubusercontent.com/jygameclub/testdataapi/main/mahjong2date/0525_0433,普通中奖,42.00,1.05,3,2,16,17,18,1,1,否,否,是,2,1,677362,677364,2421779669627995,9473552.0,9473554.0,3段连消/续转 / 金色符号/百搭转换
连消/掉落,575.json,575,75,金色/百搭,https://fish-games.s3.amazonaws.com/MahjongWays2/index.html?env=ceshislot.osshaiwai.com&hasFloat=0&token=436475c81b51e6893c740657870f86b7&language=en&debug=1&debugDataPath=https://raw.githubusercontent.com/jygameclub/testdataapi/main/mahjong2date/0525_0433&debugStart=575,https://raw.githubusercontent.com/jygameclub/testdataapi/main/mahjong2date/0525_0433/575.json,https://raw.githubusercontent.com/jygameclub/testdataapi/main/mahjong2date/0525_0433,普通中奖,42.00,1.05,3,2,5,6,6,1,1,否,否,是,1,0,677887,677889,3661779670298597,9473000.0,9473002.0,3段连消/续转 / 金色符号/百搭转换
连消/掉落,265.json,265,75,金色/百搭,https://fish-games.s3.amazonaws.com/MahjongWays2/index.html?env=ceshislot.osshaiwai.com&hasFloat=0&token=436475c81b51e6893c740657870f86b7&language=en&debug=1&debugDataPath=https://raw.githubusercontent.com/jygameclub/testdataapi/main/mahjong2date/0525_0433&debugStart=265,https://raw.githubusercontent.com/jygameclub/testdataapi/main/mahjong2date/0525_0433/265.json,https://raw.githubusercontent.com/jygameclub/testdataapi/main/mahjong2date/0525_0433,普通中奖,40.00,1.00,3,2,10,11,11,1,1,否,否,是,1,0,676744,676747,2241779668729013,9465860.0,9465860.0,3段连消/续转 / 金色符号/百搭转换
连消/掉落,063.json,63,75,金色/百搭,https://fish-games.s3.amazonaws.com/MahjongWays2/index.html?env=ceshislot.osshaiwai.com&hasFloat=0&token=436475c81b51e6893c740657870f86b7&language=en&debug=1&debugDataPath=https://raw.githubusercontent.com/jygameclub/testdataapi/main/mahjong2date/0525_0433&debugStart=63,https://raw.githubusercontent.com/jygameclub/testdataapi/main/mahjong2date/0525_0433/063.json,https://raw.githubusercontent.com/jygameclub/testdataapi/main/mahjong2date/0525_0433,普通中奖,40.00,1.00,2,1,3,6,6,3,3,否,否,是,1,0,675855,675856,6071779667180843,9461232.0,9461232.0,2段连消/续转 / 金色符号/百搭转换
连消/掉落,625.json,625,75,金色/百搭,https://fish-games.s3.amazonaws.com/MahjongWays2/index.html?env=ceshislot.osshaiwai.com&hasFloat=0&token=436475c81b51e6893c740657870f86b7&language=en&debug=1&debugDataPath=https://raw.githubusercontent.com/jygameclub/testdataapi/main/mahjong2date/0525_0433&debugStart=625,https://raw.githubusercontent.com/jygameclub/testdataapi/main/mahjong2date/0525_0433/625.json,https://raw.githubusercontent.com/jygameclub/testdataapi/main/mahjong2date/0525_0433,普通中奖,40.00,1.00,2,1,6,6,6,0,0,否,否,是,1,0,678058,678060,3551779670499496,9472756.0,9472756.0,2段连消/续转 / 金色符号/百搭转换
连消/掉落,979.json,979,75,金色/百搭,https://fish-games.s3.amazonaws.com/MahjongWays2/index.html?env=ceshislot.osshaiwai.com&hasFloat=0&token=436475c81b51e6893c740657870f86b7&language=en&debug=1&debugDataPath=https://raw.githubusercontent.com/jygameclub/testdataapi/main/mahjong2date/0525_0433&debugStart=979,https://raw.githubusercontent.com/jygameclub/testdataapi/main/mahjong2date/0525_0433/979.json,https://raw.githubusercontent.com/jygameclub/testdataapi/main/mahjong2date/0525_0433,普通中奖,40.00,1.00,2,1,6,6,6,0,0,否,否,是,1,1,679212,679214,1421779671996648,9477570.0,9477570.0,2段连消/续转 / 金色符号/百搭转换
连消/掉落,105.json,105,75,金色/百搭,https://fish-games.s3.amazonaws.com/MahjongWays2/index.html?env=ceshislot.osshaiwai.com&hasFloat=0&token=436475c81b51e6893c740657870f86b7&language=en&debug=1&debugDataPath=https://raw.githubusercontent.com/jygameclub/testdataapi/main/mahjong2date/0525_0433&debugStart=105,https://raw.githubusercontent.com/jygameclub/testdataapi/main/mahjong2date/0525_0433/105.json,https://raw.githubusercontent.com/jygameclub/testdataapi/main/mahjong2date/0525_0433,普通中奖,36.00,0.90,3,2,10,10,10,0,0,否,否,是,1,0,676062,676064,8001779667491241,9466188.0,9466184.0,3段连消/续转 / 金色符号/百搭转换
连消/掉落,143.json,143,75,金色/百搭,https://fish-games.s3.amazonaws.com/MahjongWays2/index.html?env=ceshislot.osshaiwai.com&hasFloat=0&token=436475c81b51e6893c740657870f86b7&language=en&debug=1&debugDataPath=https://raw.githubusercontent.com/jygameclub/testdataapi/main/mahjong2date/0525_0433&debugStart=143,https://raw.githubusercontent.com/jygameclub/testdataapi/main/mahjong2date/0525_0433/143.json,https://raw.githubusercontent.com/jygameclub/testdataapi/main/mahjong2date/0525_0433,普通中奖,36.00,0.90,3,2,11,11,11,0,0,否,否,是,1,0,676126,676128,7981779667558640,9465182.0,9465178.0,3段连消/续转 / 金色符号/百搭转换
连消/掉落,053.json,53,75,金色/百搭,https://fish-games.s3.amazonaws.com/MahjongWays2/index.html?env=ceshislot.osshaiwai.com&hasFloat=0&token=436475c81b51e6893c740657870f86b7&language=en&debug=1&debugDataPath=https://raw.githubusercontent.com/jygameclub/testdataapi/main/mahjong2date/0525_0433&debugStart=53,https://raw.githubusercontent.com/jygameclub/testdataapi/main/mahjong2date/0525_0433/053.json,https://raw.githubusercontent.com/jygameclub/testdataapi/main/mahjong2date/0525_0433,普通中奖,36.00,0.90,2,1,10,10,10,0,0,否,否,是,2,2,675841,675842,4331779667161310,9461480.0,9461476.0,2段连消/续转 / 金色符号/百搭转换
连消/掉落,364.json,364,75,金色/百搭,https://fish-games.s3.amazonaws.com/MahjongWays2/index.html?env=ceshislot.osshaiwai.com&hasFloat=0&token=436475c81b51e6893c740657870f86b7&language=en&debug=1&debugDataPath=https://raw.githubusercontent.com/jygameclub/testdataapi/main/mahjong2date/0525_0433&debugStart=364,https://raw.githubusercontent.com/jygameclub/testdataapi/main/mahjong2date/0525_0433/364.json,https://raw.githubusercontent.com/jygameclub/testdataapi/main/mahjong2date/0525_0433,普通中奖,36.00,0.90,2,1,7,7,7,0,0,否,否,是,1,0,677135,677136,5591779669325691,9470714.0,9470710.0,2段连消/续转 / 金色符号/百搭转换
连消/掉落,432.json,432,75,金色/百搭,https://fish-games.s3.amazonaws.com/MahjongWays2/index.html?env=ceshislot.osshaiwai.com&hasFloat=0&token=436475c81b51e6893c740657870f86b7&language=en&debug=1&debugDataPath=https://raw.githubusercontent.com/jygameclub/testdataapi/main/mahjong2date/0525_0433&debugStart=432,https://raw.githubusercontent.com/jygameclub/testdataapi/main/mahjong2date/0525_0433/432.json,https://raw.githubusercontent.com/jygameclub/testdataapi/main/mahjong2date/0525_0433,普通中奖,36.00,0.90,2,1,7,7,7,0,0,否,否,是,1,1,677411,677412,7391779669684077,9473424.0,9473420.0,2段连消/续转 / 金色符号/百搭转换
连消/掉落,504.json,504,75,金色/百搭,https://fish-games.s3.amazonaws.com/MahjongWays2/index.html?env=ceshislot.osshaiwai.com&hasFloat=0&token=436475c81b51e6893c740657870f86b7&language=en&debug=1&debugDataPath=https://raw.githubusercontent.com/jygameclub/testdataapi/main/mahjong2date/0525_0433&debugStart=504,https://raw.githubusercontent.com/jygameclub/testdataapi/main/mahjong2date/0525_0433/504.json,https://raw.githubusercontent.com/jygameclub/testdataapi/main/mahjong2date/0525_0433,普通中奖,36.00,0.90,2,1,6,7,7,1,1,否,否,是,1,0,677594,677595,1901779669887710,9472798.0,9472794.0,2段连消/续转 / 金色符号/百搭转换
连消/掉落,574.json,574,75,金色/百搭,https://fish-games.s3.amazonaws.com/MahjongWays2/index.html?env=ceshislot.osshaiwai.com&hasFloat=0&token=436475c81b51e6893c740657870f86b7&language=en&debug=1&debugDataPath=https://raw.githubusercontent.com/jygameclub/testdataapi/main/mahjong2date/0525_0433&debugStart=574,https://raw.githubusercontent.com/jygameclub/testdataapi/main/mahjong2date/0525_0433/574.json,https://raw.githubusercontent.com/jygameclub/testdataapi/main/mahjong2date/0525_0433,普通中奖,36.00,0.90,2,1,7,7,7,0,0,否,否,是,1,1,677885,677886,8691779670294914,9473004.0,9473000.0,2段连消/续转 / 金色符号/百搭转换
连消/掉落,997.json,997,75,金色/百搭,https://fish-games.s3.amazonaws.com/MahjongWays2/index.html?env=ceshislot.osshaiwai.com&hasFloat=0&token=436475c81b51e6893c740657870f86b7&language=en&debug=1&debugDataPath=https://raw.githubusercontent.com/jygameclub/testdataapi/main/mahjong2date/0525_0433&debugStart=997,https://raw.githubusercontent.com/jygameclub/testdataapi/main/mahjong2date/0525_0433/997.json,https://raw.githubusercontent.com/jygameclub/testdataapi/main/mahjong2date/0525_0433,普通中奖,36.00,0.90,2,1,7,7,7,0,0,否,否,是,1,0,679262,679264,2761779672040714,9477720.0,9477716.0,2段连消/续转 / 金色符号/百搭转换
连消/掉落,569.json,569,75,金色/百搭,https://fish-games.s3.amazonaws.com/MahjongWays2/index.html?env=ceshislot.osshaiwai.com&hasFloat=0&token=436475c81b51e6893c740657870f86b7&language=en&debug=1&debugDataPath=https://raw.githubusercontent.com/jygameclub/testdataapi/main/mahjong2date/0525_0433&debugStart=569,https://raw.githubusercontent.com/jygameclub/testdataapi/main/mahjong2date/0525_0433/569.json,https://raw.githubusercontent.com/jygameclub/testdataapi/main/mahjong2date/0525_0433,普通中奖,34.00,0.85,3,2,11,11,11,0,0,否,否,是,2,1,677876,677878,7471779670281231,9473070.0,9473064.0,3段连消/续转 / 金色符号/百搭转换
连消/掉落,746.json,746,75,金色/百搭,https://fish-games.s3.amazonaws.com/MahjongWays2/index.html?env=ceshislot.osshaiwai.com&hasFloat=0&token=436475c81b51e6893c740657870f86b7&language=en&debug=1&debugDataPath=https://raw.githubusercontent.com/jygameclub/testdataapi/main/mahjong2date/0525_0433&debugStart=746,https://raw.githubusercontent.com/jygameclub/testdataapi/main/mahjong2date/0525_0433/746.json,https://raw.githubusercontent.com/jygameclub/testdataapi/main/mahjong2date/0525_0433,普通中奖,34.00,0.85,3,2,13,14,14,1,1,否,否,是,2,0,678289,678291,8591779670729895,9471510.0,9471504.0,3段连消/续转 / 金色符号/百搭转换
连消/掉落,493.json,493,75,金色/百搭,https://fish-games.s3.amazonaws.com/MahjongWays2/index.html?env=ceshislot.osshaiwai.com&hasFloat=0&token=436475c81b51e6893c740657870f86b7&language=en&debug=1&debugDataPath=https://raw.githubusercontent.com/jygameclub/testdataapi/main/mahjong2date/0525_0433&debugStart=493,https://raw.githubusercontent.com/jygameclub/testdataapi/main/mahjong2date/0525_0433/493.json,https://raw.githubusercontent.com/jygameclub/testdataapi/main/mahjong2date/0525_0433,普通中奖,32.00,0.80,2,1,11,11,11,0,0,否,否,是,2,0,677565,677567,1921779669868177,9473152.0,9473144.0,2段连消/续转 / 金色符号/百搭转换
连消/掉落,065.json,65,75,金色/百搭,https://fish-games.s3.amazonaws.com/MahjongWays2/index.html?env=ceshislot.osshaiwai.com&hasFloat=0&token=436475c81b51e6893c740657870f86b7&language=en&debug=1&debugDataPath=https://raw.githubusercontent.com/jygameclub/testdataapi/main/mahjong2date/0525_0433&debugStart=65,https://raw.githubusercontent.com/jygameclub/testdataapi/main/mahjong2date/0525_0433/065.json,https://raw.githubusercontent.com/jygameclub/testdataapi/main/mahjong2date/0525_0433,普通中奖,30.00,0.75,2,1,5,5,5,0,0,否,否,是,1,0,675858,675859,1671779667184976,9461192.0,9461182.0,2段连消/续转 / 金色符号/百搭转换
连消/掉落,498.json,498,75,金色/百搭,https://fish-games.s3.amazonaws.com/MahjongWays2/index.html?env=ceshislot.osshaiwai.com&hasFloat=0&token=436475c81b51e6893c740657870f86b7&language=en&debug=1&debugDataPath=https://raw.githubusercontent.com/jygameclub/testdataapi/main/mahjong2date/0525_0433&debugStart=498,https://raw.githubusercontent.com/jygameclub/testdataapi/main/mahjong2date/0525_0433/498.json,https://raw.githubusercontent.com/jygameclub/testdataapi/main/mahjong2date/0525_0433,普通中奖,30.00,0.75,2,1,6,6,6,0,0,否,否,是,1,1,677578,677580,6451779669877094,9473004.0,9472994.0,2段连消/续转 / 金色符号/百搭转换
连消/掉落,316.json,316,75,金色/百搭,https://fish-games.s3.amazonaws.com/MahjongWays2/index.html?env=ceshislot.osshaiwai.com&hasFloat=0&token=436475c81b51e6893c740657870f86b7&language=en&debug=1&debugDataPath=https://raw.githubusercontent.com/jygameclub/testdataapi/main/mahjong2date/0525_0433&debugStart=316,https://raw.githubusercontent.com/jygameclub/testdataapi/main/mahjong2date/0525_0433/316.json,https://raw.githubusercontent.com/jygameclub/testdataapi/main/mahjong2date/0525_0433,普通中奖,28.00,0.70,3,2,8,9,9,1,1,否,否,是,1,0,676912,676914,9911779668966644,9464894.0,9464882.0,3段连消/续转 / 金色符号/百搭转换
连消/掉落,424.json,424,75,金色/百搭,https://fish-games.s3.amazonaws.com/MahjongWays2/index.html?env=ceshislot.osshaiwai.com&hasFloat=0&token=436475c81b51e6893c740657870f86b7&language=en&debug=1&debugDataPath=https://raw.githubusercontent.com/jygameclub/testdataapi/main/mahjong2date/0525_0433&debugStart=424,https://raw.githubusercontent.com/jygameclub/testdataapi/main/mahjong2date/0525_0433/424.json,https://raw.githubusercontent.com/jygameclub/testdataapi/main/mahjong2date/0525_0433,普通中奖,28.00,0.70,3,2,9,9,9,0,0,否,否,是,1,1,677391,677396,4711779669659911,9473580.0,9473568.0,3段连消/续转 / 金色符号/百搭转换
连消/掉落,759.json,759,75,金色/百搭,https://fish-games.s3.amazonaws.com/MahjongWays2/index.html?env=ceshislot.osshaiwai.com&hasFloat=0&token=436475c81b51e6893c740657870f86b7&language=en&debug=1&debugDataPath=https://raw.githubusercontent.com/jygameclub/testdataapi/main/mahjong2date/0525_0433&debugStart=759,https://raw.githubusercontent.com/jygameclub/testdataapi/main/mahjong2date/0525_0433/759.json,https://raw.githubusercontent.com/jygameclub/testdataapi/main/mahjong2date/0525_0433,普通中奖,28.00,0.70,3,2,8,8,8,0,0,否,否,是,1,0,678311,678314,6191779670763928,9471146.0,9471134.0,3段连消/续转 / 金色符号/百搭转换
连消/掉落,805.json,805,75,金色/百搭,https://fish-games.s3.amazonaws.com/MahjongWays2/index.html?env=ceshislot.osshaiwai.com&hasFloat=0&token=436475c81b51e6893c740657870f86b7&language=en&debug=1&debugDataPath=https://raw.githubusercontent.com/jygameclub/testdataapi/main/mahjong2date/0525_0433&debugStart=805,https://raw.githubusercontent.com/jygameclub/testdataapi/main/mahjong2date/0525_0433/805.json,https://raw.githubusercontent.com/jygameclub/testdataapi/main/mahjong2date/0525_0433,普通中奖,28.00,0.70,3,2,6,7,7,1,1,否,否,是,1,2,678651,678654,2541779671256619,9476156.0,9476144.0,3段连消/续转 / 金色符号/百搭转换
连消/掉落,363.json,363,75,金色/百搭,https://fish-games.s3.amazonaws.com/MahjongWays2/index.html?env=ceshislot.osshaiwai.com&hasFloat=0&token=436475c81b51e6893c740657870f86b7&language=en&debug=1&debugDataPath=https://raw.githubusercontent.com/jygameclub/testdataapi/main/mahjong2date/0525_0433&debugStart=363,https://raw.githubusercontent.com/jygameclub/testdataapi/main/mahjong2date/0525_0433/363.json,https://raw.githubusercontent.com/jygameclub/testdataapi/main/mahjong2date/0525_0433,普通中奖,28.00,0.70,2,1,11,11,11,0,0,否,否,是,2,0,677130,677131,7411779669322959,9470726.0,9470714.0,2段连消/续转 / 金色符号/百搭转换
连消/掉落,395.json,395,75,金色/百搭,https://fish-games.s3.amazonaws.com/MahjongWays2/index.html?env=ceshislot.osshaiwai.com&hasFloat=0&token=436475c81b51e6893c740657870f86b7&language=en&debug=1&debugDataPath=https://raw.githubusercontent.com/jygameclub/testdataapi/main/mahjong2date/0525_0433&debugStart=395,https://raw.githubusercontent.com/jygameclub/testdataapi/main/mahjong2date/0525_0433/395.json,https://raw.githubusercontent.com/jygameclub/testdataapi/main/mahjong2date/0525_0433,普通中奖,26.00,0.65,3,2,5,6,6,1,1,否,否,是,1,0,677331,677333,1501779669587627,9473932.0,9473918.0,3段连消/续转 / 金色符号/百搭转换
连消/掉落,610.json,610,75,金色/百搭,https://fish-games.s3.amazonaws.com/MahjongWays2/index.html?env=ceshislot.osshaiwai.com&hasFloat=0&token=436475c81b51e6893c740657870f86b7&language=en&debug=1&debugDataPath=https://raw.githubusercontent.com/jygameclub/testdataapi/main/mahjong2date/0525_0433&debugStart=610,https://raw.githubusercontent.com/jygameclub/testdataapi/main/mahjong2date/0525_0433/610.json,https://raw.githubusercontent.com/jygameclub/testdataapi/main/mahjong2date/0525_0433,普通中奖,24.00,0.60,3,2,10,11,12,1,1,否,否,是,2,0,677972,677974,4671779670378112,9472116.0,9472100.0,3段连消/续转 / 金色符号/百搭转换
连消/掉落,156.json,156,75,金色/百搭,https://fish-games.s3.amazonaws.com/MahjongWays2/index.html?env=ceshislot.osshaiwai.com&hasFloat=0&token=436475c81b51e6893c740657870f86b7&language=en&debug=1&debugDataPath=https://raw.githubusercontent.com/jygameclub/testdataapi/main/mahjong2date/0525_0433&debugStart=156,https://raw.githubusercontent.com/jygameclub/testdataapi/main/mahjong2date/0525_0433/156.json,https://raw.githubusercontent.com/jygameclub/testdataapi/main/mahjong2date/0525_0433,普通中奖,24.00,0.60,2,1,10,11,11,1,1,否,否,是,2,0,676150,676151,1681779667583639,9464726.0,9464710.0,2段连消/续转 / 金色符号/百搭转换
连消/掉落,352.json,352,75,金色/百搭,https://fish-games.s3.amazonaws.com/MahjongWays2/index.html?env=ceshislot.osshaiwai.com&hasFloat=0&token=436475c81b51e6893c740657870f86b7&language=en&debug=1&debugDataPath=https://raw.githubusercontent.com/jygameclub/testdataapi/main/mahjong2date/0525_0433&debugStart=352,https://raw.githubusercontent.com/jygameclub/testdataapi/main/mahjong2date/0525_0433/352.json,https://raw.githubusercontent.com/jygameclub/testdataapi/main/mahjong2date/0525_0433,普通中奖,24.00,0.60,2,1,5,6,6,1,1,否,否,是,1,1,677117,677118,6641779669307992,9471142.0,9471126.0,2段连消/续转 / 金色符号/百搭转换
连消/掉落,398.json,398,75,金色/百搭,https://fish-games.s3.amazonaws.com/MahjongWays2/index.html?env=ceshislot.osshaiwai.com&hasFloat=0&token=436475c81b51e6893c740657870f86b7&language=en&debug=1&debugDataPath=https://raw.githubusercontent.com/jygameclub/testdataapi/main/mahjong2date/0525_0433&debugStart=398,https://raw.githubusercontent.com/jygameclub/testdataapi/main/mahjong2date/0525_0433/398.json,https://raw.githubusercontent.com/jygameclub/testdataapi/main/mahjong2date/0525_0433,普通中奖,24.00,0.60,2,1,6,6,6,0,0,否,否,是,1,1,677336,677337,9011779669594378,9473838.0,9473822.0,2段连消/续转 / 金色符号/百搭转换
连消/掉落,406.json,406,75,金色/百搭,https://fish-games.s3.amazonaws.com/MahjongWays2/index.html?env=ceshislot.osshaiwai.com&hasFloat=0&token=436475c81b51e6893c740657870f86b7&language=en&debug=1&debugDataPath=https://raw.githubusercontent.com/jygameclub/testdataapi/main/mahjong2date/0525_0433&debugStart=406,https://raw.githubusercontent.com/jygameclub/testdataapi/main/mahjong2date/0525_0433/406.json,https://raw.githubusercontent.com/jygameclub/testdataapi/main/mahjong2date/0525_0433,普通中奖,24.00,0.60,2,1,5,5,5,0,0,否,否,是,1,2,677348,677349,1891779669610945,9473688.0,9473672.0,2段连消/续转 / 金色符号/百搭转换
连消/掉落,409.json,409,75,金色/百搭,https://fish-games.s3.amazonaws.com/MahjongWays2/index.html?env=ceshislot.osshaiwai.com&hasFloat=0&token=436475c81b51e6893c740657870f86b7&language=en&debug=1&debugDataPath=https://raw.githubusercontent.com/jygameclub/testdataapi/main/mahjong2date/0525_0433&debugStart=409,https://raw.githubusercontent.com/jygameclub/testdataapi/main/mahjong2date/0525_0433/409.json,https://raw.githubusercontent.com/jygameclub/testdataapi/main/mahjong2date/0525_0433,普通中奖,24.00,0.60,2,1,6,6,6,0,0,否,否,是,1,0,677352,677353,4311779669616494,9473592.0,9473576.0,2段连消/续转 / 金色符号/百搭转换
连消/掉落,512.json,512,75,金色/百搭,https://fish-games.s3.amazonaws.com/MahjongWays2/index.html?env=ceshislot.osshaiwai.com&hasFloat=0&token=436475c81b51e6893c740657870f86b7&language=en&debug=1&debugDataPath=https://raw.githubusercontent.com/jygameclub/testdataapi/main/mahjong2date/0525_0433&debugStart=512,https://raw.githubusercontent.com/jygameclub/testdataapi/main/mahjong2date/0525_0433/512.json,https://raw.githubusercontent.com/jygameclub/testdataapi/main/mahjong2date/0525_0433,普通中奖,24.00,0.60,2,1,6,6,6,0,0,否,否,是,1,1,677761,677763,9691779670162748,9473958.0,9473942.0,2段连消/续转 / 金色符号/百搭转换
连消/掉落,523.json,523,75,金色/百搭,https://fish-games.s3.amazonaws.com/MahjongWays2/index.html?env=ceshislot.osshaiwai.com&hasFloat=0&token=436475c81b51e6893c740657870f86b7&language=en&debug=1&debugDataPath=https://raw.githubusercontent.com/jygameclub/testdataapi/main/mahjong2date/0525_0433&debugStart=523,https://raw.githubusercontent.com/jygameclub/testdataapi/main/mahjong2date/0525_0433/523.json,https://raw.githubusercontent.com/jygameclub/testdataapi/main/mahjong2date/0525_0433,普通中奖,24.00,0.60,2,1,6,6,6,0,0,否,否,是,1,1,677788,677789,3731779670193298,9474270.0,9474254.0,2段连消/续转 / 金色符号/百搭转换
连消/掉落,693.json,693,75,金色/百搭,https://fish-games.s3.amazonaws.com/MahjongWays2/index.html?env=ceshislot.osshaiwai.com&hasFloat=0&token=436475c81b51e6893c740657870f86b7&language=en&debug=1&debugDataPath=https://raw.githubusercontent.com/jygameclub/testdataapi/main/mahjong2date/0525_0433&debugStart=693,https://raw.githubusercontent.com/jygameclub/testdataapi/main/mahjong2date/0525_0433/693.json,https://raw.githubusercontent.com/jygameclub/testdataapi/main/mahjong2date/0525_0433,普通中奖,24.00,0.60,2,1,5,5,5,0,0,否,否,是,1,0,678203,678204,8341779670642945,9472686.0,9472670.0,2段连消/续转 / 金色符号/百搭转换
连消/掉落,757.json,757,75,金色/百搭,https://fish-games.s3.amazonaws.com/MahjongWays2/index.html?env=ceshislot.osshaiwai.com&hasFloat=0&token=436475c81b51e6893c740657870f86b7&language=en&debug=1&debugDataPath=https://raw.githubusercontent.com/jygameclub/testdataapi/main/mahjong2date/0525_0433&debugStart=757,https://raw.githubusercontent.com/jygameclub/testdataapi/main/mahjong2date/0525_0433/757.json,https://raw.githubusercontent.com/jygameclub/testdataapi/main/mahjong2date/0525_0433,普通中奖,24.00,0.60,2,1,7,7,7,0,0,否,否,是,1,2,678308,678309,1101779670759178,9471202.0,9471186.0,2段连消/续转 / 金色符号/百搭转换
连消/掉落,839.json,839,75,金色/百搭,https://fish-games.s3.amazonaws.com/MahjongWays2/index.html?env=ceshislot.osshaiwai.com&hasFloat=0&token=436475c81b51e6893c740657870f86b7&language=en&debug=1&debugDataPath=https://raw.githubusercontent.com/jygameclub/testdataapi/main/mahjong2date/0525_0433&debugStart=839,https://raw.githubusercontent.com/jygameclub/testdataapi/main/mahjong2date/0525_0433/839.json,https://raw.githubusercontent.com/jygameclub/testdataapi/main/mahjong2date/0525_0433,普通中奖,24.00,0.60,2,1,5,6,6,1,1,否,否,是,1,1,678732,678734,9951779671327153,9475282.0,9475266.0,2段连消/续转 / 金色符号/百搭转换
连消/掉落,849.json,849,75,金色/百搭,https://fish-games.s3.amazonaws.com/MahjongWays2/index.html?env=ceshislot.osshaiwai.com&hasFloat=0&token=436475c81b51e6893c740657870f86b7&language=en&debug=1&debugDataPath=https://raw.githubusercontent.com/jygameclub/testdataapi/main/mahjong2date/0525_0433&debugStart=849,https://raw.githubusercontent.com/jygameclub/testdataapi/main/mahjong2date/0525_0433/849.json,https://raw.githubusercontent.com/jygameclub/testdataapi/main/mahjong2date/0525_0433,普通中奖,24.00,0.60,2,1,5,5,5,0,0,否,否,是,1,2,678757,678758,2911779671349469,9474948.0,9474932.0,2段连消/续转 / 金色符号/百搭转换
连消/掉落,873.json,873,75,金色/百搭,https://fish-games.s3.amazonaws.com/MahjongWays2/index.html?env=ceshislot.osshaiwai.com&hasFloat=0&token=436475c81b51e6893c740657870f86b7&language=en&debug=1&debugDataPath=https://raw.githubusercontent.com/jygameclub/testdataapi/main/mahjong2date/0525_0433&debugStart=873,https://raw.githubusercontent.com/jygameclub/testdataapi/main/mahjong2date/0525_0433/873.json,https://raw.githubusercontent.com/jygameclub/testdataapi/main/mahjong2date/0525_0433,普通中奖,24.00,0.60,2,1,6,6,6,0,0,否,否,是,1,1,678813,678814,9171779671395469,9474258.0,9474242.0,2段连消/续转 / 金色符号/百搭转换
连消/掉落,879.json,879,75,金色/百搭,https://fish-games.s3.amazonaws.com/MahjongWays2/index.html?env=ceshislot.osshaiwai.com&hasFloat=0&token=436475c81b51e6893c740657870f86b7&language=en&debug=1&debugDataPath=https://raw.githubusercontent.com/jygameclub/testdataapi/main/mahjong2date/0525_0433&debugStart=879,https://raw.githubusercontent.com/jygameclub/testdataapi/main/mahjong2date/0525_0433/879.json,https://raw.githubusercontent.com/jygameclub/testdataapi/main/mahjong2date/0525_0433,普通中奖,24.00,0.60,2,1,6,6,6,0,0,否,否,是,1,0,678825,678826,5121779671412869,9474234.0,9474218.0,2段连消/续转 / 金色符号/百搭转换
连消/掉落,568.json,568,75,金色/百搭,https://fish-games.s3.amazonaws.com/MahjongWays2/index.html?env=ceshislot.osshaiwai.com&hasFloat=0&token=436475c81b51e6893c740657870f86b7&language=en&debug=1&debugDataPath=https://raw.githubusercontent.com/jygameclub/testdataapi/main/mahjong2date/0525_0433&debugStart=568,https://raw.githubusercontent.com/jygameclub/testdataapi/main/mahjong2date/0525_0433/568.json,https://raw.githubusercontent.com/jygameclub/testdataapi/main/mahjong2date/0525_0433,普通中奖,22.00,0.55,3,2,6,7,7,1,1,否,否,是,1,0,677872,677875,7441779670276498,9473088.0,9473070.0,3段连消/续转 / 金色符号/百搭转换
连消/掉落,045.json,45,75,金色/百搭,https://fish-games.s3.amazonaws.com/MahjongWays2/index.html?env=ceshislot.osshaiwai.com&hasFloat=0&token=436475c81b51e6893c740657870f86b7&language=en&debug=1&debugDataPath=https://raw.githubusercontent.com/jygameclub/testdataapi/main/mahjong2date/0525_0433&debugStart=45,https://raw.githubusercontent.com/jygameclub/testdataapi/main/mahjong2date/0525_0433/045.json,https://raw.githubusercontent.com/jygameclub/testdataapi/main/mahjong2date/0525_0433,普通中奖,20.00,0.50,3,2,10,10,10,0,0,否,否,是,1,1,675822,675824,6341779667142460,9461766.0,9461746.0,3段连消/续转 / 金色符号/百搭转换
连消/掉落,279.json,279,75,金色/百搭,https://fish-games.s3.amazonaws.com/MahjongWays2/index.html?env=ceshislot.osshaiwai.com&hasFloat=0&token=436475c81b51e6893c740657870f86b7&language=en&debug=1&debugDataPath=https://raw.githubusercontent.com/jygameclub/testdataapi/main/mahjong2date/0525_0433&debugStart=279,https://raw.githubusercontent.com/jygameclub/testdataapi/main/mahjong2date/0525_0433/279.json,https://raw.githubusercontent.com/jygameclub/testdataapi/main/mahjong2date/0525_0433,普通中奖,20.00,0.50,3,2,10,10,10,0,0,否,否,是,1,0,676788,676793,2501779668811329,9465348.0,9465328.0,3段连消/续转 / 金色符号/百搭转换
连消/掉落,307.json,307,75,金色/百搭,https://fish-games.s3.amazonaws.com/MahjongWays2/index.html?env=ceshislot.osshaiwai.com&hasFloat=0&token=436475c81b51e6893c740657870f86b7&language=en&debug=1&debugDataPath=https://raw.githubusercontent.com/jygameclub/testdataapi/main/mahjong2date/0525_0433&debugStart=307,https://raw.githubusercontent.com/jygameclub/testdataapi/main/mahjong2date/0525_0433/307.json,https://raw.githubusercontent.com/jygameclub/testdataapi/main/mahjong2date/0525_0433,普通中奖,20.00,0.50,3,2,10,10,10,0,0,否,否,是,2,2,676893,676895,6471779668946662,9465176.0,9465156.0,3段连消/续转 / 金色符号/百搭转换
连消/掉落,426.json,426,75,金色/百搭,https://fish-games.s3.amazonaws.com/MahjongWays2/index.html?env=ceshislot.osshaiwai.com&hasFloat=0&token=436475c81b51e6893c740657870f86b7&language=en&debug=1&debugDataPath=https://raw.githubusercontent.com/jygameclub/testdataapi/main/mahjong2date/0525_0433&debugStart=426,https://raw.githubusercontent.com/jygameclub/testdataapi/main/mahjong2date/0525_0433/426.json,https://raw.githubusercontent.com/jygameclub/testdataapi/main/mahjong2date/0525_0433,普通中奖,20.00,0.50,3,2,10,10,10,0,0,否,否,是,1,1,677400,677402,9401779669668461,9473548.0,9473528.0,3段连消/续转 / 金色符号/百搭转换
连消/掉落,794.json,794,75,金色/百搭,https://fish-games.s3.amazonaws.com/MahjongWays2/index.html?env=ceshislot.osshaiwai.com&hasFloat=0&token=436475c81b51e6893c740657870f86b7&language=en&debug=1&debugDataPath=https://raw.githubusercontent.com/jygameclub/testdataapi/main/mahjong2date/0525_0433&debugStart=794,https://raw.githubusercontent.com/jygameclub/testdataapi/main/mahjong2date/0525_0433/794.json,https://raw.githubusercontent.com/jygameclub/testdataapi/main/mahjong2date/0525_0433,普通中奖,20.00,0.50,3,2,9,9,9,0,0,否,否,是,1,0,678569,678631,1821779671084331,9476516.0,9476496.0,3段连消/续转 / 金色符号/百搭转换
连消/掉落,910.json,910,75,金色/百搭,https://fish-games.s3.amazonaws.com/MahjongWays2/index.html?env=ceshislot.osshaiwai.com&hasFloat=0&token=436475c81b51e6893c740657870f86b7&language=en&debug=1&debugDataPath=https://raw.githubusercontent.com/jygameclub/testdataapi/main/mahjong2date/0525_0433&debugStart=910,https://raw.githubusercontent.com/jygameclub/testdataapi/main/mahjong2date/0525_0433/910.json,https://raw.githubusercontent.com/jygameclub/testdataapi/main/mahjong2date/0525_0433,普通中奖,20.00,0.50,3,2,8,8,8,0,0,否,否,是,1,0,678883,678885,1831779671473351,9473640.0,9473620.0,3段连消/续转 / 金色符号/百搭转换
连消/掉落,057.json,57,75,金色/百搭,https://fish-games.s3.amazonaws.com/MahjongWays2/index.html?env=ceshislot.osshaiwai.com&hasFloat=0&token=436475c81b51e6893c740657870f86b7&language=en&debug=1&debugDataPath=https://raw.githubusercontent.com/jygameclub/testdataapi/main/mahjong2date/0525_0433&debugStart=57,https://raw.githubusercontent.com/jygameclub/testdataapi/main/mahjong2date/0525_0433/057.json,https://raw.githubusercontent.com/jygameclub/testdataapi/main/mahjong2date/0525_0433,普通中奖,20.00,0.50,2,1,9,10,10,1,1,否,否,是,2,1,675848,675849,1521779667172560,9461452.0,9461432.0,2段连消/续转 / 金色符号/百搭转换
连消/掉落,152.json,152,75,金色/百搭,https://fish-games.s3.amazonaws.com/MahjongWays2/index.html?env=ceshislot.osshaiwai.com&hasFloat=0&token=436475c81b51e6893c740657870f86b7&language=en&debug=1&debugDataPath=https://raw.githubusercontent.com/jygameclub/testdataapi/main/mahjong2date/0525_0433&debugStart=152,https://raw.githubusercontent.com/jygameclub/testdataapi/main/mahjong2date/0525_0433/152.json,https://raw.githubusercontent.com/jygameclub/testdataapi/main/mahjong2date/0525_0433,普通中奖,20.00,0.50,2,1,5,5,5,0,0,否,否,是,1,1,676139,676141,1901779667576856,9464866.0,9464846.0,2段连消/续转 / 金色符号/百搭转换
连消/掉落,249.json,249,75,金色/百搭,https://fish-games.s3.amazonaws.com/MahjongWays2/index.html?env=ceshislot.osshaiwai.com&hasFloat=0&token=436475c81b51e6893c740657870f86b7&language=en&debug=1&debugDataPath=https://raw.githubusercontent.com/jygameclub/testdataapi/main/mahjong2date/0525_0433&debugStart=249,https://raw.githubusercontent.com/jygameclub/testdataapi/main/mahjong2date/0525_0433/249.json,https://raw.githubusercontent.com/jygameclub/testdataapi/main/mahjong2date/0525_0433,普通中奖,20.00,0.50,2,1,4,5,5,1,1,否,否,是,1,1,676701,676702,1401779668688081,9465838.0,9465818.0,2段连消/续转 / 金色符号/百搭转换
连消/掉落,425.json,425,75,金色/百搭,https://fish-games.s3.amazonaws.com/MahjongWays2/index.html?env=ceshislot.osshaiwai.com&hasFloat=0&token=436475c81b51e6893c740657870f86b7&language=en&debug=1&debugDataPath=https://raw.githubusercontent.com/jygameclub/testdataapi/main/mahjong2date/0525_0433&debugStart=425,https://raw.githubusercontent.com/jygameclub/testdataapi/main/mahjong2date/0525_0433/425.json,https://raw.githubusercontent.com/jygameclub/testdataapi/main/mahjong2date/0525_0433,普通中奖,20.00,0.50,2,1,5,5,5,0,0,否,否,是,1,0,677398,677399,2221779669665744,9473568.0,9473548.0,2段连消/续转 / 金色符号/百搭转换
连消/掉落,495.json,495,75,金色/百搭,https://fish-games.s3.amazonaws.com/MahjongWays2/index.html?env=ceshislot.osshaiwai.com&hasFloat=0&token=436475c81b51e6893c740657870f86b7&language=en&debug=1&debugDataPath=https://raw.githubusercontent.com/jygameclub/testdataapi/main/mahjong2date/0525_0433&debugStart=495,https://raw.githubusercontent.com/jygameclub/testdataapi/main/mahjong2date/0525_0433/495.json,https://raw.githubusercontent.com/jygameclub/testdataapi/main/mahjong2date/0525_0433,普通中奖,20.00,0.50,2,1,4,5,5,1,1,否,否,是,1,1,677572,677573,7011779669871760,9473104.0,9473084.0,2段连消/续转 / 金色符号/百搭转换
连消/掉落,748.json,748,75,金色/百搭,https://fish-games.s3.amazonaws.com/MahjongWays2/index.html?env=ceshislot.osshaiwai.com&hasFloat=0&token=436475c81b51e6893c740657870f86b7&language=en&debug=1&debugDataPath=https://raw.githubusercontent.com/jygameclub/testdataapi/main/mahjong2date/0525_0433&debugStart=748,https://raw.githubusercontent.com/jygameclub/testdataapi/main/mahjong2date/0525_0433/748.json,https://raw.githubusercontent.com/jygameclub/testdataapi/main/mahjong2date/0525_0433,普通中奖,20.00,0.50,2,1,4,5,5,1,1,否,否,是,1,2,678293,678294,9151779670735546,9471464.0,9471444.0,2段连消/续转 / 金色符号/百搭转换
连消/掉落,439.json,439,75,金色/百搭,https://fish-games.s3.amazonaws.com/MahjongWays2/index.html?env=ceshislot.osshaiwai.com&hasFloat=0&token=436475c81b51e6893c740657870f86b7&language=en&debug=1&debugDataPath=https://raw.githubusercontent.com/jygameclub/testdataapi/main/mahjong2date/0525_0433&debugStart=439,https://raw.githubusercontent.com/jygameclub/testdataapi/main/mahjong2date/0525_0433/439.json,https://raw.githubusercontent.com/jygameclub/testdataapi/main/mahjong2date/0525_0433,普通中奖,18.00,0.45,3,2,7,7,7,0,0,否,否,是,1,1,677419,677421,4221779669691761,9473180.0,9473158.0,3段连消/续转 / 金色符号/百搭转换
连消/掉落,021.json,21,75,金色/百搭,https://fish-games.s3.amazonaws.com/MahjongWays2/index.html?env=ceshislot.osshaiwai.com&hasFloat=0&token=436475c81b51e6893c740657870f86b7&language=en&debug=1&debugDataPath=https://raw.githubusercontent.com/jygameclub/testdataapi/main/mahjong2date/0525_0433&debugStart=21,https://raw.githubusercontent.com/jygameclub/testdataapi/main/mahjong2date/0525_0433/021.json,https://raw.githubusercontent.com/jygameclub/testdataapi/main/mahjong2date/0525_0433,普通中奖,18.00,0.45,2,1,6,6,6,0,0,否,否,是,1,1,675766,675768,8991779667092210,9461912.0,9461890.0,2段连消/续转 / 金色符号/百搭转换
连消/掉落,697.json,697,75,金色/百搭,https://fish-games.s3.amazonaws.com/MahjongWays2/index.html?env=ceshislot.osshaiwai.com&hasFloat=0&token=436475c81b51e6893c740657870f86b7&language=en&debug=1&debugDataPath=https://raw.githubusercontent.com/jygameclub/testdataapi/main/mahjong2date/0525_0433&debugStart=697,https://raw.githubusercontent.com/jygameclub/testdataapi/main/mahjong2date/0525_0433/697.json,https://raw.githubusercontent.com/jygameclub/testdataapi/main/mahjong2date/0525_0433,普通中奖,18.00,0.45,2,1,9,9,9,0,0,否,否,是,2,0,678209,678210,4961779670650129,9472700.0,9472678.0,2段连消/续转 / 金色符号/百搭转换
连消/掉落,850.json,850,75,金色/百搭,https://fish-games.s3.amazonaws.com/MahjongWays2/index.html?env=ceshislot.osshaiwai.com&hasFloat=0&token=436475c81b51e6893c740657870f86b7&language=en&debug=1&debugDataPath=https://raw.githubusercontent.com/jygameclub/testdataapi/main/mahjong2date/0525_0433&debugStart=850,https://raw.githubusercontent.com/jygameclub/testdataapi/main/mahjong2date/0525_0433/850.json,https://raw.githubusercontent.com/jygameclub/testdataapi/main/mahjong2date/0525_0433,普通中奖,16.00,0.40,3,2,8,8,8,0,0,否,否,是,1,0,678759,678765,2131779671353319,9474932.0,9474908.0,3段连消/续转 / 金色符号/百搭转换
连消/掉落,922.json,922,75,金色/百搭,https://fish-games.s3.amazonaws.com/MahjongWays2/index.html?env=ceshislot.osshaiwai.com&hasFloat=0&token=436475c81b51e6893c740657870f86b7&language=en&debug=1&debugDataPath=https://raw.githubusercontent.com/jygameclub/testdataapi/main/mahjong2date/0525_0433&debugStart=922,https://raw.githubusercontent.com/jygameclub/testdataapi/main/mahjong2date/0525_0433/922.json,https://raw.githubusercontent.com/jygameclub/testdataapi/main/mahjong2date/0525_0433,普通中奖,16.00,0.40,3,2,7,7,7,0,0,否,否,是,1,2,678919,678924,6401779671500469,9473592.0,9473568.0,3段连消/续转 / 金色符号/百搭转换
连消/掉落,030.json,30,75,金色/百搭,https://fish-games.s3.amazonaws.com/MahjongWays2/index.html?env=ceshislot.osshaiwai.com&hasFloat=0&token=436475c81b51e6893c740657870f86b7&language=en&debug=1&debugDataPath=https://raw.githubusercontent.com/jygameclub/testdataapi/main/mahjong2date/0525_0433&debugStart=30,https://raw.githubusercontent.com/jygameclub/testdataapi/main/mahjong2date/0525_0433/030.json,https://raw.githubusercontent.com/jygameclub/testdataapi/main/mahjong2date/0525_0433,普通中奖,16.00,0.40,2,1,7,7,7,0,0,否,否,是,1,0,675792,675793,7781779667115577,9462214.0,9462190.0,2段连消/续转 / 金色符号/百搭转换
连消/掉落,079.json,79,75,金色/百搭,https://fish-games.s3.amazonaws.com/MahjongWays2/index.html?env=ceshislot.osshaiwai.com&hasFloat=0&token=436475c81b51e6893c740657870f86b7&language=en&debug=1&debugDataPath=https://raw.githubusercontent.com/jygameclub/testdataapi/main/mahjong2date/0525_0433&debugStart=79,https://raw.githubusercontent.com/jygameclub/testdataapi/main/mahjong2date/0525_0433/079.json,https://raw.githubusercontent.com/jygameclub/testdataapi/main/mahjong2date/0525_0433,普通中奖,16.00,0.40,2,1,5,5,5,0,0,否,否,是,1,0,675890,675892,4341779667218743,9461678.0,9461654.0,2段连消/续转 / 金色符号/百搭转换
连消/掉落,246.json,246,75,金色/百搭,https://fish-games.s3.amazonaws.com/MahjongWays2/index.html?env=ceshislot.osshaiwai.com&hasFloat=0&token=436475c81b51e6893c740657870f86b7&language=en&debug=1&debugDataPath=https://raw.githubusercontent.com/jygameclub/testdataapi/main/mahjong2date/0525_0433&debugStart=246,https://raw.githubusercontent.com/jygameclub/testdataapi/main/mahjong2date/0525_0433/246.json,https://raw.githubusercontent.com/jygameclub/testdataapi/main/mahjong2date/0525_0433,普通中奖,16.00,0.40,2,1,5,5,5,0,0,否,否,是,1,0,676689,676690,1311779668679463,9465742.0,9465718.0,2段连消/续转 / 金色符号/百搭转换
连消/掉落,332.json,332,75,金色/百搭,https://fish-games.s3.amazonaws.com/MahjongWays2/index.html?env=ceshislot.osshaiwai.com&hasFloat=0&token=436475c81b51e6893c740657870f86b7&language=en&debug=1&debugDataPath=https://raw.githubusercontent.com/jygameclub/testdataapi/main/mahjong2date/0525_0433&debugStart=332,https://raw.githubusercontent.com/jygameclub/testdataapi/main/mahjong2date/0525_0433/332.json,https://raw.githubusercontent.com/jygameclub/testdataapi/main/mahjong2date/0525_0433,普通中奖,16.00,0.40,2,1,4,5,5,1,1,否,否,是,1,0,676995,676996,2951779669115477,9466226.0,9466202.0,2段连消/续转 / 金色符号/百搭转换
连消/掉落,369.json,369,75,金色/百搭,https://fish-games.s3.amazonaws.com/MahjongWays2/index.html?env=ceshislot.osshaiwai.com&hasFloat=0&token=436475c81b51e6893c740657870f86b7&language=en&debug=1&debugDataPath=https://raw.githubusercontent.com/jygameclub/testdataapi/main/mahjong2date/0525_0433&debugStart=369,https://raw.githubusercontent.com/jygameclub/testdataapi/main/mahjong2date/0525_0433/369.json,https://raw.githubusercontent.com/jygameclub/testdataapi/main/mahjong2date/0525_0433,普通中奖,16.00,0.40,2,1,7,7,7,0,0,否,否,是,1,0,677148,677150,9191779669335825,9470564.0,9470540.0,2段连消/续转 / 金色符号/百搭转换
连消/掉落,422.json,422,75,金色/百搭,https://fish-games.s3.amazonaws.com/MahjongWays2/index.html?env=ceshislot.osshaiwai.com&hasFloat=0&token=436475c81b51e6893c740657870f86b7&language=en&debug=1&debugDataPath=https://raw.githubusercontent.com/jygameclub/testdataapi/main/mahjong2date/0525_0433&debugStart=422,https://raw.githubusercontent.com/jygameclub/testdataapi/main/mahjong2date/0525_0433/422.json,https://raw.githubusercontent.com/jygameclub/testdataapi/main/mahjong2date/0525_0433,普通中奖,16.00,0.40,2,1,5,5,5,0,0,否,否,是,1,0,677385,677386,3941779669653444,9473498.0,9473474.0,2段连消/续转 / 金色符号/百搭转换
连消/掉落,484.json,484,75,金色/百搭,https://fish-games.s3.amazonaws.com/MahjongWays2/index.html?env=ceshislot.osshaiwai.com&hasFloat=0&token=436475c81b51e6893c740657870f86b7&language=en&debug=1&debugDataPath=https://raw.githubusercontent.com/jygameclub/testdataapi/main/mahjong2date/0525_0433&debugStart=484,https://raw.githubusercontent.com/jygameclub/testdataapi/main/mahjong2date/0525_0433/484.json,https://raw.githubusercontent.com/jygameclub/testdataapi/main/mahjong2date/0525_0433,普通中奖,16.00,0.40,2,1,5,5,5,0,0,否,否,是,1,1,677539,677541,7361779669841227,9473342.0,9473318.0,2段连消/续转 / 金色符号/百搭转换
连消/掉落,766.json,766,75,金色/百搭,https://fish-games.s3.amazonaws.com/MahjongWays2/index.html?env=ceshislot.osshaiwai.com&hasFloat=0&token=436475c81b51e6893c740657870f86b7&language=en&debug=1&debugDataPath=https://raw.githubusercontent.com/jygameclub/testdataapi/main/mahjong2date/0525_0433&debugStart=766,https://raw.githubusercontent.com/jygameclub/testdataapi/main/mahjong2date/0525_0433/766.json,https://raw.githubusercontent.com/jygameclub/testdataapi/main/mahjong2date/0525_0433,普通中奖,16.00,0.40,2,1,7,7,7,0,0,否,否,是,1,0,678329,678330,6671779670783895,9471096.0,9471072.0,2段连消/续转 / 金色符号/百搭转换
连消/掉落,773.json,773,75,金色/百搭,https://fish-games.s3.amazonaws.com/MahjongWays2/index.html?env=ceshislot.osshaiwai.com&hasFloat=0&token=436475c81b51e6893c740657870f86b7&language=en&debug=1&debugDataPath=https://raw.githubusercontent.com/jygameclub/testdataapi/main/mahjong2date/0525_0433&debugStart=773,https://raw.githubusercontent.com/jygameclub/testdataapi/main/mahjong2date/0525_0433/773.json,https://raw.githubusercontent.com/jygameclub/testdataapi/main/mahjong2date/0525_0433,普通中奖,16.00,0.40,2,1,7,7,7,0,0,否,否,是,2,2,678345,678348,3881779670795028,9470836.0,9470812.0,2段连消/续转 / 金色符号/百搭转换
连消/掉落,830.json,830,75,金色/百搭,https://fish-games.s3.amazonaws.com/MahjongWays2/index.html?env=ceshislot.osshaiwai.com&hasFloat=0&token=436475c81b51e6893c740657870f86b7&language=en&debug=1&debugDataPath=https://raw.githubusercontent.com/jygameclub/testdataapi/main/mahjong2date/0525_0433&debugStart=830,https://raw.githubusercontent.com/jygameclub/testdataapi/main/mahjong2date/0525_0433/830.json,https://raw.githubusercontent.com/jygameclub/testdataapi/main/mahjong2date/0525_0433,普通中奖,16.00,0.40,2,1,3,3,3,0,0,否,否,是,1,0,678708,678709,4041779671312454,9475606.0,9475582.0,2段连消/续转 / 金色符号/百搭转换
连消/掉落,841.json,841,75,金色/百搭,https://fish-games.s3.amazonaws.com/MahjongWays2/index.html?env=ceshislot.osshaiwai.com&hasFloat=0&token=436475c81b51e6893c740657870f86b7&language=en&debug=1&debugDataPath=https://raw.githubusercontent.com/jygameclub/testdataapi/main/mahjong2date/0525_0433&debugStart=841,https://raw.githubusercontent.com/jygameclub/testdataapi/main/mahjong2date/0525_0433/841.json,https://raw.githubusercontent.com/jygameclub/testdataapi/main/mahjong2date/0525_0433,普通中奖,16.00,0.40,2,1,10,10,10,0,0,否,否,是,2,0,678740,678741,5421779671334703,9475238.0,9475214.0,2段连消/续转 / 金色符号/百搭转换
连消/掉落,872.json,872,75,金色/百搭,https://fish-games.s3.amazonaws.com/MahjongWays2/index.html?env=ceshislot.osshaiwai.com&hasFloat=0&token=436475c81b51e6893c740657870f86b7&language=en&debug=1&debugDataPath=https://raw.githubusercontent.com/jygameclub/testdataapi/main/mahjong2date/0525_0433&debugStart=872,https://raw.githubusercontent.com/jygameclub/testdataapi/main/mahjong2date/0525_0433/872.json,https://raw.githubusercontent.com/jygameclub/testdataapi/main/mahjong2date/0525_0433,普通中奖,16.00,0.40,2,1,6,6,6,0,0,否,否,是,1,1,678811,678812,4911779671392719,9474282.0,9474258.0,2段连消/续转 / 金色符号/百搭转换
连消/掉落,963.json,963,75,金色/百搭,https://fish-games.s3.amazonaws.com/MahjongWays2/index.html?env=ceshislot.osshaiwai.com&hasFloat=0&token=436475c81b51e6893c740657870f86b7&language=en&debug=1&debugDataPath=https://raw.githubusercontent.com/jygameclub/testdataapi/main/mahjong2date/0525_0433&debugStart=963,https://raw.githubusercontent.com/jygameclub/testdataapi/main/mahjong2date/0525_0433/963.json,https://raw.githubusercontent.com/jygameclub/testdataapi/main/mahjong2date/0525_0433,普通中奖,16.00,0.40,2,1,7,7,7,0,0,否,否,是,1,1,679184,679185,1181779671961048,9477432.0,9477408.0,2段连消/续转 / 金色符号/百搭转换
连消/掉落,195.json,195,75,金色/百搭,https://fish-games.s3.amazonaws.com/MahjongWays2/index.html?env=ceshislot.osshaiwai.com&hasFloat=0&token=436475c81b51e6893c740657870f86b7&language=en&debug=1&debugDataPath=https://raw.githubusercontent.com/jygameclub/testdataapi/main/mahjong2date/0525_0433&debugStart=195,https://raw.githubusercontent.com/jygameclub/testdataapi/main/mahjong2date/0525_0433/195.json,https://raw.githubusercontent.com/jygameclub/testdataapi/main/mahjong2date/0525_0433,普通中奖,14.00,0.35,3,2,7,8,8,1,1,否,否,是,1,1,676243,676245,1411779667672440,9464464.0,9464438.0,3段连消/续转 / 金色符号/百搭转换
连消/掉落,824.json,824,75,金色/百搭,https://fish-games.s3.amazonaws.com/MahjongWays2/index.html?env=ceshislot.osshaiwai.com&hasFloat=0&token=436475c81b51e6893c740657870f86b7&language=en&debug=1&debugDataPath=https://raw.githubusercontent.com/jygameclub/testdataapi/main/mahjong2date/0525_0433&debugStart=824,https://raw.githubusercontent.com/jygameclub/testdataapi/main/mahjong2date/0525_0433/824.json,https://raw.githubusercontent.com/jygameclub/testdataapi/main/mahjong2date/0525_0433,普通中奖,14.00,0.35,3,2,6,6,6,0,0,否,否,是,1,0,678685,678689,9391779671294169,9475702.0,9475676.0,3段连消/续转 / 金色符号/百搭转换
连消/掉落,365.json,365,75,金色/百搭,https://fish-games.s3.amazonaws.com/MahjongWays2/index.html?env=ceshislot.osshaiwai.com&hasFloat=0&token=436475c81b51e6893c740657870f86b7&language=en&debug=1&debugDataPath=https://raw.githubusercontent.com/jygameclub/testdataapi/main/mahjong2date/0525_0433&debugStart=365,https://raw.githubusercontent.com/jygameclub/testdataapi/main/mahjong2date/0525_0433/365.json,https://raw.githubusercontent.com/jygameclub/testdataapi/main/mahjong2date/0525_0433,普通中奖,14.00,0.35,2,1,8,8,8,0,0,否,否,是,2,1,677140,677142,9781779669328358,9470710.0,9470684.0,2段连消/续转 / 金色符号/百搭转换
连消/掉落,692.json,692,75,金色/百搭,https://fish-games.s3.amazonaws.com/MahjongWays2/index.html?env=ceshislot.osshaiwai.com&hasFloat=0&token=436475c81b51e6893c740657870f86b7&language=en&debug=1&debugDataPath=https://raw.githubusercontent.com/jygameclub/testdataapi/main/mahjong2date/0525_0433&debugStart=692,https://raw.githubusercontent.com/jygameclub/testdataapi/main/mahjong2date/0525_0433/692.json,https://raw.githubusercontent.com/jygameclub/testdataapi/main/mahjong2date/0525_0433,普通中奖,14.00,0.35,2,1,6,7,7,1,1,否,否,是,2,0,678201,678202,2221779670640212,9472712.0,9472686.0,2段连消/续转 / 金色符号/百搭转换
连消/掉落,001.json,1,75,金色/百搭,https://fish-games.s3.amazonaws.com/MahjongWays2/index.html?env=ceshislot.osshaiwai.com&hasFloat=0&token=436475c81b51e6893c740657870f86b7&language=en&debug=1&debugDataPath=https://raw.githubusercontent.com/jygameclub/testdataapi/main/mahjong2date/0525_0433&debugStart=1,https://raw.githubusercontent.com/jygameclub/testdataapi/main/mahjong2date/0525_0433/001.json,https://raw.githubusercontent.com/jygameclub/testdataapi/main/mahjong2date/0525_0433,普通中奖,12.00,0.30,2,1,3,4,4,1,1,否,否,是,1,1,675725,675727,4281779667050729,9462214.0,9462186.0,2段连消/续转 / 金色符号/百搭转换
连消/掉落,075.json,75,75,金色/百搭,https://fish-games.s3.amazonaws.com/MahjongWays2/index.html?env=ceshislot.osshaiwai.com&hasFloat=0&token=436475c81b51e6893c740657870f86b7&language=en&debug=1&debugDataPath=https://raw.githubusercontent.com/jygameclub/testdataapi/main/mahjong2date/0525_0433&debugStart=75,https://raw.githubusercontent.com/jygameclub/testdataapi/main/mahjong2date/0525_0433/075.json,https://raw.githubusercontent.com/jygameclub/testdataapi/main/mahjong2date/0525_0433,普通中奖,12.00,0.30,2,1,6,6,6,0,0,否,否,是,1,0,675883,675884,6391779667212827,9461826.0,9461798.0,2段连消/续转 / 金色符号/百搭转换
连消/掉落,133.json,133,75,金色/百搭,https://fish-games.s3.amazonaws.com/MahjongWays2/index.html?env=ceshislot.osshaiwai.com&hasFloat=0&token=436475c81b51e6893c740657870f86b7&language=en&debug=1&debugDataPath=https://raw.githubusercontent.com/jygameclub/testdataapi/main/mahjong2date/0525_0433&debugStart=133,https://raw.githubusercontent.com/jygameclub/testdataapi/main/mahjong2date/0525_0433/133.json,https://raw.githubusercontent.com/jygameclub/testdataapi/main/mahjong2date/0525_0433,普通中奖,12.00,0.30,2,1,6,6,6,0,0,否,否,是,1,0,676113,676114,1821779667541407,9465520.0,9465492.0,2段连消/续转 / 金色符号/百搭转换
连消/掉落,167.json,167,75,金色/百搭,https://fish-games.s3.amazonaws.com/MahjongWays2/index.html?env=ceshislot.osshaiwai.com&hasFloat=0&token=436475c81b51e6893c740657870f86b7&language=en&debug=1&debugDataPath=https://raw.githubusercontent.com/jygameclub/testdataapi/main/mahjong2date/0525_0433&debugStart=167,https://raw.githubusercontent.com/jygameclub/testdataapi/main/mahjong2date/0525_0433/167.json,https://raw.githubusercontent.com/jygameclub/testdataapi/main/mahjong2date/0525_0433,普通中奖,12.00,0.30,2,1,6,6,6,0,0,否,否,是,1,0,676169,676170,2291779667604789,9464662.0,9464634.0,2段连消/续转 / 金色符号/百搭转换
连消/掉落,200.json,200,75,金色/百搭,https://fish-games.s3.amazonaws.com/MahjongWays2/index.html?env=ceshislot.osshaiwai.com&hasFloat=0&token=436475c81b51e6893c740657870f86b7&language=en&debug=1&debugDataPath=https://raw.githubusercontent.com/jygameclub/testdataapi/main/mahjong2date/0525_0433&debugStart=200,https://raw.githubusercontent.com/jygameclub/testdataapi/main/mahjong2date/0525_0433/200.json,https://raw.githubusercontent.com/jygameclub/testdataapi/main/mahjong2date/0525_0433,普通中奖,12.00,0.30,2,1,4,5,5,1,1,否,否,是,1,1,676265,676266,8631779667691106,9464548.0,9464520.0,2段连消/续转 / 金色符号/百搭转换
连消/掉落,287.json,287,75,金色/百搭,https://fish-games.s3.amazonaws.com/MahjongWays2/index.html?env=ceshislot.osshaiwai.com&hasFloat=0&token=436475c81b51e6893c740657870f86b7&language=en&debug=1&debugDataPath=https://raw.githubusercontent.com/jygameclub/testdataapi/main/mahjong2date/0525_0433&debugStart=287,https://raw.githubusercontent.com/jygameclub/testdataapi/main/mahjong2date/0525_0433/287.json,https://raw.githubusercontent.com/jygameclub/testdataapi/main/mahjong2date/0525_0433,普通中奖,12.00,0.30,2,1,9,9,9,0,0,否,否,是,2,1,676812,676814,3771779668831379,9465326.0,9465298.0,2段连消/续转 / 金色符号/百搭转换
连消/掉落,349.json,349,75,金色/百搭,https://fish-games.s3.amazonaws.com/MahjongWays2/index.html?env=ceshislot.osshaiwai.com&hasFloat=0&token=436475c81b51e6893c740657870f86b7&language=en&debug=1&debugDataPath=https://raw.githubusercontent.com/jygameclub/testdataapi/main/mahjong2date/0525_0433&debugStart=349,https://raw.githubusercontent.com/jygameclub/testdataapi/main/mahjong2date/0525_0433/349.json,https://raw.githubusercontent.com/jygameclub/testdataapi/main/mahjong2date/0525_0433,普通中奖,12.00,0.30,2,1,3,3,3,0,0,否,否,是,1,0,677109,677111,8651779669303075,9471250.0,9471222.0,2段连消/续转 / 金色符号/百搭转换
连消/掉落,540.json,540,75,金色/百搭,https://fish-games.s3.amazonaws.com/MahjongWays2/index.html?env=ceshislot.osshaiwai.com&hasFloat=0&token=436475c81b51e6893c740657870f86b7&language=en&debug=1&debugDataPath=https://raw.githubusercontent.com/jygameclub/testdataapi/main/mahjong2date/0525_0433&debugStart=540,https://raw.githubusercontent.com/jygameclub/testdataapi/main/mahjong2date/0525_0433/540.json,https://raw.githubusercontent.com/jygameclub/testdataapi/main/mahjong2date/0525_0433,普通中奖,12.00,0.30,2,1,5,5,5,0,0,否,否,是,1,0,677813,677814,8481779670226848,9473918.0,9473890.0,2段连消/续转 / 金色符号/百搭转换
连消/掉落,576.json,576,75,金色/百搭,https://fish-games.s3.amazonaws.com/MahjongWays2/index.html?env=ceshislot.osshaiwai.com&hasFloat=0&token=436475c81b51e6893c740657870f86b7&language=en&debug=1&debugDataPath=https://raw.githubusercontent.com/jygameclub/testdataapi/main/mahjong2date/0525_0433&debugStart=576,https://raw.githubusercontent.com/jygameclub/testdataapi/main/mahjong2date/0525_0433/576.json,https://raw.githubusercontent.com/jygameclub/testdataapi/main/mahjong2date/0525_0433,普通中奖,12.00,0.30,2,1,4,5,5,1,1,否,否,是,1,2,677890,677891,7001779670303380,9473002.0,9472974.0,2段连消/续转 / 金色符号/百搭转换
连消/掉落,608.json,608,75,金色/百搭,https://fish-games.s3.amazonaws.com/MahjongWays2/index.html?env=ceshislot.osshaiwai.com&hasFloat=0&token=436475c81b51e6893c740657870f86b7&language=en&debug=1&debugDataPath=https://raw.githubusercontent.com/jygameclub/testdataapi/main/mahjong2date/0525_0433&debugStart=608,https://raw.githubusercontent.com/jygameclub/testdataapi/main/mahjong2date/0525_0433/608.json,https://raw.githubusercontent.com/jygameclub/testdataapi/main/mahjong2date/0525_0433,普通中奖,12.00,0.30,2,1,5,5,5,0,0,否,否,是,1,0,677969,677970,5561779670374647,9472184.0,9472156.0,2段连消/续转 / 金色符号/百搭转换
连消/掉落,611.json,611,75,金色/百搭,https://fish-games.s3.amazonaws.com/MahjongWays2/index.html?env=ceshislot.osshaiwai.com&hasFloat=0&token=436475c81b51e6893c740657870f86b7&language=en&debug=1&debugDataPath=https://raw.githubusercontent.com/jygameclub/testdataapi/main/mahjong2date/0525_0433&debugStart=611,https://raw.githubusercontent.com/jygameclub/testdataapi/main/mahjong2date/0525_0433/611.json,https://raw.githubusercontent.com/jygameclub/testdataapi/main/mahjong2date/0525_0433,普通中奖,12.00,0.30,2,1,5,5,5,0,0,否,否,是,1,1,677975,677976,2301779670382846,9472100.0,9472072.0,2段连消/续转 / 金色符号/百搭转换
连消/掉落,615.json,615,75,金色/百搭,https://fish-games.s3.amazonaws.com/MahjongWays2/index.html?env=ceshislot.osshaiwai.com&hasFloat=0&token=436475c81b51e6893c740657870f86b7&language=en&debug=1&debugDataPath=https://raw.githubusercontent.com/jygameclub/testdataapi/main/mahjong2date/0525_0433&debugStart=615,https://raw.githubusercontent.com/jygameclub/testdataapi/main/mahjong2date/0525_0433/615.json,https://raw.githubusercontent.com/jygameclub/testdataapi/main/mahjong2date/0525_0433,普通中奖,12.00,0.30,2,1,6,6,6,0,0,否,否,是,1,2,678038,678039,7291779670481130,9473132.0,9473104.0,2段连消/续转 / 金色符号/百搭转换
连消/掉落,679.json,679,75,金色/百搭,https://fish-games.s3.amazonaws.com/MahjongWays2/index.html?env=ceshislot.osshaiwai.com&hasFloat=0&token=436475c81b51e6893c740657870f86b7&language=en&debug=1&debugDataPath=https://raw.githubusercontent.com/jygameclub/testdataapi/main/mahjong2date/0525_0433&debugStart=679,https://raw.githubusercontent.com/jygameclub/testdataapi/main/mahjong2date/0525_0433/679.json,https://raw.githubusercontent.com/jygameclub/testdataapi/main/mahjong2date/0525_0433,普通中奖,12.00,0.30,2,1,5,5,5,0,0,否,否,是,1,0,678180,678182,7301779670614511,9472332.0,9472304.0,2段连消/续转 / 金色符号/百搭转换
连消/掉落,752.json,752,75,金色/百搭,https://fish-games.s3.amazonaws.com/MahjongWays2/index.html?env=ceshislot.osshaiwai.com&hasFloat=0&token=436475c81b51e6893c740657870f86b7&language=en&debug=1&debugDataPath=https://raw.githubusercontent.com/jygameclub/testdataapi/main/mahjong2date/0525_0433&debugStart=752,https://raw.githubusercontent.com/jygameclub/testdataapi/main/mahjong2date/0525_0433/752.json,https://raw.githubusercontent.com/jygameclub/testdataapi/main/mahjong2date/0525_0433,普通中奖,12.00,0.30,2,1,6,6,6,0,0,否,否,是,1,1,678300,678301,1371779670746745,9471380.0,9471352.0,2段连消/续转 / 金色符号/百搭转换
连消/掉落,765.json,765,75,金色/百搭,https://fish-games.s3.amazonaws.com/MahjongWays2/index.html?env=ceshislot.osshaiwai.com&hasFloat=0&token=436475c81b51e6893c740657870f86b7&language=en&debug=1&debugDataPath=https://raw.githubusercontent.com/jygameclub/testdataapi/main/mahjong2date/0525_0433&debugStart=765,https://raw.githubusercontent.com/jygameclub/testdataapi/main/mahjong2date/0525_0433/765.json,https://raw.githubusercontent.com/jygameclub/testdataapi/main/mahjong2date/0525_0433,普通中奖,12.00,0.30,2,1,5,5,5,0,0,否,否,是,1,1,678323,678326,4261779670780145,9471124.0,9471096.0,2段连消/续转 / 金色符号/百搭转换
连消/掉落,831.json,831,75,金色/百搭,https://fish-games.s3.amazonaws.com/MahjongWays2/index.html?env=ceshislot.osshaiwai.com&hasFloat=0&token=436475c81b51e6893c740657870f86b7&language=en&debug=1&debugDataPath=https://raw.githubusercontent.com/jygameclub/testdataapi/main/mahjong2date/0525_0433&debugStart=831,https://raw.githubusercontent.com/jygameclub/testdataapi/main/mahjong2date/0525_0433/831.json,https://raw.githubusercontent.com/jygameclub/testdataapi/main/mahjong2date/0525_0433,普通中奖,12.00,0.30,2,1,4,6,6,2,2,否,否,是,1,1,678712,678713,1211779671315185,9475582.0,9475554.0,2段连消/续转 / 金色符号/百搭转换
连消/掉落,840.json,840,75,金色/百搭,https://fish-games.s3.amazonaws.com/MahjongWays2/index.html?env=ceshislot.osshaiwai.com&hasFloat=0&token=436475c81b51e6893c740657870f86b7&language=en&debug=1&debugDataPath=https://raw.githubusercontent.com/jygameclub/testdataapi/main/mahjong2date/0525_0433&debugStart=840,https://raw.githubusercontent.com/jygameclub/testdataapi/main/mahjong2date/0525_0433/840.json,https://raw.githubusercontent.com/jygameclub/testdataapi/main/mahjong2date/0525_0433,普通中奖,12.00,0.30,2,1,6,6,6,0,0,否,否,是,1,1,678736,678738,1631779671330919,9475266.0,9475238.0,2段连消/续转 / 金色符号/百搭转换
连消/掉落,883.json,883,75,金色/百搭,https://fish-games.s3.amazonaws.com/MahjongWays2/index.html?env=ceshislot.osshaiwai.com&hasFloat=0&token=436475c81b51e6893c740657870f86b7&language=en&debug=1&debugDataPath=https://raw.githubusercontent.com/jygameclub/testdataapi/main/mahjong2date/0525_0433&debugStart=883,https://raw.githubusercontent.com/jygameclub/testdataapi/main/mahjong2date/0525_0433/883.json,https://raw.githubusercontent.com/jygameclub/testdataapi/main/mahjong2date/0525_0433,普通中奖,12.00,0.30,2,1,5,6,6,1,1,否,否,是,1,0,678836,678837,7721779671430285,9474356.0,9474328.0,2段连消/续转 / 金色符号/百搭转换
连消/掉落,890.json,890,75,金色/百搭,https://fish-games.s3.amazonaws.com/MahjongWays2/index.html?env=ceshislot.osshaiwai.com&hasFloat=0&token=436475c81b51e6893c740657870f86b7&language=en&debug=1&debugDataPath=https://raw.githubusercontent.com/jygameclub/testdataapi/main/mahjong2date/0525_0433&debugStart=890,https://raw.githubusercontent.com/jygameclub/testdataapi/main/mahjong2date/0525_0433/890.json,https://raw.githubusercontent.com/jygameclub/testdataapi/main/mahjong2date/0525_0433,普通中奖,12.00,0.30,2,1,4,4,4,0,0,否,否,是,1,0,678847,678849,6651779671441201,9474168.0,9474140.0,2段连消/续转 / 金色符号/百搭转换
连消/掉落,925.json,925,75,金色/百搭,https://fish-games.s3.amazonaws.com/MahjongWays2/index.html?env=ceshislot.osshaiwai.com&hasFloat=0&token=436475c81b51e6893c740657870f86b7&language=en&debug=1&debugDataPath=https://raw.githubusercontent.com/jygameclub/testdataapi/main/mahjong2date/0525_0433&debugStart=925,https://raw.githubusercontent.com/jygameclub/testdataapi/main/mahjong2date/0525_0433/925.json,https://raw.githubusercontent.com/jygameclub/testdataapi/main/mahjong2date/0525_0433,普通中奖,12.00,0.30,2,1,6,6,6,0,0,否,否,是,1,1,678927,678929,1071779671508102,9473488.0,9473460.0,2段连消/续转 / 金色符号/百搭转换
连消/掉落,930.json,930,75,金色/百搭,https://fish-games.s3.amazonaws.com/MahjongWays2/index.html?env=ceshislot.osshaiwai.com&hasFloat=0&token=436475c81b51e6893c740657870f86b7&language=en&debug=1&debugDataPath=https://raw.githubusercontent.com/jygameclub/testdataapi/main/mahjong2date/0525_0433&debugStart=930,https://raw.githubusercontent.com/jygameclub/testdataapi/main/mahjong2date/0525_0433/930.json,https://raw.githubusercontent.com/jygameclub/testdataapi/main/mahjong2date/0525_0433,普通中奖,12.00,0.30,2,1,6,6,6,0,0,否,否,是,1,0,678935,678936,8901779671518835,9473308.0,9473280.0,2段连消/续转 / 金色符号/百搭转换
连消/掉落,304.json,304,75,金色/百搭,https://fish-games.s3.amazonaws.com/MahjongWays2/index.html?env=ceshislot.osshaiwai.com&hasFloat=0&token=436475c81b51e6893c740657870f86b7&language=en&debug=1&debugDataPath=https://raw.githubusercontent.com/jygameclub/testdataapi/main/mahjong2date/0525_0433&debugStart=304,https://raw.githubusercontent.com/jygameclub/testdataapi/main/mahjong2date/0525_0433/304.json,https://raw.githubusercontent.com/jygameclub/testdataapi/main/mahjong2date/0525_0433,普通中奖,10.00,0.25,3,2,6,7,7,1,1,否,否,是,1,1,676841,676843,1441779668859795,9464670.0,9464640.0,3段连消/续转 / 金色符号/百搭转换
连消/掉落,014.json,14,75,金色/百搭,https://fish-games.s3.amazonaws.com/MahjongWays2/index.html?env=ceshislot.osshaiwai.com&hasFloat=0&token=436475c81b51e6893c740657870f86b7&language=en&debug=1&debugDataPath=https://raw.githubusercontent.com/jygameclub/testdataapi/main/mahjong2date/0525_0433&debugStart=14,https://raw.githubusercontent.com/jygameclub/testdataapi/main/mahjong2date/0525_0433/014.json,https://raw.githubusercontent.com/jygameclub/testdataapi/main/mahjong2date/0525_0433,普通中奖,10.00,0.25,2,1,3,3,3,0,0,否,否,是,1,1,675747,675749,9371779667074060,9461822.0,9461792.0,2段连消/续转 / 金色符号/百搭转换
连消/掉落,222.json,222,75,金色/百搭,https://fish-games.s3.amazonaws.com/MahjongWays2/index.html?env=ceshislot.osshaiwai.com&hasFloat=0&token=436475c81b51e6893c740657870f86b7&language=en&debug=1&debugDataPath=https://raw.githubusercontent.com/jygameclub/testdataapi/main/mahjong2date/0525_0433&debugStart=222,https://raw.githubusercontent.com/jygameclub/testdataapi/main/mahjong2date/0525_0433/222.json,https://raw.githubusercontent.com/jygameclub/testdataapi/main/mahjong2date/0525_0433,普通中奖,10.00,0.25,2,1,3,3,3,0,0,否,否,是,1,1,676404,676405,5371779667948955,9466424.0,9466394.0,2段连消/续转 / 金色符号/百搭转换
连消/掉落,588.json,588,75,金色/百搭,https://fish-games.s3.amazonaws.com/MahjongWays2/index.html?env=ceshislot.osshaiwai.com&hasFloat=0&token=436475c81b51e6893c740657870f86b7&language=en&debug=1&debugDataPath=https://raw.githubusercontent.com/jygameclub/testdataapi/main/mahjong2date/0525_0433&debugStart=588,https://raw.githubusercontent.com/jygameclub/testdataapi/main/mahjong2date/0525_0433/588.json,https://raw.githubusercontent.com/jygameclub/testdataapi/main/mahjong2date/0525_0433,普通中奖,10.00,0.25,2,1,8,8,8,0,0,否,否,是,2,1,677923,677924,1761779670333747,9472682.0,9472652.0,2段连消/续转 / 金色符号/百搭转换
连消/掉落,618.json,618,75,金色/百搭,https://fish-games.s3.amazonaws.com/MahjongWays2/index.html?env=ceshislot.osshaiwai.com&hasFloat=0&token=436475c81b51e6893c740657870f86b7&language=en&debug=1&debugDataPath=https://raw.githubusercontent.com/jygameclub/testdataapi/main/mahjong2date/0525_0433&debugStart=618,https://raw.githubusercontent.com/jygameclub/testdataapi/main/mahjong2date/0525_0433/618.json,https://raw.githubusercontent.com/jygameclub/testdataapi/main/mahjong2date/0525_0433,普通中奖,10.00,0.25,2,1,3,3,3,0,0,否,否,是,1,0,678045,678046,1651779670487413,9473024.0,9472994.0,2段连消/续转 / 金色符号/百搭转换
连消/掉落,049.json,49,75,金色/百搭,https://fish-games.s3.amazonaws.com/MahjongWays2/index.html?env=ceshislot.osshaiwai.com&hasFloat=0&token=436475c81b51e6893c740657870f86b7&language=en&debug=1&debugDataPath=https://raw.githubusercontent.com/jygameclub/testdataapi/main/mahjong2date/0525_0433&debugStart=49,https://raw.githubusercontent.com/jygameclub/testdataapi/main/mahjong2date/0525_0433/049.json,https://raw.githubusercontent.com/jygameclub/testdataapi/main/mahjong2date/0525_0433,普通中奖,8.00,0.20,2,1,5,5,5,0,0,否,否,是,1,1,675835,675837,9531779667153810,9461632.0,9461600.0,2段连消/续转 / 金色符号/百搭转换
连消/掉落,098.json,98,75,金色/百搭,https://fish-games.s3.amazonaws.com/MahjongWays2/index.html?env=ceshislot.osshaiwai.com&hasFloat=0&token=436475c81b51e6893c740657870f86b7&language=en&debug=1&debugDataPath=https://raw.githubusercontent.com/jygameclub/testdataapi/main/mahjong2date/0525_0433&debugStart=98,https://raw.githubusercontent.com/jygameclub/testdataapi/main/mahjong2date/0525_0433/098.json,https://raw.githubusercontent.com/jygameclub/testdataapi/main/mahjong2date/0525_0433,普通中奖,8.00,0.20,2,1,5,5,5,0,0,否,否,是,1,1,675993,675994,8361779667367975,9464392.0,9464360.0,2段连消/续转 / 金色符号/百搭转换
连消/掉落,150.json,150,75,金色/百搭,https://fish-games.s3.amazonaws.com/MahjongWays2/index.html?env=ceshislot.osshaiwai.com&hasFloat=0&token=436475c81b51e6893c740657870f86b7&language=en&debug=1&debugDataPath=https://raw.githubusercontent.com/jygameclub/testdataapi/main/mahjong2date/0525_0433&debugStart=150,https://raw.githubusercontent.com/jygameclub/testdataapi/main/mahjong2date/0525_0433/150.json,https://raw.githubusercontent.com/jygameclub/testdataapi/main/mahjong2date/0525_0433,普通中奖,8.00,0.20,2,1,5,5,5,0,0,否,否,是,1,1,676135,676136,4291779667571623,9464938.0,9464906.0,2段连消/续转 / 金色符号/百搭转换
连消/掉落,179.json,179,75,金色/百搭,https://fish-games.s3.amazonaws.com/MahjongWays2/index.html?env=ceshislot.osshaiwai.com&hasFloat=0&token=436475c81b51e6893c740657870f86b7&language=en&debug=1&debugDataPath=https://raw.githubusercontent.com/jygameclub/testdataapi/main/mahjong2date/0525_0433&debugStart=179,https://raw.githubusercontent.com/jygameclub/testdataapi/main/mahjong2date/0525_0433/179.json,https://raw.githubusercontent.com/jygameclub/testdataapi/main/mahjong2date/0525_0433,普通中奖,8.00,0.20,2,1,5,5,5,0,0,否,否,是,1,2,676209,676211,6111779667641107,9465034.0,9465002.0,2段连消/续转 / 金色符号/百搭转换
连消/掉落,199.json,199,75,金色/百搭,https://fish-games.s3.amazonaws.com/MahjongWays2/index.html?env=ceshislot.osshaiwai.com&hasFloat=0&token=436475c81b51e6893c740657870f86b7&language=en&debug=1&debugDataPath=https://raw.githubusercontent.com/jygameclub/testdataapi/main/mahjong2date/0525_0433&debugStart=199,https://raw.githubusercontent.com/jygameclub/testdataapi/main/mahjong2date/0525_0433/199.json,https://raw.githubusercontent.com/jygameclub/testdataapi/main/mahjong2date/0525_0433,普通中奖,8.00,0.20,2,1,4,4,4,0,0,否,否,是,1,1,676263,676264,9301779667687340,9464580.0,9464548.0,2段连消/续转 / 金色符号/百搭转换
连消/掉落,224.json,224,75,金色/百搭,https://fish-games.s3.amazonaws.com/MahjongWays2/index.html?env=ceshislot.osshaiwai.com&hasFloat=0&token=436475c81b51e6893c740657870f86b7&language=en&debug=1&debugDataPath=https://raw.githubusercontent.com/jygameclub/testdataapi/main/mahjong2date/0525_0433&debugStart=224,https://raw.githubusercontent.com/jygameclub/testdataapi/main/mahjong2date/0525_0433/224.json,https://raw.githubusercontent.com/jygameclub/testdataapi/main/mahjong2date/0525_0433,普通中奖,8.00,0.20,2,1,4,5,5,1,1,否,否,是,1,0,676409,676410,1931779667953488,9466354.0,9466322.0,2段连消/续转 / 金色符号/百搭转换
连消/掉落,228.json,228,75,金色/百搭,https://fish-games.s3.amazonaws.com/MahjongWays2/index.html?env=ceshislot.osshaiwai.com&hasFloat=0&token=436475c81b51e6893c740657870f86b7&language=en&debug=1&debugDataPath=https://raw.githubusercontent.com/jygameclub/testdataapi/main/mahjong2date/0525_0433&debugStart=228,https://raw.githubusercontent.com/jygameclub/testdataapi/main/mahjong2date/0525_0433/228.json,https://raw.githubusercontent.com/jygameclub/testdataapi/main/mahjong2date/0525_0433,普通中奖,8.00,0.20,2,1,5,5,5,0,0,否,否,是,1,0,676420,676421,4261779667963121,9466210.0,9466178.0,2段连消/续转 / 金色符号/百搭转换
连消/掉落,230.json,230,75,金色/百搭,https://fish-games.s3.amazonaws.com/MahjongWays2/index.html?env=ceshislot.osshaiwai.com&hasFloat=0&token=436475c81b51e6893c740657870f86b7&language=en&debug=1&debugDataPath=https://raw.githubusercontent.com/jygameclub/testdataapi/main/mahjong2date/0525_0433&debugStart=230,https://raw.githubusercontent.com/jygameclub/testdataapi/main/mahjong2date/0525_0433/230.json,https://raw.githubusercontent.com/jygameclub/testdataapi/main/mahjong2date/0525_0433,普通中奖,8.00,0.20,2,1,4,4,4,0,0,否,否,是,1,0,676424,676425,6561779667967337,9466138.0,9466106.0,2段连消/续转 / 金色符号/百搭转换
连消/掉落,238.json,238,75,金色/百搭,https://fish-games.s3.amazonaws.com/MahjongWays2/index.html?env=ceshislot.osshaiwai.com&hasFloat=0&token=436475c81b51e6893c740657870f86b7&language=en&debug=1&debugDataPath=https://raw.githubusercontent.com/jygameclub/testdataapi/main/mahjong2date/0525_0433&debugStart=238,https://raw.githubusercontent.com/jygameclub/testdataapi/main/mahjong2date/0525_0433/238.json,https://raw.githubusercontent.com/jygameclub/testdataapi/main/mahjong2date/0525_0433,普通中奖,8.00,0.20,2,1,6,6,6,0,0,否,否,是,1,0,676434,676436,3731779668008317,9465830.0,9465798.0,2段连消/续转 / 金色符号/百搭转换
连消/掉落,242.json,242,75,金色/百搭,https://fish-games.s3.amazonaws.com/MahjongWays2/index.html?env=ceshislot.osshaiwai.com&hasFloat=0&token=436475c81b51e6893c740657870f86b7&language=en&debug=1&debugDataPath=https://raw.githubusercontent.com/jygameclub/testdataapi/main/mahjong2date/0525_0433&debugStart=242,https://raw.githubusercontent.com/jygameclub/testdataapi/main/mahjong2date/0525_0433/242.json,https://raw.githubusercontent.com/jygameclub/testdataapi/main/mahjong2date/0525_0433,普通中奖,8.00,0.20,2,1,5,5,5,0,0,否,否,是,1,1,676675,676677,1071779668666396,9465882.0,9465850.0,2段连消/续转 / 金色符号/百搭转换
连消/掉落,245.json,245,75,金色/百搭,https://fish-games.s3.amazonaws.com/MahjongWays2/index.html?env=ceshislot.osshaiwai.com&hasFloat=0&token=436475c81b51e6893c740657870f86b7&language=en&debug=1&debugDataPath=https://raw.githubusercontent.com/jygameclub/testdataapi/main/mahjong2date/0525_0433&debugStart=245,https://raw.githubusercontent.com/jygameclub/testdataapi/main/mahjong2date/0525_0433/245.json,https://raw.githubusercontent.com/jygameclub/testdataapi/main/mahjong2date/0525_0433,普通中奖,8.00,0.20,2,1,5,5,5,0,0,否,否,是,1,1,676685,676686,4111779668675563,9465774.0,9465742.0,2段连消/续转 / 金色符号/百搭转换
连消/掉落,320.json,320,75,金色/百搭,https://fish-games.s3.amazonaws.com/MahjongWays2/index.html?env=ceshislot.osshaiwai.com&hasFloat=0&token=436475c81b51e6893c740657870f86b7&language=en&debug=1&debugDataPath=https://raw.githubusercontent.com/jygameclub/testdataapi/main/mahjong2date/0525_0433&debugStart=320,https://raw.githubusercontent.com/jygameclub/testdataapi/main/mahjong2date/0525_0433/320.json,https://raw.githubusercontent.com/jygameclub/testdataapi/main/mahjong2date/0525_0433,普通中奖,8.00,0.20,2,1,5,5,5,0,0,否,否,是,1,1,676918,676919,6151779668974710,9464762.0,9464730.0,2段连消/续转 / 金色符号/百搭转换
连消/掉落,341.json,341,75,金色/百搭,https://fish-games.s3.amazonaws.com/MahjongWays2/index.html?env=ceshislot.osshaiwai.com&hasFloat=0&token=436475c81b51e6893c740657870f86b7&language=en&debug=1&debugDataPath=https://raw.githubusercontent.com/jygameclub/testdataapi/main/mahjong2date/0525_0433&debugStart=341,https://raw.githubusercontent.com/jygameclub/testdataapi/main/mahjong2date/0525_0433/341.json,https://raw.githubusercontent.com/jygameclub/testdataapi/main/mahjong2date/0525_0433,普通中奖,8.00,0.20,2,1,5,5,5,0,0,否,否,是,1,1,677018,677019,7121779669130860,9466044.0,9466012.0,2段连消/续转 / 金色符号/百搭转换
连消/掉落,441.json,441,75,金色/百搭,https://fish-games.s3.amazonaws.com/MahjongWays2/index.html?env=ceshislot.osshaiwai.com&hasFloat=0&token=436475c81b51e6893c740657870f86b7&language=en&debug=1&debugDataPath=https://raw.githubusercontent.com/jygameclub/testdataapi/main/mahjong2date/0525_0433&debugStart=441,https://raw.githubusercontent.com/jygameclub/testdataapi/main/mahjong2date/0525_0433/441.json,https://raw.githubusercontent.com/jygameclub/testdataapi/main/mahjong2date/0525_0433,普通中奖,8.00,0.20,2,1,5,5,5,0,0,否,否,是,1,0,677464,677465,2001779669777110,9474930.0,9474898.0,2段连消/续转 / 金色符号/百搭转换
连消/掉落,452.json,452,75,金色/百搭,https://fish-games.s3.amazonaws.com/MahjongWays2/index.html?env=ceshislot.osshaiwai.com&hasFloat=0&token=436475c81b51e6893c740657870f86b7&language=en&debug=1&debugDataPath=https://raw.githubusercontent.com/jygameclub/testdataapi/main/mahjong2date/0525_0433&debugStart=452,https://raw.githubusercontent.com/jygameclub/testdataapi/main/mahjong2date/0525_0433/452.json,https://raw.githubusercontent.com/jygameclub/testdataapi/main/mahjong2date/0525_0433,普通中奖,8.00,0.20,2,1,5,5,5,0,0,否,否,是,1,1,677483,677484,5151779669796496,9474552.0,9474520.0,2段连消/续转 / 金色符号/百搭转换
连消/掉落,525.json,525,75,金色/百搭,https://fish-games.s3.amazonaws.com/MahjongWays2/index.html?env=ceshislot.osshaiwai.com&hasFloat=0&token=436475c81b51e6893c740657870f86b7&language=en&debug=1&debugDataPath=https://raw.githubusercontent.com/jygameclub/testdataapi/main/mahjong2date/0525_0433&debugStart=525,https://raw.githubusercontent.com/jygameclub/testdataapi/main/mahjong2date/0525_0433/525.json,https://raw.githubusercontent.com/jygameclub/testdataapi/main/mahjong2date/0525_0433,普通中奖,8.00,0.20,2,1,5,5,5,0,0,否,否,是,1,1,677791,677792,8521779670196831,9474214.0,9474182.0,2段连消/续转 / 金色符号/百搭转换
连消/掉落,528.json,528,75,金色/百搭,https://fish-games.s3.amazonaws.com/MahjongWays2/index.html?env=ceshislot.osshaiwai.com&hasFloat=0&token=436475c81b51e6893c740657870f86b7&language=en&debug=1&debugDataPath=https://raw.githubusercontent.com/jygameclub/testdataapi/main/mahjong2date/0525_0433&debugStart=528,https://raw.githubusercontent.com/jygameclub/testdataapi/main/mahjong2date/0525_0433/528.json,https://raw.githubusercontent.com/jygameclub/testdataapi/main/mahjong2date/0525_0433,普通中奖,8.00,0.20,2,1,4,4,4,0,0,否,否,是,1,1,677795,677796,9121779670201730,9474102.0,9474070.0,2段连消/续转 / 金色符号/百搭转换
连消/掉落,536.json,536,75,金色/百搭,https://fish-games.s3.amazonaws.com/MahjongWays2/index.html?env=ceshislot.osshaiwai.com&hasFloat=0&token=436475c81b51e6893c740657870f86b7&language=en&debug=1&debugDataPath=https://raw.githubusercontent.com/jygameclub/testdataapi/main/mahjong2date/0525_0433&debugStart=536,https://raw.githubusercontent.com/jygameclub/testdataapi/main/mahjong2date/0525_0433/536.json,https://raw.githubusercontent.com/jygameclub/testdataapi/main/mahjong2date/0525_0433,普通中奖,8.00,0.20,2,1,4,4,4,0,0,否,否,是,1,1,677807,677808,9481779670217364,9474064.0,9474032.0,2段连消/续转 / 金色符号/百搭转换
连消/掉落,546.json,546,75,金色/百搭,https://fish-games.s3.amazonaws.com/MahjongWays2/index.html?env=ceshislot.osshaiwai.com&hasFloat=0&token=436475c81b51e6893c740657870f86b7&language=en&debug=1&debugDataPath=https://raw.githubusercontent.com/jygameclub/testdataapi/main/mahjong2date/0525_0433&debugStart=546,https://raw.githubusercontent.com/jygameclub/testdataapi/main/mahjong2date/0525_0433/546.json,https://raw.githubusercontent.com/jygameclub/testdataapi/main/mahjong2date/0525_0433,普通中奖,8.00,0.20,2,1,6,6,6,0,0,否,否,是,2,1,677823,677825,2171779670234832,9473690.0,9473658.0,2段连消/续转 / 金色符号/百搭转换
连消/掉落,584.json,584,75,金色/百搭,https://fish-games.s3.amazonaws.com/MahjongWays2/index.html?env=ceshislot.osshaiwai.com&hasFloat=0&token=436475c81b51e6893c740657870f86b7&language=en&debug=1&debugDataPath=https://raw.githubusercontent.com/jygameclub/testdataapi/main/mahjong2date/0525_0433&debugStart=584,https://raw.githubusercontent.com/jygameclub/testdataapi/main/mahjong2date/0525_0433/584.json,https://raw.githubusercontent.com/jygameclub/testdataapi/main/mahjong2date/0525_0433,普通中奖,8.00,0.20,2,1,5,5,5,0,0,否,否,是,1,0,677911,677913,8151779670326547,9472830.0,9472798.0,2段连消/续转 / 金色符号/百搭转换
连消/掉落,591.json,591,75,金色/百搭,https://fish-games.s3.amazonaws.com/MahjongWays2/index.html?env=ceshislot.osshaiwai.com&hasFloat=0&token=436475c81b51e6893c740657870f86b7&language=en&debug=1&debugDataPath=https://raw.githubusercontent.com/jygameclub/testdataapi/main/mahjong2date/0525_0433&debugStart=591,https://raw.githubusercontent.com/jygameclub/testdataapi/main/mahjong2date/0525_0433/591.json,https://raw.githubusercontent.com/jygameclub/testdataapi/main/mahjong2date/0525_0433,普通中奖,8.00,0.20,2,1,5,5,5,0,0,否,否,是,1,0,677930,677931,5181779670339797,9472572.0,9472540.0,2段连消/续转 / 金色符号/百搭转换
连消/掉落,594.json,594,75,金色/百搭,https://fish-games.s3.amazonaws.com/MahjongWays2/index.html?env=ceshislot.osshaiwai.com&hasFloat=0&token=436475c81b51e6893c740657870f86b7&language=en&debug=1&debugDataPath=https://raw.githubusercontent.com/jygameclub/testdataapi/main/mahjong2date/0525_0433&debugStart=594,https://raw.githubusercontent.com/jygameclub/testdataapi/main/mahjong2date/0525_0433/594.json,https://raw.githubusercontent.com/jygameclub/testdataapi/main/mahjong2date/0525_0433,普通中奖,8.00,0.20,2,1,4,5,5,1,1,否,否,是,1,1,677944,677945,2251779670352880,9472726.0,9472694.0,2段连消/续转 / 金色符号/百搭转换
连消/掉落,636.json,636,75,金色/百搭,https://fish-games.s3.amazonaws.com/MahjongWays2/index.html?env=ceshislot.osshaiwai.com&hasFloat=0&token=436475c81b51e6893c740657870f86b7&language=en&debug=1&debugDataPath=https://raw.githubusercontent.com/jygameclub/testdataapi/main/mahjong2date/0525_0433&debugStart=636,https://raw.githubusercontent.com/jygameclub/testdataapi/main/mahjong2date/0525_0433/636.json,https://raw.githubusercontent.com/jygameclub/testdataapi/main/mahjong2date/0525_0433,普通中奖,8.00,0.20,2,1,4,4,4,0,0,否,否,是,1,0,678091,678092,8301779670530962,9473136.0,9473104.0,2段连消/续转 / 金色符号/百搭转换
连消/掉落,740.json,740,75,金色/百搭,https://fish-games.s3.amazonaws.com/MahjongWays2/index.html?env=ceshislot.osshaiwai.com&hasFloat=0&token=436475c81b51e6893c740657870f86b7&language=en&debug=1&debugDataPath=https://raw.githubusercontent.com/jygameclub/testdataapi/main/mahjong2date/0525_0433&debugStart=740,https://raw.githubusercontent.com/jygameclub/testdataapi/main/mahjong2date/0525_0433/740.json,https://raw.githubusercontent.com/jygameclub/testdataapi/main/mahjong2date/0525_0433,普通中奖,8.00,0.20,2,1,4,4,4,0,0,否,否,是,1,1,678280,678281,4171779670721511,9471742.0,9471710.0,2段连消/续转 / 金色符号/百搭转换
连消/掉落,750.json,750,75,金色/百搭,https://fish-games.s3.amazonaws.com/MahjongWays2/index.html?env=ceshislot.osshaiwai.com&hasFloat=0&token=436475c81b51e6893c740657870f86b7&language=en&debug=1&debugDataPath=https://raw.githubusercontent.com/jygameclub/testdataapi/main/mahjong2date/0525_0433&debugStart=750,https://raw.githubusercontent.com/jygameclub/testdataapi/main/mahjong2date/0525_0433/750.json,https://raw.githubusercontent.com/jygameclub/testdataapi/main/mahjong2date/0525_0433,普通中奖,8.00,0.20,2,1,5,5,5,0,0,否,否,是,1,1,678297,678298,5561779670742145,9471452.0,9471420.0,2段连消/续转 / 金色符号/百搭转换
连消/掉落,823.json,823,75,金色/百搭,https://fish-games.s3.amazonaws.com/MahjongWays2/index.html?env=ceshislot.osshaiwai.com&hasFloat=0&token=436475c81b51e6893c740657870f86b7&language=en&debug=1&debugDataPath=https://raw.githubusercontent.com/jygameclub/testdataapi/main/mahjong2date/0525_0433&debugStart=823,https://raw.githubusercontent.com/jygameclub/testdataapi/main/mahjong2date/0525_0433/823.json,https://raw.githubusercontent.com/jygameclub/testdataapi/main/mahjong2date/0525_0433,普通中奖,8.00,0.20,2,1,5,5,5,0,0,否,否,是,1,0,678680,678682,8971779671291502,9475734.0,9475702.0,2段连消/续转 / 金色符号/百搭转换
连消/掉落,835.json,835,75,金色/百搭,https://fish-games.s3.amazonaws.com/MahjongWays2/index.html?env=ceshislot.osshaiwai.com&hasFloat=0&token=436475c81b51e6893c740657870f86b7&language=en&debug=1&debugDataPath=https://raw.githubusercontent.com/jygameclub/testdataapi/main/mahjong2date/0525_0433&debugStart=835,https://raw.githubusercontent.com/jygameclub/testdataapi/main/mahjong2date/0525_0433/835.json,https://raw.githubusercontent.com/jygameclub/testdataapi/main/mahjong2date/0525_0433,普通中奖,8.00,0.20,2,1,5,5,5,0,0,否,否,是,1,0,678722,678723,5401779671320518,9475434.0,9475402.0,2段连消/续转 / 金色符号/百搭转换
连消/掉落,848.json,848,75,金色/百搭,https://fish-games.s3.amazonaws.com/MahjongWays2/index.html?env=ceshislot.osshaiwai.com&hasFloat=0&token=436475c81b51e6893c740657870f86b7&language=en&debug=1&debugDataPath=https://raw.githubusercontent.com/jygameclub/testdataapi/main/mahjong2date/0525_0433&debugStart=848,https://raw.githubusercontent.com/jygameclub/testdataapi/main/mahjong2date/0525_0433/848.json,https://raw.githubusercontent.com/jygameclub/testdataapi/main/mahjong2date/0525_0433,普通中奖,8.00,0.20,2,1,3,4,4,1,1,否,否,是,1,1,678753,678754,9471779671345786,9474980.0,9474948.0,2段连消/续转 / 金色符号/百搭转换
连消/掉落,851.json,851,75,金色/百搭,https://fish-games.s3.amazonaws.com/MahjongWays2/index.html?env=ceshislot.osshaiwai.com&hasFloat=0&token=436475c81b51e6893c740657870f86b7&language=en&debug=1&debugDataPath=https://raw.githubusercontent.com/jygameclub/testdataapi/main/mahjong2date/0525_0433&debugStart=851,https://raw.githubusercontent.com/jygameclub/testdataapi/main/mahjong2date/0525_0433/851.json,https://raw.githubusercontent.com/jygameclub/testdataapi/main/mahjong2date/0525_0433,普通中奖,8.00,0.20,2,1,8,8,8,0,0,否,否,是,2,0,678768,678769,4961779671358102,9474908.0,9474876.0,2段连消/续转 / 金色符号/百搭转换
连消/掉落,894.json,894,75,金色/百搭,https://fish-games.s3.amazonaws.com/MahjongWays2/index.html?env=ceshislot.osshaiwai.com&hasFloat=0&token=436475c81b51e6893c740657870f86b7&language=en&debug=1&debugDataPath=https://raw.githubusercontent.com/jygameclub/testdataapi/main/mahjong2date/0525_0433&debugStart=894,https://raw.githubusercontent.com/jygameclub/testdataapi/main/mahjong2date/0525_0433/894.json,https://raw.githubusercontent.com/jygameclub/testdataapi/main/mahjong2date/0525_0433,普通中奖,8.00,0.20,2,1,8,8,8,0,0,否,否,是,2,0,678855,678856,7161779671448968,9474092.0,9474060.0,2段连消/续转 / 金色符号/百搭转换
连消/掉落,919.json,919,75,金色/百搭,https://fish-games.s3.amazonaws.com/MahjongWays2/index.html?env=ceshislot.osshaiwai.com&hasFloat=0&token=436475c81b51e6893c740657870f86b7&language=en&debug=1&debugDataPath=https://raw.githubusercontent.com/jygameclub/testdataapi/main/mahjong2date/0525_0433&debugStart=919,https://raw.githubusercontent.com/jygameclub/testdataapi/main/mahjong2date/0525_0433/919.json,https://raw.githubusercontent.com/jygameclub/testdataapi/main/mahjong2date/0525_0433,普通中奖,8.00,0.20,2,1,5,5,5,0,0,否,否,是,1,0,678909,678911,9491779671495484,9473704.0,9473672.0,2段连消/续转 / 金色符号/百搭转换
连消/掉落,926.json,926,75,金色/百搭,https://fish-games.s3.amazonaws.com/MahjongWays2/index.html?env=ceshislot.osshaiwai.com&hasFloat=0&token=436475c81b51e6893c740657870f86b7&language=en&debug=1&debugDataPath=https://raw.githubusercontent.com/jygameclub/testdataapi/main/mahjong2date/0525_0433&debugStart=926,https://raw.githubusercontent.com/jygameclub/testdataapi/main/mahjong2date/0525_0433/926.json,https://raw.githubusercontent.com/jygameclub/testdataapi/main/mahjong2date/0525_0433,普通中奖,8.00,0.20,2,1,5,5,5,0,0,否,否,是,1,1,678930,678931,5491779671511884,9473460.0,9473428.0,2段连消/续转 / 金色符号/百搭转换
连消/掉落,933.json,933,75,金色/百搭,https://fish-games.s3.amazonaws.com/MahjongWays2/index.html?env=ceshislot.osshaiwai.com&hasFloat=0&token=436475c81b51e6893c740657870f86b7&language=en&debug=1&debugDataPath=https://raw.githubusercontent.com/jygameclub/testdataapi/main/mahjong2date/0525_0433&debugStart=933,https://raw.githubusercontent.com/jygameclub/testdataapi/main/mahjong2date/0525_0433/933.json,https://raw.githubusercontent.com/jygameclub/testdataapi/main/mahjong2date/0525_0433,普通中奖,8.00,0.20,2,1,5,5,5,0,0,否,否,是,1,0,678942,678943,7831779671529317,9473294.0,9473262.0,2段连消/续转 / 金色符号/百搭转换
连消/掉落,949.json,949,75,金色/百搭,https://fish-games.s3.amazonaws.com/MahjongWays2/index.html?env=ceshislot.osshaiwai.com&hasFloat=0&token=436475c81b51e6893c740657870f86b7&language=en&debug=1&debugDataPath=https://raw.githubusercontent.com/jygameclub/testdataapi/main/mahjong2date/0525_0433&debugStart=949,https://raw.githubusercontent.com/jygameclub/testdataapi/main/mahjong2date/0525_0433/949.json,https://raw.githubusercontent.com/jygameclub/testdataapi/main/mahjong2date/0525_0433,普通中奖,8.00,0.20,2,1,5,5,5,0,0,否,否,是,1,2,679065,679066,6881779671743398,9475032.0,9475000.0,2段连消/续转 / 金色符号/百搭转换
连消/掉落,985.json,985,75,金色/百搭,https://fish-games.s3.amazonaws.com/MahjongWays2/index.html?env=ceshislot.osshaiwai.com&hasFloat=0&token=436475c81b51e6893c740657870f86b7&language=en&debug=1&debugDataPath=https://raw.githubusercontent.com/jygameclub/testdataapi/main/mahjong2date/0525_0433&debugStart=985,https://raw.githubusercontent.com/jygameclub/testdataapi/main/mahjong2date/0525_0433/985.json,https://raw.githubusercontent.com/jygameclub/testdataapi/main/mahjong2date/0525_0433,普通中奖,8.00,0.20,2,1,5,5,5,0,0,否,否,是,1,1,679233,679236,3011779672015431,9477820.0,9477788.0,2段连消/续转 / 金色符号/百搭转换
连消/掉落,047.json,47,75,金色/百搭,https://fish-games.s3.amazonaws.com/MahjongWays2/index.html?env=ceshislot.osshaiwai.com&hasFloat=0&token=436475c81b51e6893c740657870f86b7&language=en&debug=1&debugDataPath=https://raw.githubusercontent.com/jygameclub/testdataapi/main/mahjong2date/0525_0433&debugStart=47,https://raw.githubusercontent.com/jygameclub/testdataapi/main/mahjong2date/0525_0433/047.json,https://raw.githubusercontent.com/jygameclub/testdataapi/main/mahjong2date/0525_0433,普通中奖,6.00,0.15,2,1,5,5,5,0,0,否,否,是,1,1,675828,675830,4041779667148593,9461706.0,9461672.0,2段连消/续转 / 金色符号/百搭转换
连消/掉落,096.json,96,75,金色/百搭,https://fish-games.s3.amazonaws.com/MahjongWays2/index.html?env=ceshislot.osshaiwai.com&hasFloat=0&token=436475c81b51e6893c740657870f86b7&language=en&debug=1&debugDataPath=https://raw.githubusercontent.com/jygameclub/testdataapi/main/mahjong2date/0525_0433&debugStart=96,https://raw.githubusercontent.com/jygameclub/testdataapi/main/mahjong2date/0525_0433/096.json,https://raw.githubusercontent.com/jygameclub/testdataapi/main/mahjong2date/0525_0433,普通中奖,6.00,0.15,2,1,4,4,4,0,0,否,否,是,1,0,675990,675991,7871779667364525,9464466.0,9464432.0,2段连消/续转 / 金色符号/百搭转换
连消/掉落,250.json,250,75,金色/百搭,https://fish-games.s3.amazonaws.com/MahjongWays2/index.html?env=ceshislot.osshaiwai.com&hasFloat=0&token=436475c81b51e6893c740657870f86b7&language=en&debug=1&debugDataPath=https://raw.githubusercontent.com/jygameclub/testdataapi/main/mahjong2date/0525_0433&debugStart=250,https://raw.githubusercontent.com/jygameclub/testdataapi/main/mahjong2date/0525_0433/250.json,https://raw.githubusercontent.com/jygameclub/testdataapi/main/mahjong2date/0525_0433,普通中奖,6.00,0.15,2,1,5,5,5,0,0,否,否,是,1,1,676704,676706,1501779668691864,9465818.0,9465784.0,2段连消/续转 / 金色符号/百搭转换
连消/掉落,298.json,298,75,金色/百搭,https://fish-games.s3.amazonaws.com/MahjongWays2/index.html?env=ceshislot.osshaiwai.com&hasFloat=0&token=436475c81b51e6893c740657870f86b7&language=en&debug=1&debugDataPath=https://raw.githubusercontent.com/jygameclub/testdataapi/main/mahjong2date/0525_0433&debugStart=298,https://raw.githubusercontent.com/jygameclub/testdataapi/main/mahjong2date/0525_0433/298.json,https://raw.githubusercontent.com/jygameclub/testdataapi/main/mahjong2date/0525_0433,普通中奖,6.00,0.15,2,1,5,5,5,0,0,否,否,是,1,1,676833,676834,5151779668848429,9464900.0,9464866.0,2段连消/续转 / 金色符号/百搭转换
连消/掉落,417.json,417,75,金色/百搭,https://fish-games.s3.amazonaws.com/MahjongWays2/index.html?env=ceshislot.osshaiwai.com&hasFloat=0&token=436475c81b51e6893c740657870f86b7&language=en&debug=1&debugDataPath=https://raw.githubusercontent.com/jygameclub/testdataapi/main/mahjong2date/0525_0433&debugStart=417,https://raw.githubusercontent.com/jygameclub/testdataapi/main/mahjong2date/0525_0433/417.json,https://raw.githubusercontent.com/jygameclub/testdataapi/main/mahjong2date/0525_0433,普通中奖,6.00,0.15,2,1,5,5,5,0,0,否,否,是,1,1,677370,677371,3641779669640378,9473632.0,9473598.0,2段连消/续转 / 金色符号/百搭转换
连消/掉落,447.json,447,75,金色/百搭,https://fish-games.s3.amazonaws.com/MahjongWays2/index.html?env=ceshislot.osshaiwai.com&hasFloat=0&token=436475c81b51e6893c740657870f86b7&language=en&debug=1&debugDataPath=https://raw.githubusercontent.com/jygameclub/testdataapi/main/mahjong2date/0525_0433&debugStart=447,https://raw.githubusercontent.com/jygameclub/testdataapi/main/mahjong2date/0525_0433/447.json,https://raw.githubusercontent.com/jygameclub/testdataapi/main/mahjong2date/0525_0433,普通中奖,6.00,0.15,2,1,5,5,5,0,0,否,否,是,1,1,677473,677476,6971779669784027,9474698.0,9474664.0,2段连消/续转 / 金色符号/百搭转换
连消/掉落,488.json,488,75,金色/百搭,https://fish-games.s3.amazonaws.com/MahjongWays2/index.html?env=ceshislot.osshaiwai.com&hasFloat=0&token=436475c81b51e6893c740657870f86b7&language=en&debug=1&debugDataPath=https://raw.githubusercontent.com/jygameclub/testdataapi/main/mahjong2date/0525_0433&debugStart=488,https://raw.githubusercontent.com/jygameclub/testdataapi/main/mahjong2date/0525_0433/488.json,https://raw.githubusercontent.com/jygameclub/testdataapi/main/mahjong2date/0525_0433,普通中奖,6.00,0.15,2,1,5,5,5,0,0,否,否,是,1,0,677553,677554,3331779669854611,9473284.0,9473250.0,2段连消/续转 / 金色符号/百搭转换
连消/掉落,537.json,537,75,金色/百搭,https://fish-games.s3.amazonaws.com/MahjongWays2/index.html?env=ceshislot.osshaiwai.com&hasFloat=0&token=436475c81b51e6893c740657870f86b7&language=en&debug=1&debugDataPath=https://raw.githubusercontent.com/jygameclub/testdataapi/main/mahjong2date/0525_0433&debugStart=537,https://raw.githubusercontent.com/jygameclub/testdataapi/main/mahjong2date/0525_0433/537.json,https://raw.githubusercontent.com/jygameclub/testdataapi/main/mahjong2date/0525_0433,普通中奖,6.00,0.15,2,1,3,3,3,0,0,否,否,是,1,1,677809,677810,4901779670220114,9474032.0,9473998.0,2段连消/续转 / 金色符号/百搭转换
连消/掉落,554.json,554,75,金色/百搭,https://fish-games.s3.amazonaws.com/MahjongWays2/index.html?env=ceshislot.osshaiwai.com&hasFloat=0&token=436475c81b51e6893c740657870f86b7&language=en&debug=1&debugDataPath=https://raw.githubusercontent.com/jygameclub/testdataapi/main/mahjong2date/0525_0433&debugStart=554,https://raw.githubusercontent.com/jygameclub/testdataapi/main/mahjong2date/0525_0433/554.json,https://raw.githubusercontent.com/jygameclub/testdataapi/main/mahjong2date/0525_0433,普通中奖,6.00,0.15,2,1,5,5,5,0,0,否,否,是,1,1,677842,677843,3111779670257198,9473590.0,9473556.0,2段连消/续转 / 金色符号/百搭转换
连消/掉落,603.json,603,75,金色/百搭,https://fish-games.s3.amazonaws.com/MahjongWays2/index.html?env=ceshislot.osshaiwai.com&hasFloat=0&token=436475c81b51e6893c740657870f86b7&language=en&debug=1&debugDataPath=https://raw.githubusercontent.com/jygameclub/testdataapi/main/mahjong2date/0525_0433&debugStart=603,https://raw.githubusercontent.com/jygameclub/testdataapi/main/mahjong2date/0525_0433/603.json,https://raw.githubusercontent.com/jygameclub/testdataapi/main/mahjong2date/0525_0433,普通中奖,6.00,0.15,2,1,5,5,5,0,0,否,否,是,1,1,677963,677964,1531779670365696,9472378.0,9472344.0,2段连消/续转 / 金色符号/百搭转换
连消/掉落,639.json,639,75,金色/百搭,https://fish-games.s3.amazonaws.com/MahjongWays2/index.html?env=ceshislot.osshaiwai.com&hasFloat=0&token=436475c81b51e6893c740657870f86b7&language=en&debug=1&debugDataPath=https://raw.githubusercontent.com/jygameclub/testdataapi/main/mahjong2date/0525_0433&debugStart=639,https://raw.githubusercontent.com/jygameclub/testdataapi/main/mahjong2date/0525_0433/639.json,https://raw.githubusercontent.com/jygameclub/testdataapi/main/mahjong2date/0525_0433,普通中奖,6.00,0.15,2,1,3,3,3,0,0,否,否,是,1,1,678095,678097,6801779670535431,9473024.0,9472990.0,2段连消/续转 / 金色符号/百搭转换
连消/掉落,645.json,645,75,金色/百搭,https://fish-games.s3.amazonaws.com/MahjongWays2/index.html?env=ceshislot.osshaiwai.com&hasFloat=0&token=436475c81b51e6893c740657870f86b7&language=en&debug=1&debugDataPath=https://raw.githubusercontent.com/jygameclub/testdataapi/main/mahjong2date/0525_0433&debugStart=645,https://raw.githubusercontent.com/jygameclub/testdataapi/main/mahjong2date/0525_0433/645.json,https://raw.githubusercontent.com/jygameclub/testdataapi/main/mahjong2date/0525_0433,普通中奖,6.00,0.15,2,1,5,5,5,0,0,否,否,是,1,1,678107,678110,1961779670546578,9472870.0,9472836.0,2段连消/续转 / 金色符号/百搭转换
连消/掉落,648.json,648,75,金色/百搭,https://fish-games.s3.amazonaws.com/MahjongWays2/index.html?env=ceshislot.osshaiwai.com&hasFloat=0&token=436475c81b51e6893c740657870f86b7&language=en&debug=1&debugDataPath=https://raw.githubusercontent.com/jygameclub/testdataapi/main/mahjong2date/0525_0433&debugStart=648,https://raw.githubusercontent.com/jygameclub/testdataapi/main/mahjong2date/0525_0433/648.json,https://raw.githubusercontent.com/jygameclub/testdataapi/main/mahjong2date/0525_0433,普通中奖,6.00,0.15,2,1,3,5,5,2,2,否,否,是,1,1,678117,678119,3741779670554596,9472816.0,9472782.0,2段连消/续转 / 金色符号/百搭转换
连消/掉落,734.json,734,75,金色/百搭,https://fish-games.s3.amazonaws.com/MahjongWays2/index.html?env=ceshislot.osshaiwai.com&hasFloat=0&token=436475c81b51e6893c740657870f86b7&language=en&debug=1&debugDataPath=https://raw.githubusercontent.com/jygameclub/testdataapi/main/mahjong2date/0525_0433&debugStart=734,https://raw.githubusercontent.com/jygameclub/testdataapi/main/mahjong2date/0525_0433/734.json,https://raw.githubusercontent.com/jygameclub/testdataapi/main/mahjong2date/0525_0433,普通中奖,6.00,0.15,2,1,5,5,5,0,0,否,否,是,1,1,678271,678272,4051779670710895,9471572.0,9471538.0,2段连消/续转 / 金色符号/百搭转换
连消/掉落,756.json,756,75,金色/百搭,https://fish-games.s3.amazonaws.com/MahjongWays2/index.html?env=ceshislot.osshaiwai.com&hasFloat=0&token=436475c81b51e6893c740657870f86b7&language=en&debug=1&debugDataPath=https://raw.githubusercontent.com/jygameclub/testdataapi/main/mahjong2date/0525_0433&debugStart=756,https://raw.githubusercontent.com/jygameclub/testdataapi/main/mahjong2date/0525_0433/756.json,https://raw.githubusercontent.com/jygameclub/testdataapi/main/mahjong2date/0525_0433,普通中奖,6.00,0.15,2,1,3,3,3,0,0,否,否,是,1,1,678306,678307,4721779670755412,9471236.0,9471202.0,2段连消/续转 / 金色符号/百搭转换
连消/掉落,792.json,792,75,金色/百搭,https://fish-games.s3.amazonaws.com/MahjongWays2/index.html?env=ceshislot.osshaiwai.com&hasFloat=0&token=436475c81b51e6893c740657870f86b7&language=en&debug=1&debugDataPath=https://raw.githubusercontent.com/jygameclub/testdataapi/main/mahjong2date/0525_0433&debugStart=792,https://raw.githubusercontent.com/jygameclub/testdataapi/main/mahjong2date/0525_0433/792.json,https://raw.githubusercontent.com/jygameclub/testdataapi/main/mahjong2date/0525_0433,普通中奖,6.00,0.15,2,1,3,3,3,0,0,否,否,是,1,1,678534,678537,8651779671038330,9476586.0,9476552.0,2段连消/续转 / 金色符号/百搭转换
连消/掉落,795.json,795,75,金色/百搭,https://fish-games.s3.amazonaws.com/MahjongWays2/index.html?env=ceshislot.osshaiwai.com&hasFloat=0&token=436475c81b51e6893c740657870f86b7&language=en&debug=1&debugDataPath=https://raw.githubusercontent.com/jygameclub/testdataapi/main/mahjong2date/0525_0433&debugStart=795,https://raw.githubusercontent.com/jygameclub/testdataapi/main/mahjong2date/0525_0433/795.json,https://raw.githubusercontent.com/jygameclub/testdataapi/main/mahjong2date/0525_0433,普通中奖,6.00,0.15,2,1,3,3,3,0,0,否,否,是,1,1,678633,678634,6311779671239103,9476496.0,9476462.0,2段连消/续转 / 金色符号/百搭转换
连消/掉落,842.json,842,75,金色/百搭,https://fish-games.s3.amazonaws.com/MahjongWays2/index.html?env=ceshislot.osshaiwai.com&hasFloat=0&token=436475c81b51e6893c740657870f86b7&language=en&debug=1&debugDataPath=https://raw.githubusercontent.com/jygameclub/testdataapi/main/mahjong2date/0525_0433&debugStart=842,https://raw.githubusercontent.com/jygameclub/testdataapi/main/mahjong2date/0525_0433/842.json,https://raw.githubusercontent.com/jygameclub/testdataapi/main/mahjong2date/0525_0433,普通中奖,6.00,0.15,2,1,5,5,5,0,0,否,否,是,1,1,678744,678745,9831779671337436,9475214.0,9475180.0,2段连消/续转 / 金色符号/百搭转换
连消/掉落,875.json,875,75,金色/百搭,https://fish-games.s3.amazonaws.com/MahjongWays2/index.html?env=ceshislot.osshaiwai.com&hasFloat=0&token=436475c81b51e6893c740657870f86b7&language=en&debug=1&debugDataPath=https://raw.githubusercontent.com/jygameclub/testdataapi/main/mahjong2date/0525_0433&debugStart=875,https://raw.githubusercontent.com/jygameclub/testdataapi/main/mahjong2date/0525_0433/875.json,https://raw.githubusercontent.com/jygameclub/testdataapi/main/mahjong2date/0525_0433,普通中奖,6.00,0.15,2,1,3,3,3,0,0,否,否,是,1,2,678817,678818,6341779671399685,9474202.0,9474168.0,2段连消/续转 / 金色符号/百搭转换
连消/掉落,944.json,944,75,金色/百搭,https://fish-games.s3.amazonaws.com/MahjongWays2/index.html?env=ceshislot.osshaiwai.com&hasFloat=0&token=436475c81b51e6893c740657870f86b7&language=en&debug=1&debugDataPath=https://raw.githubusercontent.com/jygameclub/testdataapi/main/mahjong2date/0525_0433&debugStart=944,https://raw.githubusercontent.com/jygameclub/testdataapi/main/mahjong2date/0525_0433/944.json,https://raw.githubusercontent.com/jygameclub/testdataapi/main/mahjong2date/0525_0433,普通中奖,6.00,0.15,2,1,5,5,5,0,0,否,否,是,1,1,679032,679033,4531779671650367,9474014.0,9473980.0,2段连消/续转 / 金色符号/百搭转换
连消/掉落,013.json,13,75,金色/百搭,https://fish-games.s3.amazonaws.com/MahjongWays2/index.html?env=ceshislot.osshaiwai.com&hasFloat=0&token=436475c81b51e6893c740657870f86b7&language=en&debug=1&debugDataPath=https://raw.githubusercontent.com/jygameclub/testdataapi/main/mahjong2date/0525_0433&debugStart=13,https://raw.githubusercontent.com/jygameclub/testdataapi/main/mahjong2date/0525_0433/013.json,https://raw.githubusercontent.com/jygameclub/testdataapi/main/mahjong2date/0525_0433,普通中奖,4.00,0.10,2,1,4,4,4,0,0,否,否,是,1,1,675744,675746,9571779667070293,9461858.0,9461822.0,2段连消/续转 / 金色符号/百搭转换
连消/掉落,121.json,121,75,金色/百搭,https://fish-games.s3.amazonaws.com/MahjongWays2/index.html?env=ceshislot.osshaiwai.com&hasFloat=0&token=436475c81b51e6893c740657870f86b7&language=en&debug=1&debugDataPath=https://raw.githubusercontent.com/jygameclub/testdataapi/main/mahjong2date/0525_0433&debugStart=121,https://raw.githubusercontent.com/jygameclub/testdataapi/main/mahjong2date/0525_0433/121.json,https://raw.githubusercontent.com/jygameclub/testdataapi/main/mahjong2date/0525_0433,普通中奖,4.00,0.10,2,1,4,4,4,0,0,否,否,是,1,0,676090,676091,4181779667519591,9465772.0,9465736.0,2段连消/续转 / 金色符号/百搭转换
连消/掉落,163.json,163,75,金色/百搭,https://fish-games.s3.amazonaws.com/MahjongWays2/index.html?env=ceshislot.osshaiwai.com&hasFloat=0&token=436475c81b51e6893c740657870f86b7&language=en&debug=1&debugDataPath=https://raw.githubusercontent.com/jygameclub/testdataapi/main/mahjong2date/0525_0433&debugStart=163,https://raw.githubusercontent.com/jygameclub/testdataapi/main/mahjong2date/0525_0433/163.json,https://raw.githubusercontent.com/jygameclub/testdataapi/main/mahjong2date/0525_0433,普通中奖,4.00,0.10,2,1,4,4,4,0,0,否,否,是,1,1,676160,676162,5181779667597207,9464818.0,9464782.0,2段连消/续转 / 金色符号/百搭转换
连消/掉落,209.json,209,75,金色/百搭,https://fish-games.s3.amazonaws.com/MahjongWays2/index.html?env=ceshislot.osshaiwai.com&hasFloat=0&token=436475c81b51e6893c740657870f86b7&language=en&debug=1&debugDataPath=https://raw.githubusercontent.com/jygameclub/testdataapi/main/mahjong2date/0525_0433&debugStart=209,https://raw.githubusercontent.com/jygameclub/testdataapi/main/mahjong2date/0525_0433/209.json,https://raw.githubusercontent.com/jygameclub/testdataapi/main/mahjong2date/0525_0433,普通中奖,4.00,0.10,2,1,4,4,4,0,0,否,否,是,1,1,676300,676301,3571779667787590,9464694.0,9464658.0,2段连消/续转 / 金色符号/百搭转换
连消/掉落,225.json,225,75,金色/百搭,https://fish-games.s3.amazonaws.com/MahjongWays2/index.html?env=ceshislot.osshaiwai.com&hasFloat=0&token=436475c81b51e6893c740657870f86b7&language=en&debug=1&debugDataPath=https://raw.githubusercontent.com/jygameclub/testdataapi/main/mahjong2date/0525_0433&debugStart=225,https://raw.githubusercontent.com/jygameclub/testdataapi/main/mahjong2date/0525_0433/225.json,https://raw.githubusercontent.com/jygameclub/testdataapi/main/mahjong2date/0525_0433,普通中奖,4.00,0.10,2,1,4,4,4,0,0,否,否,是,1,0,676411,676412,8721779667956221,9466322.0,9466286.0,2段连消/续转 / 金色符号/百搭转换
连消/掉落,227.json,227,75,金色/百搭,https://fish-games.s3.amazonaws.com/MahjongWays2/index.html?env=ceshislot.osshaiwai.com&hasFloat=0&token=436475c81b51e6893c740657870f86b7&language=en&debug=1&debugDataPath=https://raw.githubusercontent.com/jygameclub/testdataapi/main/mahjong2date/0525_0433&debugStart=227,https://raw.githubusercontent.com/jygameclub/testdataapi/main/mahjong2date/0525_0433/227.json,https://raw.githubusercontent.com/jygameclub/testdataapi/main/mahjong2date/0525_0433,普通中奖,4.00,0.10,2,1,4,4,4,0,0,否,否,是,1,1,676417,676418,4631779667960420,9466246.0,9466210.0,2段连消/续转 / 金色符号/百搭转换
连消/掉落,235.json,235,75,金色/百搭,https://fish-games.s3.amazonaws.com/MahjongWays2/index.html?env=ceshislot.osshaiwai.com&hasFloat=0&token=436475c81b51e6893c740657870f86b7&language=en&debug=1&debugDataPath=https://raw.githubusercontent.com/jygameclub/testdataapi/main/mahjong2date/0525_0433&debugStart=235,https://raw.githubusercontent.com/jygameclub/testdataapi/main/mahjong2date/0525_0433/235.json,https://raw.githubusercontent.com/jygameclub/testdataapi/main/mahjong2date/0525_0433,普通中奖,4.00,0.10,2,1,4,4,4,0,0,否,否,是,1,0,676430,676431,4781779667974038,9465946.0,9465910.0,2段连消/续转 / 金色符号/百搭转换
连消/掉落,244.json,244,75,金色/百搭,https://fish-games.s3.amazonaws.com/MahjongWays2/index.html?env=ceshislot.osshaiwai.com&hasFloat=0&token=436475c81b51e6893c740657870f86b7&language=en&debug=1&debugDataPath=https://raw.githubusercontent.com/jygameclub/testdataapi/main/mahjong2date/0525_0433&debugStart=244,https://raw.githubusercontent.com/jygameclub/testdataapi/main/mahjong2date/0525_0433/244.json,https://raw.githubusercontent.com/jygameclub/testdataapi/main/mahjong2date/0525_0433,普通中奖,4.00,0.10,2,1,4,4,4,0,0,否,否,是,1,1,676682,676684,5481779668671730,9465810.0,9465774.0,2段连消/续转 / 金色符号/百搭转换
连消/掉落,303.json,303,75,金色/百搭,https://fish-games.s3.amazonaws.com/MahjongWays2/index.html?env=ceshislot.osshaiwai.com&hasFloat=0&token=436475c81b51e6893c740657870f86b7&language=en&debug=1&debugDataPath=https://raw.githubusercontent.com/jygameclub/testdataapi/main/mahjong2date/0525_0433&debugStart=303,https://raw.githubusercontent.com/jygameclub/testdataapi/main/mahjong2date/0525_0433/303.json,https://raw.githubusercontent.com/jygameclub/testdataapi/main/mahjong2date/0525_0433,普通中奖,4.00,0.10,2,1,4,4,4,0,0,否,否,是,1,1,676839,676840,7451779668856030,9464706.0,9464670.0,2段连消/续转 / 金色符号/百搭转换
连消/掉落,310.json,310,75,金色/百搭,https://fish-games.s3.amazonaws.com/MahjongWays2/index.html?env=ceshislot.osshaiwai.com&hasFloat=0&token=436475c81b51e6893c740657870f86b7&language=en&debug=1&debugDataPath=https://raw.githubusercontent.com/jygameclub/testdataapi/main/mahjong2date/0525_0433&debugStart=310,https://raw.githubusercontent.com/jygameclub/testdataapi/main/mahjong2date/0525_0433/310.json,https://raw.githubusercontent.com/jygameclub/testdataapi/main/mahjong2date/0525_0433,普通中奖,4.00,0.10,2,1,4,4,4,0,0,否,否,是,1,0,676900,676901,2661779668954895,9465076.0,9465040.0,2段连消/续转 / 金色符号/百搭转换
连消/掉落,380.json,380,75,金色/百搭,https://fish-games.s3.amazonaws.com/MahjongWays2/index.html?env=ceshislot.osshaiwai.com&hasFloat=0&token=436475c81b51e6893c740657870f86b7&language=en&debug=1&debugDataPath=https://raw.githubusercontent.com/jygameclub/testdataapi/main/mahjong2date/0525_0433&debugStart=380,https://raw.githubusercontent.com/jygameclub/testdataapi/main/mahjong2date/0525_0433/380.json,https://raw.githubusercontent.com/jygameclub/testdataapi/main/mahjong2date/0525_0433,普通中奖,4.00,0.10,2,1,4,4,4,0,0,否,否,是,1,0,677246,677247,1061779669440691,9471224.0,9471188.0,2段连消/续转 / 金色符号/百搭转换
连消/掉落,479.json,479,75,金色/百搭,https://fish-games.s3.amazonaws.com/MahjongWays2/index.html?env=ceshislot.osshaiwai.com&hasFloat=0&token=436475c81b51e6893c740657870f86b7&language=en&debug=1&debugDataPath=https://raw.githubusercontent.com/jygameclub/testdataapi/main/mahjong2date/0525_0433&debugStart=479,https://raw.githubusercontent.com/jygameclub/testdataapi/main/mahjong2date/0525_0433/479.json,https://raw.githubusercontent.com/jygameclub/testdataapi/main/mahjong2date/0525_0433,普通中奖,4.00,0.10,2,1,4,4,4,0,0,否,否,是,1,1,677527,677529,3941779669832811,9473538.0,9473502.0,2段连消/续转 / 金色符号/百搭转换
连消/掉落,502.json,502,75,金色/百搭,https://fish-games.s3.amazonaws.com/MahjongWays2/index.html?env=ceshislot.osshaiwai.com&hasFloat=0&token=436475c81b51e6893c740657870f86b7&language=en&debug=1&debugDataPath=https://raw.githubusercontent.com/jygameclub/testdataapi/main/mahjong2date/0525_0433&debugStart=502,https://raw.githubusercontent.com/jygameclub/testdataapi/main/mahjong2date/0525_0433/502.json,https://raw.githubusercontent.com/jygameclub/testdataapi/main/mahjong2date/0525_0433,普通中奖,4.00,0.10,2,1,4,4,4,0,0,否,否,是,1,1,677588,677589,4181779669883227,9472874.0,9472838.0,2段连消/续转 / 金色符号/百搭转换
连消/掉落,566.json,566,75,金色/百搭,https://fish-games.s3.amazonaws.com/MahjongWays2/index.html?env=ceshislot.osshaiwai.com&hasFloat=0&token=436475c81b51e6893c740657870f86b7&language=en&debug=1&debugDataPath=https://raw.githubusercontent.com/jygameclub/testdataapi/main/mahjong2date/0525_0433&debugStart=566,https://raw.githubusercontent.com/jygameclub/testdataapi/main/mahjong2date/0525_0433/566.json,https://raw.githubusercontent.com/jygameclub/testdataapi/main/mahjong2date/0525_0433,普通中奖,4.00,0.10,2,1,4,4,4,0,0,否,否,是,1,0,677867,677868,5101779670272430,9473164.0,9473128.0,2段连消/续转 / 金色符号/百搭转换
连消/掉落,585.json,585,75,金色/百搭,https://fish-games.s3.amazonaws.com/MahjongWays2/index.html?env=ceshislot.osshaiwai.com&hasFloat=0&token=436475c81b51e6893c740657870f86b7&language=en&debug=1&debugDataPath=https://raw.githubusercontent.com/jygameclub/testdataapi/main/mahjong2date/0525_0433&debugStart=585,https://raw.githubusercontent.com/jygameclub/testdataapi/main/mahjong2date/0525_0433/585.json,https://raw.githubusercontent.com/jygameclub/testdataapi/main/mahjong2date/0525_0433,普通中奖,4.00,0.10,2,1,3,3,3,0,0,否,否,是,1,0,677916,677918,9871779670329297,9472798.0,9472762.0,2段连消/续转 / 金色符号/百搭转换
连消/掉落,596.json,596,75,金色/百搭,https://fish-games.s3.amazonaws.com/MahjongWays2/index.html?env=ceshislot.osshaiwai.com&hasFloat=0&token=436475c81b51e6893c740657870f86b7&language=en&debug=1&debugDataPath=https://raw.githubusercontent.com/jygameclub/testdataapi/main/mahjong2date/0525_0433&debugStart=596,https://raw.githubusercontent.com/jygameclub/testdataapi/main/mahjong2date/0525_0433/596.json,https://raw.githubusercontent.com/jygameclub/testdataapi/main/mahjong2date/0525_0433,普通中奖,4.00,0.10,2,1,4,4,4,0,0,否,否,是,1,0,677949,677950,9531779670356413,9472654.0,9472618.0,2段连消/续转 / 金色符号/百搭转换
连消/掉落,659.json,659,75,金色/百搭,https://fish-games.s3.amazonaws.com/MahjongWays2/index.html?env=ceshislot.osshaiwai.com&hasFloat=0&token=436475c81b51e6893c740657870f86b7&language=en&debug=1&debugDataPath=https://raw.githubusercontent.com/jygameclub/testdataapi/main/mahjong2date/0525_0433&debugStart=659,https://raw.githubusercontent.com/jygameclub/testdataapi/main/mahjong2date/0525_0433/659.json,https://raw.githubusercontent.com/jygameclub/testdataapi/main/mahjong2date/0525_0433,普通中奖,4.00,0.10,2,1,4,4,4,0,0,否,否,是,1,0,678145,678146,3481779670583312,9472908.0,9472872.0,2段连消/续转 / 金色符号/百搭转换
连消/掉落,660.json,660,75,金色/百搭,https://fish-games.s3.amazonaws.com/MahjongWays2/index.html?env=ceshislot.osshaiwai.com&hasFloat=0&token=436475c81b51e6893c740657870f86b7&language=en&debug=1&debugDataPath=https://raw.githubusercontent.com/jygameclub/testdataapi/main/mahjong2date/0525_0433&debugStart=660,https://raw.githubusercontent.com/jygameclub/testdataapi/main/mahjong2date/0525_0433/660.json,https://raw.githubusercontent.com/jygameclub/testdataapi/main/mahjong2date/0525_0433,普通中奖,4.00,0.10,2,1,3,3,3,0,0,否,否,是,1,0,678149,678151,7581779670586046,9472872.0,9472836.0,2段连消/续转 / 金色符号/百搭转换
连消/掉落,664.json,664,75,金色/百搭,https://fish-games.s3.amazonaws.com/MahjongWays2/index.html?env=ceshislot.osshaiwai.com&hasFloat=0&token=436475c81b51e6893c740657870f86b7&language=en&debug=1&debugDataPath=https://raw.githubusercontent.com/jygameclub/testdataapi/main/mahjong2date/0525_0433&debugStart=664,https://raw.githubusercontent.com/jygameclub/testdataapi/main/mahjong2date/0525_0433/664.json,https://raw.githubusercontent.com/jygameclub/testdataapi/main/mahjong2date/0525_0433,普通中奖,4.00,0.10,2,1,4,4,4,0,0,否,否,是,1,0,678156,678158,1741779670591345,9472716.0,9472680.0,2段连消/续转 / 金色符号/百搭转换
连消/掉落,673.json,673,75,金色/百搭,https://fish-games.s3.amazonaws.com/MahjongWays2/index.html?env=ceshislot.osshaiwai.com&hasFloat=0&token=436475c81b51e6893c740657870f86b7&language=en&debug=1&debugDataPath=https://raw.githubusercontent.com/jygameclub/testdataapi/main/mahjong2date/0525_0433&debugStart=673,https://raw.githubusercontent.com/jygameclub/testdataapi/main/mahjong2date/0525_0433/673.json,https://raw.githubusercontent.com/jygameclub/testdataapi/main/mahjong2date/0525_0433,普通中奖,4.00,0.10,2,1,4,4,4,0,0,否,否,是,1,0,678169,678170,1811779670606896,9472568.0,9472532.0,2段连消/续转 / 金色符号/百搭转换
连消/掉落,713.json,713,75,金色/百搭,https://fish-games.s3.amazonaws.com/MahjongWays2/index.html?env=ceshislot.osshaiwai.com&hasFloat=0&token=436475c81b51e6893c740657870f86b7&language=en&debug=1&debugDataPath=https://raw.githubusercontent.com/jygameclub/testdataapi/main/mahjong2date/0525_0433&debugStart=713,https://raw.githubusercontent.com/jygameclub/testdataapi/main/mahjong2date/0525_0433/713.json,https://raw.githubusercontent.com/jygameclub/testdataapi/main/mahjong2date/0525_0433,普通中奖,4.00,0.10,2,1,4,4,4,0,0,否,否,是,1,0,678242,678244,4231779670681612,9472342.0,9472306.0,2段连消/续转 / 金色符号/百搭转换
连消/掉落,724.json,724,75,金色/百搭,https://fish-games.s3.amazonaws.com/MahjongWays2/index.html?env=ceshislot.osshaiwai.com&hasFloat=0&token=436475c81b51e6893c740657870f86b7&language=en&debug=1&debugDataPath=https://raw.githubusercontent.com/jygameclub/testdataapi/main/mahjong2date/0525_0433&debugStart=724,https://raw.githubusercontent.com/jygameclub/testdataapi/main/mahjong2date/0525_0433/724.json,https://raw.githubusercontent.com/jygameclub/testdataapi/main/mahjong2date/0525_0433,普通中奖,4.00,0.10,2,1,3,4,4,1,1,否,否,是,1,0,678258,678259,4761779670695262,9471906.0,9471870.0,2段连消/续转 / 金色符号/百搭转换
连消/掉落,737.json,737,75,金色/百搭,https://fish-games.s3.amazonaws.com/MahjongWays2/index.html?env=ceshislot.osshaiwai.com&hasFloat=0&token=436475c81b51e6893c740657870f86b7&language=en&debug=1&debugDataPath=https://raw.githubusercontent.com/jygameclub/testdataapi/main/mahjong2date/0525_0433&debugStart=737,https://raw.githubusercontent.com/jygameclub/testdataapi/main/mahjong2date/0525_0433/737.json,https://raw.githubusercontent.com/jygameclub/testdataapi/main/mahjong2date/0525_0433,普通中奖,4.00,0.10,2,1,4,4,4,0,0,否,否,是,1,1,678275,678276,3451779670715228,9471458.0,9471422.0,2段连消/续转 / 金色符号/百搭转换
连消/掉落,755.json,755,75,金色/百搭,https://fish-games.s3.amazonaws.com/MahjongWays2/index.html?env=ceshislot.osshaiwai.com&hasFloat=0&token=436475c81b51e6893c740657870f86b7&language=en&debug=1&debugDataPath=https://raw.githubusercontent.com/jygameclub/testdataapi/main/mahjong2date/0525_0433&debugStart=755,https://raw.githubusercontent.com/jygameclub/testdataapi/main/mahjong2date/0525_0433/755.json,https://raw.githubusercontent.com/jygameclub/testdataapi/main/mahjong2date/0525_0433,普通中奖,4.00,0.10,2,1,4,4,4,0,0,否,否,是,1,1,678304,678305,1741779670751745,9471272.0,9471236.0,2段连消/续转 / 金色符号/百搭转换
连消/掉落,768.json,768,75,金色/百搭,https://fish-games.s3.amazonaws.com/MahjongWays2/index.html?env=ceshislot.osshaiwai.com&hasFloat=0&token=436475c81b51e6893c740657870f86b7&language=en&debug=1&debugDataPath=https://raw.githubusercontent.com/jygameclub/testdataapi/main/mahjong2date/0525_0433&debugStart=768,https://raw.githubusercontent.com/jygameclub/testdataapi/main/mahjong2date/0525_0433/768.json,https://raw.githubusercontent.com/jygameclub/testdataapi/main/mahjong2date/0525_0433,普通中奖,4.00,0.10,2,1,4,4,4,0,0,否,否,是,1,0,678334,678335,8481779670787511,9471032.0,9470996.0,2段连消/续转 / 金色符号/百搭转换
连消/掉落,785.json,785,75,金色/百搭,https://fish-games.s3.amazonaws.com/MahjongWays2/index.html?env=ceshislot.osshaiwai.com&hasFloat=0&token=436475c81b51e6893c740657870f86b7&language=en&debug=1&debugDataPath=https://raw.githubusercontent.com/jygameclub/testdataapi/main/mahjong2date/0525_0433&debugStart=785,https://raw.githubusercontent.com/jygameclub/testdataapi/main/mahjong2date/0525_0433/785.json,https://raw.githubusercontent.com/jygameclub/testdataapi/main/mahjong2date/0525_0433,普通中奖,4.00,0.10,2,1,4,4,4,0,0,否,否,是,1,0,678516,678517,5441779671025378,9476862.0,9476826.0,2段连消/续转 / 金色符号/百搭转换
连消/掉落,793.json,793,75,金色/百搭,https://fish-games.s3.amazonaws.com/MahjongWays2/index.html?env=ceshislot.osshaiwai.com&hasFloat=0&token=436475c81b51e6893c740657870f86b7&language=en&debug=1&debugDataPath=https://raw.githubusercontent.com/jygameclub/testdataapi/main/mahjong2date/0525_0433&debugStart=793,https://raw.githubusercontent.com/jygameclub/testdataapi/main/mahjong2date/0525_0433/793.json,https://raw.githubusercontent.com/jygameclub/testdataapi/main/mahjong2date/0525_0433,普通中奖,4.00,0.10,2,1,3,3,3,0,0,否,否,是,1,1,678548,678559,8511779671059330,9476552.0,9476516.0,2段连消/续转 / 金色符号/百搭转换
连消/掉落,905.json,905,75,金色/百搭,https://fish-games.s3.amazonaws.com/MahjongWays2/index.html?env=ceshislot.osshaiwai.com&hasFloat=0&token=436475c81b51e6893c740657870f86b7&language=en&debug=1&debugDataPath=https://raw.githubusercontent.com/jygameclub/testdataapi/main/mahjong2date/0525_0433&debugStart=905,https://raw.githubusercontent.com/jygameclub/testdataapi/main/mahjong2date/0525_0433/905.json,https://raw.githubusercontent.com/jygameclub/testdataapi/main/mahjong2date/0525_0433,普通中奖,4.00,0.10,2,1,4,4,4,0,0,否,否,是,1,0,678875,678877,4251779671467168,9473836.0,9473800.0,2段连消/续转 / 金色符号/百搭转换
连消/掉落,986.json,986,75,金色/百搭,https://fish-games.s3.amazonaws.com/MahjongWays2/index.html?env=ceshislot.osshaiwai.com&hasFloat=0&token=436475c81b51e6893c740657870f86b7&language=en&debug=1&debugDataPath=https://raw.githubusercontent.com/jygameclub/testdataapi/main/mahjong2date/0525_0433&debugStart=986,https://raw.githubusercontent.com/jygameclub/testdataapi/main/mahjong2date/0525_0433/986.json,https://raw.githubusercontent.com/jygameclub/testdataapi/main/mahjong2date/0525_0433,普通中奖,4.00,0.10,2,1,4,4,4,0,0,否,否,是,1,2,679239,679241,2461779672019198,9477788.0,9477752.0,2段连消/续转 / 金色符号/百搭转换
连消/掉落,114.json,114,75,金色/百搭,https://fish-games.s3.amazonaws.com/MahjongWays2/index.html?env=ceshislot.osshaiwai.com&hasFloat=0&token=436475c81b51e6893c740657870f86b7&language=en&debug=1&debugDataPath=https://raw.githubusercontent.com/jygameclub/testdataapi/main/mahjong2date/0525_0433&debugStart=114,https://raw.githubusercontent.com/jygameclub/testdataapi/main/mahjong2date/0525_0433/114.json,https://raw.githubusercontent.com/jygameclub/testdataapi/main/mahjong2date/0525_0433,普通中奖,2.00,0.05,2,1,3,3,3,0,0,否,否,是,1,0,676073,676074,9211779667504024,9465864.0,9465826.0,2段连消/续转 / 金色符号/百搭转换
连消/掉落,134.json,134,75,金色/百搭,https://fish-games.s3.amazonaws.com/MahjongWays2/index.html?env=ceshislot.osshaiwai.com&hasFloat=0&token=436475c81b51e6893c740657870f86b7&language=en&debug=1&debugDataPath=https://raw.githubusercontent.com/jygameclub/testdataapi/main/mahjong2date/0525_0433&debugStart=134,https://raw.githubusercontent.com/jygameclub/testdataapi/main/mahjong2date/0525_0433/134.json,https://raw.githubusercontent.com/jygameclub/testdataapi/main/mahjong2date/0525_0433,普通中奖,2.00,0.05,2,1,3,3,3,0,0,否,否,是,1,2,676115,676116,6881779667544141,9465492.0,9465454.0,2段连消/续转 / 金色符号/百搭转换
连消/掉落,175.json,175,75,金色/百搭,https://fish-games.s3.amazonaws.com/MahjongWays2/index.html?env=ceshislot.osshaiwai.com&hasFloat=0&token=436475c81b51e6893c740657870f86b7&language=en&debug=1&debugDataPath=https://raw.githubusercontent.com/jygameclub/testdataapi/main/mahjong2date/0525_0433&debugStart=175,https://raw.githubusercontent.com/jygameclub/testdataapi/main/mahjong2date/0525_0433/175.json,https://raw.githubusercontent.com/jygameclub/testdataapi/main/mahjong2date/0525_0433,普通中奖,2.00,0.05,2,1,3,3,3,0,0,否,否,是,1,0,676185,676186,8241779667614007,9464354.0,9464316.0,2段连消/续转 / 金色符号/百搭转换
连消/掉落,185.json,185,75,金色/百搭,https://fish-games.s3.amazonaws.com/MahjongWays2/index.html?env=ceshislot.osshaiwai.com&hasFloat=0&token=436475c81b51e6893c740657870f86b7&language=en&debug=1&debugDataPath=https://raw.githubusercontent.com/jygameclub/testdataapi/main/mahjong2date/0525_0433&debugStart=185,https://raw.githubusercontent.com/jygameclub/testdataapi/main/mahjong2date/0525_0433/185.json,https://raw.githubusercontent.com/jygameclub/testdataapi/main/mahjong2date/0525_0433,普通中奖,2.00,0.05,2,1,3,3,3,0,0,否,否,是,1,1,676225,676226,1671779667658074,9464862.0,9464824.0,2段连消/续转 / 金色符号/百搭转换
连消/掉落,258.json,258,75,金色/百搭,https://fish-games.s3.amazonaws.com/MahjongWays2/index.html?env=ceshislot.osshaiwai.com&hasFloat=0&token=436475c81b51e6893c740657870f86b7&language=en&debug=1&debugDataPath=https://raw.githubusercontent.com/jygameclub/testdataapi/main/mahjong2date/0525_0433&debugStart=258,https://raw.githubusercontent.com/jygameclub/testdataapi/main/mahjong2date/0525_0433/258.json,https://raw.githubusercontent.com/jygameclub/testdataapi/main/mahjong2date/0525_0433,普通中奖,2.00,0.05,2,1,3,3,3,0,0,否,否,是,1,1,676724,676725,9721779668706281,9465696.0,9465658.0,2段连消/续转 / 金色符号/百搭转换
连消/掉落,284.json,284,75,金色/百搭,https://fish-games.s3.amazonaws.com/MahjongWays2/index.html?env=ceshislot.osshaiwai.com&hasFloat=0&token=436475c81b51e6893c740657870f86b7&language=en&debug=1&debugDataPath=https://raw.githubusercontent.com/jygameclub/testdataapi/main/mahjong2date/0525_0433&debugStart=284,https://raw.githubusercontent.com/jygameclub/testdataapi/main/mahjong2date/0525_0433/284.json,https://raw.githubusercontent.com/jygameclub/testdataapi/main/mahjong2date/0525_0433,普通中奖,2.00,0.05,2,1,3,3,3,0,0,否,否,是,1,2,676802,676803,4961779668821679,9465168.0,9465130.0,2段连消/续转 / 金色符号/百搭转换
连消/掉落,295.json,295,75,金色/百搭,https://fish-games.s3.amazonaws.com/MahjongWays2/index.html?env=ceshislot.osshaiwai.com&hasFloat=0&token=436475c81b51e6893c740657870f86b7&language=en&debug=1&debugDataPath=https://raw.githubusercontent.com/jygameclub/testdataapi/main/mahjong2date/0525_0433&debugStart=295,https://raw.githubusercontent.com/jygameclub/testdataapi/main/mahjong2date/0525_0433/295.json,https://raw.githubusercontent.com/jygameclub/testdataapi/main/mahjong2date/0525_0433,普通中奖,2.00,0.05,2,1,3,3,3,0,0,否,否,是,1,0,676828,676829,5371779668842997,9465018.0,9464980.0,2段连消/续转 / 金色符号/百搭转换
连消/掉落,339.json,339,75,金色/百搭,https://fish-games.s3.amazonaws.com/MahjongWays2/index.html?env=ceshislot.osshaiwai.com&hasFloat=0&token=436475c81b51e6893c740657870f86b7&language=en&debug=1&debugDataPath=https://raw.githubusercontent.com/jygameclub/testdataapi/main/mahjong2date/0525_0433&debugStart=339,https://raw.githubusercontent.com/jygameclub/testdataapi/main/mahjong2date/0525_0433/339.json,https://raw.githubusercontent.com/jygameclub/testdataapi/main/mahjong2date/0525_0433,普通中奖,2.00,0.05,2,1,3,3,3,0,0,否,否,是,1,1,677011,677013,3721779669125561,9466122.0,9466084.0,2段连消/续转 / 金色符号/百搭转换
连消/掉落,343.json,343,75,金色/百搭,https://fish-games.s3.amazonaws.com/MahjongWays2/index.html?env=ceshislot.osshaiwai.com&hasFloat=0&token=436475c81b51e6893c740657870f86b7&language=en&debug=1&debugDataPath=https://raw.githubusercontent.com/jygameclub/testdataapi/main/mahjong2date/0525_0433&debugStart=343,https://raw.githubusercontent.com/jygameclub/testdataapi/main/mahjong2date/0525_0433/343.json,https://raw.githubusercontent.com/jygameclub/testdataapi/main/mahjong2date/0525_0433,普通中奖,2.00,0.05,2,1,3,3,3,0,0,否,否,是,1,0,677023,677024,4171779669136277,9465972.0,9465934.0,2段连消/续转 / 金色符号/百搭转换
连消/掉落,470.json,470,75,金色/百搭,https://fish-games.s3.amazonaws.com/MahjongWays2/index.html?env=ceshislot.osshaiwai.com&hasFloat=0&token=436475c81b51e6893c740657870f86b7&language=en&debug=1&debugDataPath=https://raw.githubusercontent.com/jygameclub/testdataapi/main/mahjong2date/0525_0433&debugStart=470,https://raw.githubusercontent.com/jygameclub/testdataapi/main/mahjong2date/0525_0433/470.json,https://raw.githubusercontent.com/jygameclub/testdataapi/main/mahjong2date/0525_0433,普通中奖,2.00,0.05,2,1,3,3,3,0,0,否,否,是,1,0,677513,677514,8371779669821911,9473896.0,9473858.0,2段连消/续转 / 金色符号/百搭转换
连消/掉落,619.json,619,75,金色/百搭,https://fish-games.s3.amazonaws.com/MahjongWays2/index.html?env=ceshislot.osshaiwai.com&hasFloat=0&token=436475c81b51e6893c740657870f86b7&language=en&debug=1&debugDataPath=https://raw.githubusercontent.com/jygameclub/testdataapi/main/mahjong2date/0525_0433&debugStart=619,https://raw.githubusercontent.com/jygameclub/testdataapi/main/mahjong2date/0525_0433/619.json,https://raw.githubusercontent.com/jygameclub/testdataapi/main/mahjong2date/0525_0433,普通中奖,2.00,0.05,2,1,3,3,3,0,0,否,否,是,1,1,678049,678051,6921779670490146,9472994.0,9472956.0,2段连消/续转 / 金色符号/百搭转换
普通空转,002.json,2,0,,https://fish-games.s3.amazonaws.com/MahjongWays2/index.html?env=ceshislot.osshaiwai.com&hasFloat=0&token=436475c81b51e6893c740657870f86b7&language=en&debug=1&debugDataPath=https://raw.githubusercontent.com/jygameclub/testdataapi/main/mahjong2date/0525_0433&debugStart=2,https://raw.githubusercontent.com/jygameclub/testdataapi/main/mahjong2date/0525_0433/002.json,https://raw.githubusercontent.com/jygameclub/testdataapi/main/mahjong2date/0525_0433,未中奖,0.00,0.00,1,0,0,0,0,0,0,否,否,否,0,1,675728,675728,9421779667054510,9462186.0,9462146.0,
普通空转,004.json,4,0,,https://fish-games.s3.amazonaws.com/MahjongWays2/index.html?env=ceshislot.osshaiwai.com&hasFloat=0&token=436475c81b51e6893c740657870f86b7&language=en&debug=1&debugDataPath=https://raw.githubusercontent.com/jygameclub/testdataapi/main/mahjong2date/0525_0433&debugStart=4,https://raw.githubusercontent.com/jygameclub/testdataapi/main/mahjong2date/0525_0433/004.json,https://raw.githubusercontent.com/jygameclub/testdataapi/main/mahjong2date/0525_0433,未中奖,0.00,0.00,1,0,0,0,0,0,0,否,否,否,0,0,675734,675734,5221779667060910,9462218.0,9462178.0,
普通空转,005.json,5,0,,https://fish-games.s3.amazonaws.com/MahjongWays2/index.html?env=ceshislot.osshaiwai.com&hasFloat=0&token=436475c81b51e6893c740657870f86b7&language=en&debug=1&debugDataPath=https://raw.githubusercontent.com/jygameclub/testdataapi/main/mahjong2date/0525_0433&debugStart=5,https://raw.githubusercontent.com/jygameclub/testdataapi/main/mahjong2date/0525_0433/005.json,https://raw.githubusercontent.com/jygameclub/testdataapi/main/mahjong2date/0525_0433,未中奖,0.00,0.00,1,0,0,0,0,0,0,否,否,否,0,0,675735,675735,2131779667061760,9462178.0,9462138.0,
普通空转,006.json,6,0,,https://fish-games.s3.amazonaws.com/MahjongWays2/index.html?env=ceshislot.osshaiwai.com&hasFloat=0&token=436475c81b51e6893c740657870f86b7&language=en&debug=1&debugDataPath=https://raw.githubusercontent.com/jygameclub/testdataapi/main/mahjong2date/0525_0433&debugStart=6,https://raw.githubusercontent.com/jygameclub/testdataapi/main/mahjong2date/0525_0433/006.json,https://raw.githubusercontent.com/jygameclub/testdataapi/main/mahjong2date/0525_0433,未中奖,0.00,0.00,1,0,0,0,0,0,0,否,否,否,0,0,675736,675736,7861779667062627,9462138.0,9462098.0,
普通空转,007.json,7,0,,https://fish-games.s3.amazonaws.com/MahjongWays2/index.html?env=ceshislot.osshaiwai.com&hasFloat=0&token=436475c81b51e6893c740657870f86b7&language=en&debug=1&debugDataPath=https://raw.githubusercontent.com/jygameclub/testdataapi/main/mahjong2date/0525_0433&debugStart=7,https://raw.githubusercontent.com/jygameclub/testdataapi/main/mahjong2date/0525_0433/007.json,https://raw.githubusercontent.com/jygameclub/testdataapi/main/mahjong2date/0525_0433,未中奖,0.00,0.00,1,0,0,0,0,0,0,否,否,否,0,1,675737,675737,1941779667063410,9462098.0,9462058.0,
普通空转,008.json,8,0,,https://fish-games.s3.amazonaws.com/MahjongWays2/index.html?env=ceshislot.osshaiwai.com&hasFloat=0&token=436475c81b51e6893c740657870f86b7&language=en&debug=1&debugDataPath=https://raw.githubusercontent.com/jygameclub/testdataapi/main/mahjong2date/0525_0433&debugStart=8,https://raw.githubusercontent.com/jygameclub/testdataapi/main/mahjong2date/0525_0433/008.json,https://raw.githubusercontent.com/jygameclub/testdataapi/main/mahjong2date/0525_0433,未中奖,0.00,0.00,1,0,0,0,0,0,0,否,否,否,0,0,675738,675738,8641779667064877,9462058.0,9462018.0,
普通空转,009.json,9,0,,https://fish-games.s3.amazonaws.com/MahjongWays2/index.html?env=ceshislot.osshaiwai.com&hasFloat=0&token=436475c81b51e6893c740657870f86b7&language=en&debug=1&debugDataPath=https://raw.githubusercontent.com/jygameclub/testdataapi/main/mahjong2date/0525_0433&debugStart=9,https://raw.githubusercontent.com/jygameclub/testdataapi/main/mahjong2date/0525_0433/009.json,https://raw.githubusercontent.com/jygameclub/testdataapi/main/mahjong2date/0525_0433,未中奖,0.00,0.00,1,0,0,0,0,0,0,否,否,否,0,0,675740,675740,3021779667065743,9462018.0,9461978.0,
普通空转,010.json,10,0,,https://fish-games.s3.amazonaws.com/MahjongWays2/index.html?env=ceshislot.osshaiwai.com&hasFloat=0&token=436475c81b51e6893c740657870f86b7&language=en&debug=1&debugDataPath=https://raw.githubusercontent.com/jygameclub/testdataapi/main/mahjong2date/0525_0433&debugStart=10,https://raw.githubusercontent.com/jygameclub/testdataapi/main/mahjong2date/0525_0433/010.json,https://raw.githubusercontent.com/jygameclub/testdataapi/main/mahjong2date/0525_0433,未中奖,0.00,0.00,1,0,0,0,0,0,0,否,否,否,0,0,675741,675741,8791779667066542,9461978.0,9461938.0,
普通空转,011.json,11,0,,https://fish-games.s3.amazonaws.com/MahjongWays2/index.html?env=ceshislot.osshaiwai.com&hasFloat=0&token=436475c81b51e6893c740657870f86b7&language=en&debug=1&debugDataPath=https://raw.githubusercontent.com/jygameclub/testdataapi/main/mahjong2date/0525_0433&debugStart=11,https://raw.githubusercontent.com/jygameclub/testdataapi/main/mahjong2date/0525_0433/011.json,https://raw.githubusercontent.com/jygameclub/testdataapi/main/mahjong2date/0525_0433,未中奖,0.00,0.00,1,0,0,0,0,0,0,否,否,否,0,1,675742,675742,9851779667067410,9461938.0,9461898.0,
普通空转,012.json,12,0,,https://fish-games.s3.amazonaws.com/MahjongWays2/index.html?env=ceshislot.osshaiwai.com&hasFloat=0&token=436475c81b51e6893c740657870f86b7&language=en&debug=1&debugDataPath=https://raw.githubusercontent.com/jygameclub/testdataapi/main/mahjong2date/0525_0433&debugStart=12,https://raw.githubusercontent.com/jygameclub/testdataapi/main/mahjong2date/0525_0433/012.json,https://raw.githubusercontent.com/jygameclub/testdataapi/main/mahjong2date/0525_0433,未中奖,0.00,0.00,1,0,0,0,0,0,0,否,否,否,0,1,675743,675743,8901779667068810,9461898.0,9461858.0,
普通空转,015.json,15,0,,https://fish-games.s3.amazonaws.com/MahjongWays2/index.html?env=ceshislot.osshaiwai.com&hasFloat=0&token=436475c81b51e6893c740657870f86b7&language=en&debug=1&debugDataPath=https://raw.githubusercontent.com/jygameclub/testdataapi/main/mahjong2date/0525_0433&debugStart=15,https://raw.githubusercontent.com/jygameclub/testdataapi/main/mahjong2date/0525_0433/015.json,https://raw.githubusercontent.com/jygameclub/testdataapi/main/mahjong2date/0525_0433,未中奖,0.00,0.00,1,0,0,0,0,0,0,否,否,否,0,0,675751,675751,4751779667077826,9461792.0,9461752.0,
普通空转,017.json,17,0,,https://fish-games.s3.amazonaws.com/MahjongWays2/index.html?env=ceshislot.osshaiwai.com&hasFloat=0&token=436475c81b51e6893c740657870f86b7&language=en&debug=1&debugDataPath=https://raw.githubusercontent.com/jygameclub/testdataapi/main/mahjong2date/0525_0433&debugStart=17,https://raw.githubusercontent.com/jygameclub/testdataapi/main/mahjong2date/0525_0433/017.json,https://raw.githubusercontent.com/jygameclub/testdataapi/main/mahjong2date/0525_0433,未中奖,0.00,0.00,1,0,0,0,0,0,0,否,否,否,0,1,675761,675761,9561779667087560,9462072.0,9462032.0,
普通空转,018.json,18,0,,https://fish-games.s3.amazonaws.com/MahjongWays2/index.html?env=ceshislot.osshaiwai.com&hasFloat=0&token=436475c81b51e6893c740657870f86b7&language=en&debug=1&debugDataPath=https://raw.githubusercontent.com/jygameclub/testdataapi/main/mahjong2date/0525_0433&debugStart=18,https://raw.githubusercontent.com/jygameclub/testdataapi/main/mahjong2date/0525_0433/018.json,https://raw.githubusercontent.com/jygameclub/testdataapi/main/mahjong2date/0525_0433,未中奖,0.00,0.00,1,0,0,0,0,0,0,否,否,否,0,0,675763,675763,3131779667089026,9462032.0,9461992.0,
普通空转,019.json,19,0,,https://fish-games.s3.amazonaws.com/MahjongWays2/index.html?env=ceshislot.osshaiwai.com&hasFloat=0&token=436475c81b51e6893c740657870f86b7&language=en&debug=1&debugDataPath=https://raw.githubusercontent.com/jygameclub/testdataapi/main/mahjong2date/0525_0433&debugStart=19,https://raw.githubusercontent.com/jygameclub/testdataapi/main/mahjong2date/0525_0433/019.json,https://raw.githubusercontent.com/jygameclub/testdataapi/main/mahjong2date/0525_0433,未中奖,0.00,0.00,1,0,0,0,0,0,0,否,否,否,0,0,675764,675764,8641779667089877,9461992.0,9461952.0,
普通空转,020.json,20,0,,https://fish-games.s3.amazonaws.com/MahjongWays2/index.html?env=ceshislot.osshaiwai.com&hasFloat=0&token=436475c81b51e6893c740657870f86b7&language=en&debug=1&debugDataPath=https://raw.githubusercontent.com/jygameclub/testdataapi/main/mahjong2date/0525_0433&debugStart=20,https://raw.githubusercontent.com/jygameclub/testdataapi/main/mahjong2date/0525_0433/020.json,https://raw.githubusercontent.com/jygameclub/testdataapi/main/mahjong2date/0525_0433,未中奖,0.00,0.00,1,0,0,0,0,0,0,否,否,否,0,1,675765,675765,7191779667090727,9461952.0,9461912.0,
普通空转,022.json,22,0,,https://fish-games.s3.amazonaws.com/MahjongWays2/index.html?env=ceshislot.osshaiwai.com&hasFloat=0&token=436475c81b51e6893c740657870f86b7&language=en&debug=1&debugDataPath=https://raw.githubusercontent.com/jygameclub/testdataapi/main/mahjong2date/0525_0433&debugStart=22,https://raw.githubusercontent.com/jygameclub/testdataapi/main/mahjong2date/0525_0433/022.json,https://raw.githubusercontent.com/jygameclub/testdataapi/main/mahjong2date/0525_0433,未中奖,0.00,0.00,1,0,0,0,0,0,0,否,否,否,0,2,675772,675772,3771779667095977,9461890.0,9461850.0,
普通空转,024.json,24,0,,https://fish-games.s3.amazonaws.com/MahjongWays2/index.html?env=ceshislot.osshaiwai.com&hasFloat=0&token=436475c81b51e6893c740657870f86b7&language=en&debug=1&debugDataPath=https://raw.githubusercontent.com/jygameclub/testdataapi/main/mahjong2date/0525_0433&debugStart=24,https://raw.githubusercontent.com/jygameclub/testdataapi/main/mahjong2date/0525_0433/024.json,https://raw.githubusercontent.com/jygameclub/testdataapi/main/mahjong2date/0525_0433,未中奖,0.00,0.00,1,0,0,0,0,0,0,否,否,否,0,1,675783,675783,5221779667108627,9462454.0,9462414.0,
普通空转,025.json,25,0,,https://fish-games.s3.amazonaws.com/MahjongWays2/index.html?env=ceshislot.osshaiwai.com&hasFloat=0&token=436475c81b51e6893c740657870f86b7&language=en&debug=1&debugDataPath=https://raw.githubusercontent.com/jygameclub/testdataapi/main/mahjong2date/0525_0433&debugStart=25,https://raw.githubusercontent.com/jygameclub/testdataapi/main/mahjong2date/0525_0433/025.json,https://raw.githubusercontent.com/jygameclub/testdataapi/main/mahjong2date/0525_0433,未中奖,0.00,0.00,1,0,0,0,0,0,0,否,否,否,0,0,675784,675784,1571779667110093,9462414.0,9462374.0,
普通空转,026.json,26,0,,https://fish-games.s3.amazonaws.com/MahjongWays2/index.html?env=ceshislot.osshaiwai.com&hasFloat=0&token=436475c81b51e6893c740657870f86b7&language=en&debug=1&debugDataPath=https://raw.githubusercontent.com/jygameclub/testdataapi/main/mahjong2date/0525_0433&debugStart=26,https://raw.githubusercontent.com/jygameclub/testdataapi/main/mahjong2date/0525_0433/026.json,https://raw.githubusercontent.com/jygameclub/testdataapi/main/mahjong2date/0525_0433,未中奖,0.00,0.00,1,0,0,0,0,0,0,否,否,否,0,1,675785,675785,1471779667110926,9462374.0,9462334.0,
普通空转,027.json,27,0,,https://fish-games.s3.amazonaws.com/MahjongWays2/index.html?env=ceshislot.osshaiwai.com&hasFloat=0&token=436475c81b51e6893c740657870f86b7&language=en&debug=1&debugDataPath=https://raw.githubusercontent.com/jygameclub/testdataapi/main/mahjong2date/0525_0433&debugStart=27,https://raw.githubusercontent.com/jygameclub/testdataapi/main/mahjong2date/0525_0433/027.json,https://raw.githubusercontent.com/jygameclub/testdataapi/main/mahjong2date/0525_0433,未中奖,0.00,0.00,1,0,0,0,0,0,0,否,否,否,0,1,675786,675786,5971779667112410,9462334.0,9462294.0,
普通空转,028.json,28,0,,https://fish-games.s3.amazonaws.com/MahjongWays2/index.html?env=ceshislot.osshaiwai.com&hasFloat=0&token=436475c81b51e6893c740657870f86b7&language=en&debug=1&debugDataPath=https://raw.githubusercontent.com/jygameclub/testdataapi/main/mahjong2date/0525_0433&debugStart=28,https://raw.githubusercontent.com/jygameclub/testdataapi/main/mahjong2date/0525_0433/028.json,https://raw.githubusercontent.com/jygameclub/testdataapi/main/mahjong2date/0525_0433,未中奖,0.00,0.00,1,0,0,0,0,0,0,否,否,否,0,0,675789,675789,1941779667113876,9462294.0,9462254.0,
普通空转,029.json,29,0,,https://fish-games.s3.amazonaws.com/MahjongWays2/index.html?env=ceshislot.osshaiwai.com&hasFloat=0&token=436475c81b51e6893c740657870f86b7&language=en&debug=1&debugDataPath=https://raw.githubusercontent.com/jygameclub/testdataapi/main/mahjong2date/0525_0433&debugStart=29,https://raw.githubusercontent.com/jygameclub/testdataapi/main/mahjong2date/0525_0433/029.json,https://raw.githubusercontent.com/jygameclub/testdataapi/main/mahjong2date/0525_0433,未中奖,0.00,0.00,1,0,0,0,0,0,0,否,否,否,0,0,675791,675791,1471779667114727,9462254.0,9462214.0,
普通空转,031.json,31,0,,https://fish-games.s3.amazonaws.com/MahjongWays2/index.html?env=ceshislot.osshaiwai.com&hasFloat=0&token=436475c81b51e6893c740657870f86b7&language=en&debug=1&debugDataPath=https://raw.githubusercontent.com/jygameclub/testdataapi/main/mahjong2date/0525_0433&debugStart=31,https://raw.githubusercontent.com/jygameclub/testdataapi/main/mahjong2date/0525_0433/031.json,https://raw.githubusercontent.com/jygameclub/testdataapi/main/mahjong2date/0525_0433,未中奖,0.00,0.00,1,0,0,0,0,0,0,否,否,否,0,0,675794,675794,6871779667118344,9462190.0,9462150.0,
普通空转,032.json,32,0,,https://fish-games.s3.amazonaws.com/MahjongWays2/index.html?env=ceshislot.osshaiwai.com&hasFloat=0&token=436475c81b51e6893c740657870f86b7&language=en&debug=1&debugDataPath=https://raw.githubusercontent.com/jygameclub/testdataapi/main/mahjong2date/0525_0433&debugStart=32,https://raw.githubusercontent.com/jygameclub/testdataapi/main/mahjong2date/0525_0433/032.json,https://raw.githubusercontent.com/jygameclub/testdataapi/main/mahjong2date/0525_0433,未中奖,0.00,0.00,1,0,0,0,0,0,0,否,否,否,0,0,675796,675796,7801779667119193,9462150.0,9462110.0,
普通空转,033.json,33,0,,https://fish-games.s3.amazonaws.com/MahjongWays2/index.html?env=ceshislot.osshaiwai.com&hasFloat=0&token=436475c81b51e6893c740657870f86b7&language=en&debug=1&debugDataPath=https://raw.githubusercontent.com/jygameclub/testdataapi/main/mahjong2date/0525_0433&debugStart=33,https://raw.githubusercontent.com/jygameclub/testdataapi/main/mahjong2date/0525_0433/033.json,https://raw.githubusercontent.com/jygameclub/testdataapi/main/mahjong2date/0525_0433,未中奖,0.00,0.00,1,0,0,0,0,0,0,否,否,否,0,1,675798,675798,7481779667120060,9462110.0,9462070.0,
普通空转,034.json,34,0,,https://fish-games.s3.amazonaws.com/MahjongWays2/index.html?env=ceshislot.osshaiwai.com&hasFloat=0&token=436475c81b51e6893c740657870f86b7&language=en&debug=1&debugDataPath=https://raw.githubusercontent.com/jygameclub/testdataapi/main/mahjong2date/0525_0433&debugStart=34,https://raw.githubusercontent.com/jygameclub/testdataapi/main/mahjong2date/0525_0433/034.json,https://raw.githubusercontent.com/jygameclub/testdataapi/main/mahjong2date/0525_0433,未中奖,0.00,0.00,1,0,0,0,0,0,0,否,否,否,0,0,675800,675800,2001779667121460,9462070.0,9462030.0,
普通空转,035.json,35,0,,https://fish-games.s3.amazonaws.com/MahjongWays2/index.html?env=ceshislot.osshaiwai.com&hasFloat=0&token=436475c81b51e6893c740657870f86b7&language=en&debug=1&debugDataPath=https://raw.githubusercontent.com/jygameclub/testdataapi/main/mahjong2date/0525_0433&debugStart=35,https://raw.githubusercontent.com/jygameclub/testdataapi/main/mahjong2date/0525_0433/035.json,https://raw.githubusercontent.com/jygameclub/testdataapi/main/mahjong2date/0525_0433,未中奖,0.00,0.00,1,0,0,0,0,0,0,否,否,否,0,0,675802,675802,6191779667122259,9462030.0,9461990.0,
普通空转,038.json,38,0,,https://fish-games.s3.amazonaws.com/MahjongWays2/index.html?env=ceshislot.osshaiwai.com&hasFloat=0&token=436475c81b51e6893c740657870f86b7&language=en&debug=1&debugDataPath=https://raw.githubusercontent.com/jygameclub/testdataapi/main/mahjong2date/0525_0433&debugStart=38,https://raw.githubusercontent.com/jygameclub/testdataapi/main/mahjong2date/0525_0433/038.json,https://raw.githubusercontent.com/jygameclub/testdataapi/main/mahjong2date/0525_0433,未中奖,0.00,0.00,1,0,0,0,0,0,0,否,否,否,0,0,675809,675809,5451779667133577,9462046.0,9462006.0,
普通空转,039.json,39,0,,https://fish-games.s3.amazonaws.com/MahjongWays2/index.html?env=ceshislot.osshaiwai.com&hasFloat=0&token=436475c81b51e6893c740657870f86b7&language=en&debug=1&debugDataPath=https://raw.githubusercontent.com/jygameclub/testdataapi/main/mahjong2date/0525_0433&debugStart=39,https://raw.githubusercontent.com/jygameclub/testdataapi/main/mahjong2date/0525_0433/039.json,https://raw.githubusercontent.com/jygameclub/testdataapi/main/mahjong2date/0525_0433,未中奖,0.00,0.00,1,0,0,0,0,0,0,否,否,否,0,1,675810,675810,2111779667134426,9462006.0,9461966.0,
普通空转,040.json,40,0,,https://fish-games.s3.amazonaws.com/MahjongWays2/index.html?env=ceshislot.osshaiwai.com&hasFloat=0&token=436475c81b51e6893c740657870f86b7&language=en&debug=1&debugDataPath=https://raw.githubusercontent.com/jygameclub/testdataapi/main/mahjong2date/0525_0433&debugStart=40,https://raw.githubusercontent.com/jygameclub/testdataapi/main/mahjong2date/0525_0433/040.json,https://raw.githubusercontent.com/jygameclub/testdataapi/main/mahjong2date/0525_0433,未中奖,0.00,0.00,1,0,0,0,0,0,0,否,否,否,0,1,675811,675811,9031779667135844,9461966.0,9461926.0,
普通空转,041.json,41,0,,https://fish-games.s3.amazonaws.com/MahjongWays2/index.html?env=ceshislot.osshaiwai.com&hasFloat=0&token=436475c81b51e6893c740657870f86b7&language=en&debug=1&debugDataPath=https://raw.githubusercontent.com/jygameclub/testdataapi/main/mahjong2date/0525_0433&debugStart=41,https://raw.githubusercontent.com/jygameclub/testdataapi/main/mahjong2date/0525_0433/041.json,https://raw.githubusercontent.com/jygameclub/testdataapi/main/mahjong2date/0525_0433,未中奖,0.00,0.00,1,0,0,0,0,0,0,否,否,否,0,1,675812,675812,9351779667137326,9461926.0,9461886.0,
普通空转,042.json,42,0,,https://fish-games.s3.amazonaws.com/MahjongWays2/index.html?env=ceshislot.osshaiwai.com&hasFloat=0&token=436475c81b51e6893c740657870f86b7&language=en&debug=1&debugDataPath=https://raw.githubusercontent.com/jygameclub/testdataapi/main/mahjong2date/0525_0433&debugStart=42,https://raw.githubusercontent.com/jygameclub/testdataapi/main/mahjong2date/0525_0433/042.json,https://raw.githubusercontent.com/jygameclub/testdataapi/main/mahjong2date/0525_0433,未中奖,0.00,0.00,1,0,0,0,0,0,0,否,否,否,0,1,675815,675815,7661779667138793,9461886.0,9461846.0,
普通空转,043.json,43,0,,https://fish-games.s3.amazonaws.com/MahjongWays2/index.html?env=ceshislot.osshaiwai.com&hasFloat=0&token=436475c81b51e6893c740657870f86b7&language=en&debug=1&debugDataPath=https://raw.githubusercontent.com/jygameclub/testdataapi/main/mahjong2date/0525_0433&debugStart=43,https://raw.githubusercontent.com/jygameclub/testdataapi/main/mahjong2date/0525_0433/043.json,https://raw.githubusercontent.com/jygameclub/testdataapi/main/mahjong2date/0525_0433,未中奖,0.00,0.00,1,0,0,0,0,0,0,否,否,否,0,1,675818,675818,8801779667140193,9461846.0,9461806.0,
普通空转,044.json,44,0,,https://fish-games.s3.amazonaws.com/MahjongWays2/index.html?env=ceshislot.osshaiwai.com&hasFloat=0&token=436475c81b51e6893c740657870f86b7&language=en&debug=1&debugDataPath=https://raw.githubusercontent.com/jygameclub/testdataapi/main/mahjong2date/0525_0433&debugStart=44,https://raw.githubusercontent.com/jygameclub/testdataapi/main/mahjong2date/0525_0433/044.json,https://raw.githubusercontent.com/jygameclub/testdataapi/main/mahjong2date/0525_0433,未中奖,0.00,0.00,1,0,0,0,0,0,0,否,否,否,0,0,675820,675820,1681779667141676,9461806.0,9461766.0,
普通空转,046.json,46,0,,https://fish-games.s3.amazonaws.com/MahjongWays2/index.html?env=ceshislot.osshaiwai.com&hasFloat=0&token=436475c81b51e6893c740657870f86b7&language=en&debug=1&debugDataPath=https://raw.githubusercontent.com/jygameclub/testdataapi/main/mahjong2date/0525_0433&debugStart=46,https://raw.githubusercontent.com/jygameclub/testdataapi/main/mahjong2date/0525_0433/046.json,https://raw.githubusercontent.com/jygameclub/testdataapi/main/mahjong2date/0525_0433,未中奖,0.00,0.00,1,0,0,0,0,0,0,否,否,否,0,1,675825,675825,7571779667147193,9461746.0,9461706.0,
普通空转,048.json,48,0,,https://fish-games.s3.amazonaws.com/MahjongWays2/index.html?env=ceshislot.osshaiwai.com&hasFloat=0&token=436475c81b51e6893c740657870f86b7&language=en&debug=1&debugDataPath=https://raw.githubusercontent.com/jygameclub/testdataapi/main/mahjong2date/0525_0433&debugStart=48,https://raw.githubusercontent.com/jygameclub/testdataapi/main/mahjong2date/0525_0433/048.json,https://raw.githubusercontent.com/jygameclub/testdataapi/main/mahjong2date/0525_0433,未中奖,0.00,0.00,1,0,0,0,0,0,0,否,否,否,0,1,675833,675833,1571779667152342,9461672.0,9461632.0,
普通空转,050.json,50,0,,https://fish-games.s3.amazonaws.com/MahjongWays2/index.html?env=ceshislot.osshaiwai.com&hasFloat=0&token=436475c81b51e6893c740657870f86b7&language=en&debug=1&debugDataPath=https://raw.githubusercontent.com/jygameclub/testdataapi/main/mahjong2date/0525_0433&debugStart=50,https://raw.githubusercontent.com/jygameclub/testdataapi/main/mahjong2date/0525_0433/050.json,https://raw.githubusercontent.com/jygameclub/testdataapi/main/mahjong2date/0525_0433,未中奖,0.00,0.00,1,0,0,0,0,0,0,否,否,否,0,0,675838,675838,1351779667157577,9461600.0,9461560.0,
普通空转,051.json,51,0,,https://fish-games.s3.amazonaws.com/MahjongWays2/index.html?env=ceshislot.osshaiwai.com&hasFloat=0&token=436475c81b51e6893c740657870f86b7&language=en&debug=1&debugDataPath=https://raw.githubusercontent.com/jygameclub/testdataapi/main/mahjong2date/0525_0433&debugStart=51,https://raw.githubusercontent.com/jygameclub/testdataapi/main/mahjong2date/0525_0433/051.json,https://raw.githubusercontent.com/jygameclub/testdataapi/main/mahjong2date/0525_0433,未中奖,0.00,0.00,1,0,0,0,0,0,0,否,否,否,0,1,675839,675839,9911779667158443,9461560.0,9461520.0,
普通空转,052.json,52,0,,https://fish-games.s3.amazonaws.com/MahjongWays2/index.html?env=ceshislot.osshaiwai.com&hasFloat=0&token=436475c81b51e6893c740657870f86b7&language=en&debug=1&debugDataPath=https://raw.githubusercontent.com/jygameclub/testdataapi/main/mahjong2date/0525_0433&debugStart=52,https://raw.githubusercontent.com/jygameclub/testdataapi/main/mahjong2date/0525_0433/052.json,https://raw.githubusercontent.com/jygameclub/testdataapi/main/mahjong2date/0525_0433,未中奖,0.00,0.00,1,0,0,0,0,0,0,否,否,否,0,1,675840,675840,4101779667159843,9461520.0,9461480.0,
普通空转,055.json,55,0,,https://fish-games.s3.amazonaws.com/MahjongWays2/index.html?env=ceshislot.osshaiwai.com&hasFloat=0&token=436475c81b51e6893c740657870f86b7&language=en&debug=1&debugDataPath=https://raw.githubusercontent.com/jygameclub/testdataapi/main/mahjong2date/0525_0433&debugStart=55,https://raw.githubusercontent.com/jygameclub/testdataapi/main/mahjong2date/0525_0433/055.json,https://raw.githubusercontent.com/jygameclub/testdataapi/main/mahjong2date/0525_0433,未中奖,0.00,0.00,1,0,0,0,0,0,0,否,否,否,0,0,675846,675846,2381779667170926,9461532.0,9461492.0,
普通空转,056.json,56,0,,https://fish-games.s3.amazonaws.com/MahjongWays2/index.html?env=ceshislot.osshaiwai.com&hasFloat=0&token=436475c81b51e6893c740657870f86b7&language=en&debug=1&debugDataPath=https://raw.githubusercontent.com/jygameclub/testdataapi/main/mahjong2date/0525_0433&debugStart=56,https://raw.githubusercontent.com/jygameclub/testdataapi/main/mahjong2date/0525_0433/056.json,https://raw.githubusercontent.com/jygameclub/testdataapi/main/mahjong2date/0525_0433,未中奖,0.00,0.00,1,0,0,0,0,0,0,否,否,否,0,0,675847,675847,7341779667171775,9461492.0,9461452.0,
普通空转,058.json,58,0,,https://fish-games.s3.amazonaws.com/MahjongWays2/index.html?env=ceshislot.osshaiwai.com&hasFloat=0&token=436475c81b51e6893c740657870f86b7&language=en&debug=1&debugDataPath=https://raw.githubusercontent.com/jygameclub/testdataapi/main/mahjong2date/0525_0433&debugStart=58,https://raw.githubusercontent.com/jygameclub/testdataapi/main/mahjong2date/0525_0433/058.json,https://raw.githubusercontent.com/jygameclub/testdataapi/main/mahjong2date/0525_0433,未中奖,0.00,0.00,1,0,0,0,0,0,0,否,否,否,0,0,675850,675850,8791779667175276,9461432.0,9461392.0,
普通空转,059.json,59,0,,https://fish-games.s3.amazonaws.com/MahjongWays2/index.html?env=ceshislot.osshaiwai.com&hasFloat=0&token=436475c81b51e6893c740657870f86b7&language=en&debug=1&debugDataPath=https://raw.githubusercontent.com/jygameclub/testdataapi/main/mahjong2date/0525_0433&debugStart=59,https://raw.githubusercontent.com/jygameclub/testdataapi/main/mahjong2date/0525_0433/059.json,https://raw.githubusercontent.com/jygameclub/testdataapi/main/mahjong2date/0525_0433,未中奖,0.00,0.00,1,0,0,0,0,0,0,否,否,否,0,1,675851,675851,1491779667176076,9461392.0,9461352.0,
普通空转,060.json,60,0,,https://fish-games.s3.amazonaws.com/MahjongWays2/index.html?env=ceshislot.osshaiwai.com&hasFloat=0&token=436475c81b51e6893c740657870f86b7&language=en&debug=1&debugDataPath=https://raw.githubusercontent.com/jygameclub/testdataapi/main/mahjong2date/0525_0433&debugStart=60,https://raw.githubusercontent.com/jygameclub/testdataapi/main/mahjong2date/0525_0433/060.json,https://raw.githubusercontent.com/jygameclub/testdataapi/main/mahjong2date/0525_0433,未中奖,0.00,0.00,1,0,0,0,0,0,0,否,否,否,0,0,675852,675852,4271779667177776,9461352.0,9461312.0,
普通空转,061.json,61,0,,https://fish-games.s3.amazonaws.com/MahjongWays2/index.html?env=ceshislot.osshaiwai.com&hasFloat=0&token=436475c81b51e6893c740657870f86b7&language=en&debug=1&debugDataPath=https://raw.githubusercontent.com/jygameclub/testdataapi/main/mahjong2date/0525_0433&debugStart=61,https://raw.githubusercontent.com/jygameclub/testdataapi/main/mahjong2date/0525_0433/061.json,https://raw.githubusercontent.com/jygameclub/testdataapi/main/mahjong2date/0525_0433,未中奖,0.00,0.00,1,0,0,0,0,0,0,否,否,否,0,0,675853,675853,5491779667178576,9461312.0,9461272.0,
普通空转,062.json,62,0,,https://fish-games.s3.amazonaws.com/MahjongWays2/index.html?env=ceshislot.osshaiwai.com&hasFloat=0&token=436475c81b51e6893c740657870f86b7&language=en&debug=1&debugDataPath=https://raw.githubusercontent.com/jygameclub/testdataapi/main/mahjong2date/0525_0433&debugStart=62,https://raw.githubusercontent.com/jygameclub/testdataapi/main/mahjong2date/0525_0433/062.json,https://raw.githubusercontent.com/jygameclub/testdataapi/main/mahjong2date/0525_0433,未中奖,0.00,0.00,1,0,0,0,0,0,0,否,否,否,0,1,675854,675854,3821779667179376,9461272.0,9461232.0,
普通空转,064.json,64,0,,https://fish-games.s3.amazonaws.com/MahjongWays2/index.html?env=ceshislot.osshaiwai.com&hasFloat=0&token=436475c81b51e6893c740657870f86b7&language=en&debug=1&debugDataPath=https://raw.githubusercontent.com/jygameclub/testdataapi/main/mahjong2date/0525_0433&debugStart=64,https://raw.githubusercontent.com/jygameclub/testdataapi/main/mahjong2date/0525_0433/064.json,https://raw.githubusercontent.com/jygameclub/testdataapi/main/mahjong2date/0525_0433,未中奖,0.00,0.00,1,0,0,0,0,0,0,否,否,否,0,1,675857,675857,1331779667183493,9461232.0,9461192.0,
普通空转,066.json,66,0,,https://fish-games.s3.amazonaws.com/MahjongWays2/index.html?env=ceshislot.osshaiwai.com&hasFloat=0&token=436475c81b51e6893c740657870f86b7&language=en&debug=1&debugDataPath=https://raw.githubusercontent.com/jygameclub/testdataapi/main/mahjong2date/0525_0433&debugStart=66,https://raw.githubusercontent.com/jygameclub/testdataapi/main/mahjong2date/0525_0433/066.json,https://raw.githubusercontent.com/jygameclub/testdataapi/main/mahjong2date/0525_0433,未中奖,0.00,0.00,1,0,0,0,0,0,0,否,否,否,0,1,675860,675860,3711779667187642,9461182.0,9461142.0,
普通空转,067.json,67,0,,https://fish-games.s3.amazonaws.com/MahjongWays2/index.html?env=ceshislot.osshaiwai.com&hasFloat=0&token=436475c81b51e6893c740657870f86b7&language=en&debug=1&debugDataPath=https://raw.githubusercontent.com/jygameclub/testdataapi/main/mahjong2date/0525_0433&debugStart=67,https://raw.githubusercontent.com/jygameclub/testdataapi/main/mahjong2date/0525_0433/067.json,https://raw.githubusercontent.com/jygameclub/testdataapi/main/mahjong2date/0525_0433,未中奖,0.00,0.00,1,0,0,0,0,0,0,否,否,否,0,0,675861,675861,8591779667189109,9461142.0,9461102.0,
普通空转,068.json,68,0,,https://fish-games.s3.amazonaws.com/MahjongWays2/index.html?env=ceshislot.osshaiwai.com&hasFloat=0&token=436475c81b51e6893c740657870f86b7&language=en&debug=1&debugDataPath=https://raw.githubusercontent.com/jygameclub/testdataapi/main/mahjong2date/0525_0433&debugStart=68,https://raw.githubusercontent.com/jygameclub/testdataapi/main/mahjong2date/0525_0433/068.json,https://raw.githubusercontent.com/jygameclub/testdataapi/main/mahjong2date/0525_0433,未中奖,0.00,0.00,1,0,0,0,0,0,0,否,否,否,0,0,675862,675862,7241779667189976,9461102.0,9461062.0,
普通空转,070.json,70,0,,https://fish-games.s3.amazonaws.com/MahjongWays2/index.html?env=ceshislot.osshaiwai.com&hasFloat=0&token=436475c81b51e6893c740657870f86b7&language=en&debug=1&debugDataPath=https://raw.githubusercontent.com/jygameclub/testdataapi/main/mahjong2date/0525_0433&debugStart=70,https://raw.githubusercontent.com/jygameclub/testdataapi/main/mahjong2date/0525_0433/070.json,https://raw.githubusercontent.com/jygameclub/testdataapi/main/mahjong2date/0525_0433,未中奖,0.00,0.00,1,0,0,0,0,0,0,否,否,否,0,0,675868,675868,1931779667197809,9461548.0,9461508.0,
普通空转,071.json,71,0,,https://fish-games.s3.amazonaws.com/MahjongWays2/index.html?env=ceshislot.osshaiwai.com&hasFloat=0&token=436475c81b51e6893c740657870f86b7&language=en&debug=1&debugDataPath=https://raw.githubusercontent.com/jygameclub/testdataapi/main/mahjong2date/0525_0433&debugStart=71,https://raw.githubusercontent.com/jygameclub/testdataapi/main/mahjong2date/0525_0433/071.json,https://raw.githubusercontent.com/jygameclub/testdataapi/main/mahjong2date/0525_0433,未中奖,0.00,0.00,1,0,0,0,0,0,0,否,否,否,0,1,675869,675869,4421779667198675,9461508.0,9461468.0,
普通空转,072.json,72,0,,https://fish-games.s3.amazonaws.com/MahjongWays2/index.html?env=ceshislot.osshaiwai.com&hasFloat=0&token=436475c81b51e6893c740657870f86b7&language=en&debug=1&debugDataPath=https://raw.githubusercontent.com/jygameclub/testdataapi/main/mahjong2date/0525_0433&debugStart=72,https://raw.githubusercontent.com/jygameclub/testdataapi/main/mahjong2date/0525_0433/072.json,https://raw.githubusercontent.com/jygameclub/testdataapi/main/mahjong2date/0525_0433,未中奖,0.00,0.00,1,0,0,0,0,0,0,否,否,否,0,0,675871,675871,7311779667200142,9461468.0,9461428.0,
普通空转,073.json,73,0,,https://fish-games.s3.amazonaws.com/MahjongWays2/index.html?env=ceshislot.osshaiwai.com&hasFloat=0&token=436475c81b51e6893c740657870f86b7&language=en&debug=1&debugDataPath=https://raw.githubusercontent.com/jygameclub/testdataapi/main/mahjong2date/0525_0433&debugStart=73,https://raw.githubusercontent.com/jygameclub/testdataapi/main/mahjong2date/0525_0433/073.json,https://raw.githubusercontent.com/jygameclub/testdataapi/main/mahjong2date/0525_0433,未中奖,0.00,0.00,1,0,0,0,0,0,0,否,否,否,0,0,675872,675872,6901779667200927,9461428.0,9461388.0,
普通空转,076.json,76,0,,https://fish-games.s3.amazonaws.com/MahjongWays2/index.html?env=ceshislot.osshaiwai.com&hasFloat=0&token=436475c81b51e6893c740657870f86b7&language=en&debug=1&debugDataPath=https://raw.githubusercontent.com/jygameclub/testdataapi/main/mahjong2date/0525_0433&debugStart=76,https://raw.githubusercontent.com/jygameclub/testdataapi/main/mahjong2date/0525_0433/076.json,https://raw.githubusercontent.com/jygameclub/testdataapi/main/mahjong2date/0525_0433,未中奖,0.00,0.00,1,0,0,0,0,0,0,否,否,否,0,0,675886,675886,9161779667215576,9461798.0,9461758.0,
普通空转,077.json,77,0,,https://fish-games.s3.amazonaws.com/MahjongWays2/index.html?env=ceshislot.osshaiwai.com&hasFloat=0&token=436475c81b51e6893c740657870f86b7&language=en&debug=1&debugDataPath=https://raw.githubusercontent.com/jygameclub/testdataapi/main/mahjong2date/0525_0433&debugStart=77,https://raw.githubusercontent.com/jygameclub/testdataapi/main/mahjong2date/0525_0433/077.json,https://raw.githubusercontent.com/jygameclub/testdataapi/main/mahjong2date/0525_0433,未中奖,0.00,0.00,1,0,0,0,0,0,0,否,否,否,0,1,675887,675887,9001779667216426,9461758.0,9461718.0,
普通空转,078.json,78,0,,https://fish-games.s3.amazonaws.com/MahjongWays2/index.html?env=ceshislot.osshaiwai.com&hasFloat=0&token=436475c81b51e6893c740657870f86b7&language=en&debug=1&debugDataPath=https://raw.githubusercontent.com/jygameclub/testdataapi/main/mahjong2date/0525_0433&debugStart=78,https://raw.githubusercontent.com/jygameclub/testdataapi/main/mahjong2date/0525_0433/078.json,https://raw.githubusercontent.com/jygameclub/testdataapi/main/mahjong2date/0525_0433,未中奖,0.00,0.00,1,0,0,0,0,0,0,否,否,否,0,0,675889,675889,4971779667217893,9461718.0,9461678.0,
普通空转,080.json,80,0,,https://fish-games.s3.amazonaws.com/MahjongWays2/index.html?env=ceshislot.osshaiwai.com&hasFloat=0&token=436475c81b51e6893c740657870f86b7&language=en&debug=1&debugDataPath=https://raw.githubusercontent.com/jygameclub/testdataapi/main/mahjong2date/0525_0433&debugStart=80,https://raw.githubusercontent.com/jygameclub/testdataapi/main/mahjong2date/0525_0433/080.json,https://raw.githubusercontent.com/jygameclub/testdataapi/main/mahjong2date/0525_0433,未中奖,0.00,0.00,1,0,0,0,0,0,0,否,否,否,0,0,675895,675895,2251779667221426,9461654.0,9461614.0,
普通空转,081.json,81,0,,https://fish-games.s3.amazonaws.com/MahjongWays2/index.html?env=ceshislot.osshaiwai.com&hasFloat=0&token=436475c81b51e6893c740657870f86b7&language=en&debug=1&debugDataPath=https://raw.githubusercontent.com/jygameclub/testdataapi/main/mahjong2date/0525_0433&debugStart=81,https://raw.githubusercontent.com/jygameclub/testdataapi/main/mahjong2date/0525_0433/081.json,https://raw.githubusercontent.com/jygameclub/testdataapi/main/mahjong2date/0525_0433,未中奖,0.00,0.00,1,0,0,0,0,0,0,否,否,否,0,1,675896,675896,6001779667222210,9461614.0,9461574.0,
普通空转,082.json,82,0,,https://fish-games.s3.amazonaws.com/MahjongWays2/index.html?env=ceshislot.osshaiwai.com&hasFloat=0&token=436475c81b51e6893c740657870f86b7&language=en&debug=1&debugDataPath=https://raw.githubusercontent.com/jygameclub/testdataapi/main/mahjong2date/0525_0433&debugStart=82,https://raw.githubusercontent.com/jygameclub/testdataapi/main/mahjong2date/0525_0433/082.json,https://raw.githubusercontent.com/jygameclub/testdataapi/main/mahjong2date/0525_0433,未中奖,0.00,0.00,1,0,0,0,0,0,0,否,否,否,0,0,675897,675897,7021779667223626,9461574.0,9461534.0,
普通空转,083.json,83,0,,https://fish-games.s3.amazonaws.com/MahjongWays2/index.html?env=ceshislot.osshaiwai.com&hasFloat=0&token=436475c81b51e6893c740657870f86b7&language=en&debug=1&debugDataPath=https://raw.githubusercontent.com/jygameclub/testdataapi/main/mahjong2date/0525_0433&debugStart=83,https://raw.githubusercontent.com/jygameclub/testdataapi/main/mahjong2date/0525_0433/083.json,https://raw.githubusercontent.com/jygameclub/testdataapi/main/mahjong2date/0525_0433,未中奖,0.00,0.00,1,0,0,0,0,0,0,否,否,否,0,0,675898,675898,5231779667224426,9461534.0,9461494.0,
普通空转,085.json,85,0,,https://fish-games.s3.amazonaws.com/MahjongWays2/index.html?env=ceshislot.osshaiwai.com&hasFloat=0&token=436475c81b51e6893c740657870f86b7&language=en&debug=1&debugDataPath=https://raw.githubusercontent.com/jygameclub/testdataapi/main/mahjong2date/0525_0433&debugStart=85,https://raw.githubusercontent.com/jygameclub/testdataapi/main/mahjong2date/0525_0433/085.json,https://raw.githubusercontent.com/jygameclub/testdataapi/main/mahjong2date/0525_0433,未中奖,0.00,0.00,1,0,0,0,0,0,0,否,否,否,0,0,675953,675953,7861779667340309,9464586.0,9464546.0,
普通空转,086.json,86,0,,https://fish-games.s3.amazonaws.com/MahjongWays2/index.html?env=ceshislot.osshaiwai.com&hasFloat=0&token=436475c81b51e6893c740657870f86b7&language=en&debug=1&debugDataPath=https://raw.githubusercontent.com/jygameclub/testdataapi/main/mahjong2date/0525_0433&debugStart=86,https://raw.githubusercontent.com/jygameclub/testdataapi/main/mahjong2date/0525_0433/086.json,https://raw.githubusercontent.com/jygameclub/testdataapi/main/mahjong2date/0525_0433,未中奖,0.00,0.00,1,0,0,0,0,0,0,否,否,否,0,0,675955,675955,7451779667341109,9464546.0,9464506.0,
普通空转,087.json,87,0,,https://fish-games.s3.amazonaws.com/MahjongWays2/index.html?env=ceshislot.osshaiwai.com&hasFloat=0&token=436475c81b51e6893c740657870f86b7&language=en&debug=1&debugDataPath=https://raw.githubusercontent.com/jygameclub/testdataapi/main/mahjong2date/0525_0433&debugStart=87,https://raw.githubusercontent.com/jygameclub/testdataapi/main/mahjong2date/0525_0433/087.json,https://raw.githubusercontent.com/jygameclub/testdataapi/main/mahjong2date/0525_0433,未中奖,0.00,0.00,1,0,0,0,0,0,0,否,否,否,0,0,675956,675956,9691779667341959,9464506.0,9464466.0,
普通空转,089.json,89,0,,https://fish-games.s3.amazonaws.com/MahjongWays2/index.html?env=ceshislot.osshaiwai.com&hasFloat=0&token=436475c81b51e6893c740657870f86b7&language=en&debug=1&debugDataPath=https://raw.githubusercontent.com/jygameclub/testdataapi/main/mahjong2date/0525_0433&debugStart=89,https://raw.githubusercontent.com/jygameclub/testdataapi/main/mahjong2date/0525_0433/089.json,https://raw.githubusercontent.com/jygameclub/testdataapi/main/mahjong2date/0525_0433,未中奖,0.00,0.00,1,0,0,0,0,0,0,否,否,否,0,0,675965,675965,9761779667347592,9464482.0,9464442.0,
普通空转,091.json,91,0,,https://fish-games.s3.amazonaws.com/MahjongWays2/index.html?env=ceshislot.osshaiwai.com&hasFloat=0&token=436475c81b51e6893c740657870f86b7&language=en&debug=1&debugDataPath=https://raw.githubusercontent.com/jygameclub/testdataapi/main/mahjong2date/0525_0433&debugStart=91,https://raw.githubusercontent.com/jygameclub/testdataapi/main/mahjong2date/0525_0433/091.json,https://raw.githubusercontent.com/jygameclub/testdataapi/main/mahjong2date/0525_0433,未中奖,0.00,0.00,1,0,0,0,0,0,0,否,否,否,0,0,675974,675974,8251779667355309,9464522.0,9464482.0,
普通空转,092.json,92,0,,https://fish-games.s3.amazonaws.com/MahjongWays2/index.html?env=ceshislot.osshaiwai.com&hasFloat=0&token=436475c81b51e6893c740657870f86b7&language=en&debug=1&debugDataPath=https://raw.githubusercontent.com/jygameclub/testdataapi/main/mahjong2date/0525_0433&debugStart=92,https://raw.githubusercontent.com/jygameclub/testdataapi/main/mahjong2date/0525_0433/092.json,https://raw.githubusercontent.com/jygameclub/testdataapi/main/mahjong2date/0525_0433,未中奖,0.00,0.00,1,0,0,0,0,0,0,否,否,否,0,1,675976,675976,7271779667356091,9464482.0,9464442.0,
普通空转,094.json,94,0,,https://fish-games.s3.amazonaws.com/MahjongWays2/index.html?env=ceshislot.osshaiwai.com&hasFloat=0&token=436475c81b51e6893c740657870f86b7&language=en&debug=1&debugDataPath=https://raw.githubusercontent.com/jygameclub/testdataapi/main/mahjong2date/0525_0433&debugStart=94,https://raw.githubusercontent.com/jygameclub/testdataapi/main/mahjong2date/0525_0433/094.json,https://raw.githubusercontent.com/jygameclub/testdataapi/main/mahjong2date/0525_0433,未中奖,0.00,0.00,1,0,0,0,0,0,0,否,否,否,0,1,675986,675986,5931779667362257,9464546.0,9464506.0,
普通空转,095.json,95,0,,https://fish-games.s3.amazonaws.com/MahjongWays2/index.html?env=ceshislot.osshaiwai.com&hasFloat=0&token=436475c81b51e6893c740657870f86b7&language=en&debug=1&debugDataPath=https://raw.githubusercontent.com/jygameclub/testdataapi/main/mahjong2date/0525_0433&debugStart=95,https://raw.githubusercontent.com/jygameclub/testdataapi/main/mahjong2date/0525_0433/095.json,https://raw.githubusercontent.com/jygameclub/testdataapi/main/mahjong2date/0525_0433,未中奖,0.00,0.00,1,0,0,0,0,0,0,否,否,否,0,0,675989,675989,3041779667363725,9464506.0,9464466.0,
普通空转,097.json,97,0,,https://fish-games.s3.amazonaws.com/MahjongWays2/index.html?env=ceshislot.osshaiwai.com&hasFloat=0&token=436475c81b51e6893c740657870f86b7&language=en&debug=1&debugDataPath=https://raw.githubusercontent.com/jygameclub/testdataapi/main/mahjong2date/0525_0433&debugStart=97,https://raw.githubusercontent.com/jygameclub/testdataapi/main/mahjong2date/0525_0433/097.json,https://raw.githubusercontent.com/jygameclub/testdataapi/main/mahjong2date/0525_0433,未中奖,0.00,0.00,1,0,0,0,0,0,0,否,否,否,0,0,675992,675992,4631779667367176,9464432.0,9464392.0,
普通空转,100.json,100,0,,https://fish-games.s3.amazonaws.com/MahjongWays2/index.html?env=ceshislot.osshaiwai.com&hasFloat=0&token=436475c81b51e6893c740657870f86b7&language=en&debug=1&debugDataPath=https://raw.githubusercontent.com/jygameclub/testdataapi/main/mahjong2date/0525_0433&debugStart=100,https://raw.githubusercontent.com/jygameclub/testdataapi/main/mahjong2date/0525_0433/100.json,https://raw.githubusercontent.com/jygameclub/testdataapi/main/mahjong2date/0525_0433,未中奖,0.00,0.00,1,0,0,0,0,0,0,否,否,否,0,1,675999,675999,7531779667373292,9464392.0,9464352.0,
普通空转,102.json,102,0,,https://fish-games.s3.amazonaws.com/MahjongWays2/index.html?env=ceshislot.osshaiwai.com&hasFloat=0&token=436475c81b51e6893c740657870f86b7&language=en&debug=1&debugDataPath=https://raw.githubusercontent.com/jygameclub/testdataapi/main/mahjong2date/0525_0433&debugStart=102,https://raw.githubusercontent.com/jygameclub/testdataapi/main/mahjong2date/0525_0433/102.json,https://raw.githubusercontent.com/jygameclub/testdataapi/main/mahjong2date/0525_0433,未中奖,0.00,0.00,1,0,0,0,0,0,0,否,否,否,0,0,676003,676003,8711779667379425,9464388.0,9464348.0,
普通空转,104.json,104,0,,https://fish-games.s3.amazonaws.com/MahjongWays2/index.html?env=ceshislot.osshaiwai.com&hasFloat=0&token=436475c81b51e6893c740657870f86b7&language=en&debug=1&debugDataPath=https://raw.githubusercontent.com/jygameclub/testdataapi/main/mahjong2date/0525_0433&debugStart=104,https://raw.githubusercontent.com/jygameclub/testdataapi/main/mahjong2date/0525_0433/104.json,https://raw.githubusercontent.com/jygameclub/testdataapi/main/mahjong2date/0525_0433,未中奖,0.00,0.00,1,0,0,0,0,0,0,否,否,否,0,0,676061,676061,2951779667490391,9466228.0,9466188.0,
普通空转,106.json,106,0,,https://fish-games.s3.amazonaws.com/MahjongWays2/index.html?env=ceshislot.osshaiwai.com&hasFloat=0&token=436475c81b51e6893c740657870f86b7&language=en&debug=1&debugDataPath=https://raw.githubusercontent.com/jygameclub/testdataapi/main/mahjong2date/0525_0433&debugStart=106,https://raw.githubusercontent.com/jygameclub/testdataapi/main/mahjong2date/0525_0433/106.json,https://raw.githubusercontent.com/jygameclub/testdataapi/main/mahjong2date/0525_0433,未中奖,0.00,0.00,1,0,0,0,0,0,0,否,否,否,0,0,676065,676065,4101779667495991,9466184.0,9466144.0,
普通空转,107.json,107,0,,https://fish-games.s3.amazonaws.com/MahjongWays2/index.html?env=ceshislot.osshaiwai.com&hasFloat=0&token=436475c81b51e6893c740657870f86b7&language=en&debug=1&debugDataPath=https://raw.githubusercontent.com/jygameclub/testdataapi/main/mahjong2date/0525_0433&debugStart=107,https://raw.githubusercontent.com/jygameclub/testdataapi/main/mahjong2date/0525_0433/107.json,https://raw.githubusercontent.com/jygameclub/testdataapi/main/mahjong2date/0525_0433,未中奖,0.00,0.00,1,0,0,0,0,0,0,否,否,否,0,0,676066,676066,5231779667496857,9466144.0,9466104.0,
普通空转,108.json,108,0,,https://fish-games.s3.amazonaws.com/MahjongWays2/index.html?env=ceshislot.osshaiwai.com&hasFloat=0&token=436475c81b51e6893c740657870f86b7&language=en&debug=1&debugDataPath=https://raw.githubusercontent.com/jygameclub/testdataapi/main/mahjong2date/0525_0433&debugStart=108,https://raw.githubusercontent.com/jygameclub/testdataapi/main/mahjong2date/0525_0433/108.json,https://raw.githubusercontent.com/jygameclub/testdataapi/main/mahjong2date/0525_0433,未中奖,0.00,0.00,1,0,0,0,0,0,0,否,否,否,0,1,676067,676067,2481779667497657,9466104.0,9466064.0,
普通空转,109.json,109,0,,https://fish-games.s3.amazonaws.com/MahjongWays2/index.html?env=ceshislot.osshaiwai.com&hasFloat=0&token=436475c81b51e6893c740657870f86b7&language=en&debug=1&debugDataPath=https://raw.githubusercontent.com/jygameclub/testdataapi/main/mahjong2date/0525_0433&debugStart=109,https://raw.githubusercontent.com/jygameclub/testdataapi/main/mahjong2date/0525_0433/109.json,https://raw.githubusercontent.com/jygameclub/testdataapi/main/mahjong2date/0525_0433,未中奖,0.00,0.00,1,0,0,0,0,0,0,否,否,否,0,0,676068,676068,6591779667499124,9466064.0,9466024.0,
普通空转,110.json,110,0,,https://fish-games.s3.amazonaws.com/MahjongWays2/index.html?env=ceshislot.osshaiwai.com&hasFloat=0&token=436475c81b51e6893c740657870f86b7&language=en&debug=1&debugDataPath=https://raw.githubusercontent.com/jygameclub/testdataapi/main/mahjong2date/0525_0433&debugStart=110,https://raw.githubusercontent.com/jygameclub/testdataapi/main/mahjong2date/0525_0433/110.json,https://raw.githubusercontent.com/jygameclub/testdataapi/main/mahjong2date/0525_0433,未中奖,0.00,0.00,1,0,0,0,0,0,0,否,否,否,0,1,676069,676069,1221779667499973,9466024.0,9465984.0,
普通空转,111.json,111,0,,https://fish-games.s3.amazonaws.com/MahjongWays2/index.html?env=ceshislot.osshaiwai.com&hasFloat=0&token=436475c81b51e6893c740657870f86b7&language=en&debug=1&debugDataPath=https://raw.githubusercontent.com/jygameclub/testdataapi/main/mahjong2date/0525_0433&debugStart=111,https://raw.githubusercontent.com/jygameclub/testdataapi/main/mahjong2date/0525_0433/111.json,https://raw.githubusercontent.com/jygameclub/testdataapi/main/mahjong2date/0525_0433,未中奖,0.00,0.00,1,0,0,0,0,0,0,否,否,否,0,0,676070,676070,7901779667501507,9465984.0,9465944.0,
普通空转,112.json,112,0,,https://fish-games.s3.amazonaws.com/MahjongWays2/index.html?env=ceshislot.osshaiwai.com&hasFloat=0&token=436475c81b51e6893c740657870f86b7&language=en&debug=1&debugDataPath=https://raw.githubusercontent.com/jygameclub/testdataapi/main/mahjong2date/0525_0433&debugStart=112,https://raw.githubusercontent.com/jygameclub/testdataapi/main/mahjong2date/0525_0433/112.json,https://raw.githubusercontent.com/jygameclub/testdataapi/main/mahjong2date/0525_0433,未中奖,0.00,0.00,1,0,0,0,0,0,0,否,否,否,0,0,676071,676071,4901779667502374,9465944.0,9465904.0,
普通空转,113.json,113,0,,https://fish-games.s3.amazonaws.com/MahjongWays2/index.html?env=ceshislot.osshaiwai.com&hasFloat=0&token=436475c81b51e6893c740657870f86b7&language=en&debug=1&debugDataPath=https://raw.githubusercontent.com/jygameclub/testdataapi/main/mahjong2date/0525_0433&debugStart=113,https://raw.githubusercontent.com/jygameclub/testdataapi/main/mahjong2date/0525_0433/113.json,https://raw.githubusercontent.com/jygameclub/testdataapi/main/mahjong2date/0525_0433,未中奖,0.00,0.00,1,0,0,0,0,0,0,否,否,否,0,0,676072,676072,7831779667503225,9465904.0,9465864.0,
普通空转,115.json,115,0,,https://fish-games.s3.amazonaws.com/MahjongWays2/index.html?env=ceshislot.osshaiwai.com&hasFloat=0&token=436475c81b51e6893c740657870f86b7&language=en&debug=1&debugDataPath=https://raw.githubusercontent.com/jygameclub/testdataapi/main/mahjong2date/0525_0433&debugStart=115,https://raw.githubusercontent.com/jygameclub/testdataapi/main/mahjong2date/0525_0433/115.json,https://raw.githubusercontent.com/jygameclub/testdataapi/main/mahjong2date/0525_0433,未中奖,0.00,0.00,1,0,0,0,0,0,0,否,否,否,0,0,676075,676075,4331779667506691,9465826.0,9465786.0,
普通空转,116.json,116,0,,https://fish-games.s3.amazonaws.com/MahjongWays2/index.html?env=ceshislot.osshaiwai.com&hasFloat=0&token=436475c81b51e6893c740657870f86b7&language=en&debug=1&debugDataPath=https://raw.githubusercontent.com/jygameclub/testdataapi/main/mahjong2date/0525_0433&debugStart=116,https://raw.githubusercontent.com/jygameclub/testdataapi/main/mahjong2date/0525_0433/116.json,https://raw.githubusercontent.com/jygameclub/testdataapi/main/mahjong2date/0525_0433,未中奖,0.00,0.00,1,0,0,0,0,0,0,否,否,否,0,0,676076,676076,9181779667507557,9465786.0,9465746.0,
普通空转,118.json,118,0,,https://fish-games.s3.amazonaws.com/MahjongWays2/index.html?env=ceshislot.osshaiwai.com&hasFloat=0&token=436475c81b51e6893c740657870f86b7&language=en&debug=1&debugDataPath=https://raw.githubusercontent.com/jygameclub/testdataapi/main/mahjong2date/0525_0433&debugStart=118,https://raw.githubusercontent.com/jygameclub/testdataapi/main/mahjong2date/0525_0433/118.json,https://raw.githubusercontent.com/jygameclub/testdataapi/main/mahjong2date/0525_0433,未中奖,0.00,0.00,1,0,0,0,0,0,0,否,否,否,0,0,676083,676083,6551779667513209,9465826.0,9465786.0,
普通空转,119.json,119,0,,https://fish-games.s3.amazonaws.com/MahjongWays2/index.html?env=ceshislot.osshaiwai.com&hasFloat=0&token=436475c81b51e6893c740657870f86b7&language=en&debug=1&debugDataPath=https://raw.githubusercontent.com/jygameclub/testdataapi/main/mahjong2date/0525_0433&debugStart=119,https://raw.githubusercontent.com/jygameclub/testdataapi/main/mahjong2date/0525_0433/119.json,https://raw.githubusercontent.com/jygameclub/testdataapi/main/mahjong2date/0525_0433,未中奖,0.00,0.00,1,0,0,0,0,0,0,否,否,否,0,0,676084,676084,9381779667514056,9465786.0,9465746.0,
普通空转,122.json,122,0,,https://fish-games.s3.amazonaws.com/MahjongWays2/index.html?env=ceshislot.osshaiwai.com&hasFloat=0&token=436475c81b51e6893c740657870f86b7&language=en&debug=1&debugDataPath=https://raw.githubusercontent.com/jygameclub/testdataapi/main/mahjong2date/0525_0433&debugStart=122,https://raw.githubusercontent.com/jygameclub/testdataapi/main/mahjong2date/0525_0433/122.json,https://raw.githubusercontent.com/jygameclub/testdataapi/main/mahjong2date/0525_0433,未中奖,0.00,0.00,1,0,0,0,0,0,0,否,否,否,0,1,676092,676092,8541779667522258,9465736.0,9465696.0,
普通空转,123.json,123,0,,https://fish-games.s3.amazonaws.com/MahjongWays2/index.html?env=ceshislot.osshaiwai.com&hasFloat=0&token=436475c81b51e6893c740657870f86b7&language=en&debug=1&debugDataPath=https://raw.githubusercontent.com/jygameclub/testdataapi/main/mahjong2date/0525_0433&debugStart=123,https://raw.githubusercontent.com/jygameclub/testdataapi/main/mahjong2date/0525_0433/123.json,https://raw.githubusercontent.com/jygameclub/testdataapi/main/mahjong2date/0525_0433,未中奖,0.00,0.00,1,0,0,0,0,0,0,否,否,否,0,1,676094,676094,9971779667523724,9465696.0,9465656.0,
普通空转,124.json,124,0,,https://fish-games.s3.amazonaws.com/MahjongWays2/index.html?env=ceshislot.osshaiwai.com&hasFloat=0&token=436475c81b51e6893c740657870f86b7&language=en&debug=1&debugDataPath=https://raw.githubusercontent.com/jygameclub/testdataapi/main/mahjong2date/0525_0433&debugStart=124,https://raw.githubusercontent.com/jygameclub/testdataapi/main/mahjong2date/0525_0433/124.json,https://raw.githubusercontent.com/jygameclub/testdataapi/main/mahjong2date/0525_0433,未中奖,0.00,0.00,1,0,0,0,0,0,0,否,否,否,0,1,676096,676096,6431779667525124,9465656.0,9465616.0,
普通空转,125.json,125,0,,https://fish-games.s3.amazonaws.com/MahjongWays2/index.html?env=ceshislot.osshaiwai.com&hasFloat=0&token=436475c81b51e6893c740657870f86b7&language=en&debug=1&debugDataPath=https://raw.githubusercontent.com/jygameclub/testdataapi/main/mahjong2date/0525_0433&debugStart=125,https://raw.githubusercontent.com/jygameclub/testdataapi/main/mahjong2date/0525_0433/125.json,https://raw.githubusercontent.com/jygameclub/testdataapi/main/mahjong2date/0525_0433,未中奖,0.00,0.00,1,0,0,0,0,0,0,否,否,否,0,0,676099,676099,6501779667526591,9465616.0,9465576.0,
普通空转,127.json,127,0,,https://fish-games.s3.amazonaws.com/MahjongWays2/index.html?env=ceshislot.osshaiwai.com&hasFloat=0&token=436475c81b51e6893c740657870f86b7&language=en&debug=1&debugDataPath=https://raw.githubusercontent.com/jygameclub/testdataapi/main/mahjong2date/0525_0433&debugStart=127,https://raw.githubusercontent.com/jygameclub/testdataapi/main/mahjong2date/0525_0433/127.json,https://raw.githubusercontent.com/jygameclub/testdataapi/main/mahjong2date/0525_0433,未中奖,0.00,0.00,1,0,0,0,0,0,0,否,否,否,0,0,676106,676106,3651779667532209,9465712.0,9465672.0,
普通空转,128.json,128,0,,https://fish-games.s3.amazonaws.com/MahjongWays2/index.html?env=ceshislot.osshaiwai.com&hasFloat=0&token=436475c81b51e6893c740657870f86b7&language=en&debug=1&debugDataPath=https://raw.githubusercontent.com/jygameclub/testdataapi/main/mahjong2date/0525_0433&debugStart=128,https://raw.githubusercontent.com/jygameclub/testdataapi/main/mahjong2date/0525_0433/128.json,https://raw.githubusercontent.com/jygameclub/testdataapi/main/mahjong2date/0525_0433,未中奖,0.00,0.00,1,0,0,0,0,0,0,否,否,否,0,1,676107,676107,7461779667533075,9465672.0,9465632.0,
普通空转,129.json,129,0,,https://fish-games.s3.amazonaws.com/MahjongWays2/index.html?env=ceshislot.osshaiwai.com&hasFloat=0&token=436475c81b51e6893c740657870f86b7&language=en&debug=1&debugDataPath=https://raw.githubusercontent.com/jygameclub/testdataapi/main/mahjong2date/0525_0433&debugStart=129,https://raw.githubusercontent.com/jygameclub/testdataapi/main/mahjong2date/0525_0433/129.json,https://raw.githubusercontent.com/jygameclub/testdataapi/main/mahjong2date/0525_0433,未中奖,0.00,0.00,1,0,0,0,0,0,0,否,否,否,0,0,676108,676108,9681779667534540,9465632.0,9465592.0,
普通空转,131.json,131,0,,https://fish-games.s3.amazonaws.com/MahjongWays2/index.html?env=ceshislot.osshaiwai.com&hasFloat=0&token=436475c81b51e6893c740657870f86b7&language=en&debug=1&debugDataPath=https://raw.githubusercontent.com/jygameclub/testdataapi/main/mahjong2date/0525_0433&debugStart=131,https://raw.githubusercontent.com/jygameclub/testdataapi/main/mahjong2date/0525_0433/131.json,https://raw.githubusercontent.com/jygameclub/testdataapi/main/mahjong2date/0525_0433,未中奖,0.00,0.00,1,0,0,0,0,0,0,否,否,否,0,0,676111,676111,3491779667539140,9465600.0,9465560.0,
普通空转,132.json,132,0,,https://fish-games.s3.amazonaws.com/MahjongWays2/index.html?env=ceshislot.osshaiwai.com&hasFloat=0&token=436475c81b51e6893c740657870f86b7&language=en&debug=1&debugDataPath=https://raw.githubusercontent.com/jygameclub/testdataapi/main/mahjong2date/0525_0433&debugStart=132,https://raw.githubusercontent.com/jygameclub/testdataapi/main/mahjong2date/0525_0433/132.json,https://raw.githubusercontent.com/jygameclub/testdataapi/main/mahjong2date/0525_0433,未中奖,0.00,0.00,1,0,0,0,0,0,0,否,否,否,0,1,676112,676112,9241779667539992,9465560.0,9465520.0,
普通空转,135.json,135,0,,https://fish-games.s3.amazonaws.com/MahjongWays2/index.html?env=ceshislot.osshaiwai.com&hasFloat=0&token=436475c81b51e6893c740657870f86b7&language=en&debug=1&debugDataPath=https://raw.githubusercontent.com/jygameclub/testdataapi/main/mahjong2date/0525_0433&debugStart=135,https://raw.githubusercontent.com/jygameclub/testdataapi/main/mahjong2date/0525_0433/135.json,https://raw.githubusercontent.com/jygameclub/testdataapi/main/mahjong2date/0525_0433,未中奖,0.00,0.00,1,0,0,0,0,0,0,否,否,否,0,1,676117,676117,3771779667548007,9465454.0,9465414.0,
普通空转,136.json,136,0,,https://fish-games.s3.amazonaws.com/MahjongWays2/index.html?env=ceshislot.osshaiwai.com&hasFloat=0&token=436475c81b51e6893c740657870f86b7&language=en&debug=1&debugDataPath=https://raw.githubusercontent.com/jygameclub/testdataapi/main/mahjong2date/0525_0433&debugStart=136,https://raw.githubusercontent.com/jygameclub/testdataapi/main/mahjong2date/0525_0433/136.json,https://raw.githubusercontent.com/jygameclub/testdataapi/main/mahjong2date/0525_0433,未中奖,0.00,0.00,1,0,0,0,0,0,0,否,否,否,0,0,676118,676118,6431779667549407,9465414.0,9465374.0,
普通空转,137.json,137,0,,https://fish-games.s3.amazonaws.com/MahjongWays2/index.html?env=ceshislot.osshaiwai.com&hasFloat=0&token=436475c81b51e6893c740657870f86b7&language=en&debug=1&debugDataPath=https://raw.githubusercontent.com/jygameclub/testdataapi/main/mahjong2date/0525_0433&debugStart=137,https://raw.githubusercontent.com/jygameclub/testdataapi/main/mahjong2date/0525_0433/137.json,https://raw.githubusercontent.com/jygameclub/testdataapi/main/mahjong2date/0525_0433,未中奖,0.00,0.00,1,0,0,0,0,0,0,否,否,否,0,1,676119,676119,6351779667550274,9465374.0,9465334.0,
普通空转,138.json,138,0,,https://fish-games.s3.amazonaws.com/MahjongWays2/index.html?env=ceshislot.osshaiwai.com&hasFloat=0&token=436475c81b51e6893c740657870f86b7&language=en&debug=1&debugDataPath=https://raw.githubusercontent.com/jygameclub/testdataapi/main/mahjong2date/0525_0433&debugStart=138,https://raw.githubusercontent.com/jygameclub/testdataapi/main/mahjong2date/0525_0433/138.json,https://raw.githubusercontent.com/jygameclub/testdataapi/main/mahjong2date/0525_0433,未中奖,0.00,0.00,1,0,0,0,0,0,0,否,否,否,0,0,676120,676120,1131779667551807,9465334.0,9465294.0,
普通空转,139.json,139,0,,https://fish-games.s3.amazonaws.com/MahjongWays2/index.html?env=ceshislot.osshaiwai.com&hasFloat=0&token=436475c81b51e6893c740657870f86b7&language=en&debug=1&debugDataPath=https://raw.githubusercontent.com/jygameclub/testdataapi/main/mahjong2date/0525_0433&debugStart=139,https://raw.githubusercontent.com/jygameclub/testdataapi/main/mahjong2date/0525_0433/139.json,https://raw.githubusercontent.com/jygameclub/testdataapi/main/mahjong2date/0525_0433,未中奖,0.00,0.00,1,0,0,0,0,0,0,否,否,否,0,0,676121,676121,8041779667552674,9465294.0,9465254.0,
普通空转,140.json,140,0,,https://fish-games.s3.amazonaws.com/MahjongWays2/index.html?env=ceshislot.osshaiwai.com&hasFloat=0&token=436475c81b51e6893c740657870f86b7&language=en&debug=1&debugDataPath=https://raw.githubusercontent.com/jygameclub/testdataapi/main/mahjong2date/0525_0433&debugStart=140,https://raw.githubusercontent.com/jygameclub/testdataapi/main/mahjong2date/0525_0433/140.json,https://raw.githubusercontent.com/jygameclub/testdataapi/main/mahjong2date/0525_0433,未中奖,0.00,0.00,1,0,0,0,0,0,0,否,否,否,0,2,676122,676122,5251779667553540,9465254.0,9465214.0,
普通空转,141.json,141,0,,https://fish-games.s3.amazonaws.com/MahjongWays2/index.html?env=ceshislot.osshaiwai.com&hasFloat=0&token=436475c81b51e6893c740657870f86b7&language=en&debug=1&debugDataPath=https://raw.githubusercontent.com/jygameclub/testdataapi/main/mahjong2date/0525_0433&debugStart=141,https://raw.githubusercontent.com/jygameclub/testdataapi/main/mahjong2date/0525_0433/141.json,https://raw.githubusercontent.com/jygameclub/testdataapi/main/mahjong2date/0525_0433,未中奖,0.00,0.00,1,0,0,0,0,0,0,否,否,否,0,0,676123,676123,9711779667555041,9465214.0,9465174.0,
普通空转,144.json,144,0,,https://fish-games.s3.amazonaws.com/MahjongWays2/index.html?env=ceshislot.osshaiwai.com&hasFloat=0&token=436475c81b51e6893c740657870f86b7&language=en&debug=1&debugDataPath=https://raw.githubusercontent.com/jygameclub/testdataapi/main/mahjong2date/0525_0433&debugStart=144,https://raw.githubusercontent.com/jygameclub/testdataapi/main/mahjong2date/0525_0433/144.json,https://raw.githubusercontent.com/jygameclub/testdataapi/main/mahjong2date/0525_0433,未中奖,0.00,0.00,1,0,0,0,0,0,0,否,否,否,0,1,676129,676129,8961779667563456,9465178.0,9465138.0,
普通空转,145.json,145,0,,https://fish-games.s3.amazonaws.com/MahjongWays2/index.html?env=ceshislot.osshaiwai.com&hasFloat=0&token=436475c81b51e6893c740657870f86b7&language=en&debug=1&debugDataPath=https://raw.githubusercontent.com/jygameclub/testdataapi/main/mahjong2date/0525_0433&debugStart=145,https://raw.githubusercontent.com/jygameclub/testdataapi/main/mahjong2date/0525_0433/145.json,https://raw.githubusercontent.com/jygameclub/testdataapi/main/mahjong2date/0525_0433,未中奖,0.00,0.00,1,0,0,0,0,0,0,否,否,否,0,1,676130,676130,5911779667564856,9465138.0,9465098.0,
普通空转,146.json,146,0,,https://fish-games.s3.amazonaws.com/MahjongWays2/index.html?env=ceshislot.osshaiwai.com&hasFloat=0&token=436475c81b51e6893c740657870f86b7&language=en&debug=1&debugDataPath=https://raw.githubusercontent.com/jygameclub/testdataapi/main/mahjong2date/0525_0433&debugStart=146,https://raw.githubusercontent.com/jygameclub/testdataapi/main/mahjong2date/0525_0433/146.json,https://raw.githubusercontent.com/jygameclub/testdataapi/main/mahjong2date/0525_0433,未中奖,0.00,0.00,1,0,0,0,0,0,0,否,否,否,0,0,676131,676131,5321779667566323,9465098.0,9465058.0,
普通空转,147.json,147,0,,https://fish-games.s3.amazonaws.com/MahjongWays2/index.html?env=ceshislot.osshaiwai.com&hasFloat=0&token=436475c81b51e6893c740657870f86b7&language=en&debug=1&debugDataPath=https://raw.githubusercontent.com/jygameclub/testdataapi/main/mahjong2date/0525_0433&debugStart=147,https://raw.githubusercontent.com/jygameclub/testdataapi/main/mahjong2date/0525_0433/147.json,https://raw.githubusercontent.com/jygameclub/testdataapi/main/mahjong2date/0525_0433,未中奖,0.00,0.00,1,0,0,0,0,0,0,否,否,否,0,1,676132,676132,7111779667567173,9465058.0,9465018.0,
普通空转,148.json,148,0,,https://fish-games.s3.amazonaws.com/MahjongWays2/index.html?env=ceshislot.osshaiwai.com&hasFloat=0&token=436475c81b51e6893c740657870f86b7&language=en&debug=1&debugDataPath=https://raw.githubusercontent.com/jygameclub/testdataapi/main/mahjong2date/0525_0433&debugStart=148,https://raw.githubusercontent.com/jygameclub/testdataapi/main/mahjong2date/0525_0433/148.json,https://raw.githubusercontent.com/jygameclub/testdataapi/main/mahjong2date/0525_0433,未中奖,0.00,0.00,1,0,0,0,0,0,0,否,否,否,0,1,676133,676133,7991779667568573,9465018.0,9464978.0,
普通空转,149.json,149,0,,https://fish-games.s3.amazonaws.com/MahjongWays2/index.html?env=ceshislot.osshaiwai.com&hasFloat=0&token=436475c81b51e6893c740657870f86b7&language=en&debug=1&debugDataPath=https://raw.githubusercontent.com/jygameclub/testdataapi/main/mahjong2date/0525_0433&debugStart=149,https://raw.githubusercontent.com/jygameclub/testdataapi/main/mahjong2date/0525_0433/149.json,https://raw.githubusercontent.com/jygameclub/testdataapi/main/mahjong2date/0525_0433,未中奖,0.00,0.00,1,0,0,0,0,0,0,否,否,否,0,2,676134,676134,6201779667570057,9464978.0,9464938.0,
普通空转,151.json,151,0,,https://fish-games.s3.amazonaws.com/MahjongWays2/index.html?env=ceshislot.osshaiwai.com&hasFloat=0&token=436475c81b51e6893c740657870f86b7&language=en&debug=1&debugDataPath=https://raw.githubusercontent.com/jygameclub/testdataapi/main/mahjong2date/0525_0433&debugStart=151,https://raw.githubusercontent.com/jygameclub/testdataapi/main/mahjong2date/0525_0433/151.json,https://raw.githubusercontent.com/jygameclub/testdataapi/main/mahjong2date/0525_0433,未中奖,0.00,0.00,1,0,0,0,0,0,0,否,否,否,0,1,676137,676137,4221779667575373,9464906.0,9464866.0,
普通空转,153.json,153,0,,https://fish-games.s3.amazonaws.com/MahjongWays2/index.html?env=ceshislot.osshaiwai.com&hasFloat=0&token=436475c81b51e6893c740657870f86b7&language=en&debug=1&debugDataPath=https://raw.githubusercontent.com/jygameclub/testdataapi/main/mahjong2date/0525_0433&debugStart=153,https://raw.githubusercontent.com/jygameclub/testdataapi/main/mahjong2date/0525_0433/153.json,https://raw.githubusercontent.com/jygameclub/testdataapi/main/mahjong2date/0525_0433,未中奖,0.00,0.00,1,0,0,0,0,0,0,否,否,否,0,0,676145,676145,6251779667580540,9464846.0,9464806.0,
普通空转,154.json,154,0,,https://fish-games.s3.amazonaws.com/MahjongWays2/index.html?env=ceshislot.osshaiwai.com&hasFloat=0&token=436475c81b51e6893c740657870f86b7&language=en&debug=1&debugDataPath=https://raw.githubusercontent.com/jygameclub/testdataapi/main/mahjong2date/0525_0433&debugStart=154,https://raw.githubusercontent.com/jygameclub/testdataapi/main/mahjong2date/0525_0433/154.json,https://raw.githubusercontent.com/jygameclub/testdataapi/main/mahjong2date/0525_0433,未中奖,0.00,0.00,1,0,0,0,0,0,0,否,否,否,0,0,676146,676146,2751779667581390,9464806.0,9464766.0,
普通空转,155.json,155,0,,https://fish-games.s3.amazonaws.com/MahjongWays2/index.html?env=ceshislot.osshaiwai.com&hasFloat=0&token=436475c81b51e6893c740657870f86b7&language=en&debug=1&debugDataPath=https://raw.githubusercontent.com/jygameclub/testdataapi/main/mahjong2date/0525_0433&debugStart=155,https://raw.githubusercontent.com/jygameclub/testdataapi/main/mahjong2date/0525_0433/155.json,https://raw.githubusercontent.com/jygameclub/testdataapi/main/mahjong2date/0525_0433,未中奖,0.00,0.00,1,0,0,0,0,0,0,否,否,否,0,1,676148,676148,5711779667582240,9464766.0,9464726.0,
普通空转,158.json,158,0,,https://fish-games.s3.amazonaws.com/MahjongWays2/index.html?env=ceshislot.osshaiwai.com&hasFloat=0&token=436475c81b51e6893c740657870f86b7&language=en&debug=1&debugDataPath=https://raw.githubusercontent.com/jygameclub/testdataapi/main/mahjong2date/0525_0433&debugStart=158,https://raw.githubusercontent.com/jygameclub/testdataapi/main/mahjong2date/0525_0433/158.json,https://raw.githubusercontent.com/jygameclub/testdataapi/main/mahjong2date/0525_0433,未中奖,0.00,0.00,1,0,0,0,0,0,0,否,否,否,0,1,676155,676155,2521779667591123,9465018.0,9464978.0,
普通空转,159.json,159,0,,https://fish-games.s3.amazonaws.com/MahjongWays2/index.html?env=ceshislot.osshaiwai.com&hasFloat=0&token=436475c81b51e6893c740657870f86b7&language=en&debug=1&debugDataPath=https://raw.githubusercontent.com/jygameclub/testdataapi/main/mahjong2date/0525_0433&debugStart=159,https://raw.githubusercontent.com/jygameclub/testdataapi/main/mahjong2date/0525_0433/159.json,https://raw.githubusercontent.com/jygameclub/testdataapi/main/mahjong2date/0525_0433,未中奖,0.00,0.00,1,0,0,0,0,0,0,否,否,否,0,1,676156,676156,3181779667592594,9464978.0,9464938.0,
普通空转,160.json,160,0,,https://fish-games.s3.amazonaws.com/MahjongWays2/index.html?env=ceshislot.osshaiwai.com&hasFloat=0&token=436475c81b51e6893c740657870f86b7&language=en&debug=1&debugDataPath=https://raw.githubusercontent.com/jygameclub/testdataapi/main/mahjong2date/0525_0433&debugStart=160,https://raw.githubusercontent.com/jygameclub/testdataapi/main/mahjong2date/0525_0433/160.json,https://raw.githubusercontent.com/jygameclub/testdataapi/main/mahjong2date/0525_0433,未中奖,0.00,0.00,1,0,0,0,0,0,0,否,否,否,0,0,676157,676157,2511779667594073,9464938.0,9464898.0,
普通空转,161.json,161,0,,https://fish-games.s3.amazonaws.com/MahjongWays2/index.html?env=ceshislot.osshaiwai.com&hasFloat=0&token=436475c81b51e6893c740657870f86b7&language=en&debug=1&debugDataPath=https://raw.githubusercontent.com/jygameclub/testdataapi/main/mahjong2date/0525_0433&debugStart=161,https://raw.githubusercontent.com/jygameclub/testdataapi/main/mahjong2date/0525_0433/161.json,https://raw.githubusercontent.com/jygameclub/testdataapi/main/mahjong2date/0525_0433,未中奖,0.00,0.00,1,0,0,0,0,0,0,否,否,否,0,0,676158,676158,9471779667594857,9464898.0,9464858.0,
普通空转,162.json,162,0,,https://fish-games.s3.amazonaws.com/MahjongWays2/index.html?env=ceshislot.osshaiwai.com&hasFloat=0&token=436475c81b51e6893c740657870f86b7&language=en&debug=1&debugDataPath=https://raw.githubusercontent.com/jygameclub/testdataapi/main/mahjong2date/0525_0433&debugStart=162,https://raw.githubusercontent.com/jygameclub/testdataapi/main/mahjong2date/0525_0433/162.json,https://raw.githubusercontent.com/jygameclub/testdataapi/main/mahjong2date/0525_0433,未中奖,0.00,0.00,1,0,0,0,0,0,0,否,否,否,0,1,676159,676159,1241779667595725,9464858.0,9464818.0,
普通空转,164.json,164,0,,https://fish-games.s3.amazonaws.com/MahjongWays2/index.html?env=ceshislot.osshaiwai.com&hasFloat=0&token=436475c81b51e6893c740657870f86b7&language=en&debug=1&debugDataPath=https://raw.githubusercontent.com/jygameclub/testdataapi/main/mahjong2date/0525_0433&debugStart=164,https://raw.githubusercontent.com/jygameclub/testdataapi/main/mahjong2date/0525_0433/164.json,https://raw.githubusercontent.com/jygameclub/testdataapi/main/mahjong2date/0525_0433,未中奖,0.00,0.00,1,0,0,0,0,0,0,否,否,否,0,1,676163,676163,8331779667600990,9464782.0,9464742.0,
普通空转,165.json,165,0,,https://fish-games.s3.amazonaws.com/MahjongWays2/index.html?env=ceshislot.osshaiwai.com&hasFloat=0&token=436475c81b51e6893c740657870f86b7&language=en&debug=1&debugDataPath=https://raw.githubusercontent.com/jygameclub/testdataapi/main/mahjong2date/0525_0433&debugStart=165,https://raw.githubusercontent.com/jygameclub/testdataapi/main/mahjong2date/0525_0433/165.json,https://raw.githubusercontent.com/jygameclub/testdataapi/main/mahjong2date/0525_0433,未中奖,0.00,0.00,1,0,0,0,0,0,0,否,否,否,0,0,676165,676165,6231779667602457,9464742.0,9464702.0,
普通空转,166.json,166,0,,https://fish-games.s3.amazonaws.com/MahjongWays2/index.html?env=ceshislot.osshaiwai.com&hasFloat=0&token=436475c81b51e6893c740657870f86b7&language=en&debug=1&debugDataPath=https://raw.githubusercontent.com/jygameclub/testdataapi/main/mahjong2date/0525_0433&debugStart=166,https://raw.githubusercontent.com/jygameclub/testdataapi/main/mahjong2date/0525_0433/166.json,https://raw.githubusercontent.com/jygameclub/testdataapi/main/mahjong2date/0525_0433,未中奖,0.00,0.00,1,0,0,0,0,0,0,否,否,否,0,1,676167,676167,3611779667603323,9464702.0,9464662.0,
普通空转,168.json,168,0,,https://fish-games.s3.amazonaws.com/MahjongWays2/index.html?env=ceshislot.osshaiwai.com&hasFloat=0&token=436475c81b51e6893c740657870f86b7&language=en&debug=1&debugDataPath=https://raw.githubusercontent.com/jygameclub/testdataapi/main/mahjong2date/0525_0433&debugStart=168,https://raw.githubusercontent.com/jygameclub/testdataapi/main/mahjong2date/0525_0433/168.json,https://raw.githubusercontent.com/jygameclub/testdataapi/main/mahjong2date/0525_0433,未中奖,0.00,0.00,1,0,0,0,0,0,0,否,否,否,0,0,676171,676171,8991779667607524,9464634.0,9464594.0,
普通空转,169.json,169,0,,https://fish-games.s3.amazonaws.com/MahjongWays2/index.html?env=ceshislot.osshaiwai.com&hasFloat=0&token=436475c81b51e6893c740657870f86b7&language=en&debug=1&debugDataPath=https://raw.githubusercontent.com/jygameclub/testdataapi/main/mahjong2date/0525_0433&debugStart=169,https://raw.githubusercontent.com/jygameclub/testdataapi/main/mahjong2date/0525_0433/169.json,https://raw.githubusercontent.com/jygameclub/testdataapi/main/mahjong2date/0525_0433,未中奖,0.00,0.00,1,0,0,0,0,0,0,否,否,否,0,0,676173,676173,5061779667608391,9464594.0,9464554.0,
普通空转,170.json,170,0,,https://fish-games.s3.amazonaws.com/MahjongWays2/index.html?env=ceshislot.osshaiwai.com&hasFloat=0&token=436475c81b51e6893c740657870f86b7&language=en&debug=1&debugDataPath=https://raw.githubusercontent.com/jygameclub/testdataapi/main/mahjong2date/0525_0433&debugStart=170,https://raw.githubusercontent.com/jygameclub/testdataapi/main/mahjong2date/0525_0433/170.json,https://raw.githubusercontent.com/jygameclub/testdataapi/main/mahjong2date/0525_0433,未中奖,0.00,0.00,1,0,0,0,0,0,0,否,否,否,0,1,676175,676175,4301779667609241,9464554.0,9464514.0,
普通空转,171.json,171,0,,https://fish-games.s3.amazonaws.com/MahjongWays2/index.html?env=ceshislot.osshaiwai.com&hasFloat=0&token=436475c81b51e6893c740657870f86b7&language=en&debug=1&debugDataPath=https://raw.githubusercontent.com/jygameclub/testdataapi/main/mahjong2date/0525_0433&debugStart=171,https://raw.githubusercontent.com/jygameclub/testdataapi/main/mahjong2date/0525_0433/171.json,https://raw.githubusercontent.com/jygameclub/testdataapi/main/mahjong2date/0525_0433,未中奖,0.00,0.00,1,0,0,0,0,0,0,否,否,否,0,0,676178,676178,4551779667610640,9464514.0,9464474.0,
普通空转,172.json,172,0,,https://fish-games.s3.amazonaws.com/MahjongWays2/index.html?env=ceshislot.osshaiwai.com&hasFloat=0&token=436475c81b51e6893c740657870f86b7&language=en&debug=1&debugDataPath=https://raw.githubusercontent.com/jygameclub/testdataapi/main/mahjong2date/0525_0433&debugStart=172,https://raw.githubusercontent.com/jygameclub/testdataapi/main/mahjong2date/0525_0433/172.json,https://raw.githubusercontent.com/jygameclub/testdataapi/main/mahjong2date/0525_0433,未中奖,0.00,0.00,1,0,0,0,0,0,0,否,否,否,0,0,676180,676180,3531779667611490,9464474.0,9464434.0,
普通空转,173.json,173,0,,https://fish-games.s3.amazonaws.com/MahjongWays2/index.html?env=ceshislot.osshaiwai.com&hasFloat=0&token=436475c81b51e6893c740657870f86b7&language=en&debug=1&debugDataPath=https://raw.githubusercontent.com/jygameclub/testdataapi/main/mahjong2date/0525_0433&debugStart=173,https://raw.githubusercontent.com/jygameclub/testdataapi/main/mahjong2date/0525_0433/173.json,https://raw.githubusercontent.com/jygameclub/testdataapi/main/mahjong2date/0525_0433,未中奖,0.00,0.00,1,0,0,0,0,0,0,否,否,否,0,0,676182,676182,5681779667612290,9464434.0,9464394.0,
普通空转,174.json,174,0,,https://fish-games.s3.amazonaws.com/MahjongWays2/index.html?env=ceshislot.osshaiwai.com&hasFloat=0&token=436475c81b51e6893c740657870f86b7&language=en&debug=1&debugDataPath=https://raw.githubusercontent.com/jygameclub/testdataapi/main/mahjong2date/0525_0433&debugStart=174,https://raw.githubusercontent.com/jygameclub/testdataapi/main/mahjong2date/0525_0433/174.json,https://raw.githubusercontent.com/jygameclub/testdataapi/main/mahjong2date/0525_0433,未中奖,0.00,0.00,1,0,0,0,0,0,0,否,否,否,0,0,676183,676183,6531779667613139,9464394.0,9464354.0,
普通空转,178.json,178,0,,https://fish-games.s3.amazonaws.com/MahjongWays2/index.html?env=ceshislot.osshaiwai.com&hasFloat=0&token=436475c81b51e6893c740657870f86b7&language=en&debug=1&debugDataPath=https://raw.githubusercontent.com/jygameclub/testdataapi/main/mahjong2date/0525_0433&debugStart=178,https://raw.githubusercontent.com/jygameclub/testdataapi/main/mahjong2date/0525_0433/178.json,https://raw.githubusercontent.com/jygameclub/testdataapi/main/mahjong2date/0525_0433,未中奖,0.00,0.00,1,0,0,0,0,0,0,否,否,否,0,1,676207,676207,9011779667639640,9465074.0,9465034.0,
普通空转,180.json,180,0,,https://fish-games.s3.amazonaws.com/MahjongWays2/index.html?env=ceshislot.osshaiwai.com&hasFloat=0&token=436475c81b51e6893c740657870f86b7&language=en&debug=1&debugDataPath=https://raw.githubusercontent.com/jygameclub/testdataapi/main/mahjong2date/0525_0433&debugStart=180,https://raw.githubusercontent.com/jygameclub/testdataapi/main/mahjong2date/0525_0433/180.json,https://raw.githubusercontent.com/jygameclub/testdataapi/main/mahjong2date/0525_0433,未中奖,0.00,0.00,1,0,0,0,0,0,0,否,否,否,0,1,676212,676212,3831779667644973,9465002.0,9464962.0,
普通空转,181.json,181,0,,https://fish-games.s3.amazonaws.com/MahjongWays2/index.html?env=ceshislot.osshaiwai.com&hasFloat=0&token=436475c81b51e6893c740657870f86b7&language=en&debug=1&debugDataPath=https://raw.githubusercontent.com/jygameclub/testdataapi/main/mahjong2date/0525_0433&debugStart=181,https://raw.githubusercontent.com/jygameclub/testdataapi/main/mahjong2date/0525_0433/181.json,https://raw.githubusercontent.com/jygameclub/testdataapi/main/mahjong2date/0525_0433,未中奖,0.00,0.00,1,0,0,0,0,0,0,否,否,否,0,1,676213,676213,1401779667646440,9464962.0,9464922.0,
普通空转,183.json,183,0,,https://fish-games.s3.amazonaws.com/MahjongWays2/index.html?env=ceshislot.osshaiwai.com&hasFloat=0&token=436475c81b51e6893c740657870f86b7&language=en&debug=1&debugDataPath=https://raw.githubusercontent.com/jygameclub/testdataapi/main/mahjong2date/0525_0433&debugStart=183,https://raw.githubusercontent.com/jygameclub/testdataapi/main/mahjong2date/0525_0433/183.json,https://raw.githubusercontent.com/jygameclub/testdataapi/main/mahjong2date/0525_0433,未中奖,0.00,0.00,1,0,0,0,0,0,0,否,否,否,0,1,676222,676222,5441779667655740,9464942.0,9464902.0,
普通空转,184.json,184,0,,https://fish-games.s3.amazonaws.com/MahjongWays2/index.html?env=ceshislot.osshaiwai.com&hasFloat=0&token=436475c81b51e6893c740657870f86b7&language=en&debug=1&debugDataPath=https://raw.githubusercontent.com/jygameclub/testdataapi/main/mahjong2date/0525_0433&debugStart=184,https://raw.githubusercontent.com/jygameclub/testdataapi/main/mahjong2date/0525_0433/184.json,https://raw.githubusercontent.com/jygameclub/testdataapi/main/mahjong2date/0525_0433,未中奖,0.00,0.00,1,0,0,0,0,0,0,否,否,否,0,0,676224,676224,6191779667657206,9464902.0,9464862.0,
普通空转,186.json,186,0,,https://fish-games.s3.amazonaws.com/MahjongWays2/index.html?env=ceshislot.osshaiwai.com&hasFloat=0&token=436475c81b51e6893c740657870f86b7&language=en&debug=1&debugDataPath=https://raw.githubusercontent.com/jygameclub/testdataapi/main/mahjong2date/0525_0433&debugStart=186,https://raw.githubusercontent.com/jygameclub/testdataapi/main/mahjong2date/0525_0433/186.json,https://raw.githubusercontent.com/jygameclub/testdataapi/main/mahjong2date/0525_0433,未中奖,0.00,0.00,1,0,0,0,0,0,0,否,否,否,0,1,676228,676228,1801779667661806,9464824.0,9464784.0,
普通空转,187.json,187,0,,https://fish-games.s3.amazonaws.com/MahjongWays2/index.html?env=ceshislot.osshaiwai.com&hasFloat=0&token=436475c81b51e6893c740657870f86b7&language=en&debug=1&debugDataPath=https://raw.githubusercontent.com/jygameclub/testdataapi/main/mahjong2date/0525_0433&debugStart=187,https://raw.githubusercontent.com/jygameclub/testdataapi/main/mahjong2date/0525_0433/187.json,https://raw.githubusercontent.com/jygameclub/testdataapi/main/mahjong2date/0525_0433,未中奖,0.00,0.00,1,0,0,0,0,0,0,否,否,否,0,1,676231,676231,9901779667663273,9464784.0,9464744.0,
普通空转,188.json,188,0,,https://fish-games.s3.amazonaws.com/MahjongWays2/index.html?env=ceshislot.osshaiwai.com&hasFloat=0&token=436475c81b51e6893c740657870f86b7&language=en&debug=1&debugDataPath=https://raw.githubusercontent.com/jygameclub/testdataapi/main/mahjong2date/0525_0433&debugStart=188,https://raw.githubusercontent.com/jygameclub/testdataapi/main/mahjong2date/0525_0433/188.json,https://raw.githubusercontent.com/jygameclub/testdataapi/main/mahjong2date/0525_0433,未中奖,0.00,0.00,1,0,0,0,0,0,0,否,否,否,0,0,676233,676233,5571779667664740,9464744.0,9464704.0,
普通空转,189.json,189,0,,https://fish-games.s3.amazonaws.com/MahjongWays2/index.html?env=ceshislot.osshaiwai.com&hasFloat=0&token=436475c81b51e6893c740657870f86b7&language=en&debug=1&debugDataPath=https://raw.githubusercontent.com/jygameclub/testdataapi/main/mahjong2date/0525_0433&debugStart=189,https://raw.githubusercontent.com/jygameclub/testdataapi/main/mahjong2date/0525_0433/189.json,https://raw.githubusercontent.com/jygameclub/testdataapi/main/mahjong2date/0525_0433,未中奖,0.00,0.00,1,0,0,0,0,0,0,否,否,否,0,0,676235,676235,1601779667665590,9464704.0,9464664.0,
普通空转,190.json,190,0,,https://fish-games.s3.amazonaws.com/MahjongWays2/index.html?env=ceshislot.osshaiwai.com&hasFloat=0&token=436475c81b51e6893c740657870f86b7&language=en&debug=1&debugDataPath=https://raw.githubusercontent.com/jygameclub/testdataapi/main/mahjong2date/0525_0433&debugStart=190,https://raw.githubusercontent.com/jygameclub/testdataapi/main/mahjong2date/0525_0433/190.json,https://raw.githubusercontent.com/jygameclub/testdataapi/main/mahjong2date/0525_0433,未中奖,0.00,0.00,1,0,0,0,0,0,0,否,否,否,0,0,676236,676236,4471779667666440,9464664.0,9464624.0,
普通空转,191.json,191,0,,https://fish-games.s3.amazonaws.com/MahjongWays2/index.html?env=ceshislot.osshaiwai.com&hasFloat=0&token=436475c81b51e6893c740657870f86b7&language=en&debug=1&debugDataPath=https://raw.githubusercontent.com/jygameclub/testdataapi/main/mahjong2date/0525_0433&debugStart=191,https://raw.githubusercontent.com/jygameclub/testdataapi/main/mahjong2date/0525_0433/191.json,https://raw.githubusercontent.com/jygameclub/testdataapi/main/mahjong2date/0525_0433,未中奖,0.00,0.00,1,0,0,0,0,0,0,否,否,否,0,1,676238,676238,3961779667667289,9464624.0,9464584.0,
普通空转,192.json,192,0,,https://fish-games.s3.amazonaws.com/MahjongWays2/index.html?env=ceshislot.osshaiwai.com&hasFloat=0&token=436475c81b51e6893c740657870f86b7&language=en&debug=1&debugDataPath=https://raw.githubusercontent.com/jygameclub/testdataapi/main/mahjong2date/0525_0433&debugStart=192,https://raw.githubusercontent.com/jygameclub/testdataapi/main/mahjong2date/0525_0433/192.json,https://raw.githubusercontent.com/jygameclub/testdataapi/main/mahjong2date/0525_0433,未中奖,0.00,0.00,1,0,0,0,0,0,0,否,否,否,0,0,676240,676240,1731779667668773,9464584.0,9464544.0,
普通空转,193.json,193,0,,https://fish-games.s3.amazonaws.com/MahjongWays2/index.html?env=ceshislot.osshaiwai.com&hasFloat=0&token=436475c81b51e6893c740657870f86b7&language=en&debug=1&debugDataPath=https://raw.githubusercontent.com/jygameclub/testdataapi/main/mahjong2date/0525_0433&debugStart=193,https://raw.githubusercontent.com/jygameclub/testdataapi/main/mahjong2date/0525_0433/193.json,https://raw.githubusercontent.com/jygameclub/testdataapi/main/mahjong2date/0525_0433,未中奖,0.00,0.00,1,0,0,0,0,0,0,否,否,否,0,1,676241,676241,5251779667669573,9464544.0,9464504.0,
普通空转,194.json,194,0,,https://fish-games.s3.amazonaws.com/MahjongWays2/index.html?env=ceshislot.osshaiwai.com&hasFloat=0&token=436475c81b51e6893c740657870f86b7&language=en&debug=1&debugDataPath=https://raw.githubusercontent.com/jygameclub/testdataapi/main/mahjong2date/0525_0433&debugStart=194,https://raw.githubusercontent.com/jygameclub/testdataapi/main/mahjong2date/0525_0433/194.json,https://raw.githubusercontent.com/jygameclub/testdataapi/main/mahjong2date/0525_0433,未中奖,0.00,0.00,1,0,0,0,0,0,0,否,否,否,0,1,676242,676242,7161779667671040,9464504.0,9464464.0,
普通空转,196.json,196,0,,https://fish-games.s3.amazonaws.com/MahjongWays2/index.html?env=ceshislot.osshaiwai.com&hasFloat=0&token=436475c81b51e6893c740657870f86b7&language=en&debug=1&debugDataPath=https://raw.githubusercontent.com/jygameclub/testdataapi/main/mahjong2date/0525_0433&debugStart=196,https://raw.githubusercontent.com/jygameclub/testdataapi/main/mahjong2date/0525_0433/196.json,https://raw.githubusercontent.com/jygameclub/testdataapi/main/mahjong2date/0525_0433,未中奖,0.00,0.00,1,0,0,0,0,0,0,否,否,否,0,0,676249,676249,4781779667678239,9464438.0,9464398.0,
普通空转,197.json,197,0,,https://fish-games.s3.amazonaws.com/MahjongWays2/index.html?env=ceshislot.osshaiwai.com&hasFloat=0&token=436475c81b51e6893c740657870f86b7&language=en&debug=1&debugDataPath=https://raw.githubusercontent.com/jygameclub/testdataapi/main/mahjong2date/0525_0433&debugStart=197,https://raw.githubusercontent.com/jygameclub/testdataapi/main/mahjong2date/0525_0433/197.json,https://raw.githubusercontent.com/jygameclub/testdataapi/main/mahjong2date/0525_0433,未中奖,0.00,0.00,1,0,0,0,0,0,0,否,否,否,0,1,676250,676250,7271779667679025,9464398.0,9464358.0,
普通空转,201.json,201,0,,https://fish-games.s3.amazonaws.com/MahjongWays2/index.html?env=ceshislot.osshaiwai.com&hasFloat=0&token=436475c81b51e6893c740657870f86b7&language=en&debug=1&debugDataPath=https://raw.githubusercontent.com/jygameclub/testdataapi/main/mahjong2date/0525_0433&debugStart=201,https://raw.githubusercontent.com/jygameclub/testdataapi/main/mahjong2date/0525_0433/201.json,https://raw.githubusercontent.com/jygameclub/testdataapi/main/mahjong2date/0525_0433,未中奖,0.00,0.00,1,0,0,0,0,0,0,否,否,否,0,1,676267,676267,6181779667693825,9464520.0,9464480.0,
普通空转,203.json,203,0,,https://fish-games.s3.amazonaws.com/MahjongWays2/index.html?env=ceshislot.osshaiwai.com&hasFloat=0&token=436475c81b51e6893c740657870f86b7&language=en&debug=1&debugDataPath=https://raw.githubusercontent.com/jygameclub/testdataapi/main/mahjong2date/0525_0433&debugStart=203,https://raw.githubusercontent.com/jygameclub/testdataapi/main/mahjong2date/0525_0433/203.json,https://raw.githubusercontent.com/jygameclub/testdataapi/main/mahjong2date/0525_0433,未中奖,0.00,0.00,1,0,0,0,0,0,0,否,否,否,0,1,676273,676273,5911779667704256,9464698.0,9464658.0,
普通空转,204.json,204,0,,https://fish-games.s3.amazonaws.com/MahjongWays2/index.html?env=ceshislot.osshaiwai.com&hasFloat=0&token=436475c81b51e6893c740657870f86b7&language=en&debug=1&debugDataPath=https://raw.githubusercontent.com/jygameclub/testdataapi/main/mahjong2date/0525_0433&debugStart=204,https://raw.githubusercontent.com/jygameclub/testdataapi/main/mahjong2date/0525_0433/204.json,https://raw.githubusercontent.com/jygameclub/testdataapi/main/mahjong2date/0525_0433,未中奖,0.00,0.00,1,0,0,0,0,0,0,否,否,否,0,1,676274,676274,3661779667705722,9464658.0,9464618.0,
普通空转,206.json,206,0,,https://fish-games.s3.amazonaws.com/MahjongWays2/index.html?env=ceshislot.osshaiwai.com&hasFloat=0&token=436475c81b51e6893c740657870f86b7&language=en&debug=1&debugDataPath=https://raw.githubusercontent.com/jygameclub/testdataapi/main/mahjong2date/0525_0433&debugStart=206,https://raw.githubusercontent.com/jygameclub/testdataapi/main/mahjong2date/0525_0433/206.json,https://raw.githubusercontent.com/jygameclub/testdataapi/main/mahjong2date/0525_0433,未中奖,0.00,0.00,1,0,0,0,0,0,0,否,否,否,0,1,676297,676297,4951779667784539,9464814.0,9464774.0,
普通空转,207.json,207,0,,https://fish-games.s3.amazonaws.com/MahjongWays2/index.html?env=ceshislot.osshaiwai.com&hasFloat=0&token=436475c81b51e6893c740657870f86b7&language=en&debug=1&debugDataPath=https://raw.githubusercontent.com/jygameclub/testdataapi/main/mahjong2date/0525_0433&debugStart=207,https://raw.githubusercontent.com/jygameclub/testdataapi/main/mahjong2date/0525_0433/207.json,https://raw.githubusercontent.com/jygameclub/testdataapi/main/mahjong2date/0525_0433,未中奖,0.00,0.00,1,0,0,0,0,0,0,否,否,否,0,0,676298,676298,1621779667785956,9464774.0,9464734.0,
普通空转,208.json,208,0,,https://fish-games.s3.amazonaws.com/MahjongWays2/index.html?env=ceshislot.osshaiwai.com&hasFloat=0&token=436475c81b51e6893c740657870f86b7&language=en&debug=1&debugDataPath=https://raw.githubusercontent.com/jygameclub/testdataapi/main/mahjong2date/0525_0433&debugStart=208,https://raw.githubusercontent.com/jygameclub/testdataapi/main/mahjong2date/0525_0433/208.json,https://raw.githubusercontent.com/jygameclub/testdataapi/main/mahjong2date/0525_0433,未中奖,0.00,0.00,1,0,0,0,0,0,0,否,否,否,0,0,676299,676299,9241779667786806,9464734.0,9464694.0,
普通空转,211.json,211,0,,https://fish-games.s3.amazonaws.com/MahjongWays2/index.html?env=ceshislot.osshaiwai.com&hasFloat=0&token=436475c81b51e6893c740657870f86b7&language=en&debug=1&debugDataPath=https://raw.githubusercontent.com/jygameclub/testdataapi/main/mahjong2date/0525_0433&debugStart=211,https://raw.githubusercontent.com/jygameclub/testdataapi/main/mahjong2date/0525_0433/211.json,https://raw.githubusercontent.com/jygameclub/testdataapi/main/mahjong2date/0525_0433,未中奖,0.00,0.00,1,0,0,0,0,0,0,否,否,否,0,0,676311,676311,4431779667798172,9464886.0,9464846.0,
普通空转,213.json,213,0,,https://fish-games.s3.amazonaws.com/MahjongWays2/index.html?env=ceshislot.osshaiwai.com&hasFloat=0&token=436475c81b51e6893c740657870f86b7&language=en&debug=1&debugDataPath=https://raw.githubusercontent.com/jygameclub/testdataapi/main/mahjong2date/0525_0433&debugStart=213,https://raw.githubusercontent.com/jygameclub/testdataapi/main/mahjong2date/0525_0433/213.json,https://raw.githubusercontent.com/jygameclub/testdataapi/main/mahjong2date/0525_0433,未中奖,0.00,0.00,1,0,0,0,0,0,0,否,否,否,0,0,676388,676388,1841779667938137,9466736.0,9466696.0,
普通空转,214.json,214,0,,https://fish-games.s3.amazonaws.com/MahjongWays2/index.html?env=ceshislot.osshaiwai.com&hasFloat=0&token=436475c81b51e6893c740657870f86b7&language=en&debug=1&debugDataPath=https://raw.githubusercontent.com/jygameclub/testdataapi/main/mahjong2date/0525_0433&debugStart=214,https://raw.githubusercontent.com/jygameclub/testdataapi/main/mahjong2date/0525_0433/214.json,https://raw.githubusercontent.com/jygameclub/testdataapi/main/mahjong2date/0525_0433,未中奖,0.00,0.00,1,0,0,0,0,0,0,否,否,否,0,0,676390,676390,3241779667938941,9466696.0,9466656.0,
普通空转,215.json,215,0,,https://fish-games.s3.amazonaws.com/MahjongWays2/index.html?env=ceshislot.osshaiwai.com&hasFloat=0&token=436475c81b51e6893c740657870f86b7&language=en&debug=1&debugDataPath=https://raw.githubusercontent.com/jygameclub/testdataapi/main/mahjong2date/0525_0433&debugStart=215,https://raw.githubusercontent.com/jygameclub/testdataapi/main/mahjong2date/0525_0433/215.json,https://raw.githubusercontent.com/jygameclub/testdataapi/main/mahjong2date/0525_0433,未中奖,0.00,0.00,1,0,0,0,0,0,0,否,否,否,0,0,676392,676392,6391779667939788,9466656.0,9466616.0,
普通空转,216.json,216,0,,https://fish-games.s3.amazonaws.com/MahjongWays2/index.html?env=ceshislot.osshaiwai.com&hasFloat=0&token=436475c81b51e6893c740657870f86b7&language=en&debug=1&debugDataPath=https://raw.githubusercontent.com/jygameclub/testdataapi/main/mahjong2date/0525_0433&debugStart=216,https://raw.githubusercontent.com/jygameclub/testdataapi/main/mahjong2date/0525_0433/216.json,https://raw.githubusercontent.com/jygameclub/testdataapi/main/mahjong2date/0525_0433,未中奖,0.00,0.00,1,0,0,0,0,0,0,否,否,否,0,0,676394,676394,2051779667940704,9466616.0,9466576.0,
普通空转,218.json,218,0,,https://fish-games.s3.amazonaws.com/MahjongWays2/index.html?env=ceshislot.osshaiwai.com&hasFloat=0&token=436475c81b51e6893c740657870f86b7&language=en&debug=1&debugDataPath=https://raw.githubusercontent.com/jygameclub/testdataapi/main/mahjong2date/0525_0433&debugStart=218,https://raw.githubusercontent.com/jygameclub/testdataapi/main/mahjong2date/0525_0433/218.json,https://raw.githubusercontent.com/jygameclub/testdataapi/main/mahjong2date/0525_0433,未中奖,0.00,0.00,1,0,0,0,0,0,0,否,否,否,0,1,676398,676398,4261779667944321,9466584.0,9466544.0,
普通空转,219.json,219,0,,https://fish-games.s3.amazonaws.com/MahjongWays2/index.html?env=ceshislot.osshaiwai.com&hasFloat=0&token=436475c81b51e6893c740657870f86b7&language=en&debug=1&debugDataPath=https://raw.githubusercontent.com/jygameclub/testdataapi/main/mahjong2date/0525_0433&debugStart=219,https://raw.githubusercontent.com/jygameclub/testdataapi/main/mahjong2date/0525_0433/219.json,https://raw.githubusercontent.com/jygameclub/testdataapi/main/mahjong2date/0525_0433,未中奖,0.00,0.00,1,0,0,0,0,0,0,否,否,否,0,0,676399,676399,3641779667945788,9466544.0,9466504.0,
普通空转,220.json,220,0,,https://fish-games.s3.amazonaws.com/MahjongWays2/index.html?env=ceshislot.osshaiwai.com&hasFloat=0&token=436475c81b51e6893c740657870f86b7&language=en&debug=1&debugDataPath=https://raw.githubusercontent.com/jygameclub/testdataapi/main/mahjong2date/0525_0433&debugStart=220,https://raw.githubusercontent.com/jygameclub/testdataapi/main/mahjong2date/0525_0433/220.json,https://raw.githubusercontent.com/jygameclub/testdataapi/main/mahjong2date/0525_0433,未中奖,0.00,0.00,1,0,0,0,0,0,0,否,否,否,0,0,676402,676402,8931779667946638,9466504.0,9466464.0,
普通空转,221.json,221,0,,https://fish-games.s3.amazonaws.com/MahjongWays2/index.html?env=ceshislot.osshaiwai.com&hasFloat=0&token=436475c81b51e6893c740657870f86b7&language=en&debug=1&debugDataPath=https://raw.githubusercontent.com/jygameclub/testdataapi/main/mahjong2date/0525_0433&debugStart=221,https://raw.githubusercontent.com/jygameclub/testdataapi/main/mahjong2date/0525_0433/221.json,https://raw.githubusercontent.com/jygameclub/testdataapi/main/mahjong2date/0525_0433,未中奖,0.00,0.00,1,0,0,0,0,0,0,否,否,否,0,1,676403,676403,9851779667947488,9466464.0,9466424.0,
普通空转,223.json,223,0,,https://fish-games.s3.amazonaws.com/MahjongWays2/index.html?env=ceshislot.osshaiwai.com&hasFloat=0&token=436475c81b51e6893c740657870f86b7&language=en&debug=1&debugDataPath=https://raw.githubusercontent.com/jygameclub/testdataapi/main/mahjong2date/0525_0433&debugStart=223,https://raw.githubusercontent.com/jygameclub/testdataapi/main/mahjong2date/0525_0433/223.json,https://raw.githubusercontent.com/jygameclub/testdataapi/main/mahjong2date/0525_0433,未中奖,0.00,0.00,1,0,0,0,0,0,0,否,否,否,0,0,676407,676407,3791779667952638,9466394.0,9466354.0,
普通空转,226.json,226,0,,https://fish-games.s3.amazonaws.com/MahjongWays2/index.html?env=ceshislot.osshaiwai.com&hasFloat=0&token=436475c81b51e6893c740657870f86b7&language=en&debug=1&debugDataPath=https://raw.githubusercontent.com/jygameclub/testdataapi/main/mahjong2date/0525_0433&debugStart=226,https://raw.githubusercontent.com/jygameclub/testdataapi/main/mahjong2date/0525_0433/226.json,https://raw.githubusercontent.com/jygameclub/testdataapi/main/mahjong2date/0525_0433,未中奖,0.00,0.00,1,0,0,0,0,0,0,否,否,否,0,1,676415,676415,3641779667958955,9466286.0,9466246.0,
普通空转,229.json,229,0,,https://fish-games.s3.amazonaws.com/MahjongWays2/index.html?env=ceshislot.osshaiwai.com&hasFloat=0&token=436475c81b51e6893c740657870f86b7&language=en&debug=1&debugDataPath=https://raw.githubusercontent.com/jygameclub/testdataapi/main/mahjong2date/0525_0433&debugStart=229,https://raw.githubusercontent.com/jygameclub/testdataapi/main/mahjong2date/0525_0433/229.json,https://raw.githubusercontent.com/jygameclub/testdataapi/main/mahjong2date/0525_0433,未中奖,0.00,0.00,1,0,0,0,0,0,0,否,否,否,0,1,676422,676422,1491779667965856,9466178.0,9466138.0,
普通空转,231.json,231,0,,https://fish-games.s3.amazonaws.com/MahjongWays2/index.html?env=ceshislot.osshaiwai.com&hasFloat=0&token=436475c81b51e6893c740657870f86b7&language=en&debug=1&debugDataPath=https://raw.githubusercontent.com/jygameclub/testdataapi/main/mahjong2date/0525_0433&debugStart=231,https://raw.githubusercontent.com/jygameclub/testdataapi/main/mahjong2date/0525_0433/231.json,https://raw.githubusercontent.com/jygameclub/testdataapi/main/mahjong2date/0525_0433,未中奖,0.00,0.00,1,0,0,0,0,0,0,否,否,否,0,0,676426,676426,4661779667970021,9466106.0,9466066.0,
普通空转,232.json,232,0,,https://fish-games.s3.amazonaws.com/MahjongWays2/index.html?env=ceshislot.osshaiwai.com&hasFloat=0&token=436475c81b51e6893c740657870f86b7&language=en&debug=1&debugDataPath=https://raw.githubusercontent.com/jygameclub/testdataapi/main/mahjong2date/0525_0433&debugStart=232,https://raw.githubusercontent.com/jygameclub/testdataapi/main/mahjong2date/0525_0433/232.json,https://raw.githubusercontent.com/jygameclub/testdataapi/main/mahjong2date/0525_0433,未中奖,0.00,0.00,1,0,0,0,0,0,0,否,否,否,0,0,676427,676427,1361779667970870,9466066.0,9466026.0,
普通空转,233.json,233,0,,https://fish-games.s3.amazonaws.com/MahjongWays2/index.html?env=ceshislot.osshaiwai.com&hasFloat=0&token=436475c81b51e6893c740657870f86b7&language=en&debug=1&debugDataPath=https://raw.githubusercontent.com/jygameclub/testdataapi/main/mahjong2date/0525_0433&debugStart=233,https://raw.githubusercontent.com/jygameclub/testdataapi/main/mahjong2date/0525_0433/233.json,https://raw.githubusercontent.com/jygameclub/testdataapi/main/mahjong2date/0525_0433,未中奖,0.00,0.00,1,0,0,0,0,0,0,否,否,否,0,0,676428,676428,3041779667971722,9466026.0,9465986.0,
普通空转,234.json,234,0,,https://fish-games.s3.amazonaws.com/MahjongWays2/index.html?env=ceshislot.osshaiwai.com&hasFloat=0&token=436475c81b51e6893c740657870f86b7&language=en&debug=1&debugDataPath=https://raw.githubusercontent.com/jygameclub/testdataapi/main/mahjong2date/0525_0433&debugStart=234,https://raw.githubusercontent.com/jygameclub/testdataapi/main/mahjong2date/0525_0433/234.json,https://raw.githubusercontent.com/jygameclub/testdataapi/main/mahjong2date/0525_0433,未中奖,0.00,0.00,1,0,0,0,0,0,0,否,否,否,0,1,676429,676429,4611779667972571,9465986.0,9465946.0,
普通空转,236.json,236,0,,https://fish-games.s3.amazonaws.com/MahjongWays2/index.html?env=ceshislot.osshaiwai.com&hasFloat=0&token=436475c81b51e6893c740657870f86b7&language=en&debug=1&debugDataPath=https://raw.githubusercontent.com/jygameclub/testdataapi/main/mahjong2date/0525_0433&debugStart=236,https://raw.githubusercontent.com/jygameclub/testdataapi/main/mahjong2date/0525_0433/236.json,https://raw.githubusercontent.com/jygameclub/testdataapi/main/mahjong2date/0525_0433,未中奖,0.00,0.00,1,0,0,0,0,0,0,否,否,否,0,0,676432,676432,9921779667988315,9465910.0,9465870.0,
普通空转,237.json,237,0,,https://fish-games.s3.amazonaws.com/MahjongWays2/index.html?env=ceshislot.osshaiwai.com&hasFloat=0&token=436475c81b51e6893c740657870f86b7&language=en&debug=1&debugDataPath=https://raw.githubusercontent.com/jygameclub/testdataapi/main/mahjong2date/0525_0433&debugStart=237,https://raw.githubusercontent.com/jygameclub/testdataapi/main/mahjong2date/0525_0433/237.json,https://raw.githubusercontent.com/jygameclub/testdataapi/main/mahjong2date/0525_0433,未中奖,0.00,0.00,1,0,0,0,0,0,0,否,否,否,0,0,676433,676433,2341779667998315,9465870.0,9465830.0,
普通空转,240.json,240,0,,https://fish-games.s3.amazonaws.com/MahjongWays2/index.html?env=ceshislot.osshaiwai.com&hasFloat=0&token=436475c81b51e6893c740657870f86b7&language=en&debug=1&debugDataPath=https://raw.githubusercontent.com/jygameclub/testdataapi/main/mahjong2date/0525_0433&debugStart=240,https://raw.githubusercontent.com/jygameclub/testdataapi/main/mahjong2date/0525_0433/240.json,https://raw.githubusercontent.com/jygameclub/testdataapi/main/mahjong2date/0525_0433,未中奖,0.00,0.00,1,0,0,0,0,0,0,否,否,否,0,0,676673,676673,6071779668664629,9465962.0,9465922.0,
普通空转,241.json,241,0,,https://fish-games.s3.amazonaws.com/MahjongWays2/index.html?env=ceshislot.osshaiwai.com&hasFloat=0&token=436475c81b51e6893c740657870f86b7&language=en&debug=1&debugDataPath=https://raw.githubusercontent.com/jygameclub/testdataapi/main/mahjong2date/0525_0433&debugStart=241,https://raw.githubusercontent.com/jygameclub/testdataapi/main/mahjong2date/0525_0433/241.json,https://raw.githubusercontent.com/jygameclub/testdataapi/main/mahjong2date/0525_0433,未中奖,0.00,0.00,1,0,0,0,0,0,0,否,否,否,0,0,676674,676674,9971779668665546,9465922.0,9465882.0,
普通空转,243.json,243,0,,https://fish-games.s3.amazonaws.com/MahjongWays2/index.html?env=ceshislot.osshaiwai.com&hasFloat=0&token=436475c81b51e6893c740657870f86b7&language=en&debug=1&debugDataPath=https://raw.githubusercontent.com/jygameclub/testdataapi/main/mahjong2date/0525_0433&debugStart=243,https://raw.githubusercontent.com/jygameclub/testdataapi/main/mahjong2date/0525_0433/243.json,https://raw.githubusercontent.com/jygameclub/testdataapi/main/mahjong2date/0525_0433,未中奖,0.00,0.00,1,0,0,0,0,0,0,否,否,否,0,1,676680,676680,9881779668670179,9465850.0,9465810.0,
普通空转,247.json,247,0,,https://fish-games.s3.amazonaws.com/MahjongWays2/index.html?env=ceshislot.osshaiwai.com&hasFloat=0&token=436475c81b51e6893c740657870f86b7&language=en&debug=1&debugDataPath=https://raw.githubusercontent.com/jygameclub/testdataapi/main/mahjong2date/0525_0433&debugStart=247,https://raw.githubusercontent.com/jygameclub/testdataapi/main/mahjong2date/0525_0433/247.json,https://raw.githubusercontent.com/jygameclub/testdataapi/main/mahjong2date/0525_0433,未中奖,0.00,0.00,1,0,0,0,0,0,0,否,否,否,0,0,676693,676693,2491779668682231,9465718.0,9465678.0,
普通空转,251.json,251,0,,https://fish-games.s3.amazonaws.com/MahjongWays2/index.html?env=ceshislot.osshaiwai.com&hasFloat=0&token=436475c81b51e6893c740657870f86b7&language=en&debug=1&debugDataPath=https://raw.githubusercontent.com/jygameclub/testdataapi/main/mahjong2date/0525_0433&debugStart=251,https://raw.githubusercontent.com/jygameclub/testdataapi/main/mahjong2date/0525_0433/251.json,https://raw.githubusercontent.com/jygameclub/testdataapi/main/mahjong2date/0525_0433,未中奖,0.00,0.00,1,0,0,0,0,0,0,否,否,否,0,0,676710,676710,2071779668695680,9465784.0,9465744.0,
普通空转,252.json,252,0,,https://fish-games.s3.amazonaws.com/MahjongWays2/index.html?env=ceshislot.osshaiwai.com&hasFloat=0&token=436475c81b51e6893c740657870f86b7&language=en&debug=1&debugDataPath=https://raw.githubusercontent.com/jygameclub/testdataapi/main/mahjong2date/0525_0433&debugStart=252,https://raw.githubusercontent.com/jygameclub/testdataapi/main/mahjong2date/0525_0433/252.json,https://raw.githubusercontent.com/jygameclub/testdataapi/main/mahjong2date/0525_0433,未中奖,0.00,0.00,1,0,0,0,0,0,0,否,否,否,0,1,676712,676712,1411779668696748,9465744.0,9465704.0,
普通空转,254.json,254,0,,https://fish-games.s3.amazonaws.com/MahjongWays2/index.html?env=ceshislot.osshaiwai.com&hasFloat=0&token=436475c81b51e6893c740657870f86b7&language=en&debug=1&debugDataPath=https://raw.githubusercontent.com/jygameclub/testdataapi/main/mahjong2date/0525_0433&debugStart=254,https://raw.githubusercontent.com/jygameclub/testdataapi/main/mahjong2date/0525_0433/254.json,https://raw.githubusercontent.com/jygameclub/testdataapi/main/mahjong2date/0525_0433,未中奖,0.00,0.00,1,0,0,0,0,0,0,否,否,否,0,0,676719,676719,7221779668701097,9465856.0,9465816.0,
普通空转,255.json,255,0,,https://fish-games.s3.amazonaws.com/MahjongWays2/index.html?env=ceshislot.osshaiwai.com&hasFloat=0&token=436475c81b51e6893c740657870f86b7&language=en&debug=1&debugDataPath=https://raw.githubusercontent.com/jygameclub/testdataapi/main/mahjong2date/0525_0433&debugStart=255,https://raw.githubusercontent.com/jygameclub/testdataapi/main/mahjong2date/0525_0433/255.json,https://raw.githubusercontent.com/jygameclub/testdataapi/main/mahjong2date/0525_0433,未中奖,0.00,0.00,1,0,0,0,0,0,0,否,否,否,0,2,676720,676720,5261779668702096,9465816.0,9465776.0,
普通空转,256.json,256,0,,https://fish-games.s3.amazonaws.com/MahjongWays2/index.html?env=ceshislot.osshaiwai.com&hasFloat=0&token=436475c81b51e6893c740657870f86b7&language=en&debug=1&debugDataPath=https://raw.githubusercontent.com/jygameclub/testdataapi/main/mahjong2date/0525_0433&debugStart=256,https://raw.githubusercontent.com/jygameclub/testdataapi/main/mahjong2date/0525_0433/256.json,https://raw.githubusercontent.com/jygameclub/testdataapi/main/mahjong2date/0525_0433,未中奖,0.00,0.00,1,0,0,0,0,0,0,否,否,否,0,0,676721,676721,5111779668703746,9465776.0,9465736.0,
普通空转,257.json,257,0,,https://fish-games.s3.amazonaws.com/MahjongWays2/index.html?env=ceshislot.osshaiwai.com&hasFloat=0&token=436475c81b51e6893c740657870f86b7&language=en&debug=1&debugDataPath=https://raw.githubusercontent.com/jygameclub/testdataapi/main/mahjong2date/0525_0433&debugStart=257,https://raw.githubusercontent.com/jygameclub/testdataapi/main/mahjong2date/0525_0433/257.json,https://raw.githubusercontent.com/jygameclub/testdataapi/main/mahjong2date/0525_0433,未中奖,0.00,0.00,1,0,0,0,0,0,0,否,否,否,0,1,676723,676723,4571779668704680,9465736.0,9465696.0,
普通空转,259.json,259,0,,https://fish-games.s3.amazonaws.com/MahjongWays2/index.html?env=ceshislot.osshaiwai.com&hasFloat=0&token=436475c81b51e6893c740657870f86b7&language=en&debug=1&debugDataPath=https://raw.githubusercontent.com/jygameclub/testdataapi/main/mahjong2date/0525_0433&debugStart=259,https://raw.githubusercontent.com/jygameclub/testdataapi/main/mahjong2date/0525_0433/259.json,https://raw.githubusercontent.com/jygameclub/testdataapi/main/mahjong2date/0525_0433,未中奖,0.00,0.00,1,0,0,0,0,0,0,否,否,否,0,0,676728,676728,5021779668710130,9465658.0,9465618.0,
普通空转,261.json,261,0,,https://fish-games.s3.amazonaws.com/MahjongWays2/index.html?env=ceshislot.osshaiwai.com&hasFloat=0&token=436475c81b51e6893c740657870f86b7&language=en&debug=1&debugDataPath=https://raw.githubusercontent.com/jygameclub/testdataapi/main/mahjong2date/0525_0433&debugStart=261,https://raw.githubusercontent.com/jygameclub/testdataapi/main/mahjong2date/0525_0433/261.json,https://raw.githubusercontent.com/jygameclub/testdataapi/main/mahjong2date/0525_0433,未中奖,0.00,0.00,1,0,0,0,0,0,0,否,否,否,0,0,676740,676740,2781779668725263,9466020.0,9465980.0,
普通空转,262.json,262,0,,https://fish-games.s3.amazonaws.com/MahjongWays2/index.html?env=ceshislot.osshaiwai.com&hasFloat=0&token=436475c81b51e6893c740657870f86b7&language=en&debug=1&debugDataPath=https://raw.githubusercontent.com/jygameclub/testdataapi/main/mahjong2date/0525_0433&debugStart=262,https://raw.githubusercontent.com/jygameclub/testdataapi/main/mahjong2date/0525_0433/262.json,https://raw.githubusercontent.com/jygameclub/testdataapi/main/mahjong2date/0525_0433,未中奖,0.00,0.00,1,0,0,0,0,0,0,否,否,否,0,0,676741,676741,6431779668726181,9465980.0,9465940.0,
普通空转,263.json,263,0,,https://fish-games.s3.amazonaws.com/MahjongWays2/index.html?env=ceshislot.osshaiwai.com&hasFloat=0&token=436475c81b51e6893c740657870f86b7&language=en&debug=1&debugDataPath=https://raw.githubusercontent.com/jygameclub/testdataapi/main/mahjong2date/0525_0433&debugStart=263,https://raw.githubusercontent.com/jygameclub/testdataapi/main/mahjong2date/0525_0433/263.json,https://raw.githubusercontent.com/jygameclub/testdataapi/main/mahjong2date/0525_0433,未中奖,0.00,0.00,1,0,0,0,0,0,0,否,否,否,0,0,676742,676742,6251779668727097,9465940.0,9465900.0,
普通空转,264.json,264,0,,https://fish-games.s3.amazonaws.com/MahjongWays2/index.html?env=ceshislot.osshaiwai.com&hasFloat=0&token=436475c81b51e6893c740657870f86b7&language=en&debug=1&debugDataPath=https://raw.githubusercontent.com/jygameclub/testdataapi/main/mahjong2date/0525_0433&debugStart=264,https://raw.githubusercontent.com/jygameclub/testdataapi/main/mahjong2date/0525_0433/264.json,https://raw.githubusercontent.com/jygameclub/testdataapi/main/mahjong2date/0525_0433,未中奖,0.00,0.00,1,0,0,0,0,0,0,否,否,否,0,0,676743,676743,4721779668728013,9465900.0,9465860.0,
普通空转,266.json,266,0,,https://fish-games.s3.amazonaws.com/MahjongWays2/index.html?env=ceshislot.osshaiwai.com&hasFloat=0&token=436475c81b51e6893c740657870f86b7&language=en&debug=1&debugDataPath=https://raw.githubusercontent.com/jygameclub/testdataapi/main/mahjong2date/0525_0433&debugStart=266,https://raw.githubusercontent.com/jygameclub/testdataapi/main/mahjong2date/0525_0433/266.json,https://raw.githubusercontent.com/jygameclub/testdataapi/main/mahjong2date/0525_0433,未中奖,0.00,0.00,1,0,0,0,0,0,0,否,否,否,0,0,676748,676748,6851779668733896,9465860.0,9465820.0,
普通空转,267.json,267,0,,https://fish-games.s3.amazonaws.com/MahjongWays2/index.html?env=ceshislot.osshaiwai.com&hasFloat=0&token=436475c81b51e6893c740657870f86b7&language=en&debug=1&debugDataPath=https://raw.githubusercontent.com/jygameclub/testdataapi/main/mahjong2date/0525_0433&debugStart=267,https://raw.githubusercontent.com/jygameclub/testdataapi/main/mahjong2date/0525_0433/267.json,https://raw.githubusercontent.com/jygameclub/testdataapi/main/mahjong2date/0525_0433,未中奖,0.00,0.00,1,0,0,0,0,0,0,否,否,否,0,1,676749,676749,9311779668734813,9465820.0,9465780.0,
普通空转,268.json,268,0,,https://fish-games.s3.amazonaws.com/MahjongWays2/index.html?env=ceshislot.osshaiwai.com&hasFloat=0&token=436475c81b51e6893c740657870f86b7&language=en&debug=1&debugDataPath=https://raw.githubusercontent.com/jygameclub/testdataapi/main/mahjong2date/0525_0433&debugStart=268,https://raw.githubusercontent.com/jygameclub/testdataapi/main/mahjong2date/0525_0433/268.json,https://raw.githubusercontent.com/jygameclub/testdataapi/main/mahjong2date/0525_0433,未中奖,0.00,0.00,1,0,0,0,0,0,0,否,否,否,0,0,676750,676750,7271779668736396,9465780.0,9465740.0,
普通空转,269.json,269,0,,https://fish-games.s3.amazonaws.com/MahjongWays2/index.html?env=ceshislot.osshaiwai.com&hasFloat=0&token=436475c81b51e6893c740657870f86b7&language=en&debug=1&debugDataPath=https://raw.githubusercontent.com/jygameclub/testdataapi/main/mahjong2date/0525_0433&debugStart=269,https://raw.githubusercontent.com/jygameclub/testdataapi/main/mahjong2date/0525_0433/269.json,https://raw.githubusercontent.com/jygameclub/testdataapi/main/mahjong2date/0525_0433,未中奖,0.00,0.00,1,0,0,0,0,0,0,否,否,否,0,0,676751,676751,6411779668737446,9465740.0,9465700.0,
普通空转,270.json,270,0,,https://fish-games.s3.amazonaws.com/MahjongWays2/index.html?env=ceshislot.osshaiwai.com&hasFloat=0&token=436475c81b51e6893c740657870f86b7&language=en&debug=1&debugDataPath=https://raw.githubusercontent.com/jygameclub/testdataapi/main/mahjong2date/0525_0433&debugStart=270,https://raw.githubusercontent.com/jygameclub/testdataapi/main/mahjong2date/0525_0433/270.json,https://raw.githubusercontent.com/jygameclub/testdataapi/main/mahjong2date/0525_0433,未中奖,0.00,0.00,1,0,0,0,0,0,0,否,否,否,0,1,676752,676752,1861779668738448,9465700.0,9465660.0,
普通空转,271.json,271,0,,https://fish-games.s3.amazonaws.com/MahjongWays2/index.html?env=ceshislot.osshaiwai.com&hasFloat=0&token=436475c81b51e6893c740657870f86b7&language=en&debug=1&debugDataPath=https://raw.githubusercontent.com/jygameclub/testdataapi/main/mahjong2date/0525_0433&debugStart=271,https://raw.githubusercontent.com/jygameclub/testdataapi/main/mahjong2date/0525_0433/271.json,https://raw.githubusercontent.com/jygameclub/testdataapi/main/mahjong2date/0525_0433,未中奖,0.00,0.00,1,0,0,0,0,0,0,否,否,否,0,1,676753,676753,2791779668740046,9465660.0,9465620.0,
普通空转,273.json,273,0,,https://fish-games.s3.amazonaws.com/MahjongWays2/index.html?env=ceshislot.osshaiwai.com&hasFloat=0&token=436475c81b51e6893c740657870f86b7&language=en&debug=1&debugDataPath=https://raw.githubusercontent.com/jygameclub/testdataapi/main/mahjong2date/0525_0433&debugStart=273,https://raw.githubusercontent.com/jygameclub/testdataapi/main/mahjong2date/0525_0433/273.json,https://raw.githubusercontent.com/jygameclub/testdataapi/main/mahjong2date/0525_0433,未中奖,0.00,0.00,1,0,0,0,0,0,0,否,否,否,0,0,676780,676780,5501779668804479,9465588.0,9465548.0,
普通空转,274.json,274,0,,https://fish-games.s3.amazonaws.com/MahjongWays2/index.html?env=ceshislot.osshaiwai.com&hasFloat=0&token=436475c81b51e6893c740657870f86b7&language=en&debug=1&debugDataPath=https://raw.githubusercontent.com/jygameclub/testdataapi/main/mahjong2date/0525_0433&debugStart=274,https://raw.githubusercontent.com/jygameclub/testdataapi/main/mahjong2date/0525_0433/274.json,https://raw.githubusercontent.com/jygameclub/testdataapi/main/mahjong2date/0525_0433,未中奖,0.00,0.00,1,0,0,0,0,0,0,否,否,否,0,0,676781,676781,9801779668805413,9465548.0,9465508.0,
普通空转,275.json,275,0,,https://fish-games.s3.amazonaws.com/MahjongWays2/index.html?env=ceshislot.osshaiwai.com&hasFloat=0&token=436475c81b51e6893c740657870f86b7&language=en&debug=1&debugDataPath=https://raw.githubusercontent.com/jygameclub/testdataapi/main/mahjong2date/0525_0433&debugStart=275,https://raw.githubusercontent.com/jygameclub/testdataapi/main/mahjong2date/0525_0433/275.json,https://raw.githubusercontent.com/jygameclub/testdataapi/main/mahjong2date/0525_0433,未中奖,0.00,0.00,1,0,0,0,0,0,0,否,否,否,0,1,676782,676782,6801779668806330,9465508.0,9465468.0,
普通空转,276.json,276,0,,https://fish-games.s3.amazonaws.com/MahjongWays2/index.html?env=ceshislot.osshaiwai.com&hasFloat=0&token=436475c81b51e6893c740657870f86b7&language=en&debug=1&debugDataPath=https://raw.githubusercontent.com/jygameclub/testdataapi/main/mahjong2date/0525_0433&debugStart=276,https://raw.githubusercontent.com/jygameclub/testdataapi/main/mahjong2date/0525_0433/276.json,https://raw.githubusercontent.com/jygameclub/testdataapi/main/mahjong2date/0525_0433,未中奖,0.00,0.00,1,0,0,0,0,0,0,否,否,否,0,0,676783,676783,6901779668807861,9465468.0,9465428.0,
普通空转,277.json,277,0,,https://fish-games.s3.amazonaws.com/MahjongWays2/index.html?env=ceshislot.osshaiwai.com&hasFloat=0&token=436475c81b51e6893c740657870f86b7&language=en&debug=1&debugDataPath=https://raw.githubusercontent.com/jygameclub/testdataapi/main/mahjong2date/0525_0433&debugStart=277,https://raw.githubusercontent.com/jygameclub/testdataapi/main/mahjong2date/0525_0433/277.json,https://raw.githubusercontent.com/jygameclub/testdataapi/main/mahjong2date/0525_0433,未中奖,0.00,0.00,1,0,0,0,0,0,0,否,否,否,0,1,676784,676784,7191779668808798,9465428.0,9465388.0,
普通空转,278.json,278,0,,https://fish-games.s3.amazonaws.com/MahjongWays2/index.html?env=ceshislot.osshaiwai.com&hasFloat=0&token=436475c81b51e6893c740657870f86b7&language=en&debug=1&debugDataPath=https://raw.githubusercontent.com/jygameclub/testdataapi/main/mahjong2date/0525_0433&debugStart=278,https://raw.githubusercontent.com/jygameclub/testdataapi/main/mahjong2date/0525_0433/278.json,https://raw.githubusercontent.com/jygameclub/testdataapi/main/mahjong2date/0525_0433,未中奖,0.00,0.00,1,0,0,0,0,0,0,否,否,否,0,0,676786,676786,6841779668810412,9465388.0,9465348.0,
普通空转,280.json,280,0,,https://fish-games.s3.amazonaws.com/MahjongWays2/index.html?env=ceshislot.osshaiwai.com&hasFloat=0&token=436475c81b51e6893c740657870f86b7&language=en&debug=1&debugDataPath=https://raw.githubusercontent.com/jygameclub/testdataapi/main/mahjong2date/0525_0433&debugStart=280,https://raw.githubusercontent.com/jygameclub/testdataapi/main/mahjong2date/0525_0433/280.json,https://raw.githubusercontent.com/jygameclub/testdataapi/main/mahjong2date/0525_0433,未中奖,0.00,0.00,1,0,0,0,0,0,0,否,否,否,0,0,676796,676796,3821779668816196,9465328.0,9465288.0,
普通空转,281.json,281,0,,https://fish-games.s3.amazonaws.com/MahjongWays2/index.html?env=ceshislot.osshaiwai.com&hasFloat=0&token=436475c81b51e6893c740657870f86b7&language=en&debug=1&debugDataPath=https://raw.githubusercontent.com/jygameclub/testdataapi/main/mahjong2date/0525_0433&debugStart=281,https://raw.githubusercontent.com/jygameclub/testdataapi/main/mahjong2date/0525_0433/281.json,https://raw.githubusercontent.com/jygameclub/testdataapi/main/mahjong2date/0525_0433,未中奖,0.00,0.00,1,0,0,0,0,0,0,否,否,否,0,1,676797,676797,9131779668817112,9465288.0,9465248.0,
普通空转,282.json,282,0,,https://fish-games.s3.amazonaws.com/MahjongWays2/index.html?env=ceshislot.osshaiwai.com&hasFloat=0&token=436475c81b51e6893c740657870f86b7&language=en&debug=1&debugDataPath=https://raw.githubusercontent.com/jygameclub/testdataapi/main/mahjong2date/0525_0433&debugStart=282,https://raw.githubusercontent.com/jygameclub/testdataapi/main/mahjong2date/0525_0433/282.json,https://raw.githubusercontent.com/jygameclub/testdataapi/main/mahjong2date/0525_0433,未中奖,0.00,0.00,1,0,0,0,0,0,0,否,否,否,0,2,676799,676799,5931779668818645,9465248.0,9465208.0,
普通空转,283.json,283,0,,https://fish-games.s3.amazonaws.com/MahjongWays2/index.html?env=ceshislot.osshaiwai.com&hasFloat=0&token=436475c81b51e6893c740657870f86b7&language=en&debug=1&debugDataPath=https://raw.githubusercontent.com/jygameclub/testdataapi/main/mahjong2date/0525_0433&debugStart=283,https://raw.githubusercontent.com/jygameclub/testdataapi/main/mahjong2date/0525_0433/283.json,https://raw.githubusercontent.com/jygameclub/testdataapi/main/mahjong2date/0525_0433,未中奖,0.00,0.00,1,0,0,0,0,0,0,否,否,否,0,1,676801,676801,2151779668820213,9465208.0,9465168.0,
普通空转,285.json,285,0,,https://fish-games.s3.amazonaws.com/MahjongWays2/index.html?env=ceshislot.osshaiwai.com&hasFloat=0&token=436475c81b51e6893c740657870f86b7&language=en&debug=1&debugDataPath=https://raw.githubusercontent.com/jygameclub/testdataapi/main/mahjong2date/0525_0433&debugStart=285,https://raw.githubusercontent.com/jygameclub/testdataapi/main/mahjong2date/0525_0433/285.json,https://raw.githubusercontent.com/jygameclub/testdataapi/main/mahjong2date/0525_0433,未中奖,0.00,0.00,1,0,0,0,0,0,0,否,否,否,0,0,676806,676806,3451779668825646,9465130.0,9465090.0,
普通空转,288.json,288,0,,https://fish-games.s3.amazonaws.com/MahjongWays2/index.html?env=ceshislot.osshaiwai.com&hasFloat=0&token=436475c81b51e6893c740657870f86b7&language=en&debug=1&debugDataPath=https://raw.githubusercontent.com/jygameclub/testdataapi/main/mahjong2date/0525_0433&debugStart=288,https://raw.githubusercontent.com/jygameclub/testdataapi/main/mahjong2date/0525_0433/288.json,https://raw.githubusercontent.com/jygameclub/testdataapi/main/mahjong2date/0525_0433,未中奖,0.00,0.00,1,0,0,0,0,0,0,否,否,否,0,0,676817,676817,2191779668835195,9465298.0,9465258.0,
普通空转,289.json,289,0,,https://fish-games.s3.amazonaws.com/MahjongWays2/index.html?env=ceshislot.osshaiwai.com&hasFloat=0&token=436475c81b51e6893c740657870f86b7&language=en&debug=1&debugDataPath=https://raw.githubusercontent.com/jygameclub/testdataapi/main/mahjong2date/0525_0433&debugStart=289,https://raw.githubusercontent.com/jygameclub/testdataapi/main/mahjong2date/0525_0433/289.json,https://raw.githubusercontent.com/jygameclub/testdataapi/main/mahjong2date/0525_0433,未中奖,0.00,0.00,1,0,0,0,0,0,0,否,否,否,0,1,676819,676819,5241779668836196,9465258.0,9465218.0,
普通空转,290.json,290,0,,https://fish-games.s3.amazonaws.com/MahjongWays2/index.html?env=ceshislot.osshaiwai.com&hasFloat=0&token=436475c81b51e6893c740657870f86b7&language=en&debug=1&debugDataPath=https://raw.githubusercontent.com/jygameclub/testdataapi/main/mahjong2date/0525_0433&debugStart=290,https://raw.githubusercontent.com/jygameclub/testdataapi/main/mahjong2date/0525_0433/290.json,https://raw.githubusercontent.com/jygameclub/testdataapi/main/mahjong2date/0525_0433,未中奖,0.00,0.00,1,0,0,0,0,0,0,否,否,否,0,0,676821,676821,1561779668837729,9465218.0,9465178.0,
普通空转,291.json,291,0,,https://fish-games.s3.amazonaws.com/MahjongWays2/index.html?env=ceshislot.osshaiwai.com&hasFloat=0&token=436475c81b51e6893c740657870f86b7&language=en&debug=1&debugDataPath=https://raw.githubusercontent.com/jygameclub/testdataapi/main/mahjong2date/0525_0433&debugStart=291,https://raw.githubusercontent.com/jygameclub/testdataapi/main/mahjong2date/0525_0433/291.json,https://raw.githubusercontent.com/jygameclub/testdataapi/main/mahjong2date/0525_0433,未中奖,0.00,0.00,1,0,0,0,0,0,0,否,否,否,0,0,676823,676823,3701779668838645,9465178.0,9465138.0,
普通空转,292.json,292,0,,https://fish-games.s3.amazonaws.com/MahjongWays2/index.html?env=ceshislot.osshaiwai.com&hasFloat=0&token=436475c81b51e6893c740657870f86b7&language=en&debug=1&debugDataPath=https://raw.githubusercontent.com/jygameclub/testdataapi/main/mahjong2date/0525_0433&debugStart=292,https://raw.githubusercontent.com/jygameclub/testdataapi/main/mahjong2date/0525_0433/292.json,https://raw.githubusercontent.com/jygameclub/testdataapi/main/mahjong2date/0525_0433,未中奖,0.00,0.00,1,0,0,0,0,0,0,否,否,否,0,0,676825,676825,1091779668839495,9465138.0,9465098.0,
普通空转,293.json,293,0,,https://fish-games.s3.amazonaws.com/MahjongWays2/index.html?env=ceshislot.osshaiwai.com&hasFloat=0&token=436475c81b51e6893c740657870f86b7&language=en&debug=1&debugDataPath=https://raw.githubusercontent.com/jygameclub/testdataapi/main/mahjong2date/0525_0433&debugStart=293,https://raw.githubusercontent.com/jygameclub/testdataapi/main/mahjong2date/0525_0433/293.json,https://raw.githubusercontent.com/jygameclub/testdataapi/main/mahjong2date/0525_0433,未中奖,0.00,0.00,1,0,0,0,0,0,0,否,否,否,0,2,676826,676826,9121779668840429,9465098.0,9465058.0,
普通空转,294.json,294,0,,https://fish-games.s3.amazonaws.com/MahjongWays2/index.html?env=ceshislot.osshaiwai.com&hasFloat=0&token=436475c81b51e6893c740657870f86b7&language=en&debug=1&debugDataPath=https://raw.githubusercontent.com/jygameclub/testdataapi/main/mahjong2date/0525_0433&debugStart=294,https://raw.githubusercontent.com/jygameclub/testdataapi/main/mahjong2date/0525_0433/294.json,https://raw.githubusercontent.com/jygameclub/testdataapi/main/mahjong2date/0525_0433,未中奖,0.00,0.00,1,0,0,0,0,0,0,否,否,否,0,0,676827,676827,7601779668842063,9465058.0,9465018.0,
普通空转,296.json,296,0,,https://fish-games.s3.amazonaws.com/MahjongWays2/index.html?env=ceshislot.osshaiwai.com&hasFloat=0&token=436475c81b51e6893c740657870f86b7&language=en&debug=1&debugDataPath=https://raw.githubusercontent.com/jygameclub/testdataapi/main/mahjong2date/0525_0433&debugStart=296,https://raw.githubusercontent.com/jygameclub/testdataapi/main/mahjong2date/0525_0433/296.json,https://raw.githubusercontent.com/jygameclub/testdataapi/main/mahjong2date/0525_0433,未中奖,0.00,0.00,1,0,0,0,0,0,0,否,否,否,0,1,676831,676831,6831779668845912,9464980.0,9464940.0,
普通空转,297.json,297,0,,https://fish-games.s3.amazonaws.com/MahjongWays2/index.html?env=ceshislot.osshaiwai.com&hasFloat=0&token=436475c81b51e6893c740657870f86b7&language=en&debug=1&debugDataPath=https://raw.githubusercontent.com/jygameclub/testdataapi/main/mahjong2date/0525_0433&debugStart=297,https://raw.githubusercontent.com/jygameclub/testdataapi/main/mahjong2date/0525_0433/297.json,https://raw.githubusercontent.com/jygameclub/testdataapi/main/mahjong2date/0525_0433,未中奖,0.00,0.00,1,0,0,0,0,0,0,否,否,否,0,0,676832,676832,7281779668847445,9464940.0,9464900.0,
普通空转,299.json,299,0,,https://fish-games.s3.amazonaws.com/MahjongWays2/index.html?env=ceshislot.osshaiwai.com&hasFloat=0&token=436475c81b51e6893c740657870f86b7&language=en&debug=1&debugDataPath=https://raw.githubusercontent.com/jygameclub/testdataapi/main/mahjong2date/0525_0433&debugStart=299,https://raw.githubusercontent.com/jygameclub/testdataapi/main/mahjong2date/0525_0433/299.json,https://raw.githubusercontent.com/jygameclub/testdataapi/main/mahjong2date/0525_0433,未中奖,0.00,0.00,1,0,0,0,0,0,0,否,否,否,0,0,676835,676835,5721779668852213,9464866.0,9464826.0,
普通空转,300.json,300,0,,https://fish-games.s3.amazonaws.com/MahjongWays2/index.html?env=ceshislot.osshaiwai.com&hasFloat=0&token=436475c81b51e6893c740657870f86b7&language=en&debug=1&debugDataPath=https://raw.githubusercontent.com/jygameclub/testdataapi/main/mahjong2date/0525_0433&debugStart=300,https://raw.githubusercontent.com/jygameclub/testdataapi/main/mahjong2date/0525_0433/300.json,https://raw.githubusercontent.com/jygameclub/testdataapi/main/mahjong2date/0525_0433,未中奖,0.00,0.00,1,0,0,0,0,0,0,否,否,否,0,0,676836,676836,7131779668853214,9464826.0,9464786.0,
普通空转,301.json,301,0,,https://fish-games.s3.amazonaws.com/MahjongWays2/index.html?env=ceshislot.osshaiwai.com&hasFloat=0&token=436475c81b51e6893c740657870f86b7&language=en&debug=1&debugDataPath=https://raw.githubusercontent.com/jygameclub/testdataapi/main/mahjong2date/0525_0433&debugStart=301,https://raw.githubusercontent.com/jygameclub/testdataapi/main/mahjong2date/0525_0433/301.json,https://raw.githubusercontent.com/jygameclub/testdataapi/main/mahjong2date/0525_0433,未中奖,0.00,0.00,1,0,0,0,0,0,0,否,否,否,0,0,676837,676837,5391779668854129,9464786.0,9464746.0,
普通空转,302.json,302,0,,https://fish-games.s3.amazonaws.com/MahjongWays2/index.html?env=ceshislot.osshaiwai.com&hasFloat=0&token=436475c81b51e6893c740657870f86b7&language=en&debug=1&debugDataPath=https://raw.githubusercontent.com/jygameclub/testdataapi/main/mahjong2date/0525_0433&debugStart=302,https://raw.githubusercontent.com/jygameclub/testdataapi/main/mahjong2date/0525_0433/302.json,https://raw.githubusercontent.com/jygameclub/testdataapi/main/mahjong2date/0525_0433,未中奖,0.00,0.00,1,0,0,0,0,0,0,否,否,否,0,0,676838,676838,9871779668855111,9464746.0,9464706.0,
普通空转,306.json,306,0,,https://fish-games.s3.amazonaws.com/MahjongWays2/index.html?env=ceshislot.osshaiwai.com&hasFloat=0&token=436475c81b51e6893c740657870f86b7&language=en&debug=1&debugDataPath=https://raw.githubusercontent.com/jygameclub/testdataapi/main/mahjong2date/0525_0433&debugStart=306,https://raw.githubusercontent.com/jygameclub/testdataapi/main/mahjong2date/0525_0433/306.json,https://raw.githubusercontent.com/jygameclub/testdataapi/main/mahjong2date/0525_0433,未中奖,0.00,0.00,1,0,0,0,0,0,0,否,否,否,0,0,676892,676892,9051779668945661,9465216.0,9465176.0,
普通空转,308.json,308,0,,https://fish-games.s3.amazonaws.com/MahjongWays2/index.html?env=ceshislot.osshaiwai.com&hasFloat=0&token=436475c81b51e6893c740657870f86b7&language=en&debug=1&debugDataPath=https://raw.githubusercontent.com/jygameclub/testdataapi/main/mahjong2date/0525_0433&debugStart=308,https://raw.githubusercontent.com/jygameclub/testdataapi/main/mahjong2date/0525_0433/308.json,https://raw.githubusercontent.com/jygameclub/testdataapi/main/mahjong2date/0525_0433,未中奖,0.00,0.00,1,0,0,0,0,0,0,否,否,否,0,1,676898,676898,5531779668952629,9465156.0,9465116.0,
普通空转,309.json,309,0,,https://fish-games.s3.amazonaws.com/MahjongWays2/index.html?env=ceshislot.osshaiwai.com&hasFloat=0&token=436475c81b51e6893c740657870f86b7&language=en&debug=1&debugDataPath=https://raw.githubusercontent.com/jygameclub/testdataapi/main/mahjong2date/0525_0433&debugStart=309,https://raw.githubusercontent.com/jygameclub/testdataapi/main/mahjong2date/0525_0433/309.json,https://raw.githubusercontent.com/jygameclub/testdataapi/main/mahjong2date/0525_0433,未中奖,0.00,0.00,1,0,0,0,0,0,0,否,否,否,0,0,676899,676899,7831779668954028,9465116.0,9465076.0,
普通空转,311.json,311,0,,https://fish-games.s3.amazonaws.com/MahjongWays2/index.html?env=ceshislot.osshaiwai.com&hasFloat=0&token=436475c81b51e6893c740657870f86b7&language=en&debug=1&debugDataPath=https://raw.githubusercontent.com/jygameclub/testdataapi/main/mahjong2date/0525_0433&debugStart=311,https://raw.githubusercontent.com/jygameclub/testdataapi/main/mahjong2date/0525_0433/311.json,https://raw.githubusercontent.com/jygameclub/testdataapi/main/mahjong2date/0525_0433,未中奖,0.00,0.00,1,0,0,0,0,0,0,否,否,否,0,0,676903,676903,4561779668957710,9465040.0,9465000.0,
普通空转,313.json,313,0,,https://fish-games.s3.amazonaws.com/MahjongWays2/index.html?env=ceshislot.osshaiwai.com&hasFloat=0&token=436475c81b51e6893c740657870f86b7&language=en&debug=1&debugDataPath=https://raw.githubusercontent.com/jygameclub/testdataapi/main/mahjong2date/0525_0433&debugStart=313,https://raw.githubusercontent.com/jygameclub/testdataapi/main/mahjong2date/0525_0433/313.json,https://raw.githubusercontent.com/jygameclub/testdataapi/main/mahjong2date/0525_0433,未中奖,0.00,0.00,1,0,0,0,0,0,0,否,否,否,0,1,676908,676908,9411779668962662,9465014.0,9464974.0,
普通空转,314.json,314,0,,https://fish-games.s3.amazonaws.com/MahjongWays2/index.html?env=ceshislot.osshaiwai.com&hasFloat=0&token=436475c81b51e6893c740657870f86b7&language=en&debug=1&debugDataPath=https://raw.githubusercontent.com/jygameclub/testdataapi/main/mahjong2date/0525_0433&debugStart=314,https://raw.githubusercontent.com/jygameclub/testdataapi/main/mahjong2date/0525_0433/314.json,https://raw.githubusercontent.com/jygameclub/testdataapi/main/mahjong2date/0525_0433,未中奖,0.00,0.00,1,0,0,0,0,0,0,否,否,否,0,0,676910,676910,3501779668964195,9464974.0,9464934.0,
普通空转,315.json,315,0,,https://fish-games.s3.amazonaws.com/MahjongWays2/index.html?env=ceshislot.osshaiwai.com&hasFloat=0&token=436475c81b51e6893c740657870f86b7&language=en&debug=1&debugDataPath=https://raw.githubusercontent.com/jygameclub/testdataapi/main/mahjong2date/0525_0433&debugStart=315,https://raw.githubusercontent.com/jygameclub/testdataapi/main/mahjong2date/0525_0433/315.json,https://raw.githubusercontent.com/jygameclub/testdataapi/main/mahjong2date/0525_0433,未中奖,0.00,0.00,1,0,0,0,0,0,0,否,否,否,0,1,676911,676911,4001779668965178,9464934.0,9464894.0,
普通空转,317.json,317,0,,https://fish-games.s3.amazonaws.com/MahjongWays2/index.html?env=ceshislot.osshaiwai.com&hasFloat=0&token=436475c81b51e6893c740657870f86b7&language=en&debug=1&debugDataPath=https://raw.githubusercontent.com/jygameclub/testdataapi/main/mahjong2date/0525_0433&debugStart=317,https://raw.githubusercontent.com/jygameclub/testdataapi/main/mahjong2date/0525_0433/317.json,https://raw.githubusercontent.com/jygameclub/testdataapi/main/mahjong2date/0525_0433,未中奖,0.00,0.00,1,0,0,0,0,0,0,否,否,否,0,0,676915,676915,5551779668971528,9464882.0,9464842.0,
普通空转,318.json,318,0,,https://fish-games.s3.amazonaws.com/MahjongWays2/index.html?env=ceshislot.osshaiwai.com&hasFloat=0&token=436475c81b51e6893c740657870f86b7&language=en&debug=1&debugDataPath=https://raw.githubusercontent.com/jygameclub/testdataapi/main/mahjong2date/0525_0433&debugStart=318,https://raw.githubusercontent.com/jygameclub/testdataapi/main/mahjong2date/0525_0433/318.json,https://raw.githubusercontent.com/jygameclub/testdataapi/main/mahjong2date/0525_0433,未中奖,0.00,0.00,1,0,0,0,0,0,0,否,否,否,0,0,676916,676916,7251779668972395,9464842.0,9464802.0,
普通空转,319.json,319,0,,https://fish-games.s3.amazonaws.com/MahjongWays2/index.html?env=ceshislot.osshaiwai.com&hasFloat=0&token=436475c81b51e6893c740657870f86b7&language=en&debug=1&debugDataPath=https://raw.githubusercontent.com/jygameclub/testdataapi/main/mahjong2date/0525_0433&debugStart=319,https://raw.githubusercontent.com/jygameclub/testdataapi/main/mahjong2date/0525_0433/319.json,https://raw.githubusercontent.com/jygameclub/testdataapi/main/mahjong2date/0525_0433,未中奖,0.00,0.00,1,0,0,0,0,0,0,否,否,否,0,1,676917,676917,6711779668973177,9464802.0,9464762.0,
普通空转,321.json,321,0,,https://fish-games.s3.amazonaws.com/MahjongWays2/index.html?env=ceshislot.osshaiwai.com&hasFloat=0&token=436475c81b51e6893c740657870f86b7&language=en&debug=1&debugDataPath=https://raw.githubusercontent.com/jygameclub/testdataapi/main/mahjong2date/0525_0433&debugStart=321,https://raw.githubusercontent.com/jygameclub/testdataapi/main/mahjong2date/0525_0433/321.json,https://raw.githubusercontent.com/jygameclub/testdataapi/main/mahjong2date/0525_0433,未中奖,0.00,0.00,1,0,0,0,0,0,0,否,否,否,0,0,676920,676920,5221779668977446,9464730.0,9464690.0,
普通空转,322.json,322,0,,https://fish-games.s3.amazonaws.com/MahjongWays2/index.html?env=ceshislot.osshaiwai.com&hasFloat=0&token=436475c81b51e6893c740657870f86b7&language=en&debug=1&debugDataPath=https://raw.githubusercontent.com/jygameclub/testdataapi/main/mahjong2date/0525_0433&debugStart=322,https://raw.githubusercontent.com/jygameclub/testdataapi/main/mahjong2date/0525_0433/322.json,https://raw.githubusercontent.com/jygameclub/testdataapi/main/mahjong2date/0525_0433,未中奖,0.00,0.00,1,0,0,0,0,0,0,否,否,否,0,0,676921,676921,2921779668978295,9464690.0,9464650.0,
普通空转,323.json,323,0,,https://fish-games.s3.amazonaws.com/MahjongWays2/index.html?env=ceshislot.osshaiwai.com&hasFloat=0&token=436475c81b51e6893c740657870f86b7&language=en&debug=1&debugDataPath=https://raw.githubusercontent.com/jygameclub/testdataapi/main/mahjong2date/0525_0433&debugStart=323,https://raw.githubusercontent.com/jygameclub/testdataapi/main/mahjong2date/0525_0433/323.json,https://raw.githubusercontent.com/jygameclub/testdataapi/main/mahjong2date/0525_0433,未中奖,0.00,0.00,1,0,0,0,0,0,0,否,否,否,0,2,676922,676922,1821779668979145,9464650.0,9464610.0,
普通空转,324.json,324,0,,https://fish-games.s3.amazonaws.com/MahjongWays2/index.html?env=ceshislot.osshaiwai.com&hasFloat=0&token=436475c81b51e6893c740657870f86b7&language=en&debug=1&debugDataPath=https://raw.githubusercontent.com/jygameclub/testdataapi/main/mahjong2date/0525_0433&debugStart=324,https://raw.githubusercontent.com/jygameclub/testdataapi/main/mahjong2date/0525_0433/324.json,https://raw.githubusercontent.com/jygameclub/testdataapi/main/mahjong2date/0525_0433,未中奖,0.00,0.00,1,0,0,0,0,0,0,否,否,否,0,0,676923,676923,1491779668980712,9464610.0,9464570.0,
普通空转,326.json,326,0,,https://fish-games.s3.amazonaws.com/MahjongWays2/index.html?env=ceshislot.osshaiwai.com&hasFloat=0&token=436475c81b51e6893c740657870f86b7&language=en&debug=1&debugDataPath=https://raw.githubusercontent.com/jygameclub/testdataapi/main/mahjong2date/0525_0433&debugStart=326,https://raw.githubusercontent.com/jygameclub/testdataapi/main/mahjong2date/0525_0433/326.json,https://raw.githubusercontent.com/jygameclub/testdataapi/main/mahjong2date/0525_0433,未中奖,0.00,0.00,1,0,0,0,0,0,0,否,否,否,0,1,676973,676973,4471779669100395,9466100.0,9466060.0,
普通空转,328.json,328,0,,https://fish-games.s3.amazonaws.com/MahjongWays2/index.html?env=ceshislot.osshaiwai.com&hasFloat=0&token=436475c81b51e6893c740657870f86b7&language=en&debug=1&debugDataPath=https://raw.githubusercontent.com/jygameclub/testdataapi/main/mahjong2date/0525_0433&debugStart=328,https://raw.githubusercontent.com/jygameclub/testdataapi/main/mahjong2date/0525_0433/328.json,https://raw.githubusercontent.com/jygameclub/testdataapi/main/mahjong2date/0525_0433,未中奖,0.00,0.00,1,0,0,0,0,0,0,否,否,否,0,1,676980,676980,5381779669106794,9466160.0,9466120.0,
普通空转,329.json,329,0,,https://fish-games.s3.amazonaws.com/MahjongWays2/index.html?env=ceshislot.osshaiwai.com&hasFloat=0&token=436475c81b51e6893c740657870f86b7&language=en&debug=1&debugDataPath=https://raw.githubusercontent.com/jygameclub/testdataapi/main/mahjong2date/0525_0433&debugStart=329,https://raw.githubusercontent.com/jygameclub/testdataapi/main/mahjong2date/0525_0433/329.json,https://raw.githubusercontent.com/jygameclub/testdataapi/main/mahjong2date/0525_0433,未中奖,0.00,0.00,1,0,0,0,0,0,0,否,否,否,0,1,676982,676982,2881779669108260,9466120.0,9466080.0,
普通空转,331.json,331,0,,https://fish-games.s3.amazonaws.com/MahjongWays2/index.html?env=ceshislot.osshaiwai.com&hasFloat=0&token=436475c81b51e6893c740657870f86b7&language=en&debug=1&debugDataPath=https://raw.githubusercontent.com/jygameclub/testdataapi/main/mahjong2date/0525_0433&debugStart=331,https://raw.githubusercontent.com/jygameclub/testdataapi/main/mahjong2date/0525_0433/331.json,https://raw.githubusercontent.com/jygameclub/testdataapi/main/mahjong2date/0525_0433,未中奖,0.00,0.00,1,0,0,0,0,0,0,否,否,否,0,0,676993,676993,8511779669114610,9466266.0,9466226.0,
普通空转,333.json,333,0,,https://fish-games.s3.amazonaws.com/MahjongWays2/index.html?env=ceshislot.osshaiwai.com&hasFloat=0&token=436475c81b51e6893c740657870f86b7&language=en&debug=1&debugDataPath=https://raw.githubusercontent.com/jygameclub/testdataapi/main/mahjong2date/0525_0433&debugStart=333,https://raw.githubusercontent.com/jygameclub/testdataapi/main/mahjong2date/0525_0433/333.json,https://raw.githubusercontent.com/jygameclub/testdataapi/main/mahjong2date/0525_0433,未中奖,0.00,0.00,1,0,0,0,0,0,0,否,否,否,0,0,676999,676999,6751779669118211,9466202.0,9466162.0,
普通空转,334.json,334,0,,https://fish-games.s3.amazonaws.com/MahjongWays2/index.html?env=ceshislot.osshaiwai.com&hasFloat=0&token=436475c81b51e6893c740657870f86b7&language=en&debug=1&debugDataPath=https://raw.githubusercontent.com/jygameclub/testdataapi/main/mahjong2date/0525_0433&debugStart=334,https://raw.githubusercontent.com/jygameclub/testdataapi/main/mahjong2date/0525_0433/334.json,https://raw.githubusercontent.com/jygameclub/testdataapi/main/mahjong2date/0525_0433,未中奖,0.00,0.00,1,0,0,0,0,0,0,否,否,否,0,0,677000,677000,7321779669119126,9466162.0,9466122.0,
普通空转,336.json,336,0,,https://fish-games.s3.amazonaws.com/MahjongWays2/index.html?env=ceshislot.osshaiwai.com&hasFloat=0&token=436475c81b51e6893c740657870f86b7&language=en&debug=1&debugDataPath=https://raw.githubusercontent.com/jygameclub/testdataapi/main/mahjong2date/0525_0433&debugStart=336,https://raw.githubusercontent.com/jygameclub/testdataapi/main/mahjong2date/0525_0433/336.json,https://raw.githubusercontent.com/jygameclub/testdataapi/main/mahjong2date/0525_0433,未中奖,0.00,0.00,1,0,0,0,0,0,0,否,否,否,0,0,677006,677006,5921779669122860,9466242.0,9466202.0,
普通空转,337.json,337,0,,https://fish-games.s3.amazonaws.com/MahjongWays2/index.html?env=ceshislot.osshaiwai.com&hasFloat=0&token=436475c81b51e6893c740657870f86b7&language=en&debug=1&debugDataPath=https://raw.githubusercontent.com/jygameclub/testdataapi/main/mahjong2date/0525_0433&debugStart=337,https://raw.githubusercontent.com/jygameclub/testdataapi/main/mahjong2date/0525_0433/337.json,https://raw.githubusercontent.com/jygameclub/testdataapi/main/mahjong2date/0525_0433,未中奖,0.00,0.00,1,0,0,0,0,0,0,否,否,否,0,0,677008,677008,8431779669123777,9466202.0,9466162.0,
普通空转,338.json,338,0,,https://fish-games.s3.amazonaws.com/MahjongWays2/index.html?env=ceshislot.osshaiwai.com&hasFloat=0&token=436475c81b51e6893c740657870f86b7&language=en&debug=1&debugDataPath=https://raw.githubusercontent.com/jygameclub/testdataapi/main/mahjong2date/0525_0433&debugStart=338,https://raw.githubusercontent.com/jygameclub/testdataapi/main/mahjong2date/0525_0433/338.json,https://raw.githubusercontent.com/jygameclub/testdataapi/main/mahjong2date/0525_0433,未中奖,0.00,0.00,1,0,0,0,0,0,0,否,否,否,0,0,677010,677010,6851779669124693,9466162.0,9466122.0,
普通空转,340.json,340,0,,https://fish-games.s3.amazonaws.com/MahjongWays2/index.html?env=ceshislot.osshaiwai.com&hasFloat=0&token=436475c81b51e6893c740657870f86b7&language=en&debug=1&debugDataPath=https://raw.githubusercontent.com/jygameclub/testdataapi/main/mahjong2date/0525_0433&debugStart=340,https://raw.githubusercontent.com/jygameclub/testdataapi/main/mahjong2date/0525_0433/340.json,https://raw.githubusercontent.com/jygameclub/testdataapi/main/mahjong2date/0525_0433,未中奖,0.00,0.00,1,0,0,0,0,0,0,否,否,否,0,1,677017,677017,4991779669129394,9466084.0,9466044.0,
普通空转,342.json,342,0,,https://fish-games.s3.amazonaws.com/MahjongWays2/index.html?env=ceshislot.osshaiwai.com&hasFloat=0&token=436475c81b51e6893c740657870f86b7&language=en&debug=1&debugDataPath=https://raw.githubusercontent.com/jygameclub/testdataapi/main/mahjong2date/0525_0433&debugStart=342,https://raw.githubusercontent.com/jygameclub/testdataapi/main/mahjong2date/0525_0433/342.json,https://raw.githubusercontent.com/jygameclub/testdataapi/main/mahjong2date/0525_0433,未中奖,0.00,0.00,1,0,0,0,0,0,0,否,否,否,0,1,677021,677021,1121779669134609,9466012.0,9465972.0,
普通空转,346.json,346,0,,https://fish-games.s3.amazonaws.com/MahjongWays2/index.html?env=ceshislot.osshaiwai.com&hasFloat=0&token=436475c81b51e6893c740657870f86b7&language=en&debug=1&debugDataPath=https://raw.githubusercontent.com/jygameclub/testdataapi/main/mahjong2date/0525_0433&debugStart=346,https://raw.githubusercontent.com/jygameclub/testdataapi/main/mahjong2date/0525_0433/346.json,https://raw.githubusercontent.com/jygameclub/testdataapi/main/mahjong2date/0525_0433,未中奖,0.00,0.00,1,0,0,0,0,0,0,否,否,否,0,0,677101,677101,3691779669294893,9471242.0,9471202.0,
普通空转,347.json,347,0,,https://fish-games.s3.amazonaws.com/MahjongWays2/index.html?env=ceshislot.osshaiwai.com&hasFloat=0&token=436475c81b51e6893c740657870f86b7&language=en&debug=1&debugDataPath=https://raw.githubusercontent.com/jygameclub/testdataapi/main/mahjong2date/0525_0433&debugStart=347,https://raw.githubusercontent.com/jygameclub/testdataapi/main/mahjong2date/0525_0433/347.json,https://raw.githubusercontent.com/jygameclub/testdataapi/main/mahjong2date/0525_0433,未中奖,0.00,0.00,1,0,0,0,0,0,0,否,否,否,0,2,677102,677102,6261779669295742,9471202.0,9471162.0,
普通空转,350.json,350,0,,https://fish-games.s3.amazonaws.com/MahjongWays2/index.html?env=ceshislot.osshaiwai.com&hasFloat=0&token=436475c81b51e6893c740657870f86b7&language=en&debug=1&debugDataPath=https://raw.githubusercontent.com/jygameclub/testdataapi/main/mahjong2date/0525_0433&debugStart=350,https://raw.githubusercontent.com/jygameclub/testdataapi/main/mahjong2date/0525_0433/350.json,https://raw.githubusercontent.com/jygameclub/testdataapi/main/mahjong2date/0525_0433,未中奖,0.00,0.00,1,0,0,0,0,0,0,否,否,否,0,0,677114,677114,7011779669305808,9471222.0,9471182.0,
普通空转,351.json,351,0,,https://fish-games.s3.amazonaws.com/MahjongWays2/index.html?env=ceshislot.osshaiwai.com&hasFloat=0&token=436475c81b51e6893c740657870f86b7&language=en&debug=1&debugDataPath=https://raw.githubusercontent.com/jygameclub/testdataapi/main/mahjong2date/0525_0433&debugStart=351,https://raw.githubusercontent.com/jygameclub/testdataapi/main/mahjong2date/0525_0433/351.json,https://raw.githubusercontent.com/jygameclub/testdataapi/main/mahjong2date/0525_0433,未中奖,0.00,0.00,1,0,0,0,0,0,0,否,否,否,0,1,677116,677116,9961779669306593,9471182.0,9471142.0,
普通空转,353.json,353,0,,https://fish-games.s3.amazonaws.com/MahjongWays2/index.html?env=ceshislot.osshaiwai.com&hasFloat=0&token=436475c81b51e6893c740657870f86b7&language=en&debug=1&debugDataPath=https://raw.githubusercontent.com/jygameclub/testdataapi/main/mahjong2date/0525_0433&debugStart=353,https://raw.githubusercontent.com/jygameclub/testdataapi/main/mahjong2date/0525_0433/353.json,https://raw.githubusercontent.com/jygameclub/testdataapi/main/mahjong2date/0525_0433,未中奖,0.00,0.00,1,0,0,0,0,0,0,否,否,否,0,0,677119,677119,4821779669311693,9471126.0,9471086.0,
普通空转,354.json,354,0,,https://fish-games.s3.amazonaws.com/MahjongWays2/index.html?env=ceshislot.osshaiwai.com&hasFloat=0&token=436475c81b51e6893c740657870f86b7&language=en&debug=1&debugDataPath=https://raw.githubusercontent.com/jygameclub/testdataapi/main/mahjong2date/0525_0433&debugStart=354,https://raw.githubusercontent.com/jygameclub/testdataapi/main/mahjong2date/0525_0433/354.json,https://raw.githubusercontent.com/jygameclub/testdataapi/main/mahjong2date/0525_0433,未中奖,0.00,0.00,1,0,0,0,0,0,0,否,否,否,0,1,677120,677120,2191779669312559,9471086.0,9471046.0,
普通空转,355.json,355,0,,https://fish-games.s3.amazonaws.com/MahjongWays2/index.html?env=ceshislot.osshaiwai.com&hasFloat=0&token=436475c81b51e6893c740657870f86b7&language=en&debug=1&debugDataPath=https://raw.githubusercontent.com/jygameclub/testdataapi/main/mahjong2date/0525_0433&debugStart=355,https://raw.githubusercontent.com/jygameclub/testdataapi/main/mahjong2date/0525_0433/355.json,https://raw.githubusercontent.com/jygameclub/testdataapi/main/mahjong2date/0525_0433,未中奖,0.00,0.00,1,0,0,0,0,0,0,否,否,否,0,0,677121,677121,3281779669313960,9471046.0,9471006.0,
普通空转,356.json,356,0,,https://fish-games.s3.amazonaws.com/MahjongWays2/index.html?env=ceshislot.osshaiwai.com&hasFloat=0&token=436475c81b51e6893c740657870f86b7&language=en&debug=1&debugDataPath=https://raw.githubusercontent.com/jygameclub/testdataapi/main/mahjong2date/0525_0433&debugStart=356,https://raw.githubusercontent.com/jygameclub/testdataapi/main/mahjong2date/0525_0433/356.json,https://raw.githubusercontent.com/jygameclub/testdataapi/main/mahjong2date/0525_0433,未中奖,0.00,0.00,1,0,0,0,0,0,0,否,否,否,0,1,677122,677122,6211779669314810,9471006.0,9470966.0,
普通空转,357.json,357,0,,https://fish-games.s3.amazonaws.com/MahjongWays2/index.html?env=ceshislot.osshaiwai.com&hasFloat=0&token=436475c81b51e6893c740657870f86b7&language=en&debug=1&debugDataPath=https://raw.githubusercontent.com/jygameclub/testdataapi/main/mahjong2date/0525_0433&debugStart=357,https://raw.githubusercontent.com/jygameclub/testdataapi/main/mahjong2date/0525_0433/357.json,https://raw.githubusercontent.com/jygameclub/testdataapi/main/mahjong2date/0525_0433,未中奖,0.00,0.00,1,0,0,0,0,0,0,否,否,否,0,0,677123,677123,9721779669316224,9470966.0,9470926.0,
普通空转,358.json,358,0,,https://fish-games.s3.amazonaws.com/MahjongWays2/index.html?env=ceshislot.osshaiwai.com&hasFloat=0&token=436475c81b51e6893c740657870f86b7&language=en&debug=1&debugDataPath=https://raw.githubusercontent.com/jygameclub/testdataapi/main/mahjong2date/0525_0433&debugStart=358,https://raw.githubusercontent.com/jygameclub/testdataapi/main/mahjong2date/0525_0433/358.json,https://raw.githubusercontent.com/jygameclub/testdataapi/main/mahjong2date/0525_0433,未中奖,0.00,0.00,1,0,0,0,0,0,0,否,否,否,0,1,677124,677124,9391779669317009,9470926.0,9470886.0,
普通空转,359.json,359,0,,https://fish-games.s3.amazonaws.com/MahjongWays2/index.html?env=ceshislot.osshaiwai.com&hasFloat=0&token=436475c81b51e6893c740657870f86b7&language=en&debug=1&debugDataPath=https://raw.githubusercontent.com/jygameclub/testdataapi/main/mahjong2date/0525_0433&debugStart=359,https://raw.githubusercontent.com/jygameclub/testdataapi/main/mahjong2date/0525_0433/359.json,https://raw.githubusercontent.com/jygameclub/testdataapi/main/mahjong2date/0525_0433,未中奖,0.00,0.00,1,0,0,0,0,0,0,否,否,否,0,0,677125,677125,9991779669318409,9470886.0,9470846.0,
普通空转,360.json,360,0,,https://fish-games.s3.amazonaws.com/MahjongWays2/index.html?env=ceshislot.osshaiwai.com&hasFloat=0&token=436475c81b51e6893c740657870f86b7&language=en&debug=1&debugDataPath=https://raw.githubusercontent.com/jygameclub/testdataapi/main/mahjong2date/0525_0433&debugStart=360,https://raw.githubusercontent.com/jygameclub/testdataapi/main/mahjong2date/0525_0433/360.json,https://raw.githubusercontent.com/jygameclub/testdataapi/main/mahjong2date/0525_0433,未中奖,0.00,0.00,1,0,0,0,0,0,0,否,否,否,0,0,677126,677126,9001779669319210,9470846.0,9470806.0,
普通空转,361.json,361,0,,https://fish-games.s3.amazonaws.com/MahjongWays2/index.html?env=ceshislot.osshaiwai.com&hasFloat=0&token=436475c81b51e6893c740657870f86b7&language=en&debug=1&debugDataPath=https://raw.githubusercontent.com/jygameclub/testdataapi/main/mahjong2date/0525_0433&debugStart=361,https://raw.githubusercontent.com/jygameclub/testdataapi/main/mahjong2date/0525_0433/361.json,https://raw.githubusercontent.com/jygameclub/testdataapi/main/mahjong2date/0525_0433,未中奖,0.00,0.00,1,0,0,0,0,0,0,否,否,否,0,1,677127,677127,1581779669319993,9470806.0,9470766.0,
普通空转,362.json,362,0,,https://fish-games.s3.amazonaws.com/MahjongWays2/index.html?env=ceshislot.osshaiwai.com&hasFloat=0&token=436475c81b51e6893c740657870f86b7&language=en&debug=1&debugDataPath=https://raw.githubusercontent.com/jygameclub/testdataapi/main/mahjong2date/0525_0433&debugStart=362,https://raw.githubusercontent.com/jygameclub/testdataapi/main/mahjong2date/0525_0433/362.json,https://raw.githubusercontent.com/jygameclub/testdataapi/main/mahjong2date/0525_0433,未中奖,0.00,0.00,1,0,0,0,0,0,0,否,否,否,0,2,677128,677128,1021779669321392,9470766.0,9470726.0,
普通空转,366.json,366,0,,https://fish-games.s3.amazonaws.com/MahjongWays2/index.html?env=ceshislot.osshaiwai.com&hasFloat=0&token=436475c81b51e6893c740657870f86b7&language=en&debug=1&debugDataPath=https://raw.githubusercontent.com/jygameclub/testdataapi/main/mahjong2date/0525_0433&debugStart=366,https://raw.githubusercontent.com/jygameclub/testdataapi/main/mahjong2date/0525_0433/366.json,https://raw.githubusercontent.com/jygameclub/testdataapi/main/mahjong2date/0525_0433,未中奖,0.00,0.00,1,0,0,0,0,0,0,否,否,否,0,1,677145,677145,2951779669332091,9470684.0,9470644.0,
普通空转,367.json,367,0,,https://fish-games.s3.amazonaws.com/MahjongWays2/index.html?env=ceshislot.osshaiwai.com&hasFloat=0&token=436475c81b51e6893c740657870f86b7&language=en&debug=1&debugDataPath=https://raw.githubusercontent.com/jygameclub/testdataapi/main/mahjong2date/0525_0433&debugStart=367,https://raw.githubusercontent.com/jygameclub/testdataapi/main/mahjong2date/0525_0433/367.json,https://raw.githubusercontent.com/jygameclub/testdataapi/main/mahjong2date/0525_0433,未中奖,0.00,0.00,1,0,0,0,0,0,0,否,否,否,0,0,677146,677146,8111779669333558,9470644.0,9470604.0,
普通空转,368.json,368,0,,https://fish-games.s3.amazonaws.com/MahjongWays2/index.html?env=ceshislot.osshaiwai.com&hasFloat=0&token=436475c81b51e6893c740657870f86b7&language=en&debug=1&debugDataPath=https://raw.githubusercontent.com/jygameclub/testdataapi/main/mahjong2date/0525_0433&debugStart=368,https://raw.githubusercontent.com/jygameclub/testdataapi/main/mahjong2date/0525_0433/368.json,https://raw.githubusercontent.com/jygameclub/testdataapi/main/mahjong2date/0525_0433,未中奖,0.00,0.00,1,0,0,0,0,0,0,否,否,否,0,1,677147,677147,3561779669334425,9470604.0,9470564.0,
普通空转,370.json,370,0,,https://fish-games.s3.amazonaws.com/MahjongWays2/index.html?env=ceshislot.osshaiwai.com&hasFloat=0&token=436475c81b51e6893c740657870f86b7&language=en&debug=1&debugDataPath=https://raw.githubusercontent.com/jygameclub/testdataapi/main/mahjong2date/0525_0433&debugStart=370,https://raw.githubusercontent.com/jygameclub/testdataapi/main/mahjong2date/0525_0433/370.json,https://raw.githubusercontent.com/jygameclub/testdataapi/main/mahjong2date/0525_0433,未中奖,0.00,0.00,1,0,0,0,0,0,0,否,否,否,0,0,677153,677153,3391779669338574,9470540.0,9470500.0,
普通空转,371.json,371,0,,https://fish-games.s3.amazonaws.com/MahjongWays2/index.html?env=ceshislot.osshaiwai.com&hasFloat=0&token=436475c81b51e6893c740657870f86b7&language=en&debug=1&debugDataPath=https://raw.githubusercontent.com/jygameclub/testdataapi/main/mahjong2date/0525_0433&debugStart=371,https://raw.githubusercontent.com/jygameclub/testdataapi/main/mahjong2date/0525_0433/371.json,https://raw.githubusercontent.com/jygameclub/testdataapi/main/mahjong2date/0525_0433,未中奖,0.00,0.00,1,0,0,0,0,0,0,否,否,否,0,0,677154,677154,3541779669339425,9470500.0,9470460.0,
普通空转,372.json,372,0,,https://fish-games.s3.amazonaws.com/MahjongWays2/index.html?env=ceshislot.osshaiwai.com&hasFloat=0&token=436475c81b51e6893c740657870f86b7&language=en&debug=1&debugDataPath=https://raw.githubusercontent.com/jygameclub/testdataapi/main/mahjong2date/0525_0433&debugStart=372,https://raw.githubusercontent.com/jygameclub/testdataapi/main/mahjong2date/0525_0433/372.json,https://raw.githubusercontent.com/jygameclub/testdataapi/main/mahjong2date/0525_0433,未中奖,0.00,0.00,1,0,0,0,0,0,0,否,否,否,0,0,677156,677156,8231779669340293,9470460.0,9470420.0,
普通空转,373.json,373,0,,https://fish-games.s3.amazonaws.com/MahjongWays2/index.html?env=ceshislot.osshaiwai.com&hasFloat=0&token=436475c81b51e6893c740657870f86b7&language=en&debug=1&debugDataPath=https://raw.githubusercontent.com/jygameclub/testdataapi/main/mahjong2date/0525_0433&debugStart=373,https://raw.githubusercontent.com/jygameclub/testdataapi/main/mahjong2date/0525_0433/373.json,https://raw.githubusercontent.com/jygameclub/testdataapi/main/mahjong2date/0525_0433,未中奖,0.00,0.00,1,0,0,0,0,0,0,否,否,否,0,0,677157,677157,1281779669341142,9470420.0,9470380.0,
普通空转,374.json,374,0,,https://fish-games.s3.amazonaws.com/MahjongWays2/index.html?env=ceshislot.osshaiwai.com&hasFloat=0&token=436475c81b51e6893c740657870f86b7&language=en&debug=1&debugDataPath=https://raw.githubusercontent.com/jygameclub/testdataapi/main/mahjong2date/0525_0433&debugStart=374,https://raw.githubusercontent.com/jygameclub/testdataapi/main/mahjong2date/0525_0433/374.json,https://raw.githubusercontent.com/jygameclub/testdataapi/main/mahjong2date/0525_0433,未中奖,0.00,0.00,1,0,0,0,0,0,0,否,否,否,0,1,677158,677158,7081779669341992,9470380.0,9470340.0,
普通空转,375.json,375,0,,https://fish-games.s3.amazonaws.com/MahjongWays2/index.html?env=ceshislot.osshaiwai.com&hasFloat=0&token=436475c81b51e6893c740657870f86b7&language=en&debug=1&debugDataPath=https://raw.githubusercontent.com/jygameclub/testdataapi/main/mahjong2date/0525_0433&debugStart=375,https://raw.githubusercontent.com/jygameclub/testdataapi/main/mahjong2date/0525_0433/375.json,https://raw.githubusercontent.com/jygameclub/testdataapi/main/mahjong2date/0525_0433,未中奖,0.00,0.00,1,0,0,0,0,0,0,否,否,否,0,1,677159,677159,5971779669343476,9470340.0,9470300.0,
普通空转,376.json,376,0,,https://fish-games.s3.amazonaws.com/MahjongWays2/index.html?env=ceshislot.osshaiwai.com&hasFloat=0&token=436475c81b51e6893c740657870f86b7&language=en&debug=1&debugDataPath=https://raw.githubusercontent.com/jygameclub/testdataapi/main/mahjong2date/0525_0433&debugStart=376,https://raw.githubusercontent.com/jygameclub/testdataapi/main/mahjong2date/0525_0433/376.json,https://raw.githubusercontent.com/jygameclub/testdataapi/main/mahjong2date/0525_0433,未中奖,0.00,0.00,1,0,0,0,0,0,0,否,否,否,0,0,677161,677161,6531779669344942,9470300.0,9470260.0,
普通空转,378.json,378,0,,https://fish-games.s3.amazonaws.com/MahjongWays2/index.html?env=ceshislot.osshaiwai.com&hasFloat=0&token=436475c81b51e6893c740657870f86b7&language=en&debug=1&debugDataPath=https://raw.githubusercontent.com/jygameclub/testdataapi/main/mahjong2date/0525_0433&debugStart=378,https://raw.githubusercontent.com/jygameclub/testdataapi/main/mahjong2date/0525_0433/378.json,https://raw.githubusercontent.com/jygameclub/testdataapi/main/mahjong2date/0525_0433,未中奖,0.00,0.00,1,0,0,0,0,0,0,否,否,否,0,0,677244,677244,6561779669439041,9471304.0,9471264.0,
普通空转,379.json,379,0,,https://fish-games.s3.amazonaws.com/MahjongWays2/index.html?env=ceshislot.osshaiwai.com&hasFloat=0&token=436475c81b51e6893c740657870f86b7&language=en&debug=1&debugDataPath=https://raw.githubusercontent.com/jygameclub/testdataapi/main/mahjong2date/0525_0433&debugStart=379,https://raw.githubusercontent.com/jygameclub/testdataapi/main/mahjong2date/0525_0433/379.json,https://raw.githubusercontent.com/jygameclub/testdataapi/main/mahjong2date/0525_0433,未中奖,0.00,0.00,1,0,0,0,0,0,0,否,否,否,0,0,677245,677245,2711779669439841,9471264.0,9471224.0,
普通空转,381.json,381,0,,https://fish-games.s3.amazonaws.com/MahjongWays2/index.html?env=ceshislot.osshaiwai.com&hasFloat=0&token=436475c81b51e6893c740657870f86b7&language=en&debug=1&debugDataPath=https://raw.githubusercontent.com/jygameclub/testdataapi/main/mahjong2date/0525_0433&debugStart=381,https://raw.githubusercontent.com/jygameclub/testdataapi/main/mahjong2date/0525_0433/381.json,https://raw.githubusercontent.com/jygameclub/testdataapi/main/mahjong2date/0525_0433,未中奖,0.00,0.00,1,0,0,0,0,0,0,否,否,否,0,0,677250,677250,5071779669443426,9471188.0,9471148.0,
普通空转,383.json,383,0,,https://fish-games.s3.amazonaws.com/MahjongWays2/index.html?env=ceshislot.osshaiwai.com&hasFloat=0&token=436475c81b51e6893c740657870f86b7&language=en&debug=1&debugDataPath=https://raw.githubusercontent.com/jygameclub/testdataapi/main/mahjong2date/0525_0433&debugStart=383,https://raw.githubusercontent.com/jygameclub/testdataapi/main/mahjong2date/0525_0433/383.json,https://raw.githubusercontent.com/jygameclub/testdataapi/main/mahjong2date/0525_0433,未中奖,0.00,0.00,1,0,0,0,0,0,0,否,否,否,0,1,677304,677304,8941779669551674,9473572.0,9473532.0,
普通空转,384.json,384,0,,https://fish-games.s3.amazonaws.com/MahjongWays2/index.html?env=ceshislot.osshaiwai.com&hasFloat=0&token=436475c81b51e6893c740657870f86b7&language=en&debug=1&debugDataPath=https://raw.githubusercontent.com/jygameclub/testdataapi/main/mahjong2date/0525_0433&debugStart=384,https://raw.githubusercontent.com/jygameclub/testdataapi/main/mahjong2date/0525_0433/384.json,https://raw.githubusercontent.com/jygameclub/testdataapi/main/mahjong2date/0525_0433,未中奖,0.00,0.00,1,0,0,0,0,0,0,否,否,否,0,1,677305,677305,8181779669553141,9473532.0,9473492.0,
普通空转,385.json,385,0,,https://fish-games.s3.amazonaws.com/MahjongWays2/index.html?env=ceshislot.osshaiwai.com&hasFloat=0&token=436475c81b51e6893c740657870f86b7&language=en&debug=1&debugDataPath=https://raw.githubusercontent.com/jygameclub/testdataapi/main/mahjong2date/0525_0433&debugStart=385,https://raw.githubusercontent.com/jygameclub/testdataapi/main/mahjong2date/0525_0433/385.json,https://raw.githubusercontent.com/jygameclub/testdataapi/main/mahjong2date/0525_0433,未中奖,0.00,0.00,1,0,0,0,0,0,0,否,否,否,0,1,677306,677306,6181779669554608,9473492.0,9473452.0,
普通空转,386.json,386,0,,https://fish-games.s3.amazonaws.com/MahjongWays2/index.html?env=ceshislot.osshaiwai.com&hasFloat=0&token=436475c81b51e6893c740657870f86b7&language=en&debug=1&debugDataPath=https://raw.githubusercontent.com/jygameclub/testdataapi/main/mahjong2date/0525_0433&debugStart=386,https://raw.githubusercontent.com/jygameclub/testdataapi/main/mahjong2date/0525_0433/386.json,https://raw.githubusercontent.com/jygameclub/testdataapi/main/mahjong2date/0525_0433,未中奖,0.00,0.00,1,0,0,0,0,0,0,否,否,否,0,1,677307,677307,7571779669556090,9473452.0,9473412.0,
普通空转,389.json,389,0,,https://fish-games.s3.amazonaws.com/MahjongWays2/index.html?env=ceshislot.osshaiwai.com&hasFloat=0&token=436475c81b51e6893c740657870f86b7&language=en&debug=1&debugDataPath=https://raw.githubusercontent.com/jygameclub/testdataapi/main/mahjong2date/0525_0433&debugStart=389,https://raw.githubusercontent.com/jygameclub/testdataapi/main/mahjong2date/0525_0433/389.json,https://raw.githubusercontent.com/jygameclub/testdataapi/main/mahjong2date/0525_0433,未中奖,0.00,0.00,1,0,0,0,0,0,0,否,否,否,0,0,677317,677317,6331779669574492,9474036.0,9473996.0,
普通空转,391.json,391,0,,https://fish-games.s3.amazonaws.com/MahjongWays2/index.html?env=ceshislot.osshaiwai.com&hasFloat=0&token=436475c81b51e6893c740657870f86b7&language=en&debug=1&debugDataPath=https://raw.githubusercontent.com/jygameclub/testdataapi/main/mahjong2date/0525_0433&debugStart=391,https://raw.githubusercontent.com/jygameclub/testdataapi/main/mahjong2date/0525_0433/391.json,https://raw.githubusercontent.com/jygameclub/testdataapi/main/mahjong2date/0525_0433,未中奖,0.00,0.00,1,0,0,0,0,0,0,否,否,否,0,0,677324,677324,3151779669583276,9474092.0,9474052.0,
普通空转,392.json,392,0,,https://fish-games.s3.amazonaws.com/MahjongWays2/index.html?env=ceshislot.osshaiwai.com&hasFloat=0&token=436475c81b51e6893c740657870f86b7&language=en&debug=1&debugDataPath=https://raw.githubusercontent.com/jygameclub/testdataapi/main/mahjong2date/0525_0433&debugStart=392,https://raw.githubusercontent.com/jygameclub/testdataapi/main/mahjong2date/0525_0433/392.json,https://raw.githubusercontent.com/jygameclub/testdataapi/main/mahjong2date/0525_0433,未中奖,0.00,0.00,1,0,0,0,0,0,0,否,否,否,0,0,677326,677326,9241779669584393,9474052.0,9474012.0,
普通空转,393.json,393,0,,https://fish-games.s3.amazonaws.com/MahjongWays2/index.html?env=ceshislot.osshaiwai.com&hasFloat=0&token=436475c81b51e6893c740657870f86b7&language=en&debug=1&debugDataPath=https://raw.githubusercontent.com/jygameclub/testdataapi/main/mahjong2date/0525_0433&debugStart=393,https://raw.githubusercontent.com/jygameclub/testdataapi/main/mahjong2date/0525_0433/393.json,https://raw.githubusercontent.com/jygameclub/testdataapi/main/mahjong2date/0525_0433,未中奖,0.00,0.00,1,0,0,0,0,0,0,否,否,否,0,1,677328,677328,6531779669585376,9474012.0,9473972.0,
普通空转,394.json,394,0,,https://fish-games.s3.amazonaws.com/MahjongWays2/index.html?env=ceshislot.osshaiwai.com&hasFloat=0&token=436475c81b51e6893c740657870f86b7&language=en&debug=1&debugDataPath=https://raw.githubusercontent.com/jygameclub/testdataapi/main/mahjong2date/0525_0433&debugStart=394,https://raw.githubusercontent.com/jygameclub/testdataapi/main/mahjong2date/0525_0433/394.json,https://raw.githubusercontent.com/jygameclub/testdataapi/main/mahjong2date/0525_0433,未中奖,0.00,0.00,1,0,0,0,0,0,0,否,否,否,0,0,677330,677330,8981779669586844,9473972.0,9473932.0,
普通空转,396.json,396,0,,https://fish-games.s3.amazonaws.com/MahjongWays2/index.html?env=ceshislot.osshaiwai.com&hasFloat=0&token=436475c81b51e6893c740657870f86b7&language=en&debug=1&debugDataPath=https://raw.githubusercontent.com/jygameclub/testdataapi/main/mahjong2date/0525_0433&debugStart=396,https://raw.githubusercontent.com/jygameclub/testdataapi/main/mahjong2date/0525_0433/396.json,https://raw.githubusercontent.com/jygameclub/testdataapi/main/mahjong2date/0525_0433,未中奖,0.00,0.00,1,0,0,0,0,0,0,否,否,否,0,0,677334,677334,1311779669592611,9473918.0,9473878.0,
普通空转,397.json,397,0,,https://fish-games.s3.amazonaws.com/MahjongWays2/index.html?env=ceshislot.osshaiwai.com&hasFloat=0&token=436475c81b51e6893c740657870f86b7&language=en&debug=1&debugDataPath=https://raw.githubusercontent.com/jygameclub/testdataapi/main/mahjong2date/0525_0433&debugStart=397,https://raw.githubusercontent.com/jygameclub/testdataapi/main/mahjong2date/0525_0433/397.json,https://raw.githubusercontent.com/jygameclub/testdataapi/main/mahjong2date/0525_0433,未中奖,0.00,0.00,1,0,0,0,0,0,0,否,否,否,0,0,677335,677335,7921779669593394,9473878.0,9473838.0,
普通空转,399.json,399,0,,https://fish-games.s3.amazonaws.com/MahjongWays2/index.html?env=ceshislot.osshaiwai.com&hasFloat=0&token=436475c81b51e6893c740657870f86b7&language=en&debug=1&debugDataPath=https://raw.githubusercontent.com/jygameclub/testdataapi/main/mahjong2date/0525_0433&debugStart=399,https://raw.githubusercontent.com/jygameclub/testdataapi/main/mahjong2date/0525_0433/399.json,https://raw.githubusercontent.com/jygameclub/testdataapi/main/mahjong2date/0525_0433,未中奖,0.00,0.00,1,0,0,0,0,0,0,否,否,否,0,1,677338,677338,6701779669597311,9473822.0,9473782.0,
普通空转,400.json,400,0,,https://fish-games.s3.amazonaws.com/MahjongWays2/index.html?env=ceshislot.osshaiwai.com&hasFloat=0&token=436475c81b51e6893c740657870f86b7&language=en&debug=1&debugDataPath=https://raw.githubusercontent.com/jygameclub/testdataapi/main/mahjong2date/0525_0433&debugStart=400,https://raw.githubusercontent.com/jygameclub/testdataapi/main/mahjong2date/0525_0433/400.json,https://raw.githubusercontent.com/jygameclub/testdataapi/main/mahjong2date/0525_0433,未中奖,0.00,0.00,1,0,0,0,0,0,0,否,否,否,0,0,677339,677339,7861779669598777,9473782.0,9473742.0,
普通空转,403.json,403,0,,https://fish-games.s3.amazonaws.com/MahjongWays2/index.html?env=ceshislot.osshaiwai.com&hasFloat=0&token=436475c81b51e6893c740657870f86b7&language=en&debug=1&debugDataPath=https://raw.githubusercontent.com/jygameclub/testdataapi/main/mahjong2date/0525_0433&debugStart=403,https://raw.githubusercontent.com/jygameclub/testdataapi/main/mahjong2date/0525_0433/403.json,https://raw.githubusercontent.com/jygameclub/testdataapi/main/mahjong2date/0525_0433,未中奖,0.00,0.00,1,0,0,0,0,0,0,否,否,否,0,0,677345,677345,7421779669608462,9473808.0,9473768.0,
普通空转,404.json,404,0,,https://fish-games.s3.amazonaws.com/MahjongWays2/index.html?env=ceshislot.osshaiwai.com&hasFloat=0&token=436475c81b51e6893c740657870f86b7&language=en&debug=1&debugDataPath=https://raw.githubusercontent.com/jygameclub/testdataapi/main/mahjong2date/0525_0433&debugStart=404,https://raw.githubusercontent.com/jygameclub/testdataapi/main/mahjong2date/0525_0433/404.json,https://raw.githubusercontent.com/jygameclub/testdataapi/main/mahjong2date/0525_0433,未中奖,0.00,0.00,1,0,0,0,0,0,0,否,否,否,0,0,677346,677346,2261779669609310,9473768.0,9473728.0,
普通空转,405.json,405,0,,https://fish-games.s3.amazonaws.com/MahjongWays2/index.html?env=ceshislot.osshaiwai.com&hasFloat=0&token=436475c81b51e6893c740657870f86b7&language=en&debug=1&debugDataPath=https://raw.githubusercontent.com/jygameclub/testdataapi/main/mahjong2date/0525_0433&debugStart=405,https://raw.githubusercontent.com/jygameclub/testdataapi/main/mahjong2date/0525_0433/405.json,https://raw.githubusercontent.com/jygameclub/testdataapi/main/mahjong2date/0525_0433,未中奖,0.00,0.00,1,0,0,0,0,0,0,否,否,否,0,0,677347,677347,2231779669610161,9473728.0,9473688.0,
普通空转,407.json,407,0,,https://fish-games.s3.amazonaws.com/MahjongWays2/index.html?env=ceshislot.osshaiwai.com&hasFloat=0&token=436475c81b51e6893c740657870f86b7&language=en&debug=1&debugDataPath=https://raw.githubusercontent.com/jygameclub/testdataapi/main/mahjong2date/0525_0433&debugStart=407,https://raw.githubusercontent.com/jygameclub/testdataapi/main/mahjong2date/0525_0433/407.json,https://raw.githubusercontent.com/jygameclub/testdataapi/main/mahjong2date/0525_0433,未中奖,0.00,0.00,1,0,0,0,0,0,0,否,否,否,0,0,677350,677350,8191779669614760,9473672.0,9473632.0,
普通空转,408.json,408,0,,https://fish-games.s3.amazonaws.com/MahjongWays2/index.html?env=ceshislot.osshaiwai.com&hasFloat=0&token=436475c81b51e6893c740657870f86b7&language=en&debug=1&debugDataPath=https://raw.githubusercontent.com/jygameclub/testdataapi/main/mahjong2date/0525_0433&debugStart=408,https://raw.githubusercontent.com/jygameclub/testdataapi/main/mahjong2date/0525_0433/408.json,https://raw.githubusercontent.com/jygameclub/testdataapi/main/mahjong2date/0525_0433,未中奖,0.00,0.00,1,0,0,0,0,0,0,否,否,否,0,0,677351,677351,2131779669615628,9473632.0,9473592.0,
普通空转,410.json,410,0,,https://fish-games.s3.amazonaws.com/MahjongWays2/index.html?env=ceshislot.osshaiwai.com&hasFloat=0&token=436475c81b51e6893c740657870f86b7&language=en&debug=1&debugDataPath=https://raw.githubusercontent.com/jygameclub/testdataapi/main/mahjong2date/0525_0433&debugStart=410,https://raw.githubusercontent.com/jygameclub/testdataapi/main/mahjong2date/0525_0433/410.json,https://raw.githubusercontent.com/jygameclub/testdataapi/main/mahjong2date/0525_0433,未中奖,0.00,0.00,1,0,0,0,0,0,0,否,否,否,0,0,677354,677354,7591779669619145,9473576.0,9473536.0,
普通空转,411.json,411,0,,https://fish-games.s3.amazonaws.com/MahjongWays2/index.html?env=ceshislot.osshaiwai.com&hasFloat=0&token=436475c81b51e6893c740657870f86b7&language=en&debug=1&debugDataPath=https://raw.githubusercontent.com/jygameclub/testdataapi/main/mahjong2date/0525_0433&debugStart=411,https://raw.githubusercontent.com/jygameclub/testdataapi/main/mahjong2date/0525_0433/411.json,https://raw.githubusercontent.com/jygameclub/testdataapi/main/mahjong2date/0525_0433,未中奖,0.00,0.00,1,0,0,0,0,0,0,否,否,否,0,0,677355,677355,1441779669619995,9473536.0,9473496.0,
普通空转,412.json,412,0,,https://fish-games.s3.amazonaws.com/MahjongWays2/index.html?env=ceshislot.osshaiwai.com&hasFloat=0&token=436475c81b51e6893c740657870f86b7&language=en&debug=1&debugDataPath=https://raw.githubusercontent.com/jygameclub/testdataapi/main/mahjong2date/0525_0433&debugStart=412,https://raw.githubusercontent.com/jygameclub/testdataapi/main/mahjong2date/0525_0433/412.json,https://raw.githubusercontent.com/jygameclub/testdataapi/main/mahjong2date/0525_0433,未中奖,0.00,0.00,1,0,0,0,0,0,0,否,否,否,0,0,677356,677356,6071779669620845,9473496.0,9473456.0,
普通空转,416.json,416,0,,https://fish-games.s3.amazonaws.com/MahjongWays2/index.html?env=ceshislot.osshaiwai.com&hasFloat=0&token=436475c81b51e6893c740657870f86b7&language=en&debug=1&debugDataPath=https://raw.githubusercontent.com/jygameclub/testdataapi/main/mahjong2date/0525_0433&debugStart=416,https://raw.githubusercontent.com/jygameclub/testdataapi/main/mahjong2date/0525_0433/416.json,https://raw.githubusercontent.com/jygameclub/testdataapi/main/mahjong2date/0525_0433,未中奖,0.00,0.00,1,0,0,0,0,0,0,否,否,否,0,0,677369,677369,8521779669639594,9473672.0,9473632.0,
普通空转,419.json,419,0,,https://fish-games.s3.amazonaws.com/MahjongWays2/index.html?env=ceshislot.osshaiwai.com&hasFloat=0&token=436475c81b51e6893c740657870f86b7&language=en&debug=1&debugDataPath=https://raw.githubusercontent.com/jygameclub/testdataapi/main/mahjong2date/0525_0433&debugStart=419,https://raw.githubusercontent.com/jygameclub/testdataapi/main/mahjong2date/0525_0433/419.json,https://raw.githubusercontent.com/jygameclub/testdataapi/main/mahjong2date/0525_0433,未中奖,0.00,0.00,1,0,0,0,0,0,0,否,否,否,0,2,677380,677380,6411779669648911,9473618.0,9473578.0,
普通空转,420.json,420,0,,https://fish-games.s3.amazonaws.com/MahjongWays2/index.html?env=ceshislot.osshaiwai.com&hasFloat=0&token=436475c81b51e6893c740657870f86b7&language=en&debug=1&debugDataPath=https://raw.githubusercontent.com/jygameclub/testdataapi/main/mahjong2date/0525_0433&debugStart=420,https://raw.githubusercontent.com/jygameclub/testdataapi/main/mahjong2date/0525_0433/420.json,https://raw.githubusercontent.com/jygameclub/testdataapi/main/mahjong2date/0525_0433,未中奖,0.00,0.00,1,0,0,0,0,0,0,否,否,否,0,1,677381,677381,5061779669650494,9473578.0,9473538.0,
普通空转,421.json,421,0,,https://fish-games.s3.amazonaws.com/MahjongWays2/index.html?env=ceshislot.osshaiwai.com&hasFloat=0&token=436475c81b51e6893c740657870f86b7&language=en&debug=1&debugDataPath=https://raw.githubusercontent.com/jygameclub/testdataapi/main/mahjong2date/0525_0433&debugStart=421,https://raw.githubusercontent.com/jygameclub/testdataapi/main/mahjong2date/0525_0433/421.json,https://raw.githubusercontent.com/jygameclub/testdataapi/main/mahjong2date/0525_0433,未中奖,0.00,0.00,1,0,0,0,0,0,0,否,否,否,0,1,677383,677383,5501779669651978,9473538.0,9473498.0,
普通空转,428.json,428,0,,https://fish-games.s3.amazonaws.com/MahjongWays2/index.html?env=ceshislot.osshaiwai.com&hasFloat=0&token=436475c81b51e6893c740657870f86b7&language=en&debug=1&debugDataPath=https://raw.githubusercontent.com/jygameclub/testdataapi/main/mahjong2date/0525_0433&debugStart=428,https://raw.githubusercontent.com/jygameclub/testdataapi/main/mahjong2date/0525_0433/428.json,https://raw.githubusercontent.com/jygameclub/testdataapi/main/mahjong2date/0525_0433,未中奖,0.00,0.00,1,0,0,0,0,0,0,否,否,否,0,1,677405,677405,9201779669677144,9473536.0,9473496.0,
普通空转,429.json,429,0,,https://fish-games.s3.amazonaws.com/MahjongWays2/index.html?env=ceshislot.osshaiwai.com&hasFloat=0&token=436475c81b51e6893c740657870f86b7&language=en&debug=1&debugDataPath=https://raw.githubusercontent.com/jygameclub/testdataapi/main/mahjong2date/0525_0433&debugStart=429,https://raw.githubusercontent.com/jygameclub/testdataapi/main/mahjong2date/0525_0433/429.json,https://raw.githubusercontent.com/jygameclub/testdataapi/main/mahjong2date/0525_0433,未中奖,0.00,0.00,1,0,0,0,0,0,0,否,否,否,0,0,677406,677406,3701779669678544,9473496.0,9473456.0,
普通空转,431.json,431,0,,https://fish-games.s3.amazonaws.com/MahjongWays2/index.html?env=ceshislot.osshaiwai.com&hasFloat=0&token=436475c81b51e6893c740657870f86b7&language=en&debug=1&debugDataPath=https://raw.githubusercontent.com/jygameclub/testdataapi/main/mahjong2date/0525_0433&debugStart=431,https://raw.githubusercontent.com/jygameclub/testdataapi/main/mahjong2date/0525_0433/431.json,https://raw.githubusercontent.com/jygameclub/testdataapi/main/mahjong2date/0525_0433,未中奖,0.00,0.00,1,0,0,0,0,0,0,否,否,否,0,0,677410,677410,2841779669683211,9473464.0,9473424.0,
普通空转,433.json,433,0,,https://fish-games.s3.amazonaws.com/MahjongWays2/index.html?env=ceshislot.osshaiwai.com&hasFloat=0&token=436475c81b51e6893c740657870f86b7&language=en&debug=1&debugDataPath=https://raw.githubusercontent.com/jygameclub/testdataapi/main/mahjong2date/0525_0433&debugStart=433,https://raw.githubusercontent.com/jygameclub/testdataapi/main/mahjong2date/0525_0433/433.json,https://raw.githubusercontent.com/jygameclub/testdataapi/main/mahjong2date/0525_0433,未中奖,0.00,0.00,1,0,0,0,0,0,0,否,否,否,0,0,677413,677413,8461779669686761,9473420.0,9473380.0,
普通空转,434.json,434,0,,https://fish-games.s3.amazonaws.com/MahjongWays2/index.html?env=ceshislot.osshaiwai.com&hasFloat=0&token=436475c81b51e6893c740657870f86b7&language=en&debug=1&debugDataPath=https://raw.githubusercontent.com/jygameclub/testdataapi/main/mahjong2date/0525_0433&debugStart=434,https://raw.githubusercontent.com/jygameclub/testdataapi/main/mahjong2date/0525_0433/434.json,https://raw.githubusercontent.com/jygameclub/testdataapi/main/mahjong2date/0525_0433,未中奖,0.00,0.00,1,0,0,0,0,0,0,否,否,否,0,0,677414,677414,5381779669687611,9473380.0,9473340.0,
普通空转,435.json,435,0,,https://fish-games.s3.amazonaws.com/MahjongWays2/index.html?env=ceshislot.osshaiwai.com&hasFloat=0&token=436475c81b51e6893c740657870f86b7&language=en&debug=1&debugDataPath=https://raw.githubusercontent.com/jygameclub/testdataapi/main/mahjong2date/0525_0433&debugStart=435,https://raw.githubusercontent.com/jygameclub/testdataapi/main/mahjong2date/0525_0433/435.json,https://raw.githubusercontent.com/jygameclub/testdataapi/main/mahjong2date/0525_0433,未中奖,0.00,0.00,1,0,0,0,0,0,0,否,否,否,0,0,677415,677415,4591779669688460,9473340.0,9473300.0,
普通空转,436.json,436,0,,https://fish-games.s3.amazonaws.com/MahjongWays2/index.html?env=ceshislot.osshaiwai.com&hasFloat=0&token=436475c81b51e6893c740657870f86b7&language=en&debug=1&debugDataPath=https://raw.githubusercontent.com/jygameclub/testdataapi/main/mahjong2date/0525_0433&debugStart=436,https://raw.githubusercontent.com/jygameclub/testdataapi/main/mahjong2date/0525_0433/436.json,https://raw.githubusercontent.com/jygameclub/testdataapi/main/mahjong2date/0525_0433,未中奖,0.00,0.00,1,0,0,0,0,0,0,否,否,否,0,0,677416,677416,7031779669689245,9473300.0,9473260.0,
普通空转,437.json,437,0,,https://fish-games.s3.amazonaws.com/MahjongWays2/index.html?env=ceshislot.osshaiwai.com&hasFloat=0&token=436475c81b51e6893c740657870f86b7&language=en&debug=1&debugDataPath=https://raw.githubusercontent.com/jygameclub/testdataapi/main/mahjong2date/0525_0433&debugStart=437,https://raw.githubusercontent.com/jygameclub/testdataapi/main/mahjong2date/0525_0433/437.json,https://raw.githubusercontent.com/jygameclub/testdataapi/main/mahjong2date/0525_0433,未中奖,0.00,0.00,1,0,0,0,0,0,0,否,否,否,0,0,677417,677417,4571779669690111,9473260.0,9473220.0,
普通空转,438.json,438,0,,https://fish-games.s3.amazonaws.com/MahjongWays2/index.html?env=ceshislot.osshaiwai.com&hasFloat=0&token=436475c81b51e6893c740657870f86b7&language=en&debug=1&debugDataPath=https://raw.githubusercontent.com/jygameclub/testdataapi/main/mahjong2date/0525_0433&debugStart=438,https://raw.githubusercontent.com/jygameclub/testdataapi/main/mahjong2date/0525_0433/438.json,https://raw.githubusercontent.com/jygameclub/testdataapi/main/mahjong2date/0525_0433,未中奖,0.00,0.00,1,0,0,0,0,0,0,否,否,否,0,0,677418,677418,4421779669690978,9473220.0,9473180.0,
普通空转,442.json,442,0,,https://fish-games.s3.amazonaws.com/MahjongWays2/index.html?env=ceshislot.osshaiwai.com&hasFloat=0&token=436475c81b51e6893c740657870f86b7&language=en&debug=1&debugDataPath=https://raw.githubusercontent.com/jygameclub/testdataapi/main/mahjong2date/0525_0433&debugStart=442,https://raw.githubusercontent.com/jygameclub/testdataapi/main/mahjong2date/0525_0433/442.json,https://raw.githubusercontent.com/jygameclub/testdataapi/main/mahjong2date/0525_0433,未中奖,0.00,0.00,1,0,0,0,0,0,0,否,否,否,0,0,677467,677467,9171779669779844,9474898.0,9474858.0,
普通空转,443.json,443,0,,https://fish-games.s3.amazonaws.com/MahjongWays2/index.html?env=ceshislot.osshaiwai.com&hasFloat=0&token=436475c81b51e6893c740657870f86b7&language=en&debug=1&debugDataPath=https://raw.githubusercontent.com/jygameclub/testdataapi/main/mahjong2date/0525_0433&debugStart=443,https://raw.githubusercontent.com/jygameclub/testdataapi/main/mahjong2date/0525_0433/443.json,https://raw.githubusercontent.com/jygameclub/testdataapi/main/mahjong2date/0525_0433,未中奖,0.00,0.00,1,0,0,0,0,0,0,否,否,否,0,0,677468,677468,2201779669780711,9474858.0,9474818.0,
普通空转,444.json,444,0,,https://fish-games.s3.amazonaws.com/MahjongWays2/index.html?env=ceshislot.osshaiwai.com&hasFloat=0&token=436475c81b51e6893c740657870f86b7&language=en&debug=1&debugDataPath=https://raw.githubusercontent.com/jygameclub/testdataapi/main/mahjong2date/0525_0433&debugStart=444,https://raw.githubusercontent.com/jygameclub/testdataapi/main/mahjong2date/0525_0433/444.json,https://raw.githubusercontent.com/jygameclub/testdataapi/main/mahjong2date/0525_0433,未中奖,0.00,0.00,1,0,0,0,0,0,0,否,否,否,0,0,677469,677469,6661779669781511,9474818.0,9474778.0,
普通空转,445.json,445,0,,https://fish-games.s3.amazonaws.com/MahjongWays2/index.html?env=ceshislot.osshaiwai.com&hasFloat=0&token=436475c81b51e6893c740657870f86b7&language=en&debug=1&debugDataPath=https://raw.githubusercontent.com/jygameclub/testdataapi/main/mahjong2date/0525_0433&debugStart=445,https://raw.githubusercontent.com/jygameclub/testdataapi/main/mahjong2date/0525_0433/445.json,https://raw.githubusercontent.com/jygameclub/testdataapi/main/mahjong2date/0525_0433,未中奖,0.00,0.00,1,0,0,0,0,0,0,否,否,否,0,0,677471,677471,6691779669782377,9474778.0,9474738.0,
普通空转,446.json,446,0,,https://fish-games.s3.amazonaws.com/MahjongWays2/index.html?env=ceshislot.osshaiwai.com&hasFloat=0&token=436475c81b51e6893c740657870f86b7&language=en&debug=1&debugDataPath=https://raw.githubusercontent.com/jygameclub/testdataapi/main/mahjong2date/0525_0433&debugStart=446,https://raw.githubusercontent.com/jygameclub/testdataapi/main/mahjong2date/0525_0433/446.json,https://raw.githubusercontent.com/jygameclub/testdataapi/main/mahjong2date/0525_0433,未中奖,0.00,0.00,1,0,0,0,0,0,0,否,否,否,0,0,677472,677472,4651779669783161,9474738.0,9474698.0,
普通空转,448.json,448,0,,https://fish-games.s3.amazonaws.com/MahjongWays2/index.html?env=ceshislot.osshaiwai.com&hasFloat=0&token=436475c81b51e6893c740657870f86b7&language=en&debug=1&debugDataPath=https://raw.githubusercontent.com/jygameclub/testdataapi/main/mahjong2date/0525_0433&debugStart=448,https://raw.githubusercontent.com/jygameclub/testdataapi/main/mahjong2date/0525_0433/448.json,https://raw.githubusercontent.com/jygameclub/testdataapi/main/mahjong2date/0525_0433,未中奖,0.00,0.00,1,0,0,0,0,0,0,否,否,否,0,1,677477,677477,7711779669787744,9474664.0,9474624.0,
普通空转,450.json,450,0,,https://fish-games.s3.amazonaws.com/MahjongWays2/index.html?env=ceshislot.osshaiwai.com&hasFloat=0&token=436475c81b51e6893c740657870f86b7&language=en&debug=1&debugDataPath=https://raw.githubusercontent.com/jygameclub/testdataapi/main/mahjong2date/0525_0433&debugStart=450,https://raw.githubusercontent.com/jygameclub/testdataapi/main/mahjong2date/0525_0433/450.json,https://raw.githubusercontent.com/jygameclub/testdataapi/main/mahjong2date/0525_0433,未中奖,0.00,0.00,1,0,0,0,0,0,0,否,否,否,0,0,677481,677481,9581779669794078,9474632.0,9474592.0,
普通空转,451.json,451,0,,https://fish-games.s3.amazonaws.com/MahjongWays2/index.html?env=ceshislot.osshaiwai.com&hasFloat=0&token=436475c81b51e6893c740657870f86b7&language=en&debug=1&debugDataPath=https://raw.githubusercontent.com/jygameclub/testdataapi/main/mahjong2date/0525_0433&debugStart=451,https://raw.githubusercontent.com/jygameclub/testdataapi/main/mahjong2date/0525_0433/451.json,https://raw.githubusercontent.com/jygameclub/testdataapi/main/mahjong2date/0525_0433,未中奖,0.00,0.00,1,0,0,0,0,0,0,否,否,否,0,1,677482,677482,9261779669794944,9474592.0,9474552.0,
普通空转,453.json,453,0,,https://fish-games.s3.amazonaws.com/MahjongWays2/index.html?env=ceshislot.osshaiwai.com&hasFloat=0&token=436475c81b51e6893c740657870f86b7&language=en&debug=1&debugDataPath=https://raw.githubusercontent.com/jygameclub/testdataapi/main/mahjong2date/0525_0433&debugStart=453,https://raw.githubusercontent.com/jygameclub/testdataapi/main/mahjong2date/0525_0433/453.json,https://raw.githubusercontent.com/jygameclub/testdataapi/main/mahjong2date/0525_0433,未中奖,0.00,0.00,1,0,0,0,0,0,0,否,否,否,0,0,677488,677488,6871779669800244,9474520.0,9474480.0,
普通空转,454.json,454,0,,https://fish-games.s3.amazonaws.com/MahjongWays2/index.html?env=ceshislot.osshaiwai.com&hasFloat=0&token=436475c81b51e6893c740657870f86b7&language=en&debug=1&debugDataPath=https://raw.githubusercontent.com/jygameclub/testdataapi/main/mahjong2date/0525_0433&debugStart=454,https://raw.githubusercontent.com/jygameclub/testdataapi/main/mahjong2date/0525_0433/454.json,https://raw.githubusercontent.com/jygameclub/testdataapi/main/mahjong2date/0525_0433,未中奖,0.00,0.00,1,0,0,0,0,0,0,否,否,否,0,1,677489,677489,1791779669801028,9474480.0,9474440.0,
普通空转,455.json,455,0,,https://fish-games.s3.amazonaws.com/MahjongWays2/index.html?env=ceshislot.osshaiwai.com&hasFloat=0&token=436475c81b51e6893c740657870f86b7&language=en&debug=1&debugDataPath=https://raw.githubusercontent.com/jygameclub/testdataapi/main/mahjong2date/0525_0433&debugStart=455,https://raw.githubusercontent.com/jygameclub/testdataapi/main/mahjong2date/0525_0433/455.json,https://raw.githubusercontent.com/jygameclub/testdataapi/main/mahjong2date/0525_0433,未中奖,0.00,0.00,1,0,0,0,0,0,0,否,否,否,0,0,677492,677492,9441779669802577,9474440.0,9474400.0,
普通空转,456.json,456,0,,https://fish-games.s3.amazonaws.com/MahjongWays2/index.html?env=ceshislot.osshaiwai.com&hasFloat=0&token=436475c81b51e6893c740657870f86b7&language=en&debug=1&debugDataPath=https://raw.githubusercontent.com/jygameclub/testdataapi/main/mahjong2date/0525_0433&debugStart=456,https://raw.githubusercontent.com/jygameclub/testdataapi/main/mahjong2date/0525_0433/456.json,https://raw.githubusercontent.com/jygameclub/testdataapi/main/mahjong2date/0525_0433,未中奖,0.00,0.00,1,0,0,0,0,0,0,否,否,否,0,0,677494,677494,7931779669803444,9474400.0,9474360.0,
普通空转,457.json,457,0,,https://fish-games.s3.amazonaws.com/MahjongWays2/index.html?env=ceshislot.osshaiwai.com&hasFloat=0&token=436475c81b51e6893c740657870f86b7&language=en&debug=1&debugDataPath=https://raw.githubusercontent.com/jygameclub/testdataapi/main/mahjong2date/0525_0433&debugStart=457,https://raw.githubusercontent.com/jygameclub/testdataapi/main/mahjong2date/0525_0433/457.json,https://raw.githubusercontent.com/jygameclub/testdataapi/main/mahjong2date/0525_0433,未中奖,0.00,0.00,1,0,0,0,0,0,0,否,否,否,0,1,677496,677496,6311779669804311,9474360.0,9474320.0,
普通空转,458.json,458,0,,https://fish-games.s3.amazonaws.com/MahjongWays2/index.html?env=ceshislot.osshaiwai.com&hasFloat=0&token=436475c81b51e6893c740657870f86b7&language=en&debug=1&debugDataPath=https://raw.githubusercontent.com/jygameclub/testdataapi/main/mahjong2date/0525_0433&debugStart=458,https://raw.githubusercontent.com/jygameclub/testdataapi/main/mahjong2date/0525_0433/458.json,https://raw.githubusercontent.com/jygameclub/testdataapi/main/mahjong2date/0525_0433,未中奖,0.00,0.00,1,0,0,0,0,0,0,否,否,否,0,0,677497,677497,3851779669805861,9474320.0,9474280.0,
普通空转,459.json,459,0,,https://fish-games.s3.amazonaws.com/MahjongWays2/index.html?env=ceshislot.osshaiwai.com&hasFloat=0&token=436475c81b51e6893c740657870f86b7&language=en&debug=1&debugDataPath=https://raw.githubusercontent.com/jygameclub/testdataapi/main/mahjong2date/0525_0433&debugStart=459,https://raw.githubusercontent.com/jygameclub/testdataapi/main/mahjong2date/0525_0433/459.json,https://raw.githubusercontent.com/jygameclub/testdataapi/main/mahjong2date/0525_0433,未中奖,0.00,0.00,1,0,0,0,0,0,0,否,否,否,0,1,677498,677498,5821779669806794,9474280.0,9474240.0,
普通空转,460.json,460,0,,https://fish-games.s3.amazonaws.com/MahjongWays2/index.html?env=ceshislot.osshaiwai.com&hasFloat=0&token=436475c81b51e6893c740657870f86b7&language=en&debug=1&debugDataPath=https://raw.githubusercontent.com/jygameclub/testdataapi/main/mahjong2date/0525_0433&debugStart=460,https://raw.githubusercontent.com/jygameclub/testdataapi/main/mahjong2date/0525_0433/460.json,https://raw.githubusercontent.com/jygameclub/testdataapi/main/mahjong2date/0525_0433,未中奖,0.00,0.00,1,0,0,0,0,0,0,否,否,否,0,0,677499,677499,4981779669808261,9474240.0,9474200.0,
普通空转,461.json,461,0,,https://fish-games.s3.amazonaws.com/MahjongWays2/index.html?env=ceshislot.osshaiwai.com&hasFloat=0&token=436475c81b51e6893c740657870f86b7&language=en&debug=1&debugDataPath=https://raw.githubusercontent.com/jygameclub/testdataapi/main/mahjong2date/0525_0433&debugStart=461,https://raw.githubusercontent.com/jygameclub/testdataapi/main/mahjong2date/0525_0433/461.json,https://raw.githubusercontent.com/jygameclub/testdataapi/main/mahjong2date/0525_0433,未中奖,0.00,0.00,1,0,0,0,0,0,0,否,否,否,0,0,677500,677500,2531779669809128,9474200.0,9474160.0,
普通空转,462.json,462,0,,https://fish-games.s3.amazonaws.com/MahjongWays2/index.html?env=ceshislot.osshaiwai.com&hasFloat=0&token=436475c81b51e6893c740657870f86b7&language=en&debug=1&debugDataPath=https://raw.githubusercontent.com/jygameclub/testdataapi/main/mahjong2date/0525_0433&debugStart=462,https://raw.githubusercontent.com/jygameclub/testdataapi/main/mahjong2date/0525_0433/462.json,https://raw.githubusercontent.com/jygameclub/testdataapi/main/mahjong2date/0525_0433,未中奖,0.00,0.00,1,0,0,0,0,0,0,否,否,否,0,0,677501,677501,9361779669809994,9474160.0,9474120.0,
普通空转,463.json,463,0,,https://fish-games.s3.amazonaws.com/MahjongWays2/index.html?env=ceshislot.osshaiwai.com&hasFloat=0&token=436475c81b51e6893c740657870f86b7&language=en&debug=1&debugDataPath=https://raw.githubusercontent.com/jygameclub/testdataapi/main/mahjong2date/0525_0433&debugStart=463,https://raw.githubusercontent.com/jygameclub/testdataapi/main/mahjong2date/0525_0433/463.json,https://raw.githubusercontent.com/jygameclub/testdataapi/main/mahjong2date/0525_0433,未中奖,0.00,0.00,1,0,0,0,0,0,0,否,否,否,0,1,677502,677502,4161779669810860,9474120.0,9474080.0,
普通空转,464.json,464,0,,https://fish-games.s3.amazonaws.com/MahjongWays2/index.html?env=ceshislot.osshaiwai.com&hasFloat=0&token=436475c81b51e6893c740657870f86b7&language=en&debug=1&debugDataPath=https://raw.githubusercontent.com/jygameclub/testdataapi/main/mahjong2date/0525_0433&debugStart=464,https://raw.githubusercontent.com/jygameclub/testdataapi/main/mahjong2date/0525_0433/464.json,https://raw.githubusercontent.com/jygameclub/testdataapi/main/mahjong2date/0525_0433,未中奖,0.00,0.00,1,0,0,0,0,0,0,否,否,否,0,0,677503,677503,8371779669812327,9474080.0,9474040.0,
普通空转,465.json,465,0,,https://fish-games.s3.amazonaws.com/MahjongWays2/index.html?env=ceshislot.osshaiwai.com&hasFloat=0&token=436475c81b51e6893c740657870f86b7&language=en&debug=1&debugDataPath=https://raw.githubusercontent.com/jygameclub/testdataapi/main/mahjong2date/0525_0433&debugStart=465,https://raw.githubusercontent.com/jygameclub/testdataapi/main/mahjong2date/0525_0433/465.json,https://raw.githubusercontent.com/jygameclub/testdataapi/main/mahjong2date/0525_0433,未中奖,0.00,0.00,1,0,0,0,0,0,0,否,否,否,0,0,677504,677504,3761779669813178,9474040.0,9474000.0,
普通空转,466.json,466,0,,https://fish-games.s3.amazonaws.com/MahjongWays2/index.html?env=ceshislot.osshaiwai.com&hasFloat=0&token=436475c81b51e6893c740657870f86b7&language=en&debug=1&debugDataPath=https://raw.githubusercontent.com/jygameclub/testdataapi/main/mahjong2date/0525_0433&debugStart=466,https://raw.githubusercontent.com/jygameclub/testdataapi/main/mahjong2date/0525_0433/466.json,https://raw.githubusercontent.com/jygameclub/testdataapi/main/mahjong2date/0525_0433,未中奖,0.00,0.00,1,0,0,0,0,0,0,否,否,否,0,0,677505,677505,8231779669814028,9474000.0,9473960.0,
普通空转,467.json,467,0,,https://fish-games.s3.amazonaws.com/MahjongWays2/index.html?env=ceshislot.osshaiwai.com&hasFloat=0&token=436475c81b51e6893c740657870f86b7&language=en&debug=1&debugDataPath=https://raw.githubusercontent.com/jygameclub/testdataapi/main/mahjong2date/0525_0433&debugStart=467,https://raw.githubusercontent.com/jygameclub/testdataapi/main/mahjong2date/0525_0433/467.json,https://raw.githubusercontent.com/jygameclub/testdataapi/main/mahjong2date/0525_0433,未中奖,0.00,0.00,1,0,0,0,0,0,0,否,否,否,0,0,677506,677506,5401779669814812,9473960.0,9473920.0,
普通空转,468.json,468,0,,https://fish-games.s3.amazonaws.com/MahjongWays2/index.html?env=ceshislot.osshaiwai.com&hasFloat=0&token=436475c81b51e6893c740657870f86b7&language=en&debug=1&debugDataPath=https://raw.githubusercontent.com/jygameclub/testdataapi/main/mahjong2date/0525_0433&debugStart=468,https://raw.githubusercontent.com/jygameclub/testdataapi/main/mahjong2date/0525_0433/468.json,https://raw.githubusercontent.com/jygameclub/testdataapi/main/mahjong2date/0525_0433,未中奖,0.00,0.00,1,0,0,0,0,0,0,否,否,否,0,1,677507,677507,7921779669815660,9473920.0,9473880.0,
普通空转,471.json,471,0,,https://fish-games.s3.amazonaws.com/MahjongWays2/index.html?env=ceshislot.osshaiwai.com&hasFloat=0&token=436475c81b51e6893c740657870f86b7&language=en&debug=1&debugDataPath=https://raw.githubusercontent.com/jygameclub/testdataapi/main/mahjong2date/0525_0433&debugStart=471,https://raw.githubusercontent.com/jygameclub/testdataapi/main/mahjong2date/0525_0433/471.json,https://raw.githubusercontent.com/jygameclub/testdataapi/main/mahjong2date/0525_0433,未中奖,0.00,0.00,1,0,0,0,0,0,0,否,否,否,0,0,677517,677517,1971779669824677,9473858.0,9473818.0,
普通空转,472.json,472,0,,https://fish-games.s3.amazonaws.com/MahjongWays2/index.html?env=ceshislot.osshaiwai.com&hasFloat=0&token=436475c81b51e6893c740657870f86b7&language=en&debug=1&debugDataPath=https://raw.githubusercontent.com/jygameclub/testdataapi/main/mahjong2date/0525_0433&debugStart=472,https://raw.githubusercontent.com/jygameclub/testdataapi/main/mahjong2date/0525_0433/472.json,https://raw.githubusercontent.com/jygameclub/testdataapi/main/mahjong2date/0525_0433,未中奖,0.00,0.00,1,0,0,0,0,0,0,否,否,否,0,0,677518,677518,8061779669825527,9473818.0,9473778.0,
普通空转,473.json,473,0,,https://fish-games.s3.amazonaws.com/MahjongWays2/index.html?env=ceshislot.osshaiwai.com&hasFloat=0&token=436475c81b51e6893c740657870f86b7&language=en&debug=1&debugDataPath=https://raw.githubusercontent.com/jygameclub/testdataapi/main/mahjong2date/0525_0433&debugStart=473,https://raw.githubusercontent.com/jygameclub/testdataapi/main/mahjong2date/0525_0433/473.json,https://raw.githubusercontent.com/jygameclub/testdataapi/main/mahjong2date/0525_0433,未中奖,0.00,0.00,1,0,0,0,0,0,0,否,否,否,0,2,677519,677519,5261779669826377,9473778.0,9473738.0,
普通空转,474.json,474,0,,https://fish-games.s3.amazonaws.com/MahjongWays2/index.html?env=ceshislot.osshaiwai.com&hasFloat=0&token=436475c81b51e6893c740657870f86b7&language=en&debug=1&debugDataPath=https://raw.githubusercontent.com/jygameclub/testdataapi/main/mahjong2date/0525_0433&debugStart=474,https://raw.githubusercontent.com/jygameclub/testdataapi/main/mahjong2date/0525_0433/474.json,https://raw.githubusercontent.com/jygameclub/testdataapi/main/mahjong2date/0525_0433,未中奖,0.00,0.00,1,0,0,0,0,0,0,否,否,否,0,0,677520,677520,3781779669827944,9473738.0,9473698.0,
普通空转,475.json,475,0,,https://fish-games.s3.amazonaws.com/MahjongWays2/index.html?env=ceshislot.osshaiwai.com&hasFloat=0&token=436475c81b51e6893c740657870f86b7&language=en&debug=1&debugDataPath=https://raw.githubusercontent.com/jygameclub/testdataapi/main/mahjong2date/0525_0433&debugStart=475,https://raw.githubusercontent.com/jygameclub/testdataapi/main/mahjong2date/0525_0433/475.json,https://raw.githubusercontent.com/jygameclub/testdataapi/main/mahjong2date/0525_0433,未中奖,0.00,0.00,1,0,0,0,0,0,0,否,否,否,0,0,677522,677522,8281779669828795,9473698.0,9473658.0,
普通空转,476.json,476,0,,https://fish-games.s3.amazonaws.com/MahjongWays2/index.html?env=ceshislot.osshaiwai.com&hasFloat=0&token=436475c81b51e6893c740657870f86b7&language=en&debug=1&debugDataPath=https://raw.githubusercontent.com/jygameclub/testdataapi/main/mahjong2date/0525_0433&debugStart=476,https://raw.githubusercontent.com/jygameclub/testdataapi/main/mahjong2date/0525_0433/476.json,https://raw.githubusercontent.com/jygameclub/testdataapi/main/mahjong2date/0525_0433,未中奖,0.00,0.00,1,0,0,0,0,0,0,否,否,否,0,1,677523,677523,3991779669829643,9473658.0,9473618.0,
普通空转,477.json,477,0,,https://fish-games.s3.amazonaws.com/MahjongWays2/index.html?env=ceshislot.osshaiwai.com&hasFloat=0&token=436475c81b51e6893c740657870f86b7&language=en&debug=1&debugDataPath=https://raw.githubusercontent.com/jygameclub/testdataapi/main/mahjong2date/0525_0433&debugStart=477,https://raw.githubusercontent.com/jygameclub/testdataapi/main/mahjong2date/0525_0433/477.json,https://raw.githubusercontent.com/jygameclub/testdataapi/main/mahjong2date/0525_0433,未中奖,0.00,0.00,1,0,0,0,0,0,0,否,否,否,0,0,677524,677524,4071779669831110,9473618.0,9473578.0,
普通空转,478.json,478,0,,https://fish-games.s3.amazonaws.com/MahjongWays2/index.html?env=ceshislot.osshaiwai.com&hasFloat=0&token=436475c81b51e6893c740657870f86b7&language=en&debug=1&debugDataPath=https://raw.githubusercontent.com/jygameclub/testdataapi/main/mahjong2date/0525_0433&debugStart=478,https://raw.githubusercontent.com/jygameclub/testdataapi/main/mahjong2date/0525_0433/478.json,https://raw.githubusercontent.com/jygameclub/testdataapi/main/mahjong2date/0525_0433,未中奖,0.00,0.00,1,0,0,0,0,0,0,否,否,否,0,0,677525,677525,5301779669831961,9473578.0,9473538.0,
普通空转,480.json,480,0,,https://fish-games.s3.amazonaws.com/MahjongWays2/index.html?env=ceshislot.osshaiwai.com&hasFloat=0&token=436475c81b51e6893c740657870f86b7&language=en&debug=1&debugDataPath=https://raw.githubusercontent.com/jygameclub/testdataapi/main/mahjong2date/0525_0433&debugStart=480,https://raw.githubusercontent.com/jygameclub/testdataapi/main/mahjong2date/0525_0433/480.json,https://raw.githubusercontent.com/jygameclub/testdataapi/main/mahjong2date/0525_0433,未中奖,0.00,0.00,1,0,0,0,0,0,0,否,否,否,0,1,677532,677532,6721779669836560,9473502.0,9473462.0,
普通空转,481.json,481,0,,https://fish-games.s3.amazonaws.com/MahjongWays2/index.html?env=ceshislot.osshaiwai.com&hasFloat=0&token=436475c81b51e6893c740657870f86b7&language=en&debug=1&debugDataPath=https://raw.githubusercontent.com/jygameclub/testdataapi/main/mahjong2date/0525_0433&debugStart=481,https://raw.githubusercontent.com/jygameclub/testdataapi/main/mahjong2date/0525_0433/481.json,https://raw.githubusercontent.com/jygameclub/testdataapi/main/mahjong2date/0525_0433,未中奖,0.00,0.00,1,0,0,0,0,0,0,否,否,否,0,0,677533,677533,9181779669838044,9473462.0,9473422.0,
普通空转,482.json,482,0,,https://fish-games.s3.amazonaws.com/MahjongWays2/index.html?env=ceshislot.osshaiwai.com&hasFloat=0&token=436475c81b51e6893c740657870f86b7&language=en&debug=1&debugDataPath=https://raw.githubusercontent.com/jygameclub/testdataapi/main/mahjong2date/0525_0433&debugStart=482,https://raw.githubusercontent.com/jygameclub/testdataapi/main/mahjong2date/0525_0433/482.json,https://raw.githubusercontent.com/jygameclub/testdataapi/main/mahjong2date/0525_0433,未中奖,0.00,0.00,1,0,0,0,0,0,0,否,否,否,0,0,677534,677534,7981779669838911,9473422.0,9473382.0,
普通空转,483.json,483,0,,https://fish-games.s3.amazonaws.com/MahjongWays2/index.html?env=ceshislot.osshaiwai.com&hasFloat=0&token=436475c81b51e6893c740657870f86b7&language=en&debug=1&debugDataPath=https://raw.githubusercontent.com/jygameclub/testdataapi/main/mahjong2date/0525_0433&debugStart=483,https://raw.githubusercontent.com/jygameclub/testdataapi/main/mahjong2date/0525_0433/483.json,https://raw.githubusercontent.com/jygameclub/testdataapi/main/mahjong2date/0525_0433,未中奖,0.00,0.00,1,0,0,0,0,0,0,否,否,否,0,1,677536,677536,9361779669839760,9473382.0,9473342.0,
普通空转,485.json,485,0,,https://fish-games.s3.amazonaws.com/MahjongWays2/index.html?env=ceshislot.osshaiwai.com&hasFloat=0&token=436475c81b51e6893c740657870f86b7&language=en&debug=1&debugDataPath=https://raw.githubusercontent.com/jygameclub/testdataapi/main/mahjong2date/0525_0433&debugStart=485,https://raw.githubusercontent.com/jygameclub/testdataapi/main/mahjong2date/0525_0433/485.json,https://raw.githubusercontent.com/jygameclub/testdataapi/main/mahjong2date/0525_0433,未中奖,0.00,0.00,1,0,0,0,0,0,0,否,否,否,0,0,677544,677544,5361779669844927,9473318.0,9473278.0,
普通空转,486.json,486,0,,https://fish-games.s3.amazonaws.com/MahjongWays2/index.html?env=ceshislot.osshaiwai.com&hasFloat=0&token=436475c81b51e6893c740657870f86b7&language=en&debug=1&debugDataPath=https://raw.githubusercontent.com/jygameclub/testdataapi/main/mahjong2date/0525_0433&debugStart=486,https://raw.githubusercontent.com/jygameclub/testdataapi/main/mahjong2date/0525_0433/486.json,https://raw.githubusercontent.com/jygameclub/testdataapi/main/mahjong2date/0525_0433,未中奖,0.00,0.00,1,0,0,0,0,0,0,否,否,否,0,0,677545,677545,8841779669845794,9473278.0,9473238.0,
普通空转,489.json,489,0,,https://fish-games.s3.amazonaws.com/MahjongWays2/index.html?env=ceshislot.osshaiwai.com&hasFloat=0&token=436475c81b51e6893c740657870f86b7&language=en&debug=1&debugDataPath=https://raw.githubusercontent.com/jygameclub/testdataapi/main/mahjong2date/0525_0433&debugStart=489,https://raw.githubusercontent.com/jygameclub/testdataapi/main/mahjong2date/0525_0433/489.json,https://raw.githubusercontent.com/jygameclub/testdataapi/main/mahjong2date/0525_0433,未中奖,0.00,0.00,1,0,0,0,0,0,0,否,否,否,0,2,677556,677556,7301779669857328,9473250.0,9473210.0,
普通空转,490.json,490,0,,https://fish-games.s3.amazonaws.com/MahjongWays2/index.html?env=ceshislot.osshaiwai.com&hasFloat=0&token=436475c81b51e6893c740657870f86b7&language=en&debug=1&debugDataPath=https://raw.githubusercontent.com/jygameclub/testdataapi/main/mahjong2date/0525_0433&debugStart=490,https://raw.githubusercontent.com/jygameclub/testdataapi/main/mahjong2date/0525_0433/490.json,https://raw.githubusercontent.com/jygameclub/testdataapi/main/mahjong2date/0525_0433,未中奖,0.00,0.00,1,0,0,0,0,0,0,否,否,否,0,0,677557,677557,9231779669858911,9473210.0,9473170.0,
普通空转,492.json,492,0,,https://fish-games.s3.amazonaws.com/MahjongWays2/index.html?env=ceshislot.osshaiwai.com&hasFloat=0&token=436475c81b51e6893c740657870f86b7&language=en&debug=1&debugDataPath=https://raw.githubusercontent.com/jygameclub/testdataapi/main/mahjong2date/0525_0433&debugStart=492,https://raw.githubusercontent.com/jygameclub/testdataapi/main/mahjong2date/0525_0433/492.json,https://raw.githubusercontent.com/jygameclub/testdataapi/main/mahjong2date/0525_0433,未中奖,0.00,0.00,1,0,0,0,0,0,0,否,否,否,0,1,677564,677564,6351779669866645,9473192.0,9473152.0,
普通空转,494.json,494,0,,https://fish-games.s3.amazonaws.com/MahjongWays2/index.html?env=ceshislot.osshaiwai.com&hasFloat=0&token=436475c81b51e6893c740657870f86b7&language=en&debug=1&debugDataPath=https://raw.githubusercontent.com/jygameclub/testdataapi/main/mahjong2date/0525_0433&debugStart=494,https://raw.githubusercontent.com/jygameclub/testdataapi/main/mahjong2date/0525_0433/494.json,https://raw.githubusercontent.com/jygameclub/testdataapi/main/mahjong2date/0525_0433,未中奖,0.00,0.00,1,0,0,0,0,0,0,否,否,否,0,0,677570,677570,9961779669870978,9473144.0,9473104.0,
普通空转,496.json,496,0,,https://fish-games.s3.amazonaws.com/MahjongWays2/index.html?env=ceshislot.osshaiwai.com&hasFloat=0&token=436475c81b51e6893c740657870f86b7&language=en&debug=1&debugDataPath=https://raw.githubusercontent.com/jygameclub/testdataapi/main/mahjong2date/0525_0433&debugStart=496,https://raw.githubusercontent.com/jygameclub/testdataapi/main/mahjong2date/0525_0433/496.json,https://raw.githubusercontent.com/jygameclub/testdataapi/main/mahjong2date/0525_0433,未中奖,0.00,0.00,1,0,0,0,0,0,0,否,否,否,0,0,677574,677574,9271779669875460,9473084.0,9473044.0,
普通空转,497.json,497,0,,https://fish-games.s3.amazonaws.com/MahjongWays2/index.html?env=ceshislot.osshaiwai.com&hasFloat=0&token=436475c81b51e6893c740657870f86b7&language=en&debug=1&debugDataPath=https://raw.githubusercontent.com/jygameclub/testdataapi/main/mahjong2date/0525_0433&debugStart=497,https://raw.githubusercontent.com/jygameclub/testdataapi/main/mahjong2date/0525_0433/497.json,https://raw.githubusercontent.com/jygameclub/testdataapi/main/mahjong2date/0525_0433,未中奖,0.00,0.00,1,0,0,0,0,0,0,否,否,否,0,0,677576,677576,6771779669876245,9473044.0,9473004.0,
普通空转,499.json,499,0,,https://fish-games.s3.amazonaws.com/MahjongWays2/index.html?env=ceshislot.osshaiwai.com&hasFloat=0&token=436475c81b51e6893c740657870f86b7&language=en&debug=1&debugDataPath=https://raw.githubusercontent.com/jygameclub/testdataapi/main/mahjong2date/0525_0433&debugStart=499,https://raw.githubusercontent.com/jygameclub/testdataapi/main/mahjong2date/0525_0433/499.json,https://raw.githubusercontent.com/jygameclub/testdataapi/main/mahjong2date/0525_0433,未中奖,0.00,0.00,1,0,0,0,0,0,0,否,否,否,0,0,677585,677585,1521779669880777,9472994.0,9472954.0,
普通空转,500.json,500,0,,https://fish-games.s3.amazonaws.com/MahjongWays2/index.html?env=ceshislot.osshaiwai.com&hasFloat=0&token=436475c81b51e6893c740657870f86b7&language=en&debug=1&debugDataPath=https://raw.githubusercontent.com/jygameclub/testdataapi/main/mahjong2date/0525_0433&debugStart=500,https://raw.githubusercontent.com/jygameclub/testdataapi/main/mahjong2date/0525_0433/500.json,https://raw.githubusercontent.com/jygameclub/testdataapi/main/mahjong2date/0525_0433,未中奖,0.00,0.00,1,0,0,0,0,0,0,否,否,否,0,0,677586,677586,9191779669881644,9472954.0,9472914.0,
普通空转,501.json,501,0,,https://fish-games.s3.amazonaws.com/MahjongWays2/index.html?env=ceshislot.osshaiwai.com&hasFloat=0&token=436475c81b51e6893c740657870f86b7&language=en&debug=1&debugDataPath=https://raw.githubusercontent.com/jygameclub/testdataapi/main/mahjong2date/0525_0433&debugStart=501,https://raw.githubusercontent.com/jygameclub/testdataapi/main/mahjong2date/0525_0433/501.json,https://raw.githubusercontent.com/jygameclub/testdataapi/main/mahjong2date/0525_0433,未中奖,0.00,0.00,1,0,0,0,0,0,0,否,否,否,0,0,677587,677587,4281779669882427,9472914.0,9472874.0,
普通空转,503.json,503,0,,https://fish-games.s3.amazonaws.com/MahjongWays2/index.html?env=ceshislot.osshaiwai.com&hasFloat=0&token=436475c81b51e6893c740657870f86b7&language=en&debug=1&debugDataPath=https://raw.githubusercontent.com/jygameclub/testdataapi/main/mahjong2date/0525_0433&debugStart=503,https://raw.githubusercontent.com/jygameclub/testdataapi/main/mahjong2date/0525_0433/503.json,https://raw.githubusercontent.com/jygameclub/testdataapi/main/mahjong2date/0525_0433,未中奖,0.00,0.00,1,0,0,0,0,0,0,否,否,否,0,0,677592,677592,4881779669886910,9472838.0,9472798.0,
普通空转,505.json,505,0,,https://fish-games.s3.amazonaws.com/MahjongWays2/index.html?env=ceshislot.osshaiwai.com&hasFloat=0&token=436475c81b51e6893c740657870f86b7&language=en&debug=1&debugDataPath=https://raw.githubusercontent.com/jygameclub/testdataapi/main/mahjong2date/0525_0433&debugStart=505,https://raw.githubusercontent.com/jygameclub/testdataapi/main/mahjong2date/0525_0433/505.json,https://raw.githubusercontent.com/jygameclub/testdataapi/main/mahjong2date/0525_0433,未中奖,0.00,0.00,1,0,0,0,0,0,0,否,否,否,0,0,677598,677598,2621779669890377,9472794.0,9472754.0,
普通空转,506.json,506,0,,https://fish-games.s3.amazonaws.com/MahjongWays2/index.html?env=ceshislot.osshaiwai.com&hasFloat=0&token=436475c81b51e6893c740657870f86b7&language=en&debug=1&debugDataPath=https://raw.githubusercontent.com/jygameclub/testdataapi/main/mahjong2date/0525_0433&debugStart=506,https://raw.githubusercontent.com/jygameclub/testdataapi/main/mahjong2date/0525_0433/506.json,https://raw.githubusercontent.com/jygameclub/testdataapi/main/mahjong2date/0525_0433,未中奖,0.00,0.00,1,0,0,0,0,0,0,否,否,否,0,0,677600,677600,5661779669891161,9472754.0,9472714.0,
普通空转,507.json,507,0,,https://fish-games.s3.amazonaws.com/MahjongWays2/index.html?env=ceshislot.osshaiwai.com&hasFloat=0&token=436475c81b51e6893c740657870f86b7&language=en&debug=1&debugDataPath=https://raw.githubusercontent.com/jygameclub/testdataapi/main/mahjong2date/0525_0433&debugStart=507,https://raw.githubusercontent.com/jygameclub/testdataapi/main/mahjong2date/0525_0433/507.json,https://raw.githubusercontent.com/jygameclub/testdataapi/main/mahjong2date/0525_0433,未中奖,0.00,0.00,1,0,0,0,0,0,0,否,否,否,0,0,677601,677601,8171779669891959,9472714.0,9472674.0,
普通空转,510.json,510,0,,https://fish-games.s3.amazonaws.com/MahjongWays2/index.html?env=ceshislot.osshaiwai.com&hasFloat=0&token=436475c81b51e6893c740657870f86b7&language=en&debug=1&debugDataPath=https://raw.githubusercontent.com/jygameclub/testdataapi/main/mahjong2date/0525_0433&debugStart=510,https://raw.githubusercontent.com/jygameclub/testdataapi/main/mahjong2date/0525_0433/510.json,https://raw.githubusercontent.com/jygameclub/testdataapi/main/mahjong2date/0525_0433,未中奖,0.00,0.00,1,0,0,0,0,0,0,否,否,否,0,0,677757,677757,8311779670161015,9474038.0,9473998.0,
普通空转,511.json,511,0,,https://fish-games.s3.amazonaws.com/MahjongWays2/index.html?env=ceshislot.osshaiwai.com&hasFloat=0&token=436475c81b51e6893c740657870f86b7&language=en&debug=1&debugDataPath=https://raw.githubusercontent.com/jygameclub/testdataapi/main/mahjong2date/0525_0433&debugStart=511,https://raw.githubusercontent.com/jygameclub/testdataapi/main/mahjong2date/0525_0433/511.json,https://raw.githubusercontent.com/jygameclub/testdataapi/main/mahjong2date/0525_0433,未中奖,0.00,0.00,1,0,0,0,0,0,0,否,否,否,0,0,677758,677758,6041779670161882,9473998.0,9473958.0,
普通空转,513.json,513,0,,https://fish-games.s3.amazonaws.com/MahjongWays2/index.html?env=ceshislot.osshaiwai.com&hasFloat=0&token=436475c81b51e6893c740657870f86b7&language=en&debug=1&debugDataPath=https://raw.githubusercontent.com/jygameclub/testdataapi/main/mahjong2date/0525_0433&debugStart=513,https://raw.githubusercontent.com/jygameclub/testdataapi/main/mahjong2date/0525_0433/513.json,https://raw.githubusercontent.com/jygameclub/testdataapi/main/mahjong2date/0525_0433,未中奖,0.00,0.00,1,0,0,0,0,0,0,否,否,否,0,0,677764,677764,7271779670166531,9473942.0,9473902.0,
普通空转,514.json,514,0,,https://fish-games.s3.amazonaws.com/MahjongWays2/index.html?env=ceshislot.osshaiwai.com&hasFloat=0&token=436475c81b51e6893c740657870f86b7&language=en&debug=1&debugDataPath=https://raw.githubusercontent.com/jygameclub/testdataapi/main/mahjong2date/0525_0433&debugStart=514,https://raw.githubusercontent.com/jygameclub/testdataapi/main/mahjong2date/0525_0433/514.json,https://raw.githubusercontent.com/jygameclub/testdataapi/main/mahjong2date/0525_0433,未中奖,0.00,0.00,1,0,0,0,0,0,0,否,否,否,0,0,677765,677765,4821779670167380,9473902.0,9473862.0,
普通空转,516.json,516,0,,https://fish-games.s3.amazonaws.com/MahjongWays2/index.html?env=ceshislot.osshaiwai.com&hasFloat=0&token=436475c81b51e6893c740657870f86b7&language=en&debug=1&debugDataPath=https://raw.githubusercontent.com/jygameclub/testdataapi/main/mahjong2date/0525_0433&debugStart=516,https://raw.githubusercontent.com/jygameclub/testdataapi/main/mahjong2date/0525_0433/516.json,https://raw.githubusercontent.com/jygameclub/testdataapi/main/mahjong2date/0525_0433,未中奖,0.00,0.00,1,0,0,0,0,0,0,否,否,否,0,0,677771,677771,1191779670174099,9474116.0,9474076.0,
普通空转,517.json,517,0,,https://fish-games.s3.amazonaws.com/MahjongWays2/index.html?env=ceshislot.osshaiwai.com&hasFloat=0&token=436475c81b51e6893c740657870f86b7&language=en&debug=1&debugDataPath=https://raw.githubusercontent.com/jygameclub/testdataapi/main/mahjong2date/0525_0433&debugStart=517,https://raw.githubusercontent.com/jygameclub/testdataapi/main/mahjong2date/0525_0433/517.json,https://raw.githubusercontent.com/jygameclub/testdataapi/main/mahjong2date/0525_0433,未中奖,0.00,0.00,1,0,0,0,0,0,0,否,否,否,0,1,677773,677773,1461779670174899,9474076.0,9474036.0,
普通空转,518.json,518,0,,https://fish-games.s3.amazonaws.com/MahjongWays2/index.html?env=ceshislot.osshaiwai.com&hasFloat=0&token=436475c81b51e6893c740657870f86b7&language=en&debug=1&debugDataPath=https://raw.githubusercontent.com/jygameclub/testdataapi/main/mahjong2date/0525_0433&debugStart=518,https://raw.githubusercontent.com/jygameclub/testdataapi/main/mahjong2date/0525_0433/518.json,https://raw.githubusercontent.com/jygameclub/testdataapi/main/mahjong2date/0525_0433,未中奖,0.00,0.00,1,0,0,0,0,0,0,否,否,否,0,0,677774,677774,6871779670176314,9474036.0,9473996.0,
普通空转,521.json,521,0,,https://fish-games.s3.amazonaws.com/MahjongWays2/index.html?env=ceshislot.osshaiwai.com&hasFloat=0&token=436475c81b51e6893c740657870f86b7&language=en&debug=1&debugDataPath=https://raw.githubusercontent.com/jygameclub/testdataapi/main/mahjong2date/0525_0433&debugStart=521,https://raw.githubusercontent.com/jygameclub/testdataapi/main/mahjong2date/0525_0433/521.json,https://raw.githubusercontent.com/jygameclub/testdataapi/main/mahjong2date/0525_0433,未中奖,0.00,0.00,1,0,0,0,0,0,0,否,否,否,0,0,677784,677784,5251779670188731,9474290.0,9474250.0,
普通空转,524.json,524,0,,https://fish-games.s3.amazonaws.com/MahjongWays2/index.html?env=ceshislot.osshaiwai.com&hasFloat=0&token=436475c81b51e6893c740657870f86b7&language=en&debug=1&debugDataPath=https://raw.githubusercontent.com/jygameclub/testdataapi/main/mahjong2date/0525_0433&debugStart=524,https://raw.githubusercontent.com/jygameclub/testdataapi/main/mahjong2date/0525_0433/524.json,https://raw.githubusercontent.com/jygameclub/testdataapi/main/mahjong2date/0525_0433,未中奖,0.00,0.00,1,0,0,0,0,0,0,否,否,否,0,0,677790,677790,3731779670196033,9474254.0,9474214.0,
普通空转,526.json,526,0,,https://fish-games.s3.amazonaws.com/MahjongWays2/index.html?env=ceshislot.osshaiwai.com&hasFloat=0&token=436475c81b51e6893c740657870f86b7&language=en&debug=1&debugDataPath=https://raw.githubusercontent.com/jygameclub/testdataapi/main/mahjong2date/0525_0433&debugStart=526,https://raw.githubusercontent.com/jygameclub/testdataapi/main/mahjong2date/0525_0433/526.json,https://raw.githubusercontent.com/jygameclub/testdataapi/main/mahjong2date/0525_0433,未中奖,0.00,0.00,1,0,0,0,0,0,0,否,否,否,0,0,677793,677793,7531779670199481,9474182.0,9474142.0,
普通空转,527.json,527,0,,https://fish-games.s3.amazonaws.com/MahjongWays2/index.html?env=ceshislot.osshaiwai.com&hasFloat=0&token=436475c81b51e6893c740657870f86b7&language=en&debug=1&debugDataPath=https://raw.githubusercontent.com/jygameclub/testdataapi/main/mahjong2date/0525_0433&debugStart=527,https://raw.githubusercontent.com/jygameclub/testdataapi/main/mahjong2date/0525_0433/527.json,https://raw.githubusercontent.com/jygameclub/testdataapi/main/mahjong2date/0525_0433,未中奖,0.00,0.00,1,0,0,0,0,0,0,否,否,否,0,1,677794,677794,3381779670200331,9474142.0,9474102.0,
普通空转,529.json,529,0,,https://fish-games.s3.amazonaws.com/MahjongWays2/index.html?env=ceshislot.osshaiwai.com&hasFloat=0&token=436475c81b51e6893c740657870f86b7&language=en&debug=1&debugDataPath=https://raw.githubusercontent.com/jygameclub/testdataapi/main/mahjong2date/0525_0433&debugStart=529,https://raw.githubusercontent.com/jygameclub/testdataapi/main/mahjong2date/0525_0433/529.json,https://raw.githubusercontent.com/jygameclub/testdataapi/main/mahjong2date/0525_0433,未中奖,0.00,0.00,1,0,0,0,0,0,0,否,否,否,0,0,677797,677797,4871779670204481,9474070.0,9474030.0,
普通空转,530.json,530,0,,https://fish-games.s3.amazonaws.com/MahjongWays2/index.html?env=ceshislot.osshaiwai.com&hasFloat=0&token=436475c81b51e6893c740657870f86b7&language=en&debug=1&debugDataPath=https://raw.githubusercontent.com/jygameclub/testdataapi/main/mahjong2date/0525_0433&debugStart=530,https://raw.githubusercontent.com/jygameclub/testdataapi/main/mahjong2date/0525_0433/530.json,https://raw.githubusercontent.com/jygameclub/testdataapi/main/mahjong2date/0525_0433,未中奖,0.00,0.00,1,0,0,0,0,0,0,否,否,否,0,0,677798,677798,8171779670205348,9474030.0,9473990.0,
普通空转,531.json,531,0,,https://fish-games.s3.amazonaws.com/MahjongWays2/index.html?env=ceshislot.osshaiwai.com&hasFloat=0&token=436475c81b51e6893c740657870f86b7&language=en&debug=1&debugDataPath=https://raw.githubusercontent.com/jygameclub/testdataapi/main/mahjong2date/0525_0433&debugStart=531,https://raw.githubusercontent.com/jygameclub/testdataapi/main/mahjong2date/0525_0433/531.json,https://raw.githubusercontent.com/jygameclub/testdataapi/main/mahjong2date/0525_0433,未中奖,0.00,0.00,1,0,0,0,0,0,0,否,否,否,0,0,677799,677799,5461779670206131,9473990.0,9473950.0,
普通空转,532.json,532,0,,https://fish-games.s3.amazonaws.com/MahjongWays2/index.html?env=ceshislot.osshaiwai.com&hasFloat=0&token=436475c81b51e6893c740657870f86b7&language=en&debug=1&debugDataPath=https://raw.githubusercontent.com/jygameclub/testdataapi/main/mahjong2date/0525_0433&debugStart=532,https://raw.githubusercontent.com/jygameclub/testdataapi/main/mahjong2date/0525_0433/532.json,https://raw.githubusercontent.com/jygameclub/testdataapi/main/mahjong2date/0525_0433,未中奖,0.00,0.00,1,0,0,0,0,0,0,否,否,否,0,0,677800,677800,9361779670206931,9473950.0,9473910.0,
普通空转,534.json,534,0,,https://fish-games.s3.amazonaws.com/MahjongWays2/index.html?env=ceshislot.osshaiwai.com&hasFloat=0&token=436475c81b51e6893c740657870f86b7&language=en&debug=1&debugDataPath=https://raw.githubusercontent.com/jygameclub/testdataapi/main/mahjong2date/0525_0433&debugStart=534,https://raw.githubusercontent.com/jygameclub/testdataapi/main/mahjong2date/0525_0433/534.json,https://raw.githubusercontent.com/jygameclub/testdataapi/main/mahjong2date/0525_0433,未中奖,0.00,0.00,1,0,0,0,0,0,0,否,否,否,0,0,677805,677805,3511779670215715,9474144.0,9474104.0,
普通空转,535.json,535,0,,https://fish-games.s3.amazonaws.com/MahjongWays2/index.html?env=ceshislot.osshaiwai.com&hasFloat=0&token=436475c81b51e6893c740657870f86b7&language=en&debug=1&debugDataPath=https://raw.githubusercontent.com/jygameclub/testdataapi/main/mahjong2date/0525_0433&debugStart=535,https://raw.githubusercontent.com/jygameclub/testdataapi/main/mahjong2date/0525_0433/535.json,https://raw.githubusercontent.com/jygameclub/testdataapi/main/mahjong2date/0525_0433,未中奖,0.00,0.00,1,0,0,0,0,0,0,否,否,否,0,0,677806,677806,9001779670216516,9474104.0,9474064.0,
普通空转,538.json,538,0,,https://fish-games.s3.amazonaws.com/MahjongWays2/index.html?env=ceshislot.osshaiwai.com&hasFloat=0&token=436475c81b51e6893c740657870f86b7&language=en&debug=1&debugDataPath=https://raw.githubusercontent.com/jygameclub/testdataapi/main/mahjong2date/0525_0433&debugStart=538,https://raw.githubusercontent.com/jygameclub/testdataapi/main/mahjong2date/0525_0433/538.json,https://raw.githubusercontent.com/jygameclub/testdataapi/main/mahjong2date/0525_0433,未中奖,0.00,0.00,1,0,0,0,0,0,0,否,否,否,0,2,677811,677811,9231779670223814,9473998.0,9473958.0,
普通空转,539.json,539,0,,https://fish-games.s3.amazonaws.com/MahjongWays2/index.html?env=ceshislot.osshaiwai.com&hasFloat=0&token=436475c81b51e6893c740657870f86b7&language=en&debug=1&debugDataPath=https://raw.githubusercontent.com/jygameclub/testdataapi/main/mahjong2date/0525_0433&debugStart=539,https://raw.githubusercontent.com/jygameclub/testdataapi/main/mahjong2date/0525_0433/539.json,https://raw.githubusercontent.com/jygameclub/testdataapi/main/mahjong2date/0525_0433,未中奖,0.00,0.00,1,0,0,0,0,0,0,否,否,否,0,1,677812,677812,2901779670225381,9473958.0,9473918.0,
普通空转,541.json,541,0,,https://fish-games.s3.amazonaws.com/MahjongWays2/index.html?env=ceshislot.osshaiwai.com&hasFloat=0&token=436475c81b51e6893c740657870f86b7&language=en&debug=1&debugDataPath=https://raw.githubusercontent.com/jygameclub/testdataapi/main/mahjong2date/0525_0433&debugStart=541,https://raw.githubusercontent.com/jygameclub/testdataapi/main/mahjong2date/0525_0433/541.json,https://raw.githubusercontent.com/jygameclub/testdataapi/main/mahjong2date/0525_0433,未中奖,0.00,0.00,1,0,0,0,0,0,0,否,否,否,0,1,677816,677816,5821779670229531,9473890.0,9473850.0,
普通空转,542.json,542,0,,https://fish-games.s3.amazonaws.com/MahjongWays2/index.html?env=ceshislot.osshaiwai.com&hasFloat=0&token=436475c81b51e6893c740657870f86b7&language=en&debug=1&debugDataPath=https://raw.githubusercontent.com/jygameclub/testdataapi/main/mahjong2date/0525_0433&debugStart=542,https://raw.githubusercontent.com/jygameclub/testdataapi/main/mahjong2date/0525_0433/542.json,https://raw.githubusercontent.com/jygameclub/testdataapi/main/mahjong2date/0525_0433,未中奖,0.00,0.00,1,0,0,0,0,0,0,否,否,否,0,0,677817,677817,8931779670230997,9473850.0,9473810.0,
普通空转,543.json,543,0,,https://fish-games.s3.amazonaws.com/MahjongWays2/index.html?env=ceshislot.osshaiwai.com&hasFloat=0&token=436475c81b51e6893c740657870f86b7&language=en&debug=1&debugDataPath=https://raw.githubusercontent.com/jygameclub/testdataapi/main/mahjong2date/0525_0433&debugStart=543,https://raw.githubusercontent.com/jygameclub/testdataapi/main/mahjong2date/0525_0433/543.json,https://raw.githubusercontent.com/jygameclub/testdataapi/main/mahjong2date/0525_0433,未中奖,0.00,0.00,1,0,0,0,0,0,0,否,否,否,0,0,677818,677818,7691779670231781,9473810.0,9473770.0,
普通空转,544.json,544,0,,https://fish-games.s3.amazonaws.com/MahjongWays2/index.html?env=ceshislot.osshaiwai.com&hasFloat=0&token=436475c81b51e6893c740657870f86b7&language=en&debug=1&debugDataPath=https://raw.githubusercontent.com/jygameclub/testdataapi/main/mahjong2date/0525_0433&debugStart=544,https://raw.githubusercontent.com/jygameclub/testdataapi/main/mahjong2date/0525_0433/544.json,https://raw.githubusercontent.com/jygameclub/testdataapi/main/mahjong2date/0525_0433,未中奖,0.00,0.00,1,0,0,0,0,0,0,否,否,否,0,0,677819,677819,4121779670232649,9473770.0,9473730.0,
普通空转,545.json,545,0,,https://fish-games.s3.amazonaws.com/MahjongWays2/index.html?env=ceshislot.osshaiwai.com&hasFloat=0&token=436475c81b51e6893c740657870f86b7&language=en&debug=1&debugDataPath=https://raw.githubusercontent.com/jygameclub/testdataapi/main/mahjong2date/0525_0433&debugStart=545,https://raw.githubusercontent.com/jygameclub/testdataapi/main/mahjong2date/0525_0433/545.json,https://raw.githubusercontent.com/jygameclub/testdataapi/main/mahjong2date/0525_0433,未中奖,0.00,0.00,1,0,0,0,0,0,0,否,否,否,0,1,677821,677821,9701779670233431,9473730.0,9473690.0,
普通空转,547.json,547,0,,https://fish-games.s3.amazonaws.com/MahjongWays2/index.html?env=ceshislot.osshaiwai.com&hasFloat=0&token=436475c81b51e6893c740657870f86b7&language=en&debug=1&debugDataPath=https://raw.githubusercontent.com/jygameclub/testdataapi/main/mahjong2date/0525_0433&debugStart=547,https://raw.githubusercontent.com/jygameclub/testdataapi/main/mahjong2date/0525_0433/547.json,https://raw.githubusercontent.com/jygameclub/testdataapi/main/mahjong2date/0525_0433,未中奖,0.00,0.00,1,0,0,0,0,0,0,否,否,否,0,0,677828,677828,7601779670238532,9473658.0,9473618.0,
普通空转,548.json,548,0,,https://fish-games.s3.amazonaws.com/MahjongWays2/index.html?env=ceshislot.osshaiwai.com&hasFloat=0&token=436475c81b51e6893c740657870f86b7&language=en&debug=1&debugDataPath=https://raw.githubusercontent.com/jygameclub/testdataapi/main/mahjong2date/0525_0433&debugStart=548,https://raw.githubusercontent.com/jygameclub/testdataapi/main/mahjong2date/0525_0433/548.json,https://raw.githubusercontent.com/jygameclub/testdataapi/main/mahjong2date/0525_0433,未中奖,0.00,0.00,1,0,0,0,0,0,0,否,否,否,0,1,677829,677829,6901779670239315,9473618.0,9473578.0,
普通空转,549.json,549,0,,https://fish-games.s3.amazonaws.com/MahjongWays2/index.html?env=ceshislot.osshaiwai.com&hasFloat=0&token=436475c81b51e6893c740657870f86b7&language=en&debug=1&debugDataPath=https://raw.githubusercontent.com/jygameclub/testdataapi/main/mahjong2date/0525_0433&debugStart=549,https://raw.githubusercontent.com/jygameclub/testdataapi/main/mahjong2date/0525_0433/549.json,https://raw.githubusercontent.com/jygameclub/testdataapi/main/mahjong2date/0525_0433,未中奖,0.00,0.00,1,0,0,0,0,0,0,否,否,否,0,0,677830,677830,2021779670240731,9473578.0,9473538.0,
普通空转,550.json,550,0,,https://fish-games.s3.amazonaws.com/MahjongWays2/index.html?env=ceshislot.osshaiwai.com&hasFloat=0&token=436475c81b51e6893c740657870f86b7&language=en&debug=1&debugDataPath=https://raw.githubusercontent.com/jygameclub/testdataapi/main/mahjong2date/0525_0433&debugStart=550,https://raw.githubusercontent.com/jygameclub/testdataapi/main/mahjong2date/0525_0433/550.json,https://raw.githubusercontent.com/jygameclub/testdataapi/main/mahjong2date/0525_0433,未中奖,0.00,0.00,1,0,0,0,0,0,0,否,否,否,0,2,677831,677831,6431779670241598,9473538.0,9473498.0,
普通空转,552.json,552,0,,https://fish-games.s3.amazonaws.com/MahjongWays2/index.html?env=ceshislot.osshaiwai.com&hasFloat=0&token=436475c81b51e6893c740657870f86b7&language=en&debug=1&debugDataPath=https://raw.githubusercontent.com/jygameclub/testdataapi/main/mahjong2date/0525_0433&debugStart=552,https://raw.githubusercontent.com/jygameclub/testdataapi/main/mahjong2date/0525_0433/552.json,https://raw.githubusercontent.com/jygameclub/testdataapi/main/mahjong2date/0525_0433,未中奖,0.00,0.00,1,0,0,0,0,0,0,否,否,否,0,1,677835,677835,7451779670247848,9473614.0,9473574.0,
普通空转,556.json,556,0,,https://fish-games.s3.amazonaws.com/MahjongWays2/index.html?env=ceshislot.osshaiwai.com&hasFloat=0&token=436475c81b51e6893c740657870f86b7&language=en&debug=1&debugDataPath=https://raw.githubusercontent.com/jygameclub/testdataapi/main/mahjong2date/0525_0433&debugStart=556,https://raw.githubusercontent.com/jygameclub/testdataapi/main/mahjong2date/0525_0433/556.json,https://raw.githubusercontent.com/jygameclub/testdataapi/main/mahjong2date/0525_0433,未中奖,0.00,0.00,1,0,0,0,0,0,0,否,否,否,0,0,677851,677851,4171779670263665,9473564.0,9473524.0,
普通空转,557.json,557,0,,https://fish-games.s3.amazonaws.com/MahjongWays2/index.html?env=ceshislot.osshaiwai.com&hasFloat=0&token=436475c81b51e6893c740657870f86b7&language=en&debug=1&debugDataPath=https://raw.githubusercontent.com/jygameclub/testdataapi/main/mahjong2date/0525_0433&debugStart=557,https://raw.githubusercontent.com/jygameclub/testdataapi/main/mahjong2date/0525_0433/557.json,https://raw.githubusercontent.com/jygameclub/testdataapi/main/mahjong2date/0525_0433,未中奖,0.00,0.00,1,0,0,0,0,0,0,否,否,否,0,0,677852,677852,7141779670264464,9473524.0,9473484.0,
普通空转,558.json,558,0,,https://fish-games.s3.amazonaws.com/MahjongWays2/index.html?env=ceshislot.osshaiwai.com&hasFloat=0&token=436475c81b51e6893c740657870f86b7&language=en&debug=1&debugDataPath=https://raw.githubusercontent.com/jygameclub/testdataapi/main/mahjong2date/0525_0433&debugStart=558,https://raw.githubusercontent.com/jygameclub/testdataapi/main/mahjong2date/0525_0433/558.json,https://raw.githubusercontent.com/jygameclub/testdataapi/main/mahjong2date/0525_0433,未中奖,0.00,0.00,1,0,0,0,0,0,0,否,否,否,0,0,677853,677853,2301779670265314,9473484.0,9473444.0,
普通空转,559.json,559,0,,https://fish-games.s3.amazonaws.com/MahjongWays2/index.html?env=ceshislot.osshaiwai.com&hasFloat=0&token=436475c81b51e6893c740657870f86b7&language=en&debug=1&debugDataPath=https://raw.githubusercontent.com/jygameclub/testdataapi/main/mahjong2date/0525_0433&debugStart=559,https://raw.githubusercontent.com/jygameclub/testdataapi/main/mahjong2date/0525_0433/559.json,https://raw.githubusercontent.com/jygameclub/testdataapi/main/mahjong2date/0525_0433,未中奖,0.00,0.00,1,0,0,0,0,0,0,否,否,否,0,0,677855,677855,7071779670266098,9473444.0,9473404.0,
普通空转,560.json,560,0,,https://fish-games.s3.amazonaws.com/MahjongWays2/index.html?env=ceshislot.osshaiwai.com&hasFloat=0&token=436475c81b51e6893c740657870f86b7&language=en&debug=1&debugDataPath=https://raw.githubusercontent.com/jygameclub/testdataapi/main/mahjong2date/0525_0433&debugStart=560,https://raw.githubusercontent.com/jygameclub/testdataapi/main/mahjong2date/0525_0433/560.json,https://raw.githubusercontent.com/jygameclub/testdataapi/main/mahjong2date/0525_0433,未中奖,0.00,0.00,1,0,0,0,0,0,0,否,否,否,0,0,677857,677857,1711779670266897,9473404.0,9473364.0,
普通空转,561.json,561,0,,https://fish-games.s3.amazonaws.com/MahjongWays2/index.html?env=ceshislot.osshaiwai.com&hasFloat=0&token=436475c81b51e6893c740657870f86b7&language=en&debug=1&debugDataPath=https://raw.githubusercontent.com/jygameclub/testdataapi/main/mahjong2date/0525_0433&debugStart=561,https://raw.githubusercontent.com/jygameclub/testdataapi/main/mahjong2date/0525_0433/561.json,https://raw.githubusercontent.com/jygameclub/testdataapi/main/mahjong2date/0525_0433,未中奖,0.00,0.00,1,0,0,0,0,0,0,否,否,否,0,0,677859,677859,9381779670267698,9473364.0,9473324.0,
普通空转,562.json,562,0,,https://fish-games.s3.amazonaws.com/MahjongWays2/index.html?env=ceshislot.osshaiwai.com&hasFloat=0&token=436475c81b51e6893c740657870f86b7&language=en&debug=1&debugDataPath=https://raw.githubusercontent.com/jygameclub/testdataapi/main/mahjong2date/0525_0433&debugStart=562,https://raw.githubusercontent.com/jygameclub/testdataapi/main/mahjong2date/0525_0433/562.json,https://raw.githubusercontent.com/jygameclub/testdataapi/main/mahjong2date/0525_0433,未中奖,0.00,0.00,1,0,0,0,0,0,0,否,否,否,0,0,677861,677861,6741779670268480,9473324.0,9473284.0,
普通空转,563.json,563,0,,https://fish-games.s3.amazonaws.com/MahjongWays2/index.html?env=ceshislot.osshaiwai.com&hasFloat=0&token=436475c81b51e6893c740657870f86b7&language=en&debug=1&debugDataPath=https://raw.githubusercontent.com/jygameclub/testdataapi/main/mahjong2date/0525_0433&debugStart=563,https://raw.githubusercontent.com/jygameclub/testdataapi/main/mahjong2date/0525_0433/563.json,https://raw.githubusercontent.com/jygameclub/testdataapi/main/mahjong2date/0525_0433,未中奖,0.00,0.00,1,0,0,0,0,0,0,否,否,否,0,2,677863,677863,1761779670269264,9473284.0,9473244.0,
普通空转,564.json,564,0,,https://fish-games.s3.amazonaws.com/MahjongWays2/index.html?env=ceshislot.osshaiwai.com&hasFloat=0&token=436475c81b51e6893c740657870f86b7&language=en&debug=1&debugDataPath=https://raw.githubusercontent.com/jygameclub/testdataapi/main/mahjong2date/0525_0433&debugStart=564,https://raw.githubusercontent.com/jygameclub/testdataapi/main/mahjong2date/0525_0433/564.json,https://raw.githubusercontent.com/jygameclub/testdataapi/main/mahjong2date/0525_0433,未中奖,0.00,0.00,1,0,0,0,0,0,0,否,否,否,0,0,677865,677865,8211779670270780,9473244.0,9473204.0,
普通空转,565.json,565,0,,https://fish-games.s3.amazonaws.com/MahjongWays2/index.html?env=ceshislot.osshaiwai.com&hasFloat=0&token=436475c81b51e6893c740657870f86b7&language=en&debug=1&debugDataPath=https://raw.githubusercontent.com/jygameclub/testdataapi/main/mahjong2date/0525_0433&debugStart=565,https://raw.githubusercontent.com/jygameclub/testdataapi/main/mahjong2date/0525_0433/565.json,https://raw.githubusercontent.com/jygameclub/testdataapi/main/mahjong2date/0525_0433,未中奖,0.00,0.00,1,0,0,0,0,0,0,否,否,否,0,0,677866,677866,7891779670271630,9473204.0,9473164.0,
普通空转,567.json,567,0,,https://fish-games.s3.amazonaws.com/MahjongWays2/index.html?env=ceshislot.osshaiwai.com&hasFloat=0&token=436475c81b51e6893c740657870f86b7&language=en&debug=1&debugDataPath=https://raw.githubusercontent.com/jygameclub/testdataapi/main/mahjong2date/0525_0433&debugStart=567,https://raw.githubusercontent.com/jygameclub/testdataapi/main/mahjong2date/0525_0433/567.json,https://raw.githubusercontent.com/jygameclub/testdataapi/main/mahjong2date/0525_0433,未中奖,0.00,0.00,1,0,0,0,0,0,0,否,否,否,0,1,677869,677869,8221779670275098,9473128.0,9473088.0,
普通空转,570.json,570,0,,https://fish-games.s3.amazonaws.com/MahjongWays2/index.html?env=ceshislot.osshaiwai.com&hasFloat=0&token=436475c81b51e6893c740657870f86b7&language=en&debug=1&debugDataPath=https://raw.githubusercontent.com/jygameclub/testdataapi/main/mahjong2date/0525_0433&debugStart=570,https://raw.githubusercontent.com/jygameclub/testdataapi/main/mahjong2date/0525_0433/570.json,https://raw.githubusercontent.com/jygameclub/testdataapi/main/mahjong2date/0525_0433,未中奖,0.00,0.00,1,0,0,0,0,0,0,否,否,否,0,0,677879,677879,2581779670286998,9473064.0,9473024.0,
普通空转,571.json,571,0,,https://fish-games.s3.amazonaws.com/MahjongWays2/index.html?env=ceshislot.osshaiwai.com&hasFloat=0&token=436475c81b51e6893c740657870f86b7&language=en&debug=1&debugDataPath=https://raw.githubusercontent.com/jygameclub/testdataapi/main/mahjong2date/0525_0433&debugStart=571,https://raw.githubusercontent.com/jygameclub/testdataapi/main/mahjong2date/0525_0433/571.json,https://raw.githubusercontent.com/jygameclub/testdataapi/main/mahjong2date/0525_0433,未中奖,0.00,0.00,1,0,0,0,0,0,0,否,否,否,0,2,677880,677880,7901779670287863,9473024.0,9472984.0,
普通空转,573.json,573,0,,https://fish-games.s3.amazonaws.com/MahjongWays2/index.html?env=ceshislot.osshaiwai.com&hasFloat=0&token=436475c81b51e6893c740657870f86b7&language=en&debug=1&debugDataPath=https://raw.githubusercontent.com/jygameclub/testdataapi/main/mahjong2date/0525_0433&debugStart=573,https://raw.githubusercontent.com/jygameclub/testdataapi/main/mahjong2date/0525_0433/573.json,https://raw.githubusercontent.com/jygameclub/testdataapi/main/mahjong2date/0525_0433,未中奖,0.00,0.00,1,0,0,0,0,0,0,否,否,否,0,0,677884,677884,7821779670294114,9473044.0,9473004.0,
普通空转,579.json,579,0,,https://fish-games.s3.amazonaws.com/MahjongWays2/index.html?env=ceshislot.osshaiwai.com&hasFloat=0&token=436475c81b51e6893c740657870f86b7&language=en&debug=1&debugDataPath=https://raw.githubusercontent.com/jygameclub/testdataapi/main/mahjong2date/0525_0433&debugStart=579,https://raw.githubusercontent.com/jygameclub/testdataapi/main/mahjong2date/0525_0433/579.json,https://raw.githubusercontent.com/jygameclub/testdataapi/main/mahjong2date/0525_0433,未中奖,0.00,0.00,1,0,0,0,0,0,0,否,否,否,0,1,677900,677900,5841779670319946,9473030.0,9472990.0,
普通空转,580.json,580,0,,https://fish-games.s3.amazonaws.com/MahjongWays2/index.html?env=ceshislot.osshaiwai.com&hasFloat=0&token=436475c81b51e6893c740657870f86b7&language=en&debug=1&debugDataPath=https://raw.githubusercontent.com/jygameclub/testdataapi/main/mahjong2date/0525_0433&debugStart=580,https://raw.githubusercontent.com/jygameclub/testdataapi/main/mahjong2date/0525_0433/580.json,https://raw.githubusercontent.com/jygameclub/testdataapi/main/mahjong2date/0525_0433,未中奖,0.00,0.00,1,0,0,0,0,0,0,否,否,否,0,0,677902,677902,6711779670321413,9472990.0,9472950.0,
普通空转,581.json,581,0,,https://fish-games.s3.amazonaws.com/MahjongWays2/index.html?env=ceshislot.osshaiwai.com&hasFloat=0&token=436475c81b51e6893c740657870f86b7&language=en&debug=1&debugDataPath=https://raw.githubusercontent.com/jygameclub/testdataapi/main/mahjong2date/0525_0433&debugStart=581,https://raw.githubusercontent.com/jygameclub/testdataapi/main/mahjong2date/0525_0433/581.json,https://raw.githubusercontent.com/jygameclub/testdataapi/main/mahjong2date/0525_0433,未中奖,0.00,0.00,1,0,0,0,0,0,0,否,否,否,0,1,677903,677903,9541779670322197,9472950.0,9472910.0,
普通空转,582.json,582,0,,https://fish-games.s3.amazonaws.com/MahjongWays2/index.html?env=ceshislot.osshaiwai.com&hasFloat=0&token=436475c81b51e6893c740657870f86b7&language=en&debug=1&debugDataPath=https://raw.githubusercontent.com/jygameclub/testdataapi/main/mahjong2date/0525_0433&debugStart=582,https://raw.githubusercontent.com/jygameclub/testdataapi/main/mahjong2date/0525_0433/582.json,https://raw.githubusercontent.com/jygameclub/testdataapi/main/mahjong2date/0525_0433,未中奖,0.00,0.00,1,0,0,0,0,0,0,否,否,否,0,1,677906,677906,1501779670323664,9472910.0,9472870.0,
普通空转,583.json,583,0,,https://fish-games.s3.amazonaws.com/MahjongWays2/index.html?env=ceshislot.osshaiwai.com&hasFloat=0&token=436475c81b51e6893c740657870f86b7&language=en&debug=1&debugDataPath=https://raw.githubusercontent.com/jygameclub/testdataapi/main/mahjong2date/0525_0433&debugStart=583,https://raw.githubusercontent.com/jygameclub/testdataapi/main/mahjong2date/0525_0433/583.json,https://raw.githubusercontent.com/jygameclub/testdataapi/main/mahjong2date/0525_0433,未中奖,0.00,0.00,1,0,0,0,0,0,0,否,否,否,0,1,677909,677909,1561779670325130,9472870.0,9472830.0,
普通空转,586.json,586,0,,https://fish-games.s3.amazonaws.com/MahjongWays2/index.html?env=ceshislot.osshaiwai.com&hasFloat=0&token=436475c81b51e6893c740657870f86b7&language=en&debug=1&debugDataPath=https://raw.githubusercontent.com/jygameclub/testdataapi/main/mahjong2date/0525_0433&debugStart=586,https://raw.githubusercontent.com/jygameclub/testdataapi/main/mahjong2date/0525_0433/586.json,https://raw.githubusercontent.com/jygameclub/testdataapi/main/mahjong2date/0525_0433,未中奖,0.00,0.00,1,0,0,0,0,0,0,否,否,否,0,0,677920,677920,2091779670332047,9472762.0,9472722.0,
普通空转,587.json,587,0,,https://fish-games.s3.amazonaws.com/MahjongWays2/index.html?env=ceshislot.osshaiwai.com&hasFloat=0&token=436475c81b51e6893c740657870f86b7&language=en&debug=1&debugDataPath=https://raw.githubusercontent.com/jygameclub/testdataapi/main/mahjong2date/0525_0433&debugStart=587,https://raw.githubusercontent.com/jygameclub/testdataapi/main/mahjong2date/0525_0433/587.json,https://raw.githubusercontent.com/jygameclub/testdataapi/main/mahjong2date/0525_0433,未中奖,0.00,0.00,1,0,0,0,0,0,0,否,否,否,0,0,677922,677922,1961779670332897,9472722.0,9472682.0,
普通空转,589.json,589,0,,https://fish-games.s3.amazonaws.com/MahjongWays2/index.html?env=ceshislot.osshaiwai.com&hasFloat=0&token=436475c81b51e6893c740657870f86b7&language=en&debug=1&debugDataPath=https://raw.githubusercontent.com/jygameclub/testdataapi/main/mahjong2date/0525_0433&debugStart=589,https://raw.githubusercontent.com/jygameclub/testdataapi/main/mahjong2date/0525_0433/589.json,https://raw.githubusercontent.com/jygameclub/testdataapi/main/mahjong2date/0525_0433,未中奖,0.00,0.00,1,0,0,0,0,0,0,否,否,否,0,1,677925,677925,7421779670337529,9472652.0,9472612.0,
普通空转,590.json,590,0,,https://fish-games.s3.amazonaws.com/MahjongWays2/index.html?env=ceshislot.osshaiwai.com&hasFloat=0&token=436475c81b51e6893c740657870f86b7&language=en&debug=1&debugDataPath=https://raw.githubusercontent.com/jygameclub/testdataapi/main/mahjong2date/0525_0433&debugStart=590,https://raw.githubusercontent.com/jygameclub/testdataapi/main/mahjong2date/0525_0433/590.json,https://raw.githubusercontent.com/jygameclub/testdataapi/main/mahjong2date/0525_0433,未中奖,0.00,0.00,1,0,0,0,0,0,0,否,否,否,0,0,677928,677928,7371779670339014,9472612.0,9472572.0,
普通空转,593.json,593,0,,https://fish-games.s3.amazonaws.com/MahjongWays2/index.html?env=ceshislot.osshaiwai.com&hasFloat=0&token=436475c81b51e6893c740657870f86b7&language=en&debug=1&debugDataPath=https://raw.githubusercontent.com/jygameclub/testdataapi/main/mahjong2date/0525_0433&debugStart=593,https://raw.githubusercontent.com/jygameclub/testdataapi/main/mahjong2date/0525_0433/593.json,https://raw.githubusercontent.com/jygameclub/testdataapi/main/mahjong2date/0525_0433,未中奖,0.00,0.00,1,0,0,0,0,0,0,否,否,否,0,1,677943,677943,8951779670351414,9472766.0,9472726.0,
普通空转,595.json,595,0,,https://fish-games.s3.amazonaws.com/MahjongWays2/index.html?env=ceshislot.osshaiwai.com&hasFloat=0&token=436475c81b51e6893c740657870f86b7&language=en&debug=1&debugDataPath=https://raw.githubusercontent.com/jygameclub/testdataapi/main/mahjong2date/0525_0433&debugStart=595,https://raw.githubusercontent.com/jygameclub/testdataapi/main/mahjong2date/0525_0433/595.json,https://raw.githubusercontent.com/jygameclub/testdataapi/main/mahjong2date/0525_0433,未中奖,0.00,0.00,1,0,0,0,0,0,0,否,否,否,0,0,677948,677948,5021779670355613,9472694.0,9472654.0,
普通空转,597.json,597,0,,https://fish-games.s3.amazonaws.com/MahjongWays2/index.html?env=ceshislot.osshaiwai.com&hasFloat=0&token=436475c81b51e6893c740657870f86b7&language=en&debug=1&debugDataPath=https://raw.githubusercontent.com/jygameclub/testdataapi/main/mahjong2date/0525_0433&debugStart=597,https://raw.githubusercontent.com/jygameclub/testdataapi/main/mahjong2date/0525_0433/597.json,https://raw.githubusercontent.com/jygameclub/testdataapi/main/mahjong2date/0525_0433,未中奖,0.00,0.00,1,0,0,0,0,0,0,否,否,否,0,0,677952,677952,7351779670359146,9472618.0,9472578.0,
普通空转,598.json,598,0,,https://fish-games.s3.amazonaws.com/MahjongWays2/index.html?env=ceshislot.osshaiwai.com&hasFloat=0&token=436475c81b51e6893c740657870f86b7&language=en&debug=1&debugDataPath=https://raw.githubusercontent.com/jygameclub/testdataapi/main/mahjong2date/0525_0433&debugStart=598,https://raw.githubusercontent.com/jygameclub/testdataapi/main/mahjong2date/0525_0433/598.json,https://raw.githubusercontent.com/jygameclub/testdataapi/main/mahjong2date/0525_0433,未中奖,0.00,0.00,1,0,0,0,0,0,0,否,否,否,0,1,677953,677953,7691779670360146,9472578.0,9472538.0,
普通空转,599.json,599,0,,https://fish-games.s3.amazonaws.com/MahjongWays2/index.html?env=ceshislot.osshaiwai.com&hasFloat=0&token=436475c81b51e6893c740657870f86b7&language=en&debug=1&debugDataPath=https://raw.githubusercontent.com/jygameclub/testdataapi/main/mahjong2date/0525_0433&debugStart=599,https://raw.githubusercontent.com/jygameclub/testdataapi/main/mahjong2date/0525_0433/599.json,https://raw.githubusercontent.com/jygameclub/testdataapi/main/mahjong2date/0525_0433,未中奖,0.00,0.00,1,0,0,0,0,0,0,否,否,否,0,0,677954,677954,7801779670361630,9472538.0,9472498.0,
普通空转,600.json,600,0,,https://fish-games.s3.amazonaws.com/MahjongWays2/index.html?env=ceshislot.osshaiwai.com&hasFloat=0&token=436475c81b51e6893c740657870f86b7&language=en&debug=1&debugDataPath=https://raw.githubusercontent.com/jygameclub/testdataapi/main/mahjong2date/0525_0433&debugStart=600,https://raw.githubusercontent.com/jygameclub/testdataapi/main/mahjong2date/0525_0433/600.json,https://raw.githubusercontent.com/jygameclub/testdataapi/main/mahjong2date/0525_0433,未中奖,0.00,0.00,1,0,0,0,0,0,0,否,否,否,0,1,677956,677956,5751779670362497,9472498.0,9472458.0,
普通空转,601.json,601,0,,https://fish-games.s3.amazonaws.com/MahjongWays2/index.html?env=ceshislot.osshaiwai.com&hasFloat=0&token=436475c81b51e6893c740657870f86b7&language=en&debug=1&debugDataPath=https://raw.githubusercontent.com/jygameclub/testdataapi/main/mahjong2date/0525_0433&debugStart=601,https://raw.githubusercontent.com/jygameclub/testdataapi/main/mahjong2date/0525_0433/601.json,https://raw.githubusercontent.com/jygameclub/testdataapi/main/mahjong2date/0525_0433,未中奖,0.00,0.00,1,0,0,0,0,0,0,否,否,否,0,0,677958,677958,2131779670363980,9472458.0,9472418.0,
普通空转,602.json,602,0,,https://fish-games.s3.amazonaws.com/MahjongWays2/index.html?env=ceshislot.osshaiwai.com&hasFloat=0&token=436475c81b51e6893c740657870f86b7&language=en&debug=1&debugDataPath=https://raw.githubusercontent.com/jygameclub/testdataapi/main/mahjong2date/0525_0433&debugStart=602,https://raw.githubusercontent.com/jygameclub/testdataapi/main/mahjong2date/0525_0433/602.json,https://raw.githubusercontent.com/jygameclub/testdataapi/main/mahjong2date/0525_0433,未中奖,0.00,0.00,1,0,0,0,0,0,0,否,否,否,0,0,677960,677960,5791779670364780,9472418.0,9472378.0,
普通空转,604.json,604,0,,https://fish-games.s3.amazonaws.com/MahjongWays2/index.html?env=ceshislot.osshaiwai.com&hasFloat=0&token=436475c81b51e6893c740657870f86b7&language=en&debug=1&debugDataPath=https://raw.githubusercontent.com/jygameclub/testdataapi/main/mahjong2date/0525_0433&debugStart=604,https://raw.githubusercontent.com/jygameclub/testdataapi/main/mahjong2date/0525_0433/604.json,https://raw.githubusercontent.com/jygameclub/testdataapi/main/mahjong2date/0525_0433,未中奖,0.00,0.00,1,0,0,0,0,0,0,否,否,否,0,0,677965,677965,9591779670370047,9472344.0,9472304.0,
普通空转,605.json,605,0,,https://fish-games.s3.amazonaws.com/MahjongWays2/index.html?env=ceshislot.osshaiwai.com&hasFloat=0&token=436475c81b51e6893c740657870f86b7&language=en&debug=1&debugDataPath=https://raw.githubusercontent.com/jygameclub/testdataapi/main/mahjong2date/0525_0433&debugStart=605,https://raw.githubusercontent.com/jygameclub/testdataapi/main/mahjong2date/0525_0433/605.json,https://raw.githubusercontent.com/jygameclub/testdataapi/main/mahjong2date/0525_0433,未中奖,0.00,0.00,1,0,0,0,0,0,0,否,否,否,0,0,677966,677966,4921779670370913,9472304.0,9472264.0,
普通空转,606.json,606,0,,https://fish-games.s3.amazonaws.com/MahjongWays2/index.html?env=ceshislot.osshaiwai.com&hasFloat=0&token=436475c81b51e6893c740657870f86b7&language=en&debug=1&debugDataPath=https://raw.githubusercontent.com/jygameclub/testdataapi/main/mahjong2date/0525_0433&debugStart=606,https://raw.githubusercontent.com/jygameclub/testdataapi/main/mahjong2date/0525_0433/606.json,https://raw.githubusercontent.com/jygameclub/testdataapi/main/mahjong2date/0525_0433,未中奖,0.00,0.00,1,0,0,0,0,0,0,否,否,否,0,1,677967,677967,3831779670371696,9472264.0,9472224.0,
普通空转,607.json,607,0,,https://fish-games.s3.amazonaws.com/MahjongWays2/index.html?env=ceshislot.osshaiwai.com&hasFloat=0&token=436475c81b51e6893c740657870f86b7&language=en&debug=1&debugDataPath=https://raw.githubusercontent.com/jygameclub/testdataapi/main/mahjong2date/0525_0433&debugStart=607,https://raw.githubusercontent.com/jygameclub/testdataapi/main/mahjong2date/0525_0433/607.json,https://raw.githubusercontent.com/jygameclub/testdataapi/main/mahjong2date/0525_0433,未中奖,0.00,0.00,1,0,0,0,0,0,0,否,否,否,0,1,677968,677968,5801779670373180,9472224.0,9472184.0,
普通空转,609.json,609,0,,https://fish-games.s3.amazonaws.com/MahjongWays2/index.html?env=ceshislot.osshaiwai.com&hasFloat=0&token=436475c81b51e6893c740657870f86b7&language=en&debug=1&debugDataPath=https://raw.githubusercontent.com/jygameclub/testdataapi/main/mahjong2date/0525_0433&debugStart=609,https://raw.githubusercontent.com/jygameclub/testdataapi/main/mahjong2date/0525_0433/609.json,https://raw.githubusercontent.com/jygameclub/testdataapi/main/mahjong2date/0525_0433,未中奖,0.00,0.00,1,0,0,0,0,0,0,否,否,否,0,0,677971,677971,9321779670377314,9472156.0,9472116.0,
普通空转,613.json,613,0,,https://fish-games.s3.amazonaws.com/MahjongWays2/index.html?env=ceshislot.osshaiwai.com&hasFloat=0&token=436475c81b51e6893c740657870f86b7&language=en&debug=1&debugDataPath=https://raw.githubusercontent.com/jygameclub/testdataapi/main/mahjong2date/0525_0433&debugStart=613,https://raw.githubusercontent.com/jygameclub/testdataapi/main/mahjong2date/0525_0433/613.json,https://raw.githubusercontent.com/jygameclub/testdataapi/main/mahjong2date/0525_0433,未中奖,0.00,0.00,1,0,0,0,0,0,0,否,否,否,0,0,678033,678033,9171779670478829,9473212.0,9473172.0,
普通空转,614.json,614,0,,https://fish-games.s3.amazonaws.com/MahjongWays2/index.html?env=ceshislot.osshaiwai.com&hasFloat=0&token=436475c81b51e6893c740657870f86b7&language=en&debug=1&debugDataPath=https://raw.githubusercontent.com/jygameclub/testdataapi/main/mahjong2date/0525_0433&debugStart=614,https://raw.githubusercontent.com/jygameclub/testdataapi/main/mahjong2date/0525_0433/614.json,https://raw.githubusercontent.com/jygameclub/testdataapi/main/mahjong2date/0525_0433,未中奖,0.00,0.00,1,0,0,0,0,0,0,否,否,否,0,1,678035,678035,1191779670479729,9473172.0,9473132.0,
普通空转,616.json,616,0,,https://fish-games.s3.amazonaws.com/MahjongWays2/index.html?env=ceshislot.osshaiwai.com&hasFloat=0&token=436475c81b51e6893c740657870f86b7&language=en&debug=1&debugDataPath=https://raw.githubusercontent.com/jygameclub/testdataapi/main/mahjong2date/0525_0433&debugStart=616,https://raw.githubusercontent.com/jygameclub/testdataapi/main/mahjong2date/0525_0433/616.json,https://raw.githubusercontent.com/jygameclub/testdataapi/main/mahjong2date/0525_0433,未中奖,0.00,0.00,1,0,0,0,0,0,0,否,否,否,0,0,678040,678040,9791779670485030,9473104.0,9473064.0,
普通空转,617.json,617,0,,https://fish-games.s3.amazonaws.com/MahjongWays2/index.html?env=ceshislot.osshaiwai.com&hasFloat=0&token=436475c81b51e6893c740657870f86b7&language=en&debug=1&debugDataPath=https://raw.githubusercontent.com/jygameclub/testdataapi/main/mahjong2date/0525_0433&debugStart=617,https://raw.githubusercontent.com/jygameclub/testdataapi/main/mahjong2date/0525_0433/617.json,https://raw.githubusercontent.com/jygameclub/testdataapi/main/mahjong2date/0525_0433,未中奖,0.00,0.00,1,0,0,0,0,0,0,否,否,否,0,1,678042,678042,9971779670485946,9473064.0,9473024.0,
普通空转,620.json,620,0,,https://fish-games.s3.amazonaws.com/MahjongWays2/index.html?env=ceshislot.osshaiwai.com&hasFloat=0&token=436475c81b51e6893c740657870f86b7&language=en&debug=1&debugDataPath=https://raw.githubusercontent.com/jygameclub/testdataapi/main/mahjong2date/0525_0433&debugStart=620,https://raw.githubusercontent.com/jygameclub/testdataapi/main/mahjong2date/0525_0433/620.json,https://raw.githubusercontent.com/jygameclub/testdataapi/main/mahjong2date/0525_0433,未中奖,0.00,0.00,1,0,0,0,0,0,0,否,否,否,0,0,678052,678052,6411779670493896,9472956.0,9472916.0,
普通空转,621.json,621,0,,https://fish-games.s3.amazonaws.com/MahjongWays2/index.html?env=ceshislot.osshaiwai.com&hasFloat=0&token=436475c81b51e6893c740657870f86b7&language=en&debug=1&debugDataPath=https://raw.githubusercontent.com/jygameclub/testdataapi/main/mahjong2date/0525_0433&debugStart=621,https://raw.githubusercontent.com/jygameclub/testdataapi/main/mahjong2date/0525_0433/621.json,https://raw.githubusercontent.com/jygameclub/testdataapi/main/mahjong2date/0525_0433,未中奖,0.00,0.00,1,0,0,0,0,0,0,否,否,否,0,0,678054,678054,2991779670494745,9472916.0,9472876.0,
普通空转,622.json,622,0,,https://fish-games.s3.amazonaws.com/MahjongWays2/index.html?env=ceshislot.osshaiwai.com&hasFloat=0&token=436475c81b51e6893c740657870f86b7&language=en&debug=1&debugDataPath=https://raw.githubusercontent.com/jygameclub/testdataapi/main/mahjong2date/0525_0433&debugStart=622,https://raw.githubusercontent.com/jygameclub/testdataapi/main/mahjong2date/0525_0433/622.json,https://raw.githubusercontent.com/jygameclub/testdataapi/main/mahjong2date/0525_0433,未中奖,0.00,0.00,1,0,0,0,0,0,0,否,否,否,0,2,678055,678055,3901779670495546,9472876.0,9472836.0,
普通空转,623.json,623,0,,https://fish-games.s3.amazonaws.com/MahjongWays2/index.html?env=ceshislot.osshaiwai.com&hasFloat=0&token=436475c81b51e6893c740657870f86b7&language=en&debug=1&debugDataPath=https://raw.githubusercontent.com/jygameclub/testdataapi/main/mahjong2date/0525_0433&debugStart=623,https://raw.githubusercontent.com/jygameclub/testdataapi/main/mahjong2date/0525_0433/623.json,https://raw.githubusercontent.com/jygameclub/testdataapi/main/mahjong2date/0525_0433,未中奖,0.00,0.00,1,0,0,0,0,0,0,否,否,否,0,0,678056,678056,1491779670497113,9472836.0,9472796.0,
普通空转,624.json,624,0,,https://fish-games.s3.amazonaws.com/MahjongWays2/index.html?env=ceshislot.osshaiwai.com&hasFloat=0&token=436475c81b51e6893c740657870f86b7&language=en&debug=1&debugDataPath=https://raw.githubusercontent.com/jygameclub/testdataapi/main/mahjong2date/0525_0433&debugStart=624,https://raw.githubusercontent.com/jygameclub/testdataapi/main/mahjong2date/0525_0433/624.json,https://raw.githubusercontent.com/jygameclub/testdataapi/main/mahjong2date/0525_0433,未中奖,0.00,0.00,1,0,0,0,0,0,0,否,否,否,0,2,678057,678057,7281779670497979,9472796.0,9472756.0,
普通空转,626.json,626,0,,https://fish-games.s3.amazonaws.com/MahjongWays2/index.html?env=ceshislot.osshaiwai.com&hasFloat=0&token=436475c81b51e6893c740657870f86b7&language=en&debug=1&debugDataPath=https://raw.githubusercontent.com/jygameclub/testdataapi/main/mahjong2date/0525_0433&debugStart=626,https://raw.githubusercontent.com/jygameclub/testdataapi/main/mahjong2date/0525_0433/626.json,https://raw.githubusercontent.com/jygameclub/testdataapi/main/mahjong2date/0525_0433,未中奖,0.00,0.00,1,0,0,0,0,0,0,否,否,否,0,1,678061,678061,7371779670502296,9472756.0,9472716.0,
普通空转,627.json,627,0,,https://fish-games.s3.amazonaws.com/MahjongWays2/index.html?env=ceshislot.osshaiwai.com&hasFloat=0&token=436475c81b51e6893c740657870f86b7&language=en&debug=1&debugDataPath=https://raw.githubusercontent.com/jygameclub/testdataapi/main/mahjong2date/0525_0433&debugStart=627,https://raw.githubusercontent.com/jygameclub/testdataapi/main/mahjong2date/0525_0433/627.json,https://raw.githubusercontent.com/jygameclub/testdataapi/main/mahjong2date/0525_0433,未中奖,0.00,0.00,1,0,0,0,0,0,0,否,否,否,0,0,678063,678063,8361779670503840,9472716.0,9472676.0,
普通空转,628.json,628,0,,https://fish-games.s3.amazonaws.com/MahjongWays2/index.html?env=ceshislot.osshaiwai.com&hasFloat=0&token=436475c81b51e6893c740657870f86b7&language=en&debug=1&debugDataPath=https://raw.githubusercontent.com/jygameclub/testdataapi/main/mahjong2date/0525_0433&debugStart=628,https://raw.githubusercontent.com/jygameclub/testdataapi/main/mahjong2date/0525_0433/628.json,https://raw.githubusercontent.com/jygameclub/testdataapi/main/mahjong2date/0525_0433,未中奖,0.00,0.00,1,0,0,0,0,0,0,否,否,否,0,0,678064,678064,7341779670504812,9472676.0,9472636.0,
普通空转,629.json,629,0,,https://fish-games.s3.amazonaws.com/MahjongWays2/index.html?env=ceshislot.osshaiwai.com&hasFloat=0&token=436475c81b51e6893c740657870f86b7&language=en&debug=1&debugDataPath=https://raw.githubusercontent.com/jygameclub/testdataapi/main/mahjong2date/0525_0433&debugStart=629,https://raw.githubusercontent.com/jygameclub/testdataapi/main/mahjong2date/0525_0433/629.json,https://raw.githubusercontent.com/jygameclub/testdataapi/main/mahjong2date/0525_0433,未中奖,0.00,0.00,1,0,0,0,0,0,0,否,否,否,0,2,678065,678065,7751779670505612,9472636.0,9472596.0,
普通空转,632.json,632,0,,https://fish-games.s3.amazonaws.com/MahjongWays2/index.html?env=ceshislot.osshaiwai.com&hasFloat=0&token=436475c81b51e6893c740657870f86b7&language=en&debug=1&debugDataPath=https://raw.githubusercontent.com/jygameclub/testdataapi/main/mahjong2date/0525_0433&debugStart=632,https://raw.githubusercontent.com/jygameclub/testdataapi/main/mahjong2date/0525_0433/632.json,https://raw.githubusercontent.com/jygameclub/testdataapi/main/mahjong2date/0525_0433,未中奖,0.00,0.00,1,0,0,0,0,0,0,否,否,否,0,1,678079,678079,3171779670520862,9472864.0,9472824.0,
普通空转,633.json,633,0,,https://fish-games.s3.amazonaws.com/MahjongWays2/index.html?env=ceshislot.osshaiwai.com&hasFloat=0&token=436475c81b51e6893c740657870f86b7&language=en&debug=1&debugDataPath=https://raw.githubusercontent.com/jygameclub/testdataapi/main/mahjong2date/0525_0433&debugStart=633,https://raw.githubusercontent.com/jygameclub/testdataapi/main/mahjong2date/0525_0433/633.json,https://raw.githubusercontent.com/jygameclub/testdataapi/main/mahjong2date/0525_0433,未中奖,0.00,0.00,1,0,0,0,0,0,0,否,否,否,0,0,678080,678080,8481779670522328,9472824.0,9472784.0,
普通空转,634.json,634,0,,https://fish-games.s3.amazonaws.com/MahjongWays2/index.html?env=ceshislot.osshaiwai.com&hasFloat=0&token=436475c81b51e6893c740657870f86b7&language=en&debug=1&debugDataPath=https://raw.githubusercontent.com/jygameclub/testdataapi/main/mahjong2date/0525_0433&debugStart=634,https://raw.githubusercontent.com/jygameclub/testdataapi/main/mahjong2date/0525_0433/634.json,https://raw.githubusercontent.com/jygameclub/testdataapi/main/mahjong2date/0525_0433,未中奖,0.00,0.00,1,0,0,0,0,0,0,否,否,否,0,0,678082,678082,3421779670523196,9472784.0,9472744.0,
普通空转,637.json,637,0,,https://fish-games.s3.amazonaws.com/MahjongWays2/index.html?env=ceshislot.osshaiwai.com&hasFloat=0&token=436475c81b51e6893c740657870f86b7&language=en&debug=1&debugDataPath=https://raw.githubusercontent.com/jygameclub/testdataapi/main/mahjong2date/0525_0433&debugStart=637,https://raw.githubusercontent.com/jygameclub/testdataapi/main/mahjong2date/0525_0433/637.json,https://raw.githubusercontent.com/jygameclub/testdataapi/main/mahjong2date/0525_0433,未中奖,0.00,0.00,1,0,0,0,0,0,0,否,否,否,0,0,678093,678093,5091779670533715,9473104.0,9473064.0,
普通空转,638.json,638,0,,https://fish-games.s3.amazonaws.com/MahjongWays2/index.html?env=ceshislot.osshaiwai.com&hasFloat=0&token=436475c81b51e6893c740657870f86b7&language=en&debug=1&debugDataPath=https://raw.githubusercontent.com/jygameclub/testdataapi/main/mahjong2date/0525_0433&debugStart=638,https://raw.githubusercontent.com/jygameclub/testdataapi/main/mahjong2date/0525_0433/638.json,https://raw.githubusercontent.com/jygameclub/testdataapi/main/mahjong2date/0525_0433,未中奖,0.00,0.00,1,0,0,0,0,0,0,否,否,否,0,0,678094,678094,7501779670534562,9473064.0,9473024.0,
普通空转,640.json,640,0,,https://fish-games.s3.amazonaws.com/MahjongWays2/index.html?env=ceshislot.osshaiwai.com&hasFloat=0&token=436475c81b51e6893c740657870f86b7&language=en&debug=1&debugDataPath=https://raw.githubusercontent.com/jygameclub/testdataapi/main/mahjong2date/0525_0433&debugStart=640,https://raw.githubusercontent.com/jygameclub/testdataapi/main/mahjong2date/0525_0433/640.json,https://raw.githubusercontent.com/jygameclub/testdataapi/main/mahjong2date/0525_0433,未中奖,0.00,0.00,1,0,0,0,0,0,0,否,否,否,0,0,678098,678098,6041779670539163,9472990.0,9472950.0,
普通空转,641.json,641,0,,https://fish-games.s3.amazonaws.com/MahjongWays2/index.html?env=ceshislot.osshaiwai.com&hasFloat=0&token=436475c81b51e6893c740657870f86b7&language=en&debug=1&debugDataPath=https://raw.githubusercontent.com/jygameclub/testdataapi/main/mahjong2date/0525_0433&debugStart=641,https://raw.githubusercontent.com/jygameclub/testdataapi/main/mahjong2date/0525_0433/641.json,https://raw.githubusercontent.com/jygameclub/testdataapi/main/mahjong2date/0525_0433,未中奖,0.00,0.00,1,0,0,0,0,0,0,否,否,否,0,0,678099,678099,3801779670540029,9472950.0,9472910.0,
普通空转,643.json,643,0,,https://fish-games.s3.amazonaws.com/MahjongWays2/index.html?env=ceshislot.osshaiwai.com&hasFloat=0&token=436475c81b51e6893c740657870f86b7&language=en&debug=1&debugDataPath=https://raw.githubusercontent.com/jygameclub/testdataapi/main/mahjong2date/0525_0433&debugStart=643,https://raw.githubusercontent.com/jygameclub/testdataapi/main/mahjong2date/0525_0433/643.json,https://raw.githubusercontent.com/jygameclub/testdataapi/main/mahjong2date/0525_0433,未中奖,0.00,0.00,1,0,0,0,0,0,0,否,否,否,0,1,678104,678104,2021779670543646,9472950.0,9472910.0,
普通空转,644.json,644,0,,https://fish-games.s3.amazonaws.com/MahjongWays2/index.html?env=ceshislot.osshaiwai.com&hasFloat=0&token=436475c81b51e6893c740657870f86b7&language=en&debug=1&debugDataPath=https://raw.githubusercontent.com/jygameclub/testdataapi/main/mahjong2date/0525_0433&debugStart=644,https://raw.githubusercontent.com/jygameclub/testdataapi/main/mahjong2date/0525_0433/644.json,https://raw.githubusercontent.com/jygameclub/testdataapi/main/mahjong2date/0525_0433,未中奖,0.00,0.00,1,0,0,0,0,0,0,否,否,否,0,1,678105,678105,3041779670545112,9472910.0,9472870.0,
普通空转,647.json,647,0,,https://fish-games.s3.amazonaws.com/MahjongWays2/index.html?env=ceshislot.osshaiwai.com&hasFloat=0&token=436475c81b51e6893c740657870f86b7&language=en&debug=1&debugDataPath=https://raw.githubusercontent.com/jygameclub/testdataapi/main/mahjong2date/0525_0433&debugStart=647,https://raw.githubusercontent.com/jygameclub/testdataapi/main/mahjong2date/0525_0433/647.json,https://raw.githubusercontent.com/jygameclub/testdataapi/main/mahjong2date/0525_0433,未中奖,0.00,0.00,1,0,0,0,0,0,0,否,否,否,0,1,678114,678114,9551779670553129,9472856.0,9472816.0,
普通空转,650.json,650,0,,https://fish-games.s3.amazonaws.com/MahjongWays2/index.html?env=ceshislot.osshaiwai.com&hasFloat=0&token=436475c81b51e6893c740657870f86b7&language=en&debug=1&debugDataPath=https://raw.githubusercontent.com/jygameclub/testdataapi/main/mahjong2date/0525_0433&debugStart=650,https://raw.githubusercontent.com/jygameclub/testdataapi/main/mahjong2date/0525_0433/650.json,https://raw.githubusercontent.com/jygameclub/testdataapi/main/mahjong2date/0525_0433,未中奖,0.00,0.00,1,0,0,0,0,0,0,否,否,否,0,0,678131,678131,8541779670569329,9473036.0,9472996.0,
普通空转,652.json,652,0,,https://fish-games.s3.amazonaws.com/MahjongWays2/index.html?env=ceshislot.osshaiwai.com&hasFloat=0&token=436475c81b51e6893c740657870f86b7&language=en&debug=1&debugDataPath=https://raw.githubusercontent.com/jygameclub/testdataapi/main/mahjong2date/0525_0433&debugStart=652,https://raw.githubusercontent.com/jygameclub/testdataapi/main/mahjong2date/0525_0433/652.json,https://raw.githubusercontent.com/jygameclub/testdataapi/main/mahjong2date/0525_0433,未中奖,0.00,0.00,1,0,0,0,0,0,0,否,否,否,0,1,678136,678136,4441779670576030,9473188.0,9473148.0,
普通空转,653.json,653,0,,https://fish-games.s3.amazonaws.com/MahjongWays2/index.html?env=ceshislot.osshaiwai.com&hasFloat=0&token=436475c81b51e6893c740657870f86b7&language=en&debug=1&debugDataPath=https://raw.githubusercontent.com/jygameclub/testdataapi/main/mahjong2date/0525_0433&debugStart=653,https://raw.githubusercontent.com/jygameclub/testdataapi/main/mahjong2date/0525_0433/653.json,https://raw.githubusercontent.com/jygameclub/testdataapi/main/mahjong2date/0525_0433,未中奖,0.00,0.00,1,0,0,0,0,0,0,否,否,否,0,0,678137,678137,9621779670577562,9473148.0,9473108.0,
普通空转,654.json,654,0,,https://fish-games.s3.amazonaws.com/MahjongWays2/index.html?env=ceshislot.osshaiwai.com&hasFloat=0&token=436475c81b51e6893c740657870f86b7&language=en&debug=1&debugDataPath=https://raw.githubusercontent.com/jygameclub/testdataapi/main/mahjong2date/0525_0433&debugStart=654,https://raw.githubusercontent.com/jygameclub/testdataapi/main/mahjong2date/0525_0433/654.json,https://raw.githubusercontent.com/jygameclub/testdataapi/main/mahjong2date/0525_0433,未中奖,0.00,0.00,1,0,0,0,0,0,0,否,否,否,0,0,678138,678138,4551779670578412,9473108.0,9473068.0,
普通空转,655.json,655,0,,https://fish-games.s3.amazonaws.com/MahjongWays2/index.html?env=ceshislot.osshaiwai.com&hasFloat=0&token=436475c81b51e6893c740657870f86b7&language=en&debug=1&debugDataPath=https://raw.githubusercontent.com/jygameclub/testdataapi/main/mahjong2date/0525_0433&debugStart=655,https://raw.githubusercontent.com/jygameclub/testdataapi/main/mahjong2date/0525_0433/655.json,https://raw.githubusercontent.com/jygameclub/testdataapi/main/mahjong2date/0525_0433,未中奖,0.00,0.00,1,0,0,0,0,0,0,否,否,否,0,0,678139,678139,7321779670579262,9473068.0,9473028.0,
普通空转,656.json,656,0,,https://fish-games.s3.amazonaws.com/MahjongWays2/index.html?env=ceshislot.osshaiwai.com&hasFloat=0&token=436475c81b51e6893c740657870f86b7&language=en&debug=1&debugDataPath=https://raw.githubusercontent.com/jygameclub/testdataapi/main/mahjong2date/0525_0433&debugStart=656,https://raw.githubusercontent.com/jygameclub/testdataapi/main/mahjong2date/0525_0433/656.json,https://raw.githubusercontent.com/jygameclub/testdataapi/main/mahjong2date/0525_0433,未中奖,0.00,0.00,1,0,0,0,0,0,0,否,否,否,0,0,678141,678141,4441779670580128,9473028.0,9472988.0,
普通空转,657.json,657,0,,https://fish-games.s3.amazonaws.com/MahjongWays2/index.html?env=ceshislot.osshaiwai.com&hasFloat=0&token=436475c81b51e6893c740657870f86b7&language=en&debug=1&debugDataPath=https://raw.githubusercontent.com/jygameclub/testdataapi/main/mahjong2date/0525_0433&debugStart=657,https://raw.githubusercontent.com/jygameclub/testdataapi/main/mahjong2date/0525_0433/657.json,https://raw.githubusercontent.com/jygameclub/testdataapi/main/mahjong2date/0525_0433,未中奖,0.00,0.00,1,0,0,0,0,0,0,否,否,否,0,0,678143,678143,9491779670580995,9472988.0,9472948.0,
普通空转,658.json,658,0,,https://fish-games.s3.amazonaws.com/MahjongWays2/index.html?env=ceshislot.osshaiwai.com&hasFloat=0&token=436475c81b51e6893c740657870f86b7&language=en&debug=1&debugDataPath=https://raw.githubusercontent.com/jygameclub/testdataapi/main/mahjong2date/0525_0433&debugStart=658,https://raw.githubusercontent.com/jygameclub/testdataapi/main/mahjong2date/0525_0433/658.json,https://raw.githubusercontent.com/jygameclub/testdataapi/main/mahjong2date/0525_0433,未中奖,0.00,0.00,1,0,0,0,0,0,0,否,否,否,0,1,678144,678144,9811779670581846,9472948.0,9472908.0,
普通空转,661.json,661,0,,https://fish-games.s3.amazonaws.com/MahjongWays2/index.html?env=ceshislot.osshaiwai.com&hasFloat=0&token=436475c81b51e6893c740657870f86b7&language=en&debug=1&debugDataPath=https://raw.githubusercontent.com/jygameclub/testdataapi/main/mahjong2date/0525_0433&debugStart=661,https://raw.githubusercontent.com/jygameclub/testdataapi/main/mahjong2date/0525_0433/661.json,https://raw.githubusercontent.com/jygameclub/testdataapi/main/mahjong2date/0525_0433,未中奖,0.00,0.00,1,0,0,0,0,0,0,否,否,否,0,0,678153,678153,6201779670588763,9472836.0,9472796.0,
普通空转,662.json,662,0,,https://fish-games.s3.amazonaws.com/MahjongWays2/index.html?env=ceshislot.osshaiwai.com&hasFloat=0&token=436475c81b51e6893c740657870f86b7&language=en&debug=1&debugDataPath=https://raw.githubusercontent.com/jygameclub/testdataapi/main/mahjong2date/0525_0433&debugStart=662,https://raw.githubusercontent.com/jygameclub/testdataapi/main/mahjong2date/0525_0433/662.json,https://raw.githubusercontent.com/jygameclub/testdataapi/main/mahjong2date/0525_0433,未中奖,0.00,0.00,1,0,0,0,0,0,0,否,否,否,0,0,678154,678154,9231779670589628,9472796.0,9472756.0,
普通空转,663.json,663,0,,https://fish-games.s3.amazonaws.com/MahjongWays2/index.html?env=ceshislot.osshaiwai.com&hasFloat=0&token=436475c81b51e6893c740657870f86b7&language=en&debug=1&debugDataPath=https://raw.githubusercontent.com/jygameclub/testdataapi/main/mahjong2date/0525_0433&debugStart=663,https://raw.githubusercontent.com/jygameclub/testdataapi/main/mahjong2date/0525_0433/663.json,https://raw.githubusercontent.com/jygameclub/testdataapi/main/mahjong2date/0525_0433,未中奖,0.00,0.00,1,0,0,0,0,0,0,否,否,否,0,0,678155,678155,8481779670590496,9472756.0,9472716.0,
普通空转,665.json,665,0,,https://fish-games.s3.amazonaws.com/MahjongWays2/index.html?env=ceshislot.osshaiwai.com&hasFloat=0&token=436475c81b51e6893c740657870f86b7&language=en&debug=1&debugDataPath=https://raw.githubusercontent.com/jygameclub/testdataapi/main/mahjong2date/0525_0433&debugStart=665,https://raw.githubusercontent.com/jygameclub/testdataapi/main/mahjong2date/0525_0433/665.json,https://raw.githubusercontent.com/jygameclub/testdataapi/main/mahjong2date/0525_0433,未中奖,0.00,0.00,1,0,0,0,0,0,0,否,否,否,0,0,678159,678159,8821779670594079,9472680.0,9472640.0,
普通空转,666.json,666,0,,https://fish-games.s3.amazonaws.com/MahjongWays2/index.html?env=ceshislot.osshaiwai.com&hasFloat=0&token=436475c81b51e6893c740657870f86b7&language=en&debug=1&debugDataPath=https://raw.githubusercontent.com/jygameclub/testdataapi/main/mahjong2date/0525_0433&debugStart=666,https://raw.githubusercontent.com/jygameclub/testdataapi/main/mahjong2date/0525_0433/666.json,https://raw.githubusercontent.com/jygameclub/testdataapi/main/mahjong2date/0525_0433,未中奖,0.00,0.00,1,0,0,0,0,0,0,否,否,否,0,0,678160,678160,1341779670594946,9472640.0,9472600.0,
普通空转,667.json,667,0,,https://fish-games.s3.amazonaws.com/MahjongWays2/index.html?env=ceshislot.osshaiwai.com&hasFloat=0&token=436475c81b51e6893c740657870f86b7&language=en&debug=1&debugDataPath=https://raw.githubusercontent.com/jygameclub/testdataapi/main/mahjong2date/0525_0433&debugStart=667,https://raw.githubusercontent.com/jygameclub/testdataapi/main/mahjong2date/0525_0433/667.json,https://raw.githubusercontent.com/jygameclub/testdataapi/main/mahjong2date/0525_0433,未中奖,0.00,0.00,1,0,0,0,0,0,0,否,否,否,0,0,678161,678161,8491779670595795,9472600.0,9472560.0,
普通空转,669.json,669,0,,https://fish-games.s3.amazonaws.com/MahjongWays2/index.html?env=ceshislot.osshaiwai.com&hasFloat=0&token=436475c81b51e6893c740657870f86b7&language=en&debug=1&debugDataPath=https://raw.githubusercontent.com/jygameclub/testdataapi/main/mahjong2date/0525_0433&debugStart=669,https://raw.githubusercontent.com/jygameclub/testdataapi/main/mahjong2date/0525_0433/669.json,https://raw.githubusercontent.com/jygameclub/testdataapi/main/mahjong2date/0525_0433,未中奖,0.00,0.00,1,0,0,0,0,0,0,否,否,否,0,0,678165,678165,2721779670601413,9472728.0,9472688.0,
普通空转,670.json,670,0,,https://fish-games.s3.amazonaws.com/MahjongWays2/index.html?env=ceshislot.osshaiwai.com&hasFloat=0&token=436475c81b51e6893c740657870f86b7&language=en&debug=1&debugDataPath=https://raw.githubusercontent.com/jygameclub/testdataapi/main/mahjong2date/0525_0433&debugStart=670,https://raw.githubusercontent.com/jygameclub/testdataapi/main/mahjong2date/0525_0433/670.json,https://raw.githubusercontent.com/jygameclub/testdataapi/main/mahjong2date/0525_0433,未中奖,0.00,0.00,1,0,0,0,0,0,0,否,否,否,0,1,678166,678166,3771779670602395,9472688.0,9472648.0,
普通空转,671.json,671,0,,https://fish-games.s3.amazonaws.com/MahjongWays2/index.html?env=ceshislot.osshaiwai.com&hasFloat=0&token=436475c81b51e6893c740657870f86b7&language=en&debug=1&debugDataPath=https://raw.githubusercontent.com/jygameclub/testdataapi/main/mahjong2date/0525_0433&debugStart=671,https://raw.githubusercontent.com/jygameclub/testdataapi/main/mahjong2date/0525_0433/671.json,https://raw.githubusercontent.com/jygameclub/testdataapi/main/mahjong2date/0525_0433,未中奖,0.00,0.00,1,0,0,0,0,0,0,否,否,否,0,1,678167,678167,9511779670603945,9472648.0,9472608.0,
普通空转,672.json,672,0,,https://fish-games.s3.amazonaws.com/MahjongWays2/index.html?env=ceshislot.osshaiwai.com&hasFloat=0&token=436475c81b51e6893c740657870f86b7&language=en&debug=1&debugDataPath=https://raw.githubusercontent.com/jygameclub/testdataapi/main/mahjong2date/0525_0433&debugStart=672,https://raw.githubusercontent.com/jygameclub/testdataapi/main/mahjong2date/0525_0433/672.json,https://raw.githubusercontent.com/jygameclub/testdataapi/main/mahjong2date/0525_0433,未中奖,0.00,0.00,1,0,0,0,0,0,0,否,否,否,0,1,678168,678168,6401779670605428,9472608.0,9472568.0,
普通空转,674.json,674,0,,https://fish-games.s3.amazonaws.com/MahjongWays2/index.html?env=ceshislot.osshaiwai.com&hasFloat=0&token=436475c81b51e6893c740657870f86b7&language=en&debug=1&debugDataPath=https://raw.githubusercontent.com/jygameclub/testdataapi/main/mahjong2date/0525_0433&debugStart=674,https://raw.githubusercontent.com/jygameclub/testdataapi/main/mahjong2date/0525_0433/674.json,https://raw.githubusercontent.com/jygameclub/testdataapi/main/mahjong2date/0525_0433,未中奖,0.00,0.00,1,0,0,0,0,0,0,否,否,否,0,0,678171,678171,1071779670609645,9472532.0,9472492.0,
普通空转,675.json,675,0,,https://fish-games.s3.amazonaws.com/MahjongWays2/index.html?env=ceshislot.osshaiwai.com&hasFloat=0&token=436475c81b51e6893c740657870f86b7&language=en&debug=1&debugDataPath=https://raw.githubusercontent.com/jygameclub/testdataapi/main/mahjong2date/0525_0433&debugStart=675,https://raw.githubusercontent.com/jygameclub/testdataapi/main/mahjong2date/0525_0433/675.json,https://raw.githubusercontent.com/jygameclub/testdataapi/main/mahjong2date/0525_0433,未中奖,0.00,0.00,1,0,0,0,0,0,0,否,否,否,0,0,678173,678173,5001779670610495,9472492.0,9472452.0,
普通空转,676.json,676,0,,https://fish-games.s3.amazonaws.com/MahjongWays2/index.html?env=ceshislot.osshaiwai.com&hasFloat=0&token=436475c81b51e6893c740657870f86b7&language=en&debug=1&debugDataPath=https://raw.githubusercontent.com/jygameclub/testdataapi/main/mahjong2date/0525_0433&debugStart=676,https://raw.githubusercontent.com/jygameclub/testdataapi/main/mahjong2date/0525_0433/676.json,https://raw.githubusercontent.com/jygameclub/testdataapi/main/mahjong2date/0525_0433,未中奖,0.00,0.00,1,0,0,0,0,0,0,否,否,否,0,0,678175,678175,7091779670611362,9472452.0,9472412.0,
普通空转,677.json,677,0,,https://fish-games.s3.amazonaws.com/MahjongWays2/index.html?env=ceshislot.osshaiwai.com&hasFloat=0&token=436475c81b51e6893c740657870f86b7&language=en&debug=1&debugDataPath=https://raw.githubusercontent.com/jygameclub/testdataapi/main/mahjong2date/0525_0433&debugStart=677,https://raw.githubusercontent.com/jygameclub/testdataapi/main/mahjong2date/0525_0433/677.json,https://raw.githubusercontent.com/jygameclub/testdataapi/main/mahjong2date/0525_0433,未中奖,0.00,0.00,1,0,0,0,0,0,0,否,否,否,0,1,678177,678177,1601779670612229,9472412.0,9472372.0,
普通空转,678.json,678,0,,https://fish-games.s3.amazonaws.com/MahjongWays2/index.html?env=ceshislot.osshaiwai.com&hasFloat=0&token=436475c81b51e6893c740657870f86b7&language=en&debug=1&debugDataPath=https://raw.githubusercontent.com/jygameclub/testdataapi/main/mahjong2date/0525_0433&debugStart=678,https://raw.githubusercontent.com/jygameclub/testdataapi/main/mahjong2date/0525_0433/678.json,https://raw.githubusercontent.com/jygameclub/testdataapi/main/mahjong2date/0525_0433,未中奖,0.00,0.00,1,0,0,0,0,0,0,否,否,否,0,0,678179,678179,9481779670613646,9472372.0,9472332.0,
普通空转,680.json,680,0,,https://fish-games.s3.amazonaws.com/MahjongWays2/index.html?env=ceshislot.osshaiwai.com&hasFloat=0&token=436475c81b51e6893c740657870f86b7&language=en&debug=1&debugDataPath=https://raw.githubusercontent.com/jygameclub/testdataapi/main/mahjong2date/0525_0433&debugStart=680,https://raw.githubusercontent.com/jygameclub/testdataapi/main/mahjong2date/0525_0433/680.json,https://raw.githubusercontent.com/jygameclub/testdataapi/main/mahjong2date/0525_0433,未中奖,0.00,0.00,1,0,0,0,0,0,0,否,否,否,0,1,678184,678184,6191779670617313,9472304.0,9472264.0,
普通空转,681.json,681,0,,https://fish-games.s3.amazonaws.com/MahjongWays2/index.html?env=ceshislot.osshaiwai.com&hasFloat=0&token=436475c81b51e6893c740657870f86b7&language=en&debug=1&debugDataPath=https://raw.githubusercontent.com/jygameclub/testdataapi/main/mahjong2date/0525_0433&debugStart=681,https://raw.githubusercontent.com/jygameclub/testdataapi/main/mahjong2date/0525_0433/681.json,https://raw.githubusercontent.com/jygameclub/testdataapi/main/mahjong2date/0525_0433,未中奖,0.00,0.00,1,0,0,0,0,0,0,否,否,否,0,0,678185,678185,1411779670618795,9472264.0,9472224.0,
普通空转,682.json,682,0,,https://fish-games.s3.amazonaws.com/MahjongWays2/index.html?env=ceshislot.osshaiwai.com&hasFloat=0&token=436475c81b51e6893c740657870f86b7&language=en&debug=1&debugDataPath=https://raw.githubusercontent.com/jygameclub/testdataapi/main/mahjong2date/0525_0433&debugStart=682,https://raw.githubusercontent.com/jygameclub/testdataapi/main/mahjong2date/0525_0433/682.json,https://raw.githubusercontent.com/jygameclub/testdataapi/main/mahjong2date/0525_0433,未中奖,0.00,0.00,1,0,0,0,0,0,0,否,否,否,0,1,678186,678186,4481779670619645,9472224.0,9472184.0,
普通空转,684.json,684,0,,https://fish-games.s3.amazonaws.com/MahjongWays2/index.html?env=ceshislot.osshaiwai.com&hasFloat=0&token=436475c81b51e6893c740657870f86b7&language=en&debug=1&debugDataPath=https://raw.githubusercontent.com/jygameclub/testdataapi/main/mahjong2date/0525_0433&debugStart=684,https://raw.githubusercontent.com/jygameclub/testdataapi/main/mahjong2date/0525_0433/684.json,https://raw.githubusercontent.com/jygameclub/testdataapi/main/mahjong2date/0525_0433,未中奖,0.00,0.00,1,0,0,0,0,0,0,否,否,否,0,1,678190,678190,7091779670625862,9472632.0,9472592.0,
普通空转,686.json,686,0,,https://fish-games.s3.amazonaws.com/MahjongWays2/index.html?env=ceshislot.osshaiwai.com&hasFloat=0&token=436475c81b51e6893c740657870f86b7&language=en&debug=1&debugDataPath=https://raw.githubusercontent.com/jygameclub/testdataapi/main/mahjong2date/0525_0433&debugStart=686,https://raw.githubusercontent.com/jygameclub/testdataapi/main/mahjong2date/0525_0433/686.json,https://raw.githubusercontent.com/jygameclub/testdataapi/main/mahjong2date/0525_0433,未中奖,0.00,0.00,1,0,0,0,0,0,0,否,否,否,0,0,678195,678195,1011779670634195,9472952.0,9472912.0,
普通空转,687.json,687,0,,https://fish-games.s3.amazonaws.com/MahjongWays2/index.html?env=ceshislot.osshaiwai.com&hasFloat=0&token=436475c81b51e6893c740657870f86b7&language=en&debug=1&debugDataPath=https://raw.githubusercontent.com/jygameclub/testdataapi/main/mahjong2date/0525_0433&debugStart=687,https://raw.githubusercontent.com/jygameclub/testdataapi/main/mahjong2date/0525_0433/687.json,https://raw.githubusercontent.com/jygameclub/testdataapi/main/mahjong2date/0525_0433,未中奖,0.00,0.00,1,0,0,0,0,0,0,否,否,否,0,0,678196,678196,2931779670635045,9472912.0,9472872.0,
普通空转,688.json,688,0,,https://fish-games.s3.amazonaws.com/MahjongWays2/index.html?env=ceshislot.osshaiwai.com&hasFloat=0&token=436475c81b51e6893c740657870f86b7&language=en&debug=1&debugDataPath=https://raw.githubusercontent.com/jygameclub/testdataapi/main/mahjong2date/0525_0433&debugStart=688,https://raw.githubusercontent.com/jygameclub/testdataapi/main/mahjong2date/0525_0433/688.json,https://raw.githubusercontent.com/jygameclub/testdataapi/main/mahjong2date/0525_0433,未中奖,0.00,0.00,1,0,0,0,0,0,0,否,否,否,0,2,678197,678197,5271779670635845,9472872.0,9472832.0,
普通空转,689.json,689,0,,https://fish-games.s3.amazonaws.com/MahjongWays2/index.html?env=ceshislot.osshaiwai.com&hasFloat=0&token=436475c81b51e6893c740657870f86b7&language=en&debug=1&debugDataPath=https://raw.githubusercontent.com/jygameclub/testdataapi/main/mahjong2date/0525_0433&debugStart=689,https://raw.githubusercontent.com/jygameclub/testdataapi/main/mahjong2date/0525_0433/689.json,https://raw.githubusercontent.com/jygameclub/testdataapi/main/mahjong2date/0525_0433,未中奖,0.00,0.00,1,0,0,0,0,0,0,否,否,否,0,0,678198,678198,2891779670637429,9472832.0,9472792.0,
普通空转,690.json,690,0,,https://fish-games.s3.amazonaws.com/MahjongWays2/index.html?env=ceshislot.osshaiwai.com&hasFloat=0&token=436475c81b51e6893c740657870f86b7&language=en&debug=1&debugDataPath=https://raw.githubusercontent.com/jygameclub/testdataapi/main/mahjong2date/0525_0433&debugStart=690,https://raw.githubusercontent.com/jygameclub/testdataapi/main/mahjong2date/0525_0433/690.json,https://raw.githubusercontent.com/jygameclub/testdataapi/main/mahjong2date/0525_0433,未中奖,0.00,0.00,1,0,0,0,0,0,0,否,否,否,0,0,678199,678199,1641779670638278,9472792.0,9472752.0,
普通空转,691.json,691,0,,https://fish-games.s3.amazonaws.com/MahjongWays2/index.html?env=ceshislot.osshaiwai.com&hasFloat=0&token=436475c81b51e6893c740657870f86b7&language=en&debug=1&debugDataPath=https://raw.githubusercontent.com/jygameclub/testdataapi/main/mahjong2date/0525_0433&debugStart=691,https://raw.githubusercontent.com/jygameclub/testdataapi/main/mahjong2date/0525_0433/691.json,https://raw.githubusercontent.com/jygameclub/testdataapi/main/mahjong2date/0525_0433,未中奖,0.00,0.00,1,0,0,0,0,0,0,否,否,否,0,0,678200,678200,6281779670639279,9472752.0,9472712.0,
普通空转,694.json,694,0,,https://fish-games.s3.amazonaws.com/MahjongWays2/index.html?env=ceshislot.osshaiwai.com&hasFloat=0&token=436475c81b51e6893c740657870f86b7&language=en&debug=1&debugDataPath=https://raw.githubusercontent.com/jygameclub/testdataapi/main/mahjong2date/0525_0433&debugStart=694,https://raw.githubusercontent.com/jygameclub/testdataapi/main/mahjong2date/0525_0433/694.json,https://raw.githubusercontent.com/jygameclub/testdataapi/main/mahjong2date/0525_0433,未中奖,0.00,0.00,1,0,0,0,0,0,0,否,否,否,0,0,678205,678205,2861779670645679,9472670.0,9472630.0,
普通空转,696.json,696,0,,https://fish-games.s3.amazonaws.com/MahjongWays2/index.html?env=ceshislot.osshaiwai.com&hasFloat=0&token=436475c81b51e6893c740657870f86b7&language=en&debug=1&debugDataPath=https://raw.githubusercontent.com/jygameclub/testdataapi/main/mahjong2date/0525_0433&debugStart=696,https://raw.githubusercontent.com/jygameclub/testdataapi/main/mahjong2date/0525_0433/696.json,https://raw.githubusercontent.com/jygameclub/testdataapi/main/mahjong2date/0525_0433,未中奖,0.00,0.00,1,0,0,0,0,0,0,否,否,否,0,0,678208,678208,2691779670649279,9472740.0,9472700.0,
普通空转,698.json,698,0,,https://fish-games.s3.amazonaws.com/MahjongWays2/index.html?env=ceshislot.osshaiwai.com&hasFloat=0&token=436475c81b51e6893c740657870f86b7&language=en&debug=1&debugDataPath=https://raw.githubusercontent.com/jygameclub/testdataapi/main/mahjong2date/0525_0433&debugStart=698,https://raw.githubusercontent.com/jygameclub/testdataapi/main/mahjong2date/0525_0433/698.json,https://raw.githubusercontent.com/jygameclub/testdataapi/main/mahjong2date/0525_0433,未中奖,0.00,0.00,1,0,0,0,0,0,0,否,否,否,0,1,678211,678211,6631779670652862,9472678.0,9472638.0,
普通空转,699.json,699,0,,https://fish-games.s3.amazonaws.com/MahjongWays2/index.html?env=ceshislot.osshaiwai.com&hasFloat=0&token=436475c81b51e6893c740657870f86b7&language=en&debug=1&debugDataPath=https://raw.githubusercontent.com/jygameclub/testdataapi/main/mahjong2date/0525_0433&debugStart=699,https://raw.githubusercontent.com/jygameclub/testdataapi/main/mahjong2date/0525_0433/699.json,https://raw.githubusercontent.com/jygameclub/testdataapi/main/mahjong2date/0525_0433,未中奖,0.00,0.00,1,0,0,0,0,0,0,否,否,否,0,1,678212,678212,8191779670654327,9472638.0,9472598.0,
普通空转,700.json,700,0,,https://fish-games.s3.amazonaws.com/MahjongWays2/index.html?env=ceshislot.osshaiwai.com&hasFloat=0&token=436475c81b51e6893c740657870f86b7&language=en&debug=1&debugDataPath=https://raw.githubusercontent.com/jygameclub/testdataapi/main/mahjong2date/0525_0433&debugStart=700,https://raw.githubusercontent.com/jygameclub/testdataapi/main/mahjong2date/0525_0433/700.json,https://raw.githubusercontent.com/jygameclub/testdataapi/main/mahjong2date/0525_0433,未中奖,0.00,0.00,1,0,0,0,0,0,0,否,否,否,0,1,678213,678213,1711779670655796,9472598.0,9472558.0,
普通空转,701.json,701,0,,https://fish-games.s3.amazonaws.com/MahjongWays2/index.html?env=ceshislot.osshaiwai.com&hasFloat=0&token=436475c81b51e6893c740657870f86b7&language=en&debug=1&debugDataPath=https://raw.githubusercontent.com/jygameclub/testdataapi/main/mahjong2date/0525_0433&debugStart=701,https://raw.githubusercontent.com/jygameclub/testdataapi/main/mahjong2date/0525_0433/701.json,https://raw.githubusercontent.com/jygameclub/testdataapi/main/mahjong2date/0525_0433,未中奖,0.00,0.00,1,0,0,0,0,0,0,否,否,否,0,1,678216,678216,7251779670657262,9472558.0,9472518.0,
普通空转,702.json,702,0,,https://fish-games.s3.amazonaws.com/MahjongWays2/index.html?env=ceshislot.osshaiwai.com&hasFloat=0&token=436475c81b51e6893c740657870f86b7&language=en&debug=1&debugDataPath=https://raw.githubusercontent.com/jygameclub/testdataapi/main/mahjong2date/0525_0433&debugStart=702,https://raw.githubusercontent.com/jygameclub/testdataapi/main/mahjong2date/0525_0433/702.json,https://raw.githubusercontent.com/jygameclub/testdataapi/main/mahjong2date/0525_0433,未中奖,0.00,0.00,1,0,0,0,0,0,0,否,否,否,0,0,678218,678218,8181779670658728,9472518.0,9472478.0,
普通空转,703.json,703,0,,https://fish-games.s3.amazonaws.com/MahjongWays2/index.html?env=ceshislot.osshaiwai.com&hasFloat=0&token=436475c81b51e6893c740657870f86b7&language=en&debug=1&debugDataPath=https://raw.githubusercontent.com/jygameclub/testdataapi/main/mahjong2date/0525_0433&debugStart=703,https://raw.githubusercontent.com/jygameclub/testdataapi/main/mahjong2date/0525_0433/703.json,https://raw.githubusercontent.com/jygameclub/testdataapi/main/mahjong2date/0525_0433,未中奖,0.00,0.00,1,0,0,0,0,0,0,否,否,否,0,1,678221,678221,6701779670659529,9472478.0,9472438.0,
普通空转,704.json,704,0,,https://fish-games.s3.amazonaws.com/MahjongWays2/index.html?env=ceshislot.osshaiwai.com&hasFloat=0&token=436475c81b51e6893c740657870f86b7&language=en&debug=1&debugDataPath=https://raw.githubusercontent.com/jygameclub/testdataapi/main/mahjong2date/0525_0433&debugStart=704,https://raw.githubusercontent.com/jygameclub/testdataapi/main/mahjong2date/0525_0433/704.json,https://raw.githubusercontent.com/jygameclub/testdataapi/main/mahjong2date/0525_0433,未中奖,0.00,0.00,1,0,0,0,0,0,0,否,否,否,0,0,678222,678222,4061779670660995,9472438.0,9472398.0,
普通空转,705.json,705,0,,https://fish-games.s3.amazonaws.com/MahjongWays2/index.html?env=ceshislot.osshaiwai.com&hasFloat=0&token=436475c81b51e6893c740657870f86b7&language=en&debug=1&debugDataPath=https://raw.githubusercontent.com/jygameclub/testdataapi/main/mahjong2date/0525_0433&debugStart=705,https://raw.githubusercontent.com/jygameclub/testdataapi/main/mahjong2date/0525_0433/705.json,https://raw.githubusercontent.com/jygameclub/testdataapi/main/mahjong2date/0525_0433,未中奖,0.00,0.00,1,0,0,0,0,0,0,否,否,否,0,0,678224,678224,8141779670661845,9472398.0,9472358.0,
普通空转,707.json,707,0,,https://fish-games.s3.amazonaws.com/MahjongWays2/index.html?env=ceshislot.osshaiwai.com&hasFloat=0&token=436475c81b51e6893c740657870f86b7&language=en&debug=1&debugDataPath=https://raw.githubusercontent.com/jygameclub/testdataapi/main/mahjong2date/0525_0433&debugStart=707,https://raw.githubusercontent.com/jygameclub/testdataapi/main/mahjong2date/0525_0433/707.json,https://raw.githubusercontent.com/jygameclub/testdataapi/main/mahjong2date/0525_0433,未中奖,0.00,0.00,1,0,0,0,0,0,0,否,否,否,0,1,678232,678232,3601779670670729,9472528.0,9472488.0,
普通空转,708.json,708,0,,https://fish-games.s3.amazonaws.com/MahjongWays2/index.html?env=ceshislot.osshaiwai.com&hasFloat=0&token=436475c81b51e6893c740657870f86b7&language=en&debug=1&debugDataPath=https://raw.githubusercontent.com/jygameclub/testdataapi/main/mahjong2date/0525_0433&debugStart=708,https://raw.githubusercontent.com/jygameclub/testdataapi/main/mahjong2date/0525_0433/708.json,https://raw.githubusercontent.com/jygameclub/testdataapi/main/mahjong2date/0525_0433,未中奖,0.00,0.00,1,0,0,0,0,0,0,否,否,否,0,2,678233,678233,5671779670672130,9472488.0,9472448.0,
普通空转,709.json,709,0,,https://fish-games.s3.amazonaws.com/MahjongWays2/index.html?env=ceshislot.osshaiwai.com&hasFloat=0&token=436475c81b51e6893c740657870f86b7&language=en&debug=1&debugDataPath=https://raw.githubusercontent.com/jygameclub/testdataapi/main/mahjong2date/0525_0433&debugStart=709,https://raw.githubusercontent.com/jygameclub/testdataapi/main/mahjong2date/0525_0433/709.json,https://raw.githubusercontent.com/jygameclub/testdataapi/main/mahjong2date/0525_0433,未中奖,0.00,0.00,1,0,0,0,0,0,0,否,否,否,0,0,678236,678236,4661779670673645,9472448.0,9472408.0,
普通空转,710.json,710,0,,https://fish-games.s3.amazonaws.com/MahjongWays2/index.html?env=ceshislot.osshaiwai.com&hasFloat=0&token=436475c81b51e6893c740657870f86b7&language=en&debug=1&debugDataPath=https://raw.githubusercontent.com/jygameclub/testdataapi/main/mahjong2date/0525_0433&debugStart=710,https://raw.githubusercontent.com/jygameclub/testdataapi/main/mahjong2date/0525_0433/710.json,https://raw.githubusercontent.com/jygameclub/testdataapi/main/mahjong2date/0525_0433,未中奖,0.00,0.00,1,0,0,0,0,0,0,否,否,否,0,1,678237,678237,8741779670674512,9472408.0,9472368.0,
普通空转,712.json,712,0,,https://fish-games.s3.amazonaws.com/MahjongWays2/index.html?env=ceshislot.osshaiwai.com&hasFloat=0&token=436475c81b51e6893c740657870f86b7&language=en&debug=1&debugDataPath=https://raw.githubusercontent.com/jygameclub/testdataapi/main/mahjong2date/0525_0433&debugStart=712,https://raw.githubusercontent.com/jygameclub/testdataapi/main/mahjong2date/0525_0433/712.json,https://raw.githubusercontent.com/jygameclub/testdataapi/main/mahjong2date/0525_0433,未中奖,0.00,0.00,1,0,0,0,0,0,0,否,否,否,0,0,678241,678241,9821779670680745,9472382.0,9472342.0,
普通空转,714.json,714,0,,https://fish-games.s3.amazonaws.com/MahjongWays2/index.html?env=ceshislot.osshaiwai.com&hasFloat=0&token=436475c81b51e6893c740657870f86b7&language=en&debug=1&debugDataPath=https://raw.githubusercontent.com/jygameclub/testdataapi/main/mahjong2date/0525_0433&debugStart=714,https://raw.githubusercontent.com/jygameclub/testdataapi/main/mahjong2date/0525_0433/714.json,https://raw.githubusercontent.com/jygameclub/testdataapi/main/mahjong2date/0525_0433,未中奖,0.00,0.00,1,0,0,0,0,0,0,否,否,否,0,1,678247,678247,4591779670684278,9472306.0,9472266.0,
普通空转,715.json,715,0,,https://fish-games.s3.amazonaws.com/MahjongWays2/index.html?env=ceshislot.osshaiwai.com&hasFloat=0&token=436475c81b51e6893c740657870f86b7&language=en&debug=1&debugDataPath=https://raw.githubusercontent.com/jygameclub/testdataapi/main/mahjong2date/0525_0433&debugStart=715,https://raw.githubusercontent.com/jygameclub/testdataapi/main/mahjong2date/0525_0433/715.json,https://raw.githubusercontent.com/jygameclub/testdataapi/main/mahjong2date/0525_0433,未中奖,0.00,0.00,1,0,0,0,0,0,0,否,否,否,0,0,678249,678249,8521779670685745,9472266.0,9472226.0,
普通空转,716.json,716,0,,https://fish-games.s3.amazonaws.com/MahjongWays2/index.html?env=ceshislot.osshaiwai.com&hasFloat=0&token=436475c81b51e6893c740657870f86b7&language=en&debug=1&debugDataPath=https://raw.githubusercontent.com/jygameclub/testdataapi/main/mahjong2date/0525_0433&debugStart=716,https://raw.githubusercontent.com/jygameclub/testdataapi/main/mahjong2date/0525_0433/716.json,https://raw.githubusercontent.com/jygameclub/testdataapi/main/mahjong2date/0525_0433,未中奖,0.00,0.00,1,0,0,0,0,0,0,否,否,否,0,1,678250,678250,7761779670686595,9472226.0,9472186.0,
普通空转,717.json,717,0,,https://fish-games.s3.amazonaws.com/MahjongWays2/index.html?env=ceshislot.osshaiwai.com&hasFloat=0&token=436475c81b51e6893c740657870f86b7&language=en&debug=1&debugDataPath=https://raw.githubusercontent.com/jygameclub/testdataapi/main/mahjong2date/0525_0433&debugStart=717,https://raw.githubusercontent.com/jygameclub/testdataapi/main/mahjong2date/0525_0433/717.json,https://raw.githubusercontent.com/jygameclub/testdataapi/main/mahjong2date/0525_0433,未中奖,0.00,0.00,1,0,0,0,0,0,0,否,否,否,0,0,678251,678251,6491779670688062,9472186.0,9472146.0,
普通空转,718.json,718,0,,https://fish-games.s3.amazonaws.com/MahjongWays2/index.html?env=ceshislot.osshaiwai.com&hasFloat=0&token=436475c81b51e6893c740657870f86b7&language=en&debug=1&debugDataPath=https://raw.githubusercontent.com/jygameclub/testdataapi/main/mahjong2date/0525_0433&debugStart=718,https://raw.githubusercontent.com/jygameclub/testdataapi/main/mahjong2date/0525_0433/718.json,https://raw.githubusercontent.com/jygameclub/testdataapi/main/mahjong2date/0525_0433,未中奖,0.00,0.00,1,0,0,0,0,0,0,否,否,否,0,0,678252,678252,8131779670688912,9472146.0,9472106.0,
普通空转,719.json,719,0,,https://fish-games.s3.amazonaws.com/MahjongWays2/index.html?env=ceshislot.osshaiwai.com&hasFloat=0&token=436475c81b51e6893c740657870f86b7&language=en&debug=1&debugDataPath=https://raw.githubusercontent.com/jygameclub/testdataapi/main/mahjong2date/0525_0433&debugStart=719,https://raw.githubusercontent.com/jygameclub/testdataapi/main/mahjong2date/0525_0433/719.json,https://raw.githubusercontent.com/jygameclub/testdataapi/main/mahjong2date/0525_0433,未中奖,0.00,0.00,1,0,0,0,0,0,0,否,否,否,0,0,678253,678253,3451779670689712,9472106.0,9472066.0,
普通空转,720.json,720,0,,https://fish-games.s3.amazonaws.com/MahjongWays2/index.html?env=ceshislot.osshaiwai.com&hasFloat=0&token=436475c81b51e6893c740657870f86b7&language=en&debug=1&debugDataPath=https://raw.githubusercontent.com/jygameclub/testdataapi/main/mahjong2date/0525_0433&debugStart=720,https://raw.githubusercontent.com/jygameclub/testdataapi/main/mahjong2date/0525_0433/720.json,https://raw.githubusercontent.com/jygameclub/testdataapi/main/mahjong2date/0525_0433,未中奖,0.00,0.00,1,0,0,0,0,0,0,否,否,否,0,2,678254,678254,6061779670690562,9472066.0,9472026.0,
普通空转,721.json,721,0,,https://fish-games.s3.amazonaws.com/MahjongWays2/index.html?env=ceshislot.osshaiwai.com&hasFloat=0&token=436475c81b51e6893c740657870f86b7&language=en&debug=1&debugDataPath=https://raw.githubusercontent.com/jygameclub/testdataapi/main/mahjong2date/0525_0433&debugStart=721,https://raw.githubusercontent.com/jygameclub/testdataapi/main/mahjong2date/0525_0433/721.json,https://raw.githubusercontent.com/jygameclub/testdataapi/main/mahjong2date/0525_0433,未中奖,0.00,0.00,1,0,0,0,0,0,0,否,否,否,0,0,678255,678255,2861779670692128,9472026.0,9471986.0,
普通空转,722.json,722,0,,https://fish-games.s3.amazonaws.com/MahjongWays2/index.html?env=ceshislot.osshaiwai.com&hasFloat=0&token=436475c81b51e6893c740657870f86b7&language=en&debug=1&debugDataPath=https://raw.githubusercontent.com/jygameclub/testdataapi/main/mahjong2date/0525_0433&debugStart=722,https://raw.githubusercontent.com/jygameclub/testdataapi/main/mahjong2date/0525_0433/722.json,https://raw.githubusercontent.com/jygameclub/testdataapi/main/mahjong2date/0525_0433,未中奖,0.00,0.00,1,0,0,0,0,0,0,否,否,否,0,0,678256,678256,2171779670692912,9471986.0,9471946.0,
普通空转,723.json,723,0,,https://fish-games.s3.amazonaws.com/MahjongWays2/index.html?env=ceshislot.osshaiwai.com&hasFloat=0&token=436475c81b51e6893c740657870f86b7&language=en&debug=1&debugDataPath=https://raw.githubusercontent.com/jygameclub/testdataapi/main/mahjong2date/0525_0433&debugStart=723,https://raw.githubusercontent.com/jygameclub/testdataapi/main/mahjong2date/0525_0433/723.json,https://raw.githubusercontent.com/jygameclub/testdataapi/main/mahjong2date/0525_0433,未中奖,0.00,0.00,1,0,0,0,0,0,0,否,否,否,0,1,678257,678257,7971779670693778,9471946.0,9471906.0,
普通空转,725.json,725,0,,https://fish-games.s3.amazonaws.com/MahjongWays2/index.html?env=ceshislot.osshaiwai.com&hasFloat=0&token=436475c81b51e6893c740657870f86b7&language=en&debug=1&debugDataPath=https://raw.githubusercontent.com/jygameclub/testdataapi/main/mahjong2date/0525_0433&debugStart=725,https://raw.githubusercontent.com/jygameclub/testdataapi/main/mahjong2date/0525_0433/725.json,https://raw.githubusercontent.com/jygameclub/testdataapi/main/mahjong2date/0525_0433,未中奖,0.00,0.00,1,0,0,0,0,0,0,否,否,否,0,1,678260,678260,9921779670697928,9471870.0,9471830.0,
普通空转,726.json,726,0,,https://fish-games.s3.amazonaws.com/MahjongWays2/index.html?env=ceshislot.osshaiwai.com&hasFloat=0&token=436475c81b51e6893c740657870f86b7&language=en&debug=1&debugDataPath=https://raw.githubusercontent.com/jygameclub/testdataapi/main/mahjong2date/0525_0433&debugStart=726,https://raw.githubusercontent.com/jygameclub/testdataapi/main/mahjong2date/0525_0433/726.json,https://raw.githubusercontent.com/jygameclub/testdataapi/main/mahjong2date/0525_0433,未中奖,0.00,0.00,1,0,0,0,0,0,0,否,否,否,0,0,678261,678261,9101779670699395,9471830.0,9471790.0,
普通空转,727.json,727,0,,https://fish-games.s3.amazonaws.com/MahjongWays2/index.html?env=ceshislot.osshaiwai.com&hasFloat=0&token=436475c81b51e6893c740657870f86b7&language=en&debug=1&debugDataPath=https://raw.githubusercontent.com/jygameclub/testdataapi/main/mahjong2date/0525_0433&debugStart=727,https://raw.githubusercontent.com/jygameclub/testdataapi/main/mahjong2date/0525_0433/727.json,https://raw.githubusercontent.com/jygameclub/testdataapi/main/mahjong2date/0525_0433,未中奖,0.00,0.00,1,0,0,0,0,0,0,否,否,否,0,0,678262,678262,1511779670700247,9471790.0,9471750.0,
普通空转,728.json,728,0,,https://fish-games.s3.amazonaws.com/MahjongWays2/index.html?env=ceshislot.osshaiwai.com&hasFloat=0&token=436475c81b51e6893c740657870f86b7&language=en&debug=1&debugDataPath=https://raw.githubusercontent.com/jygameclub/testdataapi/main/mahjong2date/0525_0433&debugStart=728,https://raw.githubusercontent.com/jygameclub/testdataapi/main/mahjong2date/0525_0433/728.json,https://raw.githubusercontent.com/jygameclub/testdataapi/main/mahjong2date/0525_0433,未中奖,0.00,0.00,1,0,0,0,0,0,0,否,否,否,0,1,678263,678263,9851779670701096,9471750.0,9471710.0,
普通空转,730.json,730,0,,https://fish-games.s3.amazonaws.com/MahjongWays2/index.html?env=ceshislot.osshaiwai.com&hasFloat=0&token=436475c81b51e6893c740657870f86b7&language=en&debug=1&debugDataPath=https://raw.githubusercontent.com/jygameclub/testdataapi/main/mahjong2date/0525_0433&debugStart=730,https://raw.githubusercontent.com/jygameclub/testdataapi/main/mahjong2date/0525_0433/730.json,https://raw.githubusercontent.com/jygameclub/testdataapi/main/mahjong2date/0525_0433,未中奖,0.00,0.00,1,0,0,0,0,0,0,否,否,否,0,0,678267,678267,5141779670707512,9471732.0,9471692.0,
普通空转,731.json,731,0,,https://fish-games.s3.amazonaws.com/MahjongWays2/index.html?env=ceshislot.osshaiwai.com&hasFloat=0&token=436475c81b51e6893c740657870f86b7&language=en&debug=1&debugDataPath=https://raw.githubusercontent.com/jygameclub/testdataapi/main/mahjong2date/0525_0433&debugStart=731,https://raw.githubusercontent.com/jygameclub/testdataapi/main/mahjong2date/0525_0433/731.json,https://raw.githubusercontent.com/jygameclub/testdataapi/main/mahjong2date/0525_0433,未中奖,0.00,0.00,1,0,0,0,0,0,0,否,否,否,0,0,678268,678268,8981779670708379,9471692.0,9471652.0,
普通空转,732.json,732,0,,https://fish-games.s3.amazonaws.com/MahjongWays2/index.html?env=ceshislot.osshaiwai.com&hasFloat=0&token=436475c81b51e6893c740657870f86b7&language=en&debug=1&debugDataPath=https://raw.githubusercontent.com/jygameclub/testdataapi/main/mahjong2date/0525_0433&debugStart=732,https://raw.githubusercontent.com/jygameclub/testdataapi/main/mahjong2date/0525_0433/732.json,https://raw.githubusercontent.com/jygameclub/testdataapi/main/mahjong2date/0525_0433,未中奖,0.00,0.00,1,0,0,0,0,0,0,否,否,否,0,0,678269,678269,5921779670709179,9471652.0,9471612.0,
普通空转,733.json,733,0,,https://fish-games.s3.amazonaws.com/MahjongWays2/index.html?env=ceshislot.osshaiwai.com&hasFloat=0&token=436475c81b51e6893c740657870f86b7&language=en&debug=1&debugDataPath=https://raw.githubusercontent.com/jygameclub/testdataapi/main/mahjong2date/0525_0433&debugStart=733,https://raw.githubusercontent.com/jygameclub/testdataapi/main/mahjong2date/0525_0433/733.json,https://raw.githubusercontent.com/jygameclub/testdataapi/main/mahjong2date/0525_0433,未中奖,0.00,0.00,1,0,0,0,0,0,0,否,否,否,0,0,678270,678270,9461779670710029,9471612.0,9471572.0,
普通空转,735.json,735,0,,https://fish-games.s3.amazonaws.com/MahjongWays2/index.html?env=ceshislot.osshaiwai.com&hasFloat=0&token=436475c81b51e6893c740657870f86b7&language=en&debug=1&debugDataPath=https://raw.githubusercontent.com/jygameclub/testdataapi/main/mahjong2date/0525_0433&debugStart=735,https://raw.githubusercontent.com/jygameclub/testdataapi/main/mahjong2date/0525_0433/735.json,https://raw.githubusercontent.com/jygameclub/testdataapi/main/mahjong2date/0525_0433,未中奖,0.00,0.00,1,0,0,0,0,0,0,否,否,否,0,0,678273,678273,8621779670713629,9471538.0,9471498.0,
普通空转,736.json,736,0,,https://fish-games.s3.amazonaws.com/MahjongWays2/index.html?env=ceshislot.osshaiwai.com&hasFloat=0&token=436475c81b51e6893c740657870f86b7&language=en&debug=1&debugDataPath=https://raw.githubusercontent.com/jygameclub/testdataapi/main/mahjong2date/0525_0433&debugStart=736,https://raw.githubusercontent.com/jygameclub/testdataapi/main/mahjong2date/0525_0433/736.json,https://raw.githubusercontent.com/jygameclub/testdataapi/main/mahjong2date/0525_0433,未中奖,0.00,0.00,1,0,0,0,0,0,0,否,否,否,0,0,678274,678274,4551779670714429,9471498.0,9471458.0,
普通空转,738.json,738,0,,https://fish-games.s3.amazonaws.com/MahjongWays2/index.html?env=ceshislot.osshaiwai.com&hasFloat=0&token=436475c81b51e6893c740657870f86b7&language=en&debug=1&debugDataPath=https://raw.githubusercontent.com/jygameclub/testdataapi/main/mahjong2date/0525_0433&debugStart=738,https://raw.githubusercontent.com/jygameclub/testdataapi/main/mahjong2date/0525_0433/738.json,https://raw.githubusercontent.com/jygameclub/testdataapi/main/mahjong2date/0525_0433,未中奖,0.00,0.00,1,0,0,0,0,0,0,否,否,否,0,0,678277,678277,8381779670717979,9471422.0,9471382.0,
普通空转,741.json,741,0,,https://fish-games.s3.amazonaws.com/MahjongWays2/index.html?env=ceshislot.osshaiwai.com&hasFloat=0&token=436475c81b51e6893c740657870f86b7&language=en&debug=1&debugDataPath=https://raw.githubusercontent.com/jygameclub/testdataapi/main/mahjong2date/0525_0433&debugStart=741,https://raw.githubusercontent.com/jygameclub/testdataapi/main/mahjong2date/0525_0433/741.json,https://raw.githubusercontent.com/jygameclub/testdataapi/main/mahjong2date/0525_0433,未中奖,0.00,0.00,1,0,0,0,0,0,0,否,否,否,0,1,678283,678283,1991779670725195,9471710.0,9471670.0,
普通空转,742.json,742,0,,https://fish-games.s3.amazonaws.com/MahjongWays2/index.html?env=ceshislot.osshaiwai.com&hasFloat=0&token=436475c81b51e6893c740657870f86b7&language=en&debug=1&debugDataPath=https://raw.githubusercontent.com/jygameclub/testdataapi/main/mahjong2date/0525_0433&debugStart=742,https://raw.githubusercontent.com/jygameclub/testdataapi/main/mahjong2date/0525_0433/742.json,https://raw.githubusercontent.com/jygameclub/testdataapi/main/mahjong2date/0525_0433,未中奖,0.00,0.00,1,0,0,0,0,0,0,否,否,否,0,0,678285,678285,7691779670726594,9471670.0,9471630.0,
普通空转,743.json,743,0,,https://fish-games.s3.amazonaws.com/MahjongWays2/index.html?env=ceshislot.osshaiwai.com&hasFloat=0&token=436475c81b51e6893c740657870f86b7&language=en&debug=1&debugDataPath=https://raw.githubusercontent.com/jygameclub/testdataapi/main/mahjong2date/0525_0433&debugStart=743,https://raw.githubusercontent.com/jygameclub/testdataapi/main/mahjong2date/0525_0433/743.json,https://raw.githubusercontent.com/jygameclub/testdataapi/main/mahjong2date/0525_0433,未中奖,0.00,0.00,1,0,0,0,0,0,0,否,否,否,0,0,678286,678286,5391779670727445,9471630.0,9471590.0,
普通空转,744.json,744,0,,https://fish-games.s3.amazonaws.com/MahjongWays2/index.html?env=ceshislot.osshaiwai.com&hasFloat=0&token=436475c81b51e6893c740657870f86b7&language=en&debug=1&debugDataPath=https://raw.githubusercontent.com/jygameclub/testdataapi/main/mahjong2date/0525_0433&debugStart=744,https://raw.githubusercontent.com/jygameclub/testdataapi/main/mahjong2date/0525_0433/744.json,https://raw.githubusercontent.com/jygameclub/testdataapi/main/mahjong2date/0525_0433,未中奖,0.00,0.00,1,0,0,0,0,0,0,否,否,否,0,0,678287,678287,4191779670728228,9471590.0,9471550.0,
普通空转,745.json,745,0,,https://fish-games.s3.amazonaws.com/MahjongWays2/index.html?env=ceshislot.osshaiwai.com&hasFloat=0&token=436475c81b51e6893c740657870f86b7&language=en&debug=1&debugDataPath=https://raw.githubusercontent.com/jygameclub/testdataapi/main/mahjong2date/0525_0433&debugStart=745,https://raw.githubusercontent.com/jygameclub/testdataapi/main/mahjong2date/0525_0433/745.json,https://raw.githubusercontent.com/jygameclub/testdataapi/main/mahjong2date/0525_0433,未中奖,0.00,0.00,1,0,0,0,0,0,0,否,否,否,0,0,678288,678288,2721779670729029,9471550.0,9471510.0,
普通空转,747.json,747,0,,https://fish-games.s3.amazonaws.com/MahjongWays2/index.html?env=ceshislot.osshaiwai.com&hasFloat=0&token=436475c81b51e6893c740657870f86b7&language=en&debug=1&debugDataPath=https://raw.githubusercontent.com/jygameclub/testdataapi/main/mahjong2date/0525_0433&debugStart=747,https://raw.githubusercontent.com/jygameclub/testdataapi/main/mahjong2date/0525_0433/747.json,https://raw.githubusercontent.com/jygameclub/testdataapi/main/mahjong2date/0525_0433,未中奖,0.00,0.00,1,0,0,0,0,0,0,否,否,否,0,0,678292,678292,1921779670734695,9471504.0,9471464.0,
普通空转,751.json,751,0,,https://fish-games.s3.amazonaws.com/MahjongWays2/index.html?env=ceshislot.osshaiwai.com&hasFloat=0&token=436475c81b51e6893c740657870f86b7&language=en&debug=1&debugDataPath=https://raw.githubusercontent.com/jygameclub/testdataapi/main/mahjong2date/0525_0433&debugStart=751,https://raw.githubusercontent.com/jygameclub/testdataapi/main/mahjong2date/0525_0433/751.json,https://raw.githubusercontent.com/jygameclub/testdataapi/main/mahjong2date/0525_0433,未中奖,0.00,0.00,1,0,0,0,0,0,0,否,否,否,0,0,678299,678299,1151779670745895,9471420.0,9471380.0,
普通空转,753.json,753,0,,https://fish-games.s3.amazonaws.com/MahjongWays2/index.html?env=ceshislot.osshaiwai.com&hasFloat=0&token=436475c81b51e6893c740657870f86b7&language=en&debug=1&debugDataPath=https://raw.githubusercontent.com/jygameclub/testdataapi/main/mahjong2date/0525_0433&debugStart=753,https://raw.githubusercontent.com/jygameclub/testdataapi/main/mahjong2date/0525_0433/753.json,https://raw.githubusercontent.com/jygameclub/testdataapi/main/mahjong2date/0525_0433,未中奖,0.00,0.00,1,0,0,0,0,0,0,否,否,否,0,0,678302,678302,4521779670749395,9471352.0,9471312.0,
普通空转,754.json,754,0,,https://fish-games.s3.amazonaws.com/MahjongWays2/index.html?env=ceshislot.osshaiwai.com&hasFloat=0&token=436475c81b51e6893c740657870f86b7&language=en&debug=1&debugDataPath=https://raw.githubusercontent.com/jygameclub/testdataapi/main/mahjong2date/0525_0433&debugStart=754,https://raw.githubusercontent.com/jygameclub/testdataapi/main/mahjong2date/0525_0433/754.json,https://raw.githubusercontent.com/jygameclub/testdataapi/main/mahjong2date/0525_0433,未中奖,0.00,0.00,1,0,0,0,0,0,0,否,否,否,0,1,678303,678303,4671779670750262,9471312.0,9471272.0,
普通空转,758.json,758,0,,https://fish-games.s3.amazonaws.com/MahjongWays2/index.html?env=ceshislot.osshaiwai.com&hasFloat=0&token=436475c81b51e6893c740657870f86b7&language=en&debug=1&debugDataPath=https://raw.githubusercontent.com/jygameclub/testdataapi/main/mahjong2date/0525_0433&debugStart=758,https://raw.githubusercontent.com/jygameclub/testdataapi/main/mahjong2date/0525_0433/758.json,https://raw.githubusercontent.com/jygameclub/testdataapi/main/mahjong2date/0525_0433,未中奖,0.00,0.00,1,0,0,0,0,0,0,否,否,否,0,0,678310,678310,3571779670763061,9471186.0,9471146.0,
普通空转,761.json,761,0,,https://fish-games.s3.amazonaws.com/MahjongWays2/index.html?env=ceshislot.osshaiwai.com&hasFloat=0&token=436475c81b51e6893c740657870f86b7&language=en&debug=1&debugDataPath=https://raw.githubusercontent.com/jygameclub/testdataapi/main/mahjong2date/0525_0433&debugStart=761,https://raw.githubusercontent.com/jygameclub/testdataapi/main/mahjong2date/0525_0433/761.json,https://raw.githubusercontent.com/jygameclub/testdataapi/main/mahjong2date/0525_0433,未中奖,0.00,0.00,1,0,0,0,0,0,0,否,否,否,0,0,678317,678317,8951779670771378,9471214.0,9471174.0,
普通空转,763.json,763,0,,https://fish-games.s3.amazonaws.com/MahjongWays2/index.html?env=ceshislot.osshaiwai.com&hasFloat=0&token=436475c81b51e6893c740657870f86b7&language=en&debug=1&debugDataPath=https://raw.githubusercontent.com/jygameclub/testdataapi/main/mahjong2date/0525_0433&debugStart=763,https://raw.githubusercontent.com/jygameclub/testdataapi/main/mahjong2date/0525_0433/763.json,https://raw.githubusercontent.com/jygameclub/testdataapi/main/mahjong2date/0525_0433,未中奖,0.00,0.00,1,0,0,0,0,0,0,否,否,否,0,1,678321,678321,6411779670777095,9471204.0,9471164.0,
普通空转,764.json,764,0,,https://fish-games.s3.amazonaws.com/MahjongWays2/index.html?env=ceshislot.osshaiwai.com&hasFloat=0&token=436475c81b51e6893c740657870f86b7&language=en&debug=1&debugDataPath=https://raw.githubusercontent.com/jygameclub/testdataapi/main/mahjong2date/0525_0433&debugStart=764,https://raw.githubusercontent.com/jygameclub/testdataapi/main/mahjong2date/0525_0433/764.json,https://raw.githubusercontent.com/jygameclub/testdataapi/main/mahjong2date/0525_0433,未中奖,0.00,0.00,1,0,0,0,0,0,0,否,否,否,0,2,678322,678322,3311779670778561,9471164.0,9471124.0,
普通空转,767.json,767,0,,https://fish-games.s3.amazonaws.com/MahjongWays2/index.html?env=ceshislot.osshaiwai.com&hasFloat=0&token=436475c81b51e6893c740657870f86b7&language=en&debug=1&debugDataPath=https://raw.githubusercontent.com/jygameclub/testdataapi/main/mahjong2date/0525_0433&debugStart=767,https://raw.githubusercontent.com/jygameclub/testdataapi/main/mahjong2date/0525_0433/767.json,https://raw.githubusercontent.com/jygameclub/testdataapi/main/mahjong2date/0525_0433,未中奖,0.00,0.00,1,0,0,0,0,0,0,否,否,否,0,0,678333,678333,2661779670786645,9471072.0,9471032.0,
普通空转,769.json,769,0,,https://fish-games.s3.amazonaws.com/MahjongWays2/index.html?env=ceshislot.osshaiwai.com&hasFloat=0&token=436475c81b51e6893c740657870f86b7&language=en&debug=1&debugDataPath=https://raw.githubusercontent.com/jygameclub/testdataapi/main/mahjong2date/0525_0433&debugStart=769,https://raw.githubusercontent.com/jygameclub/testdataapi/main/mahjong2date/0525_0433/769.json,https://raw.githubusercontent.com/jygameclub/testdataapi/main/mahjong2date/0525_0433,未中奖,0.00,0.00,1,0,0,0,0,0,0,否,否,否,0,2,678336,678336,5151779670790228,9470996.0,9470956.0,
普通空转,770.json,770,0,,https://fish-games.s3.amazonaws.com/MahjongWays2/index.html?env=ceshislot.osshaiwai.com&hasFloat=0&token=436475c81b51e6893c740657870f86b7&language=en&debug=1&debugDataPath=https://raw.githubusercontent.com/jygameclub/testdataapi/main/mahjong2date/0525_0433&debugStart=770,https://raw.githubusercontent.com/jygameclub/testdataapi/main/mahjong2date/0525_0433/770.json,https://raw.githubusercontent.com/jygameclub/testdataapi/main/mahjong2date/0525_0433,未中奖,0.00,0.00,1,0,0,0,0,0,0,否,否,否,0,1,678339,678339,8881779670791828,9470956.0,9470916.0,
普通空转,771.json,771,0,,https://fish-games.s3.amazonaws.com/MahjongWays2/index.html?env=ceshislot.osshaiwai.com&hasFloat=0&token=436475c81b51e6893c740657870f86b7&language=en&debug=1&debugDataPath=https://raw.githubusercontent.com/jygameclub/testdataapi/main/mahjong2date/0525_0433&debugStart=771,https://raw.githubusercontent.com/jygameclub/testdataapi/main/mahjong2date/0525_0433/771.json,https://raw.githubusercontent.com/jygameclub/testdataapi/main/mahjong2date/0525_0433,未中奖,0.00,0.00,1,0,0,0,0,0,0,否,否,否,0,0,678341,678341,7811779670793311,9470916.0,9470876.0,
普通空转,772.json,772,0,,https://fish-games.s3.amazonaws.com/MahjongWays2/index.html?env=ceshislot.osshaiwai.com&hasFloat=0&token=436475c81b51e6893c740657870f86b7&language=en&debug=1&debugDataPath=https://raw.githubusercontent.com/jygameclub/testdataapi/main/mahjong2date/0525_0433&debugStart=772,https://raw.githubusercontent.com/jygameclub/testdataapi/main/mahjong2date/0525_0433/772.json,https://raw.githubusercontent.com/jygameclub/testdataapi/main/mahjong2date/0525_0433,未中奖,0.00,0.00,1,0,0,0,0,0,0,否,否,否,0,0,678343,678343,7081779670794178,9470876.0,9470836.0,
普通空转,774.json,774,0,,https://fish-games.s3.amazonaws.com/MahjongWays2/index.html?env=ceshislot.osshaiwai.com&hasFloat=0&token=436475c81b51e6893c740657870f86b7&language=en&debug=1&debugDataPath=https://raw.githubusercontent.com/jygameclub/testdataapi/main/mahjong2date/0525_0433&debugStart=774,https://raw.githubusercontent.com/jygameclub/testdataapi/main/mahjong2date/0525_0433/774.json,https://raw.githubusercontent.com/jygameclub/testdataapi/main/mahjong2date/0525_0433,未中奖,0.00,0.00,1,0,0,0,0,0,0,否,否,否,0,0,678351,678351,6781779670798895,9470812.0,9470772.0,
普通空转,775.json,775,0,,https://fish-games.s3.amazonaws.com/MahjongWays2/index.html?env=ceshislot.osshaiwai.com&hasFloat=0&token=436475c81b51e6893c740657870f86b7&language=en&debug=1&debugDataPath=https://raw.githubusercontent.com/jygameclub/testdataapi/main/mahjong2date/0525_0433&debugStart=775,https://raw.githubusercontent.com/jygameclub/testdataapi/main/mahjong2date/0525_0433/775.json,https://raw.githubusercontent.com/jygameclub/testdataapi/main/mahjong2date/0525_0433,未中奖,0.00,0.00,1,0,0,0,0,0,0,否,否,否,0,1,678352,678352,3371779670799761,9470772.0,9470732.0,
普通空转,776.json,776,0,,https://fish-games.s3.amazonaws.com/MahjongWays2/index.html?env=ceshislot.osshaiwai.com&hasFloat=0&token=436475c81b51e6893c740657870f86b7&language=en&debug=1&debugDataPath=https://raw.githubusercontent.com/jygameclub/testdataapi/main/mahjong2date/0525_0433&debugStart=776,https://raw.githubusercontent.com/jygameclub/testdataapi/main/mahjong2date/0525_0433/776.json,https://raw.githubusercontent.com/jygameclub/testdataapi/main/mahjong2date/0525_0433,未中奖,0.00,0.00,1,0,0,0,0,0,0,否,否,否,0,0,678353,678353,1461779670801227,9470732.0,9470692.0,
普通空转,777.json,777,0,,https://fish-games.s3.amazonaws.com/MahjongWays2/index.html?env=ceshislot.osshaiwai.com&hasFloat=0&token=436475c81b51e6893c740657870f86b7&language=en&debug=1&debugDataPath=https://raw.githubusercontent.com/jygameclub/testdataapi/main/mahjong2date/0525_0433&debugStart=777,https://raw.githubusercontent.com/jygameclub/testdataapi/main/mahjong2date/0525_0433/777.json,https://raw.githubusercontent.com/jygameclub/testdataapi/main/mahjong2date/0525_0433,未中奖,0.00,0.00,1,0,0,0,0,0,0,否,否,否,0,1,678354,678354,6411779670802078,9470692.0,9470652.0,
普通空转,778.json,778,0,,https://fish-games.s3.amazonaws.com/MahjongWays2/index.html?env=ceshislot.osshaiwai.com&hasFloat=0&token=436475c81b51e6893c740657870f86b7&language=en&debug=1&debugDataPath=https://raw.githubusercontent.com/jygameclub/testdataapi/main/mahjong2date/0525_0433&debugStart=778,https://raw.githubusercontent.com/jygameclub/testdataapi/main/mahjong2date/0525_0433/778.json,https://raw.githubusercontent.com/jygameclub/testdataapi/main/mahjong2date/0525_0433,未中奖,0.00,0.00,1,0,0,0,0,0,0,否,否,否,0,0,678355,678355,8111779670803611,9470652.0,9470612.0,
普通空转,779.json,779,0,,https://fish-games.s3.amazonaws.com/MahjongWays2/index.html?env=ceshislot.osshaiwai.com&hasFloat=0&token=436475c81b51e6893c740657870f86b7&language=en&debug=1&debugDataPath=https://raw.githubusercontent.com/jygameclub/testdataapi/main/mahjong2date/0525_0433&debugStart=779,https://raw.githubusercontent.com/jygameclub/testdataapi/main/mahjong2date/0525_0433/779.json,https://raw.githubusercontent.com/jygameclub/testdataapi/main/mahjong2date/0525_0433,未中奖,0.00,0.00,1,0,0,0,0,0,0,否,否,否,0,0,678357,678357,3581779670804478,9470612.0,9470572.0,
普通空转,780.json,780,0,,https://fish-games.s3.amazonaws.com/MahjongWays2/index.html?env=ceshislot.osshaiwai.com&hasFloat=0&token=436475c81b51e6893c740657870f86b7&language=en&debug=1&debugDataPath=https://raw.githubusercontent.com/jygameclub/testdataapi/main/mahjong2date/0525_0433&debugStart=780,https://raw.githubusercontent.com/jygameclub/testdataapi/main/mahjong2date/0525_0433/780.json,https://raw.githubusercontent.com/jygameclub/testdataapi/main/mahjong2date/0525_0433,未中奖,0.00,0.00,1,0,0,0,0,0,0,否,否,否,0,0,678358,678358,6661779670805344,9470572.0,9470532.0,
普通空转,781.json,781,0,,https://fish-games.s3.amazonaws.com/MahjongWays2/index.html?env=ceshislot.osshaiwai.com&hasFloat=0&token=436475c81b51e6893c740657870f86b7&language=en&debug=1&debugDataPath=https://raw.githubusercontent.com/jygameclub/testdataapi/main/mahjong2date/0525_0433&debugStart=781,https://raw.githubusercontent.com/jygameclub/testdataapi/main/mahjong2date/0525_0433/781.json,https://raw.githubusercontent.com/jygameclub/testdataapi/main/mahjong2date/0525_0433,未中奖,0.00,0.00,1,0,0,0,0,0,0,否,否,否,0,0,678359,678359,2851779670806211,9470532.0,9470492.0,
普通空转,783.json,783,0,,https://fish-games.s3.amazonaws.com/MahjongWays2/index.html?env=ceshislot.osshaiwai.com&hasFloat=0&token=436475c81b51e6893c740657870f86b7&language=en&debug=1&debugDataPath=https://raw.githubusercontent.com/jygameclub/testdataapi/main/mahjong2date/0525_0433&debugStart=783,https://raw.githubusercontent.com/jygameclub/testdataapi/main/mahjong2date/0525_0433/783.json,https://raw.githubusercontent.com/jygameclub/testdataapi/main/mahjong2date/0525_0433,未中奖,0.00,0.00,1,0,0,0,0,0,0,否,否,否,0,1,678503,678503,9341779671017078,9476324.0,9476284.0,
普通空转,786.json,786,0,,https://fish-games.s3.amazonaws.com/MahjongWays2/index.html?env=ceshislot.osshaiwai.com&hasFloat=0&token=436475c81b51e6893c740657870f86b7&language=en&debug=1&debugDataPath=https://raw.githubusercontent.com/jygameclub/testdataapi/main/mahjong2date/0525_0433&debugStart=786,https://raw.githubusercontent.com/jygameclub/testdataapi/main/mahjong2date/0525_0433/786.json,https://raw.githubusercontent.com/jygameclub/testdataapi/main/mahjong2date/0525_0433,未中奖,0.00,0.00,1,0,0,0,0,0,0,否,否,否,0,0,678519,678519,1161779671028128,9476826.0,9476786.0,
普通空转,787.json,787,0,,https://fish-games.s3.amazonaws.com/MahjongWays2/index.html?env=ceshislot.osshaiwai.com&hasFloat=0&token=436475c81b51e6893c740657870f86b7&language=en&debug=1&debugDataPath=https://raw.githubusercontent.com/jygameclub/testdataapi/main/mahjong2date/0525_0433&debugStart=787,https://raw.githubusercontent.com/jygameclub/testdataapi/main/mahjong2date/0525_0433/787.json,https://raw.githubusercontent.com/jygameclub/testdataapi/main/mahjong2date/0525_0433,未中奖,0.00,0.00,1,0,0,0,0,0,0,否,否,否,0,0,678521,678521,9441779671028994,9476786.0,9476746.0,
普通空转,788.json,788,0,,https://fish-games.s3.amazonaws.com/MahjongWays2/index.html?env=ceshislot.osshaiwai.com&hasFloat=0&token=436475c81b51e6893c740657870f86b7&language=en&debug=1&debugDataPath=https://raw.githubusercontent.com/jygameclub/testdataapi/main/mahjong2date/0525_0433&debugStart=788,https://raw.githubusercontent.com/jygameclub/testdataapi/main/mahjong2date/0525_0433/788.json,https://raw.githubusercontent.com/jygameclub/testdataapi/main/mahjong2date/0525_0433,未中奖,0.00,0.00,1,0,0,0,0,0,0,否,否,否,0,0,678523,678523,9991779671029844,9476746.0,9476706.0,
普通空转,789.json,789,0,,https://fish-games.s3.amazonaws.com/MahjongWays2/index.html?env=ceshislot.osshaiwai.com&hasFloat=0&token=436475c81b51e6893c740657870f86b7&language=en&debug=1&debugDataPath=https://raw.githubusercontent.com/jygameclub/testdataapi/main/mahjong2date/0525_0433&debugStart=789,https://raw.githubusercontent.com/jygameclub/testdataapi/main/mahjong2date/0525_0433/789.json,https://raw.githubusercontent.com/jygameclub/testdataapi/main/mahjong2date/0525_0433,未中奖,0.00,0.00,1,0,0,0,0,0,0,否,否,否,0,1,678525,678525,1561779671030711,9476706.0,9476666.0,
普通空转,790.json,790,0,,https://fish-games.s3.amazonaws.com/MahjongWays2/index.html?env=ceshislot.osshaiwai.com&hasFloat=0&token=436475c81b51e6893c740657870f86b7&language=en&debug=1&debugDataPath=https://raw.githubusercontent.com/jygameclub/testdataapi/main/mahjong2date/0525_0433&debugStart=790,https://raw.githubusercontent.com/jygameclub/testdataapi/main/mahjong2date/0525_0433/790.json,https://raw.githubusercontent.com/jygameclub/testdataapi/main/mahjong2date/0525_0433,未中奖,0.00,0.00,1,0,0,0,0,0,0,否,否,否,0,1,678527,678527,5271779671032177,9476666.0,9476626.0,
普通空转,791.json,791,0,,https://fish-games.s3.amazonaws.com/MahjongWays2/index.html?env=ceshislot.osshaiwai.com&hasFloat=0&token=436475c81b51e6893c740657870f86b7&language=en&debug=1&debugDataPath=https://raw.githubusercontent.com/jygameclub/testdataapi/main/mahjong2date/0525_0433&debugStart=791,https://raw.githubusercontent.com/jygameclub/testdataapi/main/mahjong2date/0525_0433/791.json,https://raw.githubusercontent.com/jygameclub/testdataapi/main/mahjong2date/0525_0433,未中奖,0.00,0.00,1,0,0,0,0,0,0,否,否,否,0,1,678530,678530,1131779671033660,9476626.0,9476586.0,
普通空转,797.json,797,0,,https://fish-games.s3.amazonaws.com/MahjongWays2/index.html?env=ceshislot.osshaiwai.com&hasFloat=0&token=436475c81b51e6893c740657870f86b7&language=en&debug=1&debugDataPath=https://raw.githubusercontent.com/jygameclub/testdataapi/main/mahjong2date/0525_0433&debugStart=797,https://raw.githubusercontent.com/jygameclub/testdataapi/main/mahjong2date/0525_0433/797.json,https://raw.githubusercontent.com/jygameclub/testdataapi/main/mahjong2date/0525_0433,未中奖,0.00,0.00,1,0,0,0,0,0,0,否,否,否,0,0,678640,678640,8171779671248686,9476476.0,9476436.0,
普通空转,798.json,798,0,,https://fish-games.s3.amazonaws.com/MahjongWays2/index.html?env=ceshislot.osshaiwai.com&hasFloat=0&token=436475c81b51e6893c740657870f86b7&language=en&debug=1&debugDataPath=https://raw.githubusercontent.com/jygameclub/testdataapi/main/mahjong2date/0525_0433&debugStart=798,https://raw.githubusercontent.com/jygameclub/testdataapi/main/mahjong2date/0525_0433/798.json,https://raw.githubusercontent.com/jygameclub/testdataapi/main/mahjong2date/0525_0433,未中奖,0.00,0.00,1,0,0,0,0,0,0,否,否,否,0,0,678641,678641,5261779671249556,9476436.0,9476396.0,
普通空转,799.json,799,0,,https://fish-games.s3.amazonaws.com/MahjongWays2/index.html?env=ceshislot.osshaiwai.com&hasFloat=0&token=436475c81b51e6893c740657870f86b7&language=en&debug=1&debugDataPath=https://raw.githubusercontent.com/jygameclub/testdataapi/main/mahjong2date/0525_0433&debugStart=799,https://raw.githubusercontent.com/jygameclub/testdataapi/main/mahjong2date/0525_0433/799.json,https://raw.githubusercontent.com/jygameclub/testdataapi/main/mahjong2date/0525_0433,未中奖,0.00,0.00,1,0,0,0,0,0,0,否,否,否,0,0,678643,678643,9421779671250336,9476396.0,9476356.0,
普通空转,800.json,800,0,,https://fish-games.s3.amazonaws.com/MahjongWays2/index.html?env=ceshislot.osshaiwai.com&hasFloat=0&token=436475c81b51e6893c740657870f86b7&language=en&debug=1&debugDataPath=https://raw.githubusercontent.com/jygameclub/testdataapi/main/mahjong2date/0525_0433&debugStart=800,https://raw.githubusercontent.com/jygameclub/testdataapi/main/mahjong2date/0525_0433/800.json,https://raw.githubusercontent.com/jygameclub/testdataapi/main/mahjong2date/0525_0433,未中奖,0.00,0.00,1,0,0,0,0,0,0,否,否,否,0,0,678644,678644,9301779671251204,9476356.0,9476316.0,
普通空转,801.json,801,0,,https://fish-games.s3.amazonaws.com/MahjongWays2/index.html?env=ceshislot.osshaiwai.com&hasFloat=0&token=436475c81b51e6893c740657870f86b7&language=en&debug=1&debugDataPath=https://raw.githubusercontent.com/jygameclub/testdataapi/main/mahjong2date/0525_0433&debugStart=801,https://raw.githubusercontent.com/jygameclub/testdataapi/main/mahjong2date/0525_0433/801.json,https://raw.githubusercontent.com/jygameclub/testdataapi/main/mahjong2date/0525_0433,未中奖,0.00,0.00,1,0,0,0,0,0,0,否,否,否,0,0,678645,678645,2391779671252052,9476316.0,9476276.0,
普通空转,802.json,802,0,,https://fish-games.s3.amazonaws.com/MahjongWays2/index.html?env=ceshislot.osshaiwai.com&hasFloat=0&token=436475c81b51e6893c740657870f86b7&language=en&debug=1&debugDataPath=https://raw.githubusercontent.com/jygameclub/testdataapi/main/mahjong2date/0525_0433&debugStart=802,https://raw.githubusercontent.com/jygameclub/testdataapi/main/mahjong2date/0525_0433/802.json,https://raw.githubusercontent.com/jygameclub/testdataapi/main/mahjong2date/0525_0433,未中奖,0.00,0.00,1,0,0,0,0,0,0,否,否,否,0,1,678646,678646,8821779671252903,9476276.0,9476236.0,
普通空转,803.json,803,0,,https://fish-games.s3.amazonaws.com/MahjongWays2/index.html?env=ceshislot.osshaiwai.com&hasFloat=0&token=436475c81b51e6893c740657870f86b7&language=en&debug=1&debugDataPath=https://raw.githubusercontent.com/jygameclub/testdataapi/main/mahjong2date/0525_0433&debugStart=803,https://raw.githubusercontent.com/jygameclub/testdataapi/main/mahjong2date/0525_0433/803.json,https://raw.githubusercontent.com/jygameclub/testdataapi/main/mahjong2date/0525_0433,未中奖,0.00,0.00,1,0,0,0,0,0,0,否,否,否,0,0,678648,678648,2201779671254302,9476236.0,9476196.0,
普通空转,804.json,804,0,,https://fish-games.s3.amazonaws.com/MahjongWays2/index.html?env=ceshislot.osshaiwai.com&hasFloat=0&token=436475c81b51e6893c740657870f86b7&language=en&debug=1&debugDataPath=https://raw.githubusercontent.com/jygameclub/testdataapi/main/mahjong2date/0525_0433&debugStart=804,https://raw.githubusercontent.com/jygameclub/testdataapi/main/mahjong2date/0525_0433/804.json,https://raw.githubusercontent.com/jygameclub/testdataapi/main/mahjong2date/0525_0433,未中奖,0.00,0.00,1,0,0,0,0,0,0,否,否,否,0,1,678649,678649,7311779671255152,9476196.0,9476156.0,
普通空转,806.json,806,0,,https://fish-games.s3.amazonaws.com/MahjongWays2/index.html?env=ceshislot.osshaiwai.com&hasFloat=0&token=436475c81b51e6893c740657870f86b7&language=en&debug=1&debugDataPath=https://raw.githubusercontent.com/jygameclub/testdataapi/main/mahjong2date/0525_0433&debugStart=806,https://raw.githubusercontent.com/jygameclub/testdataapi/main/mahjong2date/0525_0433/806.json,https://raw.githubusercontent.com/jygameclub/testdataapi/main/mahjong2date/0525_0433,未中奖,0.00,0.00,1,0,0,0,0,0,0,否,否,否,0,0,678655,678655,4231779671262570,9476144.0,9476104.0,
普通空转,807.json,807,0,,https://fish-games.s3.amazonaws.com/MahjongWays2/index.html?env=ceshislot.osshaiwai.com&hasFloat=0&token=436475c81b51e6893c740657870f86b7&language=en&debug=1&debugDataPath=https://raw.githubusercontent.com/jygameclub/testdataapi/main/mahjong2date/0525_0433&debugStart=807,https://raw.githubusercontent.com/jygameclub/testdataapi/main/mahjong2date/0525_0433/807.json,https://raw.githubusercontent.com/jygameclub/testdataapi/main/mahjong2date/0525_0433,未中奖,0.00,0.00,1,0,0,0,0,0,0,否,否,否,0,1,678656,678656,4161779671263419,9476104.0,9476064.0,
普通空转,808.json,808,0,,https://fish-games.s3.amazonaws.com/MahjongWays2/index.html?env=ceshislot.osshaiwai.com&hasFloat=0&token=436475c81b51e6893c740657870f86b7&language=en&debug=1&debugDataPath=https://raw.githubusercontent.com/jygameclub/testdataapi/main/mahjong2date/0525_0433&debugStart=808,https://raw.githubusercontent.com/jygameclub/testdataapi/main/mahjong2date/0525_0433/808.json,https://raw.githubusercontent.com/jygameclub/testdataapi/main/mahjong2date/0525_0433,未中奖,0.00,0.00,1,0,0,0,0,0,0,否,否,否,0,1,678657,678657,1421779671264885,9476064.0,9476024.0,
普通空转,809.json,809,0,,https://fish-games.s3.amazonaws.com/MahjongWays2/index.html?env=ceshislot.osshaiwai.com&hasFloat=0&token=436475c81b51e6893c740657870f86b7&language=en&debug=1&debugDataPath=https://raw.githubusercontent.com/jygameclub/testdataapi/main/mahjong2date/0525_0433&debugStart=809,https://raw.githubusercontent.com/jygameclub/testdataapi/main/mahjong2date/0525_0433/809.json,https://raw.githubusercontent.com/jygameclub/testdataapi/main/mahjong2date/0525_0433,未中奖,0.00,0.00,1,0,0,0,0,0,0,否,否,否,0,0,678658,678658,2661779671266369,9476024.0,9475984.0,
普通空转,810.json,810,0,,https://fish-games.s3.amazonaws.com/MahjongWays2/index.html?env=ceshislot.osshaiwai.com&hasFloat=0&token=436475c81b51e6893c740657870f86b7&language=en&debug=1&debugDataPath=https://raw.githubusercontent.com/jygameclub/testdataapi/main/mahjong2date/0525_0433&debugStart=810,https://raw.githubusercontent.com/jygameclub/testdataapi/main/mahjong2date/0525_0433/810.json,https://raw.githubusercontent.com/jygameclub/testdataapi/main/mahjong2date/0525_0433,未中奖,0.00,0.00,1,0,0,0,0,0,0,否,否,否,0,1,678659,678659,2251779671267236,9475984.0,9475944.0,
普通空转,812.json,812,0,,https://fish-games.s3.amazonaws.com/MahjongWays2/index.html?env=ceshislot.osshaiwai.com&hasFloat=0&token=436475c81b51e6893c740657870f86b7&language=en&debug=1&debugDataPath=https://raw.githubusercontent.com/jygameclub/testdataapi/main/mahjong2date/0525_0433&debugStart=812,https://raw.githubusercontent.com/jygameclub/testdataapi/main/mahjong2date/0525_0433/812.json,https://raw.githubusercontent.com/jygameclub/testdataapi/main/mahjong2date/0525_0433,未中奖,0.00,0.00,1,0,0,0,0,0,0,否,否,否,0,0,678663,678663,3871779671273520,9476006.0,9475966.0,
普通空转,813.json,813,0,,https://fish-games.s3.amazonaws.com/MahjongWays2/index.html?env=ceshislot.osshaiwai.com&hasFloat=0&token=436475c81b51e6893c740657870f86b7&language=en&debug=1&debugDataPath=https://raw.githubusercontent.com/jygameclub/testdataapi/main/mahjong2date/0525_0433&debugStart=813,https://raw.githubusercontent.com/jygameclub/testdataapi/main/mahjong2date/0525_0433/813.json,https://raw.githubusercontent.com/jygameclub/testdataapi/main/mahjong2date/0525_0433,未中奖,0.00,0.00,1,0,0,0,0,0,0,否,否,否,0,0,678664,678664,3811779671274369,9475966.0,9475926.0,
普通空转,814.json,814,0,,https://fish-games.s3.amazonaws.com/MahjongWays2/index.html?env=ceshislot.osshaiwai.com&hasFloat=0&token=436475c81b51e6893c740657870f86b7&language=en&debug=1&debugDataPath=https://raw.githubusercontent.com/jygameclub/testdataapi/main/mahjong2date/0525_0433&debugStart=814,https://raw.githubusercontent.com/jygameclub/testdataapi/main/mahjong2date/0525_0433/814.json,https://raw.githubusercontent.com/jygameclub/testdataapi/main/mahjong2date/0525_0433,未中奖,0.00,0.00,1,0,0,0,0,0,0,否,否,否,0,0,678665,678665,7981779671275220,9475926.0,9475886.0,
普通空转,815.json,815,0,,https://fish-games.s3.amazonaws.com/MahjongWays2/index.html?env=ceshislot.osshaiwai.com&hasFloat=0&token=436475c81b51e6893c740657870f86b7&language=en&debug=1&debugDataPath=https://raw.githubusercontent.com/jygameclub/testdataapi/main/mahjong2date/0525_0433&debugStart=815,https://raw.githubusercontent.com/jygameclub/testdataapi/main/mahjong2date/0525_0433/815.json,https://raw.githubusercontent.com/jygameclub/testdataapi/main/mahjong2date/0525_0433,未中奖,0.00,0.00,1,0,0,0,0,0,0,否,否,否,0,1,678667,678667,9281779671276069,9475886.0,9475846.0,
普通空转,816.json,816,0,,https://fish-games.s3.amazonaws.com/MahjongWays2/index.html?env=ceshislot.osshaiwai.com&hasFloat=0&token=436475c81b51e6893c740657870f86b7&language=en&debug=1&debugDataPath=https://raw.githubusercontent.com/jygameclub/testdataapi/main/mahjong2date/0525_0433&debugStart=816,https://raw.githubusercontent.com/jygameclub/testdataapi/main/mahjong2date/0525_0433/816.json,https://raw.githubusercontent.com/jygameclub/testdataapi/main/mahjong2date/0525_0433,未中奖,0.00,0.00,1,0,0,0,0,0,0,否,否,否,0,1,678669,678669,7781779671277485,9475846.0,9475806.0,
普通空转,817.json,817,0,,https://fish-games.s3.amazonaws.com/MahjongWays2/index.html?env=ceshislot.osshaiwai.com&hasFloat=0&token=436475c81b51e6893c740657870f86b7&language=en&debug=1&debugDataPath=https://raw.githubusercontent.com/jygameclub/testdataapi/main/mahjong2date/0525_0433&debugStart=817,https://raw.githubusercontent.com/jygameclub/testdataapi/main/mahjong2date/0525_0433/817.json,https://raw.githubusercontent.com/jygameclub/testdataapi/main/mahjong2date/0525_0433,未中奖,0.00,0.00,1,0,0,0,0,0,0,否,否,否,0,1,678670,678670,4111779671278886,9475806.0,9475766.0,
普通空转,818.json,818,0,,https://fish-games.s3.amazonaws.com/MahjongWays2/index.html?env=ceshislot.osshaiwai.com&hasFloat=0&token=436475c81b51e6893c740657870f86b7&language=en&debug=1&debugDataPath=https://raw.githubusercontent.com/jygameclub/testdataapi/main/mahjong2date/0525_0433&debugStart=818,https://raw.githubusercontent.com/jygameclub/testdataapi/main/mahjong2date/0525_0433/818.json,https://raw.githubusercontent.com/jygameclub/testdataapi/main/mahjong2date/0525_0433,未中奖,0.00,0.00,1,0,0,0,0,0,0,否,否,否,0,1,678671,678671,4611779671280369,9475766.0,9475726.0,
普通空转,820.json,820,0,,https://fish-games.s3.amazonaws.com/MahjongWays2/index.html?env=ceshislot.osshaiwai.com&hasFloat=0&token=436475c81b51e6893c740657870f86b7&language=en&debug=1&debugDataPath=https://raw.githubusercontent.com/jygameclub/testdataapi/main/mahjong2date/0525_0433&debugStart=820,https://raw.githubusercontent.com/jygameclub/testdataapi/main/mahjong2date/0525_0433/820.json,https://raw.githubusercontent.com/jygameclub/testdataapi/main/mahjong2date/0525_0433,未中奖,0.00,0.00,1,0,0,0,0,0,0,否,否,否,0,1,678675,678675,6741779671284503,9475734.0,9475694.0,
普通空转,821.json,821,0,,https://fish-games.s3.amazonaws.com/MahjongWays2/index.html?env=ceshislot.osshaiwai.com&hasFloat=0&token=436475c81b51e6893c740657870f86b7&language=en&debug=1&debugDataPath=https://raw.githubusercontent.com/jygameclub/testdataapi/main/mahjong2date/0525_0433&debugStart=821,https://raw.githubusercontent.com/jygameclub/testdataapi/main/mahjong2date/0525_0433/821.json,https://raw.githubusercontent.com/jygameclub/testdataapi/main/mahjong2date/0525_0433,未中奖,0.00,0.00,1,0,0,0,0,0,0,否,否,否,0,0,678676,678676,3131779671285919,9475694.0,9475654.0,
普通空转,825.json,825,0,,https://fish-games.s3.amazonaws.com/MahjongWays2/index.html?env=ceshislot.osshaiwai.com&hasFloat=0&token=436475c81b51e6893c740657870f86b7&language=en&debug=1&debugDataPath=https://raw.githubusercontent.com/jygameclub/testdataapi/main/mahjong2date/0525_0433&debugStart=825,https://raw.githubusercontent.com/jygameclub/testdataapi/main/mahjong2date/0525_0433/825.json,https://raw.githubusercontent.com/jygameclub/testdataapi/main/mahjong2date/0525_0433,未中奖,0.00,0.00,1,0,0,0,0,0,0,否,否,否,0,1,678693,678693,8541779671298985,9475676.0,9475636.0,
普通空转,826.json,826,0,,https://fish-games.s3.amazonaws.com/MahjongWays2/index.html?env=ceshislot.osshaiwai.com&hasFloat=0&token=436475c81b51e6893c740657870f86b7&language=en&debug=1&debugDataPath=https://raw.githubusercontent.com/jygameclub/testdataapi/main/mahjong2date/0525_0433&debugStart=826,https://raw.githubusercontent.com/jygameclub/testdataapi/main/mahjong2date/0525_0433/826.json,https://raw.githubusercontent.com/jygameclub/testdataapi/main/mahjong2date/0525_0433,未中奖,0.00,0.00,1,0,0,0,0,0,0,否,否,否,0,2,678695,678695,4321779671300452,9475636.0,9475596.0,
普通空转,829.json,829,0,,https://fish-games.s3.amazonaws.com/MahjongWays2/index.html?env=ceshislot.osshaiwai.com&hasFloat=0&token=436475c81b51e6893c740657870f86b7&language=en&debug=1&debugDataPath=https://raw.githubusercontent.com/jygameclub/testdataapi/main/mahjong2date/0525_0433&debugStart=829,https://raw.githubusercontent.com/jygameclub/testdataapi/main/mahjong2date/0525_0433/829.json,https://raw.githubusercontent.com/jygameclub/testdataapi/main/mahjong2date/0525_0433,未中奖,0.00,0.00,1,0,0,0,0,0,0,否,否,否,0,0,678707,678707,4101779671311602,9475646.0,9475606.0,
普通空转,832.json,832,0,,https://fish-games.s3.amazonaws.com/MahjongWays2/index.html?env=ceshislot.osshaiwai.com&hasFloat=0&token=436475c81b51e6893c740657870f86b7&language=en&debug=1&debugDataPath=https://raw.githubusercontent.com/jygameclub/testdataapi/main/mahjong2date/0525_0433&debugStart=832,https://raw.githubusercontent.com/jygameclub/testdataapi/main/mahjong2date/0525_0433/832.json,https://raw.githubusercontent.com/jygameclub/testdataapi/main/mahjong2date/0525_0433,未中奖,0.00,0.00,1,0,0,0,0,0,0,否,否,否,0,0,678716,678716,3511779671317936,9475554.0,9475514.0,
普通空转,833.json,833,0,,https://fish-games.s3.amazonaws.com/MahjongWays2/index.html?env=ceshislot.osshaiwai.com&hasFloat=0&token=436475c81b51e6893c740657870f86b7&language=en&debug=1&debugDataPath=https://raw.githubusercontent.com/jygameclub/testdataapi/main/mahjong2date/0525_0433&debugStart=833,https://raw.githubusercontent.com/jygameclub/testdataapi/main/mahjong2date/0525_0433/833.json,https://raw.githubusercontent.com/jygameclub/testdataapi/main/mahjong2date/0525_0433,未中奖,0.00,0.00,1,0,0,0,0,0,0,否,否,否,0,0,678718,678718,5191779671318802,9475514.0,9475474.0,
普通空转,834.json,834,0,,https://fish-games.s3.amazonaws.com/MahjongWays2/index.html?env=ceshislot.osshaiwai.com&hasFloat=0&token=436475c81b51e6893c740657870f86b7&language=en&debug=1&debugDataPath=https://raw.githubusercontent.com/jygameclub/testdataapi/main/mahjong2date/0525_0433&debugStart=834,https://raw.githubusercontent.com/jygameclub/testdataapi/main/mahjong2date/0525_0433/834.json,https://raw.githubusercontent.com/jygameclub/testdataapi/main/mahjong2date/0525_0433,未中奖,0.00,0.00,1,0,0,0,0,0,0,否,否,否,0,0,678720,678720,4361779671319652,9475474.0,9475434.0,
普通空转,836.json,836,0,,https://fish-games.s3.amazonaws.com/MahjongWays2/index.html?env=ceshislot.osshaiwai.com&hasFloat=0&token=436475c81b51e6893c740657870f86b7&language=en&debug=1&debugDataPath=https://raw.githubusercontent.com/jygameclub/testdataapi/main/mahjong2date/0525_0433&debugStart=836,https://raw.githubusercontent.com/jygameclub/testdataapi/main/mahjong2date/0525_0433/836.json,https://raw.githubusercontent.com/jygameclub/testdataapi/main/mahjong2date/0525_0433,未中奖,0.00,0.00,1,0,0,0,0,0,0,否,否,否,0,1,678725,678725,7921779671323270,9475402.0,9475362.0,
普通空转,837.json,837,0,,https://fish-games.s3.amazonaws.com/MahjongWays2/index.html?env=ceshislot.osshaiwai.com&hasFloat=0&token=436475c81b51e6893c740657870f86b7&language=en&debug=1&debugDataPath=https://raw.githubusercontent.com/jygameclub/testdataapi/main/mahjong2date/0525_0433&debugStart=837,https://raw.githubusercontent.com/jygameclub/testdataapi/main/mahjong2date/0525_0433/837.json,https://raw.githubusercontent.com/jygameclub/testdataapi/main/mahjong2date/0525_0433,未中奖,0.00,0.00,1,0,0,0,0,0,0,否,否,否,0,0,678727,678727,4701779671324736,9475362.0,9475322.0,
普通空转,838.json,838,0,,https://fish-games.s3.amazonaws.com/MahjongWays2/index.html?env=ceshislot.osshaiwai.com&hasFloat=0&token=436475c81b51e6893c740657870f86b7&language=en&debug=1&debugDataPath=https://raw.githubusercontent.com/jygameclub/testdataapi/main/mahjong2date/0525_0433&debugStart=838,https://raw.githubusercontent.com/jygameclub/testdataapi/main/mahjong2date/0525_0433/838.json,https://raw.githubusercontent.com/jygameclub/testdataapi/main/mahjong2date/0525_0433,未中奖,0.00,0.00,1,0,0,0,0,0,0,否,否,否,0,2,678729,678729,2911779671325585,9475322.0,9475282.0,
普通空转,843.json,843,0,,https://fish-games.s3.amazonaws.com/MahjongWays2/index.html?env=ceshislot.osshaiwai.com&hasFloat=0&token=436475c81b51e6893c740657870f86b7&language=en&debug=1&debugDataPath=https://raw.githubusercontent.com/jygameclub/testdataapi/main/mahjong2date/0525_0433&debugStart=843,https://raw.githubusercontent.com/jygameclub/testdataapi/main/mahjong2date/0525_0433/843.json,https://raw.githubusercontent.com/jygameclub/testdataapi/main/mahjong2date/0525_0433,未中奖,0.00,0.00,1,0,0,0,0,0,0,否,否,否,0,0,678746,678746,3871779671340169,9475180.0,9475140.0,
普通空转,844.json,844,0,,https://fish-games.s3.amazonaws.com/MahjongWays2/index.html?env=ceshislot.osshaiwai.com&hasFloat=0&token=436475c81b51e6893c740657870f86b7&language=en&debug=1&debugDataPath=https://raw.githubusercontent.com/jygameclub/testdataapi/main/mahjong2date/0525_0433&debugStart=844,https://raw.githubusercontent.com/jygameclub/testdataapi/main/mahjong2date/0525_0433/844.json,https://raw.githubusercontent.com/jygameclub/testdataapi/main/mahjong2date/0525_0433,未中奖,0.00,0.00,1,0,0,0,0,0,0,否,否,否,0,0,678747,678747,8801779671341035,9475140.0,9475100.0,
普通空转,845.json,845,0,,https://fish-games.s3.amazonaws.com/MahjongWays2/index.html?env=ceshislot.osshaiwai.com&hasFloat=0&token=436475c81b51e6893c740657870f86b7&language=en&debug=1&debugDataPath=https://raw.githubusercontent.com/jygameclub/testdataapi/main/mahjong2date/0525_0433&debugStart=845,https://raw.githubusercontent.com/jygameclub/testdataapi/main/mahjong2date/0525_0433/845.json,https://raw.githubusercontent.com/jygameclub/testdataapi/main/mahjong2date/0525_0433,未中奖,0.00,0.00,1,0,0,0,0,0,0,否,否,否,0,2,678748,678748,5111779671341887,9475100.0,9475060.0,
普通空转,846.json,846,0,,https://fish-games.s3.amazonaws.com/MahjongWays2/index.html?env=ceshislot.osshaiwai.com&hasFloat=0&token=436475c81b51e6893c740657870f86b7&language=en&debug=1&debugDataPath=https://raw.githubusercontent.com/jygameclub/testdataapi/main/mahjong2date/0525_0433&debugStart=846,https://raw.githubusercontent.com/jygameclub/testdataapi/main/mahjong2date/0525_0433/846.json,https://raw.githubusercontent.com/jygameclub/testdataapi/main/mahjong2date/0525_0433,未中奖,0.00,0.00,1,0,0,0,0,0,0,否,否,否,0,0,678749,678749,5511779671343452,9475060.0,9475020.0,
普通空转,847.json,847,0,,https://fish-games.s3.amazonaws.com/MahjongWays2/index.html?env=ceshislot.osshaiwai.com&hasFloat=0&token=436475c81b51e6893c740657870f86b7&language=en&debug=1&debugDataPath=https://raw.githubusercontent.com/jygameclub/testdataapi/main/mahjong2date/0525_0433&debugStart=847,https://raw.githubusercontent.com/jygameclub/testdataapi/main/mahjong2date/0525_0433/847.json,https://raw.githubusercontent.com/jygameclub/testdataapi/main/mahjong2date/0525_0433,未中奖,0.00,0.00,1,0,0,0,0,0,0,否,否,否,0,1,678750,678750,9351779671344302,9475020.0,9474980.0,
普通空转,852.json,852,0,,https://fish-games.s3.amazonaws.com/MahjongWays2/index.html?env=ceshislot.osshaiwai.com&hasFloat=0&token=436475c81b51e6893c740657870f86b7&language=en&debug=1&debugDataPath=https://raw.githubusercontent.com/jygameclub/testdataapi/main/mahjong2date/0525_0433&debugStart=852,https://raw.githubusercontent.com/jygameclub/testdataapi/main/mahjong2date/0525_0433/852.json,https://raw.githubusercontent.com/jygameclub/testdataapi/main/mahjong2date/0525_0433,未中奖,0.00,0.00,1,0,0,0,0,0,0,否,否,否,0,1,678770,678770,4501779671360786,9474876.0,9474836.0,
普通空转,853.json,853,0,,https://fish-games.s3.amazonaws.com/MahjongWays2/index.html?env=ceshislot.osshaiwai.com&hasFloat=0&token=436475c81b51e6893c740657870f86b7&language=en&debug=1&debugDataPath=https://raw.githubusercontent.com/jygameclub/testdataapi/main/mahjong2date/0525_0433&debugStart=853,https://raw.githubusercontent.com/jygameclub/testdataapi/main/mahjong2date/0525_0433/853.json,https://raw.githubusercontent.com/jygameclub/testdataapi/main/mahjong2date/0525_0433,未中奖,0.00,0.00,1,0,0,0,0,0,0,否,否,否,0,0,678771,678771,1151779671362252,9474836.0,9474796.0,
普通空转,854.json,854,0,,https://fish-games.s3.amazonaws.com/MahjongWays2/index.html?env=ceshislot.osshaiwai.com&hasFloat=0&token=436475c81b51e6893c740657870f86b7&language=en&debug=1&debugDataPath=https://raw.githubusercontent.com/jygameclub/testdataapi/main/mahjong2date/0525_0433&debugStart=854,https://raw.githubusercontent.com/jygameclub/testdataapi/main/mahjong2date/0525_0433/854.json,https://raw.githubusercontent.com/jygameclub/testdataapi/main/mahjong2date/0525_0433,未中奖,0.00,0.00,1,0,0,0,0,0,0,否,否,否,0,0,678773,678773,7101779671363120,9474796.0,9474756.0,
普通空转,855.json,855,0,,https://fish-games.s3.amazonaws.com/MahjongWays2/index.html?env=ceshislot.osshaiwai.com&hasFloat=0&token=436475c81b51e6893c740657870f86b7&language=en&debug=1&debugDataPath=https://raw.githubusercontent.com/jygameclub/testdataapi/main/mahjong2date/0525_0433&debugStart=855,https://raw.githubusercontent.com/jygameclub/testdataapi/main/mahjong2date/0525_0433/855.json,https://raw.githubusercontent.com/jygameclub/testdataapi/main/mahjong2date/0525_0433,未中奖,0.00,0.00,1,0,0,0,0,0,0,否,否,否,0,0,678775,678775,4291779671363970,9474756.0,9474716.0,
普通空转,856.json,856,0,,https://fish-games.s3.amazonaws.com/MahjongWays2/index.html?env=ceshislot.osshaiwai.com&hasFloat=0&token=436475c81b51e6893c740657870f86b7&language=en&debug=1&debugDataPath=https://raw.githubusercontent.com/jygameclub/testdataapi/main/mahjong2date/0525_0433&debugStart=856,https://raw.githubusercontent.com/jygameclub/testdataapi/main/mahjong2date/0525_0433/856.json,https://raw.githubusercontent.com/jygameclub/testdataapi/main/mahjong2date/0525_0433,未中奖,0.00,0.00,1,0,0,0,0,0,0,否,否,否,0,0,678777,678777,1711779671364818,9474716.0,9474676.0,
普通空转,857.json,857,0,,https://fish-games.s3.amazonaws.com/MahjongWays2/index.html?env=ceshislot.osshaiwai.com&hasFloat=0&token=436475c81b51e6893c740657870f86b7&language=en&debug=1&debugDataPath=https://raw.githubusercontent.com/jygameclub/testdataapi/main/mahjong2date/0525_0433&debugStart=857,https://raw.githubusercontent.com/jygameclub/testdataapi/main/mahjong2date/0525_0433/857.json,https://raw.githubusercontent.com/jygameclub/testdataapi/main/mahjong2date/0525_0433,未中奖,0.00,0.00,1,0,0,0,0,0,0,否,否,否,0,0,678779,678779,8431779671365685,9474676.0,9474636.0,
普通空转,858.json,858,0,,https://fish-games.s3.amazonaws.com/MahjongWays2/index.html?env=ceshislot.osshaiwai.com&hasFloat=0&token=436475c81b51e6893c740657870f86b7&language=en&debug=1&debugDataPath=https://raw.githubusercontent.com/jygameclub/testdataapi/main/mahjong2date/0525_0433&debugStart=858,https://raw.githubusercontent.com/jygameclub/testdataapi/main/mahjong2date/0525_0433/858.json,https://raw.githubusercontent.com/jygameclub/testdataapi/main/mahjong2date/0525_0433,未中奖,0.00,0.00,1,0,0,0,0,0,0,否,否,否,0,0,678780,678780,1521779671366536,9474636.0,9474596.0,
普通空转,859.json,859,0,,https://fish-games.s3.amazonaws.com/MahjongWays2/index.html?env=ceshislot.osshaiwai.com&hasFloat=0&token=436475c81b51e6893c740657870f86b7&language=en&debug=1&debugDataPath=https://raw.githubusercontent.com/jygameclub/testdataapi/main/mahjong2date/0525_0433&debugStart=859,https://raw.githubusercontent.com/jygameclub/testdataapi/main/mahjong2date/0525_0433/859.json,https://raw.githubusercontent.com/jygameclub/testdataapi/main/mahjong2date/0525_0433,未中奖,0.00,0.00,1,0,0,0,0,0,0,否,否,否,0,0,678781,678781,1441779671367402,9474596.0,9474556.0,
普通空转,860.json,860,0,,https://fish-games.s3.amazonaws.com/MahjongWays2/index.html?env=ceshislot.osshaiwai.com&hasFloat=0&token=436475c81b51e6893c740657870f86b7&language=en&debug=1&debugDataPath=https://raw.githubusercontent.com/jygameclub/testdataapi/main/mahjong2date/0525_0433&debugStart=860,https://raw.githubusercontent.com/jygameclub/testdataapi/main/mahjong2date/0525_0433/860.json,https://raw.githubusercontent.com/jygameclub/testdataapi/main/mahjong2date/0525_0433,未中奖,0.00,0.00,1,0,0,0,0,0,0,否,否,否,0,2,678782,678782,3771779671368269,9474556.0,9474516.0,
普通空转,861.json,861,0,,https://fish-games.s3.amazonaws.com/MahjongWays2/index.html?env=ceshislot.osshaiwai.com&hasFloat=0&token=436475c81b51e6893c740657870f86b7&language=en&debug=1&debugDataPath=https://raw.githubusercontent.com/jygameclub/testdataapi/main/mahjong2date/0525_0433&debugStart=861,https://raw.githubusercontent.com/jygameclub/testdataapi/main/mahjong2date/0525_0433/861.json,https://raw.githubusercontent.com/jygameclub/testdataapi/main/mahjong2date/0525_0433,未中奖,0.00,0.00,1,0,0,0,0,0,0,否,否,否,0,0,678783,678783,9161779671369851,9474516.0,9474476.0,
普通空转,862.json,862,0,,https://fish-games.s3.amazonaws.com/MahjongWays2/index.html?env=ceshislot.osshaiwai.com&hasFloat=0&token=436475c81b51e6893c740657870f86b7&language=en&debug=1&debugDataPath=https://raw.githubusercontent.com/jygameclub/testdataapi/main/mahjong2date/0525_0433&debugStart=862,https://raw.githubusercontent.com/jygameclub/testdataapi/main/mahjong2date/0525_0433/862.json,https://raw.githubusercontent.com/jygameclub/testdataapi/main/mahjong2date/0525_0433,未中奖,0.00,0.00,1,0,0,0,0,0,0,否,否,否,0,0,678786,678786,9811779671370719,9474476.0,9474436.0,
普通空转,863.json,863,0,,https://fish-games.s3.amazonaws.com/MahjongWays2/index.html?env=ceshislot.osshaiwai.com&hasFloat=0&token=436475c81b51e6893c740657870f86b7&language=en&debug=1&debugDataPath=https://raw.githubusercontent.com/jygameclub/testdataapi/main/mahjong2date/0525_0433&debugStart=863,https://raw.githubusercontent.com/jygameclub/testdataapi/main/mahjong2date/0525_0433/863.json,https://raw.githubusercontent.com/jygameclub/testdataapi/main/mahjong2date/0525_0433,未中奖,0.00,0.00,1,0,0,0,0,0,0,否,否,否,0,0,678787,678787,6581779671371585,9474436.0,9474396.0,
普通空转,864.json,864,0,,https://fish-games.s3.amazonaws.com/MahjongWays2/index.html?env=ceshislot.osshaiwai.com&hasFloat=0&token=436475c81b51e6893c740657870f86b7&language=en&debug=1&debugDataPath=https://raw.githubusercontent.com/jygameclub/testdataapi/main/mahjong2date/0525_0433&debugStart=864,https://raw.githubusercontent.com/jygameclub/testdataapi/main/mahjong2date/0525_0433/864.json,https://raw.githubusercontent.com/jygameclub/testdataapi/main/mahjong2date/0525_0433,未中奖,0.00,0.00,1,0,0,0,0,0,0,否,否,否,0,0,678789,678789,4551779671372452,9474396.0,9474356.0,
普通空转,866.json,866,0,,https://fish-games.s3.amazonaws.com/MahjongWays2/index.html?env=ceshislot.osshaiwai.com&hasFloat=0&token=436475c81b51e6893c740657870f86b7&language=en&debug=1&debugDataPath=https://raw.githubusercontent.com/jygameclub/testdataapi/main/mahjong2date/0525_0433&debugStart=866,https://raw.githubusercontent.com/jygameclub/testdataapi/main/mahjong2date/0525_0433/866.json,https://raw.githubusercontent.com/jygameclub/testdataapi/main/mahjong2date/0525_0433,未中奖,0.00,0.00,1,0,0,0,0,0,0,否,否,否,0,1,678795,678795,1951779671378101,9474476.0,9474436.0,
普通空转,867.json,867,0,,https://fish-games.s3.amazonaws.com/MahjongWays2/index.html?env=ceshislot.osshaiwai.com&hasFloat=0&token=436475c81b51e6893c740657870f86b7&language=en&debug=1&debugDataPath=https://raw.githubusercontent.com/jygameclub/testdataapi/main/mahjong2date/0525_0433&debugStart=867,https://raw.githubusercontent.com/jygameclub/testdataapi/main/mahjong2date/0525_0433/867.json,https://raw.githubusercontent.com/jygameclub/testdataapi/main/mahjong2date/0525_0433,未中奖,0.00,0.00,1,0,0,0,0,0,0,否,否,否,0,0,678797,678797,5671779671379585,9474436.0,9474396.0,
普通空转,868.json,868,0,,https://fish-games.s3.amazonaws.com/MahjongWays2/index.html?env=ceshislot.osshaiwai.com&hasFloat=0&token=436475c81b51e6893c740657870f86b7&language=en&debug=1&debugDataPath=https://raw.githubusercontent.com/jygameclub/testdataapi/main/mahjong2date/0525_0433&debugStart=868,https://raw.githubusercontent.com/jygameclub/testdataapi/main/mahjong2date/0525_0433/868.json,https://raw.githubusercontent.com/jygameclub/testdataapi/main/mahjong2date/0525_0433,未中奖,0.00,0.00,1,0,0,0,0,0,0,否,否,否,0,1,678798,678798,8291779671380435,9474396.0,9474356.0,
普通空转,869.json,869,0,,https://fish-games.s3.amazonaws.com/MahjongWays2/index.html?env=ceshislot.osshaiwai.com&hasFloat=0&token=436475c81b51e6893c740657870f86b7&language=en&debug=1&debugDataPath=https://raw.githubusercontent.com/jygameclub/testdataapi/main/mahjong2date/0525_0433&debugStart=869,https://raw.githubusercontent.com/jygameclub/testdataapi/main/mahjong2date/0525_0433/869.json,https://raw.githubusercontent.com/jygameclub/testdataapi/main/mahjong2date/0525_0433,未中奖,0.00,0.00,1,0,0,0,0,0,0,否,否,否,0,1,678801,678801,3491779671381903,9474356.0,9474316.0,
普通空转,870.json,870,0,,https://fish-games.s3.amazonaws.com/MahjongWays2/index.html?env=ceshislot.osshaiwai.com&hasFloat=0&token=436475c81b51e6893c740657870f86b7&language=en&debug=1&debugDataPath=https://raw.githubusercontent.com/jygameclub/testdataapi/main/mahjong2date/0525_0433&debugStart=870,https://raw.githubusercontent.com/jygameclub/testdataapi/main/mahjong2date/0525_0433/870.json,https://raw.githubusercontent.com/jygameclub/testdataapi/main/mahjong2date/0525_0433,未中奖,0.00,0.00,1,0,0,0,0,0,0,否,否,否,0,1,678803,678803,7201779671383368,9474316.0,9474276.0,
普通空转,874.json,874,0,,https://fish-games.s3.amazonaws.com/MahjongWays2/index.html?env=ceshislot.osshaiwai.com&hasFloat=0&token=436475c81b51e6893c740657870f86b7&language=en&debug=1&debugDataPath=https://raw.githubusercontent.com/jygameclub/testdataapi/main/mahjong2date/0525_0433&debugStart=874,https://raw.githubusercontent.com/jygameclub/testdataapi/main/mahjong2date/0525_0433/874.json,https://raw.githubusercontent.com/jygameclub/testdataapi/main/mahjong2date/0525_0433,未中奖,0.00,0.00,1,0,0,0,0,0,0,否,否,否,0,1,678816,678816,3931779671398201,9474242.0,9474202.0,
普通空转,877.json,877,0,,https://fish-games.s3.amazonaws.com/MahjongWays2/index.html?env=ceshislot.osshaiwai.com&hasFloat=0&token=436475c81b51e6893c740657870f86b7&language=en&debug=1&debugDataPath=https://raw.githubusercontent.com/jygameclub/testdataapi/main/mahjong2date/0525_0433&debugStart=877,https://raw.githubusercontent.com/jygameclub/testdataapi/main/mahjong2date/0525_0433/877.json,https://raw.githubusercontent.com/jygameclub/testdataapi/main/mahjong2date/0525_0433,未中奖,0.00,0.00,1,0,0,0,0,0,0,否,否,否,0,0,678823,678823,5151779671410418,9474314.0,9474274.0,
普通空转,878.json,878,0,,https://fish-games.s3.amazonaws.com/MahjongWays2/index.html?env=ceshislot.osshaiwai.com&hasFloat=0&token=436475c81b51e6893c740657870f86b7&language=en&debug=1&debugDataPath=https://raw.githubusercontent.com/jygameclub/testdataapi/main/mahjong2date/0525_0433&debugStart=878,https://raw.githubusercontent.com/jygameclub/testdataapi/main/mahjong2date/0525_0433/878.json,https://raw.githubusercontent.com/jygameclub/testdataapi/main/mahjong2date/0525_0433,未中奖,0.00,0.00,1,0,0,0,0,0,0,否,否,否,0,2,678824,678824,8731779671411286,9474274.0,9474234.0,
普通空转,881.json,881,0,,https://fish-games.s3.amazonaws.com/MahjongWays2/index.html?env=ceshislot.osshaiwai.com&hasFloat=0&token=436475c81b51e6893c740657870f86b7&language=en&debug=1&debugDataPath=https://raw.githubusercontent.com/jygameclub/testdataapi/main/mahjong2date/0525_0433&debugStart=881,https://raw.githubusercontent.com/jygameclub/testdataapi/main/mahjong2date/0525_0433/881.json,https://raw.githubusercontent.com/jygameclub/testdataapi/main/mahjong2date/0525_0433,未中奖,0.00,0.00,1,0,0,0,0,0,0,否,否,否,0,0,678831,678831,7641779671422534,9474270.0,9474230.0,
普通空转,884.json,884,0,,https://fish-games.s3.amazonaws.com/MahjongWays2/index.html?env=ceshislot.osshaiwai.com&hasFloat=0&token=436475c81b51e6893c740657870f86b7&language=en&debug=1&debugDataPath=https://raw.githubusercontent.com/jygameclub/testdataapi/main/mahjong2date/0525_0433&debugStart=884,https://raw.githubusercontent.com/jygameclub/testdataapi/main/mahjong2date/0525_0433/884.json,https://raw.githubusercontent.com/jygameclub/testdataapi/main/mahjong2date/0525_0433,未中奖,0.00,0.00,1,0,0,0,0,0,0,否,否,否,0,0,678838,678838,5951779671433002,9474328.0,9474288.0,
普通空转,885.json,885,0,,https://fish-games.s3.amazonaws.com/MahjongWays2/index.html?env=ceshislot.osshaiwai.com&hasFloat=0&token=436475c81b51e6893c740657870f86b7&language=en&debug=1&debugDataPath=https://raw.githubusercontent.com/jygameclub/testdataapi/main/mahjong2date/0525_0433&debugStart=885,https://raw.githubusercontent.com/jygameclub/testdataapi/main/mahjong2date/0525_0433/885.json,https://raw.githubusercontent.com/jygameclub/testdataapi/main/mahjong2date/0525_0433,未中奖,0.00,0.00,1,0,0,0,0,0,0,否,否,否,0,0,678839,678839,4351779671433852,9474288.0,9474248.0,
普通空转,886.json,886,0,,https://fish-games.s3.amazonaws.com/MahjongWays2/index.html?env=ceshislot.osshaiwai.com&hasFloat=0&token=436475c81b51e6893c740657870f86b7&language=en&debug=1&debugDataPath=https://raw.githubusercontent.com/jygameclub/testdataapi/main/mahjong2date/0525_0433&debugStart=886,https://raw.githubusercontent.com/jygameclub/testdataapi/main/mahjong2date/0525_0433/886.json,https://raw.githubusercontent.com/jygameclub/testdataapi/main/mahjong2date/0525_0433,未中奖,0.00,0.00,1,0,0,0,0,0,0,否,否,否,0,1,678840,678840,9911779671434718,9474248.0,9474208.0,
普通空转,887.json,887,0,,https://fish-games.s3.amazonaws.com/MahjongWays2/index.html?env=ceshislot.osshaiwai.com&hasFloat=0&token=436475c81b51e6893c740657870f86b7&language=en&debug=1&debugDataPath=https://raw.githubusercontent.com/jygameclub/testdataapi/main/mahjong2date/0525_0433&debugStart=887,https://raw.githubusercontent.com/jygameclub/testdataapi/main/mahjong2date/0525_0433/887.json,https://raw.githubusercontent.com/jygameclub/testdataapi/main/mahjong2date/0525_0433,未中奖,0.00,0.00,1,0,0,0,0,0,0,否,否,否,0,1,678841,678841,7971779671436134,9474208.0,9474168.0,
普通空转,888.json,888,0,,https://fish-games.s3.amazonaws.com/MahjongWays2/index.html?env=ceshislot.osshaiwai.com&hasFloat=0&token=436475c81b51e6893c740657870f86b7&language=en&debug=1&debugDataPath=https://raw.githubusercontent.com/jygameclub/testdataapi/main/mahjong2date/0525_0433&debugStart=888,https://raw.githubusercontent.com/jygameclub/testdataapi/main/mahjong2date/0525_0433/888.json,https://raw.githubusercontent.com/jygameclub/testdataapi/main/mahjong2date/0525_0433,未中奖,0.00,0.00,1,0,0,0,0,0,0,否,否,否,0,0,678843,678843,3121779671437601,9474168.0,9474128.0,
普通空转,891.json,891,0,,https://fish-games.s3.amazonaws.com/MahjongWays2/index.html?env=ceshislot.osshaiwai.com&hasFloat=0&token=436475c81b51e6893c740657870f86b7&language=en&debug=1&debugDataPath=https://raw.githubusercontent.com/jygameclub/testdataapi/main/mahjong2date/0525_0433&debugStart=891,https://raw.githubusercontent.com/jygameclub/testdataapi/main/mahjong2date/0525_0433/891.json,https://raw.githubusercontent.com/jygameclub/testdataapi/main/mahjong2date/0525_0433,未中奖,0.00,0.00,1,0,0,0,0,0,0,否,否,否,0,1,678851,678851,9191779671443935,9474140.0,9474100.0,
普通空转,893.json,893,0,,https://fish-games.s3.amazonaws.com/MahjongWays2/index.html?env=ceshislot.osshaiwai.com&hasFloat=0&token=436475c81b51e6893c740657870f86b7&language=en&debug=1&debugDataPath=https://raw.githubusercontent.com/jygameclub/testdataapi/main/mahjong2date/0525_0433&debugStart=893,https://raw.githubusercontent.com/jygameclub/testdataapi/main/mahjong2date/0525_0433/893.json,https://raw.githubusercontent.com/jygameclub/testdataapi/main/mahjong2date/0525_0433,未中奖,0.00,0.00,1,0,0,0,0,0,0,否,否,否,0,0,678854,678854,8561779671448118,9474132.0,9474092.0,
普通空转,895.json,895,0,,https://fish-games.s3.amazonaws.com/MahjongWays2/index.html?env=ceshislot.osshaiwai.com&hasFloat=0&token=436475c81b51e6893c740657870f86b7&language=en&debug=1&debugDataPath=https://raw.githubusercontent.com/jygameclub/testdataapi/main/mahjong2date/0525_0433&debugStart=895,https://raw.githubusercontent.com/jygameclub/testdataapi/main/mahjong2date/0525_0433/895.json,https://raw.githubusercontent.com/jygameclub/testdataapi/main/mahjong2date/0525_0433,未中奖,0.00,0.00,1,0,0,0,0,0,0,否,否,否,0,1,678857,678857,2571779671451702,9474060.0,9474020.0,
普通空转,896.json,896,0,,https://fish-games.s3.amazonaws.com/MahjongWays2/index.html?env=ceshislot.osshaiwai.com&hasFloat=0&token=436475c81b51e6893c740657870f86b7&language=en&debug=1&debugDataPath=https://raw.githubusercontent.com/jygameclub/testdataapi/main/mahjong2date/0525_0433&debugStart=896,https://raw.githubusercontent.com/jygameclub/testdataapi/main/mahjong2date/0525_0433/896.json,https://raw.githubusercontent.com/jygameclub/testdataapi/main/mahjong2date/0525_0433,未中奖,0.00,0.00,1,0,0,0,0,0,0,否,否,否,0,1,678858,678858,7711779671453184,9474020.0,9473980.0,
普通空转,898.json,898,0,,https://fish-games.s3.amazonaws.com/MahjongWays2/index.html?env=ceshislot.osshaiwai.com&hasFloat=0&token=436475c81b51e6893c740657870f86b7&language=en&debug=1&debugDataPath=https://raw.githubusercontent.com/jygameclub/testdataapi/main/mahjong2date/0525_0433&debugStart=898,https://raw.githubusercontent.com/jygameclub/testdataapi/main/mahjong2date/0525_0433/898.json,https://raw.githubusercontent.com/jygameclub/testdataapi/main/mahjong2date/0525_0433,未中奖,0.00,0.00,1,0,0,0,0,0,0,否,否,否,0,1,678864,678864,4261779671459469,9474116.0,9474076.0,
普通空转,899.json,899,0,,https://fish-games.s3.amazonaws.com/MahjongWays2/index.html?env=ceshislot.osshaiwai.com&hasFloat=0&token=436475c81b51e6893c740657870f86b7&language=en&debug=1&debugDataPath=https://raw.githubusercontent.com/jygameclub/testdataapi/main/mahjong2date/0525_0433&debugStart=899,https://raw.githubusercontent.com/jygameclub/testdataapi/main/mahjong2date/0525_0433/899.json,https://raw.githubusercontent.com/jygameclub/testdataapi/main/mahjong2date/0525_0433,未中奖,0.00,0.00,1,0,0,0,0,0,0,否,否,否,0,0,678866,678866,6331779671460934,9474076.0,9474036.0,
普通空转,900.json,900,0,,https://fish-games.s3.amazonaws.com/MahjongWays2/index.html?env=ceshislot.osshaiwai.com&hasFloat=0&token=436475c81b51e6893c740657870f86b7&language=en&debug=1&debugDataPath=https://raw.githubusercontent.com/jygameclub/testdataapi/main/mahjong2date/0525_0433&debugStart=900,https://raw.githubusercontent.com/jygameclub/testdataapi/main/mahjong2date/0525_0433/900.json,https://raw.githubusercontent.com/jygameclub/testdataapi/main/mahjong2date/0525_0433,未中奖,0.00,0.00,1,0,0,0,0,0,0,否,否,否,0,0,678868,678868,2431779671461735,9474036.0,9473996.0,
普通空转,901.json,901,0,,https://fish-games.s3.amazonaws.com/MahjongWays2/index.html?env=ceshislot.osshaiwai.com&hasFloat=0&token=436475c81b51e6893c740657870f86b7&language=en&debug=1&debugDataPath=https://raw.githubusercontent.com/jygameclub/testdataapi/main/mahjong2date/0525_0433&debugStart=901,https://raw.githubusercontent.com/jygameclub/testdataapi/main/mahjong2date/0525_0433/901.json,https://raw.githubusercontent.com/jygameclub/testdataapi/main/mahjong2date/0525_0433,未中奖,0.00,0.00,1,0,0,0,0,0,0,否,否,否,0,1,678870,678870,4691779671462585,9473996.0,9473956.0,
普通空转,902.json,902,0,,https://fish-games.s3.amazonaws.com/MahjongWays2/index.html?env=ceshislot.osshaiwai.com&hasFloat=0&token=436475c81b51e6893c740657870f86b7&language=en&debug=1&debugDataPath=https://raw.githubusercontent.com/jygameclub/testdataapi/main/mahjong2date/0525_0433&debugStart=902,https://raw.githubusercontent.com/jygameclub/testdataapi/main/mahjong2date/0525_0433/902.json,https://raw.githubusercontent.com/jygameclub/testdataapi/main/mahjong2date/0525_0433,未中奖,0.00,0.00,1,0,0,0,0,0,0,否,否,否,0,1,678871,678871,6371779671464051,9473956.0,9473916.0,
普通空转,903.json,903,0,,https://fish-games.s3.amazonaws.com/MahjongWays2/index.html?env=ceshislot.osshaiwai.com&hasFloat=0&token=436475c81b51e6893c740657870f86b7&language=en&debug=1&debugDataPath=https://raw.githubusercontent.com/jygameclub/testdataapi/main/mahjong2date/0525_0433&debugStart=903,https://raw.githubusercontent.com/jygameclub/testdataapi/main/mahjong2date/0525_0433/903.json,https://raw.githubusercontent.com/jygameclub/testdataapi/main/mahjong2date/0525_0433,未中奖,0.00,0.00,1,0,0,0,0,0,0,否,否,否,0,0,678872,678872,9061779671465518,9473916.0,9473876.0,
普通空转,904.json,904,0,,https://fish-games.s3.amazonaws.com/MahjongWays2/index.html?env=ceshislot.osshaiwai.com&hasFloat=0&token=436475c81b51e6893c740657870f86b7&language=en&debug=1&debugDataPath=https://raw.githubusercontent.com/jygameclub/testdataapi/main/mahjong2date/0525_0433&debugStart=904,https://raw.githubusercontent.com/jygameclub/testdataapi/main/mahjong2date/0525_0433/904.json,https://raw.githubusercontent.com/jygameclub/testdataapi/main/mahjong2date/0525_0433,未中奖,0.00,0.00,1,0,0,0,0,0,0,否,否,否,0,0,678873,678873,9101779671466368,9473876.0,9473836.0,
普通空转,906.json,906,0,,https://fish-games.s3.amazonaws.com/MahjongWays2/index.html?env=ceshislot.osshaiwai.com&hasFloat=0&token=436475c81b51e6893c740657870f86b7&language=en&debug=1&debugDataPath=https://raw.githubusercontent.com/jygameclub/testdataapi/main/mahjong2date/0525_0433&debugStart=906,https://raw.githubusercontent.com/jygameclub/testdataapi/main/mahjong2date/0525_0433/906.json,https://raw.githubusercontent.com/jygameclub/testdataapi/main/mahjong2date/0525_0433,未中奖,0.00,0.00,1,0,0,0,0,0,0,否,否,否,0,0,678878,678878,5861779671469919,9473800.0,9473760.0,
普通空转,907.json,907,0,,https://fish-games.s3.amazonaws.com/MahjongWays2/index.html?env=ceshislot.osshaiwai.com&hasFloat=0&token=436475c81b51e6893c740657870f86b7&language=en&debug=1&debugDataPath=https://raw.githubusercontent.com/jygameclub/testdataapi/main/mahjong2date/0525_0433&debugStart=907,https://raw.githubusercontent.com/jygameclub/testdataapi/main/mahjong2date/0525_0433/907.json,https://raw.githubusercontent.com/jygameclub/testdataapi/main/mahjong2date/0525_0433,未中奖,0.00,0.00,1,0,0,0,0,0,0,否,否,否,0,0,678879,678879,4861779671470768,9473760.0,9473720.0,
普通空转,908.json,908,0,,https://fish-games.s3.amazonaws.com/MahjongWays2/index.html?env=ceshislot.osshaiwai.com&hasFloat=0&token=436475c81b51e6893c740657870f86b7&language=en&debug=1&debugDataPath=https://raw.githubusercontent.com/jygameclub/testdataapi/main/mahjong2date/0525_0433&debugStart=908,https://raw.githubusercontent.com/jygameclub/testdataapi/main/mahjong2date/0525_0433/908.json,https://raw.githubusercontent.com/jygameclub/testdataapi/main/mahjong2date/0525_0433,未中奖,0.00,0.00,1,0,0,0,0,0,0,否,否,否,0,0,678880,678880,2741779671471635,9473720.0,9473680.0,
普通空转,909.json,909,0,,https://fish-games.s3.amazonaws.com/MahjongWays2/index.html?env=ceshislot.osshaiwai.com&hasFloat=0&token=436475c81b51e6893c740657870f86b7&language=en&debug=1&debugDataPath=https://raw.githubusercontent.com/jygameclub/testdataapi/main/mahjong2date/0525_0433&debugStart=909,https://raw.githubusercontent.com/jygameclub/testdataapi/main/mahjong2date/0525_0433/909.json,https://raw.githubusercontent.com/jygameclub/testdataapi/main/mahjong2date/0525_0433,未中奖,0.00,0.00,1,0,0,0,0,0,0,否,否,否,0,0,678881,678881,4861779671472485,9473680.0,9473640.0,
普通空转,911.json,911,0,,https://fish-games.s3.amazonaws.com/MahjongWays2/index.html?env=ceshislot.osshaiwai.com&hasFloat=0&token=436475c81b51e6893c740657870f86b7&language=en&debug=1&debugDataPath=https://raw.githubusercontent.com/jygameclub/testdataapi/main/mahjong2date/0525_0433&debugStart=911,https://raw.githubusercontent.com/jygameclub/testdataapi/main/mahjong2date/0525_0433/911.json,https://raw.githubusercontent.com/jygameclub/testdataapi/main/mahjong2date/0525_0433,未中奖,0.00,0.00,1,0,0,0,0,0,0,否,否,否,0,1,678887,678887,5841779671478151,9473620.0,9473580.0,
普通空转,912.json,912,0,,https://fish-games.s3.amazonaws.com/MahjongWays2/index.html?env=ceshislot.osshaiwai.com&hasFloat=0&token=436475c81b51e6893c740657870f86b7&language=en&debug=1&debugDataPath=https://raw.githubusercontent.com/jygameclub/testdataapi/main/mahjong2date/0525_0433&debugStart=912,https://raw.githubusercontent.com/jygameclub/testdataapi/main/mahjong2date/0525_0433/912.json,https://raw.githubusercontent.com/jygameclub/testdataapi/main/mahjong2date/0525_0433,未中奖,0.00,0.00,1,0,0,0,0,0,0,否,否,否,0,0,678889,678889,7241779671479701,9473580.0,9473540.0,
普通空转,913.json,913,0,,https://fish-games.s3.amazonaws.com/MahjongWays2/index.html?env=ceshislot.osshaiwai.com&hasFloat=0&token=436475c81b51e6893c740657870f86b7&language=en&debug=1&debugDataPath=https://raw.githubusercontent.com/jygameclub/testdataapi/main/mahjong2date/0525_0433&debugStart=913,https://raw.githubusercontent.com/jygameclub/testdataapi/main/mahjong2date/0525_0433/913.json,https://raw.githubusercontent.com/jygameclub/testdataapi/main/mahjong2date/0525_0433,未中奖,0.00,0.00,1,0,0,0,0,0,0,否,否,否,0,0,678890,678890,4821779671480551,9473540.0,9473500.0,
普通空转,915.json,915,0,,https://fish-games.s3.amazonaws.com/MahjongWays2/index.html?env=ceshislot.osshaiwai.com&hasFloat=0&token=436475c81b51e6893c740657870f86b7&language=en&debug=1&debugDataPath=https://raw.githubusercontent.com/jygameclub/testdataapi/main/mahjong2date/0525_0433&debugStart=915,https://raw.githubusercontent.com/jygameclub/testdataapi/main/mahjong2date/0525_0433/915.json,https://raw.githubusercontent.com/jygameclub/testdataapi/main/mahjong2date/0525_0433,未中奖,0.00,0.00,1,0,0,0,0,0,0,否,否,否,0,0,678904,678904,6961779671491435,9473864.0,9473824.0,
普通空转,916.json,916,0,,https://fish-games.s3.amazonaws.com/MahjongWays2/index.html?env=ceshislot.osshaiwai.com&hasFloat=0&token=436475c81b51e6893c740657870f86b7&language=en&debug=1&debugDataPath=https://raw.githubusercontent.com/jygameclub/testdataapi/main/mahjong2date/0525_0433&debugStart=916,https://raw.githubusercontent.com/jygameclub/testdataapi/main/mahjong2date/0525_0433/916.json,https://raw.githubusercontent.com/jygameclub/testdataapi/main/mahjong2date/0525_0433,未中奖,0.00,0.00,1,0,0,0,0,0,0,否,否,否,0,0,678905,678905,3381779671492301,9473824.0,9473784.0,
普通空转,917.json,917,0,,https://fish-games.s3.amazonaws.com/MahjongWays2/index.html?env=ceshislot.osshaiwai.com&hasFloat=0&token=436475c81b51e6893c740657870f86b7&language=en&debug=1&debugDataPath=https://raw.githubusercontent.com/jygameclub/testdataapi/main/mahjong2date/0525_0433&debugStart=917,https://raw.githubusercontent.com/jygameclub/testdataapi/main/mahjong2date/0525_0433/917.json,https://raw.githubusercontent.com/jygameclub/testdataapi/main/mahjong2date/0525_0433,未中奖,0.00,0.00,1,0,0,0,0,0,0,否,否,否,0,1,678906,678906,6211779671493152,9473784.0,9473744.0,
普通空转,918.json,918,0,,https://fish-games.s3.amazonaws.com/MahjongWays2/index.html?env=ceshislot.osshaiwai.com&hasFloat=0&token=436475c81b51e6893c740657870f86b7&language=en&debug=1&debugDataPath=https://raw.githubusercontent.com/jygameclub/testdataapi/main/mahjong2date/0525_0433&debugStart=918,https://raw.githubusercontent.com/jygameclub/testdataapi/main/mahjong2date/0525_0433/918.json,https://raw.githubusercontent.com/jygameclub/testdataapi/main/mahjong2date/0525_0433,未中奖,0.00,0.00,1,0,0,0,0,0,0,否,否,否,0,0,678908,678908,1491779671494618,9473744.0,9473704.0,
普通空转,920.json,920,0,,https://fish-games.s3.amazonaws.com/MahjongWays2/index.html?env=ceshislot.osshaiwai.com&hasFloat=0&token=436475c81b51e6893c740657870f86b7&language=en&debug=1&debugDataPath=https://raw.githubusercontent.com/jygameclub/testdataapi/main/mahjong2date/0525_0433&debugStart=920,https://raw.githubusercontent.com/jygameclub/testdataapi/main/mahjong2date/0525_0433/920.json,https://raw.githubusercontent.com/jygameclub/testdataapi/main/mahjong2date/0525_0433,未中奖,0.00,0.00,1,0,0,0,0,0,0,否,否,否,0,1,678915,678915,2571779671498219,9473672.0,9473632.0,
普通空转,921.json,921,0,,https://fish-games.s3.amazonaws.com/MahjongWays2/index.html?env=ceshislot.osshaiwai.com&hasFloat=0&token=436475c81b51e6893c740657870f86b7&language=en&debug=1&debugDataPath=https://raw.githubusercontent.com/jygameclub/testdataapi/main/mahjong2date/0525_0433&debugStart=921,https://raw.githubusercontent.com/jygameclub/testdataapi/main/mahjong2date/0525_0433/921.json,https://raw.githubusercontent.com/jygameclub/testdataapi/main/mahjong2date/0525_0433,未中奖,0.00,0.00,1,0,0,0,0,0,0,否,否,否,0,0,678917,678917,9141779671499618,9473632.0,9473592.0,
普通空转,923.json,923,0,,https://fish-games.s3.amazonaws.com/MahjongWays2/index.html?env=ceshislot.osshaiwai.com&hasFloat=0&token=436475c81b51e6893c740657870f86b7&language=en&debug=1&debugDataPath=https://raw.githubusercontent.com/jygameclub/testdataapi/main/mahjong2date/0525_0433&debugStart=923,https://raw.githubusercontent.com/jygameclub/testdataapi/main/mahjong2date/0525_0433/923.json,https://raw.githubusercontent.com/jygameclub/testdataapi/main/mahjong2date/0525_0433,未中奖,0.00,0.00,1,0,0,0,0,0,0,否,否,否,0,0,678925,678925,3341779671506386,9473568.0,9473528.0,
普通空转,924.json,924,0,,https://fish-games.s3.amazonaws.com/MahjongWays2/index.html?env=ceshislot.osshaiwai.com&hasFloat=0&token=436475c81b51e6893c740657870f86b7&language=en&debug=1&debugDataPath=https://raw.githubusercontent.com/jygameclub/testdataapi/main/mahjong2date/0525_0433&debugStart=924,https://raw.githubusercontent.com/jygameclub/testdataapi/main/mahjong2date/0525_0433/924.json,https://raw.githubusercontent.com/jygameclub/testdataapi/main/mahjong2date/0525_0433,未中奖,0.00,0.00,1,0,0,0,0,0,0,否,否,否,0,0,678926,678926,2701779671507251,9473528.0,9473488.0,
普通空转,927.json,927,0,,https://fish-games.s3.amazonaws.com/MahjongWays2/index.html?env=ceshislot.osshaiwai.com&hasFloat=0&token=436475c81b51e6893c740657870f86b7&language=en&debug=1&debugDataPath=https://raw.githubusercontent.com/jygameclub/testdataapi/main/mahjong2date/0525_0433&debugStart=927,https://raw.githubusercontent.com/jygameclub/testdataapi/main/mahjong2date/0525_0433/927.json,https://raw.githubusercontent.com/jygameclub/testdataapi/main/mahjong2date/0525_0433,未中奖,0.00,0.00,1,0,0,0,0,0,0,否,否,否,0,1,678932,678932,4711779671515667,9473428.0,9473388.0,
普通空转,928.json,928,0,,https://fish-games.s3.amazonaws.com/MahjongWays2/index.html?env=ceshislot.osshaiwai.com&hasFloat=0&token=436475c81b51e6893c740657870f86b7&language=en&debug=1&debugDataPath=https://raw.githubusercontent.com/jygameclub/testdataapi/main/mahjong2date/0525_0433&debugStart=928,https://raw.githubusercontent.com/jygameclub/testdataapi/main/mahjong2date/0525_0433/928.json,https://raw.githubusercontent.com/jygameclub/testdataapi/main/mahjong2date/0525_0433,未中奖,0.00,0.00,1,0,0,0,0,0,0,否,否,否,0,0,678933,678933,7411779671517134,9473388.0,9473348.0,
普通空转,929.json,929,0,,https://fish-games.s3.amazonaws.com/MahjongWays2/index.html?env=ceshislot.osshaiwai.com&hasFloat=0&token=436475c81b51e6893c740657870f86b7&language=en&debug=1&debugDataPath=https://raw.githubusercontent.com/jygameclub/testdataapi/main/mahjong2date/0525_0433&debugStart=929,https://raw.githubusercontent.com/jygameclub/testdataapi/main/mahjong2date/0525_0433/929.json,https://raw.githubusercontent.com/jygameclub/testdataapi/main/mahjong2date/0525_0433,未中奖,0.00,0.00,1,0,0,0,0,0,0,否,否,否,0,0,678934,678934,3071779671517985,9473348.0,9473308.0,
普通空转,931.json,931,0,,https://fish-games.s3.amazonaws.com/MahjongWays2/index.html?env=ceshislot.osshaiwai.com&hasFloat=0&token=436475c81b51e6893c740657870f86b7&language=en&debug=1&debugDataPath=https://raw.githubusercontent.com/jygameclub/testdataapi/main/mahjong2date/0525_0433&debugStart=931,https://raw.githubusercontent.com/jygameclub/testdataapi/main/mahjong2date/0525_0433/931.json,https://raw.githubusercontent.com/jygameclub/testdataapi/main/mahjong2date/0525_0433,未中奖,0.00,0.00,1,0,0,0,0,0,0,否,否,否,0,0,678937,678937,4431779671521567,9473280.0,9473240.0,
普通空转,934.json,934,0,,https://fish-games.s3.amazonaws.com/MahjongWays2/index.html?env=ceshislot.osshaiwai.com&hasFloat=0&token=436475c81b51e6893c740657870f86b7&language=en&debug=1&debugDataPath=https://raw.githubusercontent.com/jygameclub/testdataapi/main/mahjong2date/0525_0433&debugStart=934,https://raw.githubusercontent.com/jygameclub/testdataapi/main/mahjong2date/0525_0433/934.json,https://raw.githubusercontent.com/jygameclub/testdataapi/main/mahjong2date/0525_0433,未中奖,0.00,0.00,1,0,0,0,0,0,0,否,否,否,0,0,678944,678944,5241779671532000,9473262.0,9473222.0,
普通空转,935.json,935,0,,https://fish-games.s3.amazonaws.com/MahjongWays2/index.html?env=ceshislot.osshaiwai.com&hasFloat=0&token=436475c81b51e6893c740657870f86b7&language=en&debug=1&debugDataPath=https://raw.githubusercontent.com/jygameclub/testdataapi/main/mahjong2date/0525_0433&debugStart=935,https://raw.githubusercontent.com/jygameclub/testdataapi/main/mahjong2date/0525_0433/935.json,https://raw.githubusercontent.com/jygameclub/testdataapi/main/mahjong2date/0525_0433,未中奖,0.00,0.00,1,0,0,0,0,0,0,否,否,否,0,0,678945,678945,4761779671532852,9473222.0,9473182.0,
普通空转,937.json,937,0,,https://fish-games.s3.amazonaws.com/MahjongWays2/index.html?env=ceshislot.osshaiwai.com&hasFloat=0&token=436475c81b51e6893c740657870f86b7&language=en&debug=1&debugDataPath=https://raw.githubusercontent.com/jygameclub/testdataapi/main/mahjong2date/0525_0433&debugStart=937,https://raw.githubusercontent.com/jygameclub/testdataapi/main/mahjong2date/0525_0433/937.json,https://raw.githubusercontent.com/jygameclub/testdataapi/main/mahjong2date/0525_0433,未中奖,0.00,0.00,1,0,0,0,0,0,0,否,否,否,0,1,678951,678951,9711779671543668,9473360.0,9473320.0,
普通空转,939.json,939,0,,https://fish-games.s3.amazonaws.com/MahjongWays2/index.html?env=ceshislot.osshaiwai.com&hasFloat=0&token=436475c81b51e6893c740657870f86b7&language=en&debug=1&debugDataPath=https://raw.githubusercontent.com/jygameclub/testdataapi/main/mahjong2date/0525_0433&debugStart=939,https://raw.githubusercontent.com/jygameclub/testdataapi/main/mahjong2date/0525_0433/939.json,https://raw.githubusercontent.com/jygameclub/testdataapi/main/mahjong2date/0525_0433,未中奖,0.00,0.00,1,0,0,0,0,0,0,否,否,否,0,0,679024,679024,1841779671639466,9474138.0,9474098.0,
普通空转,940.json,940,0,,https://fish-games.s3.amazonaws.com/MahjongWays2/index.html?env=ceshislot.osshaiwai.com&hasFloat=0&token=436475c81b51e6893c740657870f86b7&language=en&debug=1&debugDataPath=https://raw.githubusercontent.com/jygameclub/testdataapi/main/mahjong2date/0525_0433&debugStart=940,https://raw.githubusercontent.com/jygameclub/testdataapi/main/mahjong2date/0525_0433/940.json,https://raw.githubusercontent.com/jygameclub/testdataapi/main/mahjong2date/0525_0433,未中奖,0.00,0.00,1,0,0,0,0,0,0,否,否,否,0,0,679025,679025,6731779671640317,9474098.0,9474058.0,
普通空转,942.json,942,0,,https://fish-games.s3.amazonaws.com/MahjongWays2/index.html?env=ceshislot.osshaiwai.com&hasFloat=0&token=436475c81b51e6893c740657870f86b7&language=en&debug=1&debugDataPath=https://raw.githubusercontent.com/jygameclub/testdataapi/main/mahjong2date/0525_0433&debugStart=942,https://raw.githubusercontent.com/jygameclub/testdataapi/main/mahjong2date/0525_0433/942.json,https://raw.githubusercontent.com/jygameclub/testdataapi/main/mahjong2date/0525_0433,未中奖,0.00,0.00,1,0,0,0,0,0,0,否,否,否,0,1,679030,679030,9291779671648034,9474094.0,9474054.0,
普通空转,943.json,943,0,,https://fish-games.s3.amazonaws.com/MahjongWays2/index.html?env=ceshislot.osshaiwai.com&hasFloat=0&token=436475c81b51e6893c740657870f86b7&language=en&debug=1&debugDataPath=https://raw.githubusercontent.com/jygameclub/testdataapi/main/mahjong2date/0525_0433&debugStart=943,https://raw.githubusercontent.com/jygameclub/testdataapi/main/mahjong2date/0525_0433/943.json,https://raw.githubusercontent.com/jygameclub/testdataapi/main/mahjong2date/0525_0433,未中奖,0.00,0.00,1,0,0,0,0,0,0,否,否,否,0,0,679031,679031,7621779671649500,9474054.0,9474014.0,
普通空转,945.json,945,0,,https://fish-games.s3.amazonaws.com/MahjongWays2/index.html?env=ceshislot.osshaiwai.com&hasFloat=0&token=436475c81b51e6893c740657870f86b7&language=en&debug=1&debugDataPath=https://raw.githubusercontent.com/jygameclub/testdataapi/main/mahjong2date/0525_0433&debugStart=945,https://raw.githubusercontent.com/jygameclub/testdataapi/main/mahjong2date/0525_0433/945.json,https://raw.githubusercontent.com/jygameclub/testdataapi/main/mahjong2date/0525_0433,未中奖,0.00,0.00,1,0,0,0,0,0,0,否,否,否,0,0,679034,679034,4161779671653083,9473980.0,9473940.0,
普通空转,947.json,947,0,,https://fish-games.s3.amazonaws.com/MahjongWays2/index.html?env=ceshislot.osshaiwai.com&hasFloat=0&token=436475c81b51e6893c740657870f86b7&language=en&debug=1&debugDataPath=https://raw.githubusercontent.com/jygameclub/testdataapi/main/mahjong2date/0525_0433&debugStart=947,https://raw.githubusercontent.com/jygameclub/testdataapi/main/mahjong2date/0525_0433/947.json,https://raw.githubusercontent.com/jygameclub/testdataapi/main/mahjong2date/0525_0433,未中奖,0.00,0.00,1,0,0,0,0,0,0,否,否,否,0,1,679062,679062,2601779671739184,9474824.0,9474784.0,
普通空转,950.json,950,0,,https://fish-games.s3.amazonaws.com/MahjongWays2/index.html?env=ceshislot.osshaiwai.com&hasFloat=0&token=436475c81b51e6893c740657870f86b7&language=en&debug=1&debugDataPath=https://raw.githubusercontent.com/jygameclub/testdataapi/main/mahjong2date/0525_0433&debugStart=950,https://raw.githubusercontent.com/jygameclub/testdataapi/main/mahjong2date/0525_0433/950.json,https://raw.githubusercontent.com/jygameclub/testdataapi/main/mahjong2date/0525_0433,未中奖,0.00,0.00,1,0,0,0,0,0,0,否,否,否,0,0,679067,679067,5401779671747232,9475000.0,9474960.0,
普通空转,953.json,953,0,,https://fish-games.s3.amazonaws.com/MahjongWays2/index.html?env=ceshislot.osshaiwai.com&hasFloat=0&token=436475c81b51e6893c740657870f86b7&language=en&debug=1&debugDataPath=https://raw.githubusercontent.com/jygameclub/testdataapi/main/mahjong2date/0525_0433&debugStart=953,https://raw.githubusercontent.com/jygameclub/testdataapi/main/mahjong2date/0525_0433/953.json,https://raw.githubusercontent.com/jygameclub/testdataapi/main/mahjong2date/0525_0433,未中奖,0.00,0.00,1,0,0,0,0,0,0,否,否,否,0,0,679080,679080,1531779671761816,9475184.0,9475144.0,
普通空转,955.json,955,0,,https://fish-games.s3.amazonaws.com/MahjongWays2/index.html?env=ceshislot.osshaiwai.com&hasFloat=0&token=436475c81b51e6893c740657870f86b7&language=en&debug=1&debugDataPath=https://raw.githubusercontent.com/jygameclub/testdataapi/main/mahjong2date/0525_0433&debugStart=955,https://raw.githubusercontent.com/jygameclub/testdataapi/main/mahjong2date/0525_0433/955.json,https://raw.githubusercontent.com/jygameclub/testdataapi/main/mahjong2date/0525_0433,未中奖,0.00,0.00,1,0,0,0,0,0,0,否,否,否,0,0,679087,679087,9251779671765449,9475158.0,9475118.0,
普通空转,956.json,956,0,,https://fish-games.s3.amazonaws.com/MahjongWays2/index.html?env=ceshislot.osshaiwai.com&hasFloat=0&token=436475c81b51e6893c740657870f86b7&language=en&debug=1&debugDataPath=https://raw.githubusercontent.com/jygameclub/testdataapi/main/mahjong2date/0525_0433&debugStart=956,https://raw.githubusercontent.com/jygameclub/testdataapi/main/mahjong2date/0525_0433/956.json,https://raw.githubusercontent.com/jygameclub/testdataapi/main/mahjong2date/0525_0433,未中奖,0.00,0.00,1,0,0,0,0,0,0,否,否,否,0,1,679088,679088,4361779671766299,9475118.0,9475078.0,
普通空转,960.json,960,0,,https://fish-games.s3.amazonaws.com/MahjongWays2/index.html?env=ceshislot.osshaiwai.com&hasFloat=0&token=436475c81b51e6893c740657870f86b7&language=en&debug=1&debugDataPath=https://raw.githubusercontent.com/jygameclub/testdataapi/main/mahjong2date/0525_0433&debugStart=960,https://raw.githubusercontent.com/jygameclub/testdataapi/main/mahjong2date/0525_0433/960.json,https://raw.githubusercontent.com/jygameclub/testdataapi/main/mahjong2date/0525_0433,未中奖,0.00,0.00,1,0,0,0,0,0,0,否,否,否,0,0,679177,679177,2891779671952448,9477470.0,9477430.0,
普通空转,962.json,962,0,,https://fish-games.s3.amazonaws.com/MahjongWays2/index.html?env=ceshislot.osshaiwai.com&hasFloat=0&token=436475c81b51e6893c740657870f86b7&language=en&debug=1&debugDataPath=https://raw.githubusercontent.com/jygameclub/testdataapi/main/mahjong2date/0525_0433&debugStart=962,https://raw.githubusercontent.com/jygameclub/testdataapi/main/mahjong2date/0525_0433/962.json,https://raw.githubusercontent.com/jygameclub/testdataapi/main/mahjong2date/0525_0433,未中奖,0.00,0.00,1,0,0,0,0,0,0,否,否,否,0,0,679183,679183,4801779671960181,9477472.0,9477432.0,
普通空转,964.json,964,0,,https://fish-games.s3.amazonaws.com/MahjongWays2/index.html?env=ceshislot.osshaiwai.com&hasFloat=0&token=436475c81b51e6893c740657870f86b7&language=en&debug=1&debugDataPath=https://raw.githubusercontent.com/jygameclub/testdataapi/main/mahjong2date/0525_0433&debugStart=964,https://raw.githubusercontent.com/jygameclub/testdataapi/main/mahjong2date/0525_0433/964.json,https://raw.githubusercontent.com/jygameclub/testdataapi/main/mahjong2date/0525_0433,未中奖,0.00,0.00,1,0,0,0,0,0,0,否,否,否,0,1,679186,679186,9891779671964831,9477408.0,9477368.0,
普通空转,965.json,965,0,,https://fish-games.s3.amazonaws.com/MahjongWays2/index.html?env=ceshislot.osshaiwai.com&hasFloat=0&token=436475c81b51e6893c740657870f86b7&language=en&debug=1&debugDataPath=https://raw.githubusercontent.com/jygameclub/testdataapi/main/mahjong2date/0525_0433&debugStart=965,https://raw.githubusercontent.com/jygameclub/testdataapi/main/mahjong2date/0525_0433/965.json,https://raw.githubusercontent.com/jygameclub/testdataapi/main/mahjong2date/0525_0433,未中奖,0.00,0.00,1,0,0,0,0,0,0,否,否,否,0,0,679187,679187,1731779671966298,9477368.0,9477328.0,
普通空转,966.json,966,0,,https://fish-games.s3.amazonaws.com/MahjongWays2/index.html?env=ceshislot.osshaiwai.com&hasFloat=0&token=436475c81b51e6893c740657870f86b7&language=en&debug=1&debugDataPath=https://raw.githubusercontent.com/jygameclub/testdataapi/main/mahjong2date/0525_0433&debugStart=966,https://raw.githubusercontent.com/jygameclub/testdataapi/main/mahjong2date/0525_0433/966.json,https://raw.githubusercontent.com/jygameclub/testdataapi/main/mahjong2date/0525_0433,未中奖,0.00,0.00,1,0,0,0,0,0,0,否,否,否,0,1,679188,679188,8971779671967149,9477328.0,9477288.0,
普通空转,967.json,967,0,,https://fish-games.s3.amazonaws.com/MahjongWays2/index.html?env=ceshislot.osshaiwai.com&hasFloat=0&token=436475c81b51e6893c740657870f86b7&language=en&debug=1&debugDataPath=https://raw.githubusercontent.com/jygameclub/testdataapi/main/mahjong2date/0525_0433&debugStart=967,https://raw.githubusercontent.com/jygameclub/testdataapi/main/mahjong2date/0525_0433/967.json,https://raw.githubusercontent.com/jygameclub/testdataapi/main/mahjong2date/0525_0433,未中奖,0.00,0.00,1,0,0,0,0,0,0,否,否,否,0,1,679189,679189,4471779671968614,9477288.0,9477248.0,
普通空转,968.json,968,0,,https://fish-games.s3.amazonaws.com/MahjongWays2/index.html?env=ceshislot.osshaiwai.com&hasFloat=0&token=436475c81b51e6893c740657870f86b7&language=en&debug=1&debugDataPath=https://raw.githubusercontent.com/jygameclub/testdataapi/main/mahjong2date/0525_0433&debugStart=968,https://raw.githubusercontent.com/jygameclub/testdataapi/main/mahjong2date/0525_0433/968.json,https://raw.githubusercontent.com/jygameclub/testdataapi/main/mahjong2date/0525_0433,未中奖,0.00,0.00,1,0,0,0,0,0,0,否,否,否,0,0,679190,679190,5961779671970081,9477248.0,9477208.0,
普通空转,969.json,969,0,,https://fish-games.s3.amazonaws.com/MahjongWays2/index.html?env=ceshislot.osshaiwai.com&hasFloat=0&token=436475c81b51e6893c740657870f86b7&language=en&debug=1&debugDataPath=https://raw.githubusercontent.com/jygameclub/testdataapi/main/mahjong2date/0525_0433&debugStart=969,https://raw.githubusercontent.com/jygameclub/testdataapi/main/mahjong2date/0525_0433/969.json,https://raw.githubusercontent.com/jygameclub/testdataapi/main/mahjong2date/0525_0433,未中奖,0.00,0.00,1,0,0,0,0,0,0,否,否,否,0,0,679191,679191,1151779671970931,9477208.0,9477168.0,
普通空转,970.json,970,0,,https://fish-games.s3.amazonaws.com/MahjongWays2/index.html?env=ceshislot.osshaiwai.com&hasFloat=0&token=436475c81b51e6893c740657870f86b7&language=en&debug=1&debugDataPath=https://raw.githubusercontent.com/jygameclub/testdataapi/main/mahjong2date/0525_0433&debugStart=970,https://raw.githubusercontent.com/jygameclub/testdataapi/main/mahjong2date/0525_0433/970.json,https://raw.githubusercontent.com/jygameclub/testdataapi/main/mahjong2date/0525_0433,未中奖,0.00,0.00,1,0,0,0,0,0,0,否,否,否,0,1,679192,679192,1361779671971799,9477168.0,9477128.0,
普通空转,972.json,972,0,,https://fish-games.s3.amazonaws.com/MahjongWays2/index.html?env=ceshislot.osshaiwai.com&hasFloat=0&token=436475c81b51e6893c740657870f86b7&language=en&debug=1&debugDataPath=https://raw.githubusercontent.com/jygameclub/testdataapi/main/mahjong2date/0525_0433&debugStart=972,https://raw.githubusercontent.com/jygameclub/testdataapi/main/mahjong2date/0525_0433/972.json,https://raw.githubusercontent.com/jygameclub/testdataapi/main/mahjong2date/0525_0433,未中奖,0.00,0.00,1,0,0,0,0,0,0,否,否,否,0,0,679197,679197,3541779671980164,9477720.0,9477680.0,
普通空转,973.json,973,0,,https://fish-games.s3.amazonaws.com/MahjongWays2/index.html?env=ceshislot.osshaiwai.com&hasFloat=0&token=436475c81b51e6893c740657870f86b7&language=en&debug=1&debugDataPath=https://raw.githubusercontent.com/jygameclub/testdataapi/main/mahjong2date/0525_0433&debugStart=973,https://raw.githubusercontent.com/jygameclub/testdataapi/main/mahjong2date/0525_0433/973.json,https://raw.githubusercontent.com/jygameclub/testdataapi/main/mahjong2date/0525_0433,未中奖,0.00,0.00,1,0,0,0,0,0,0,否,否,否,0,0,679198,679198,6051779671981032,9477680.0,9477640.0,
普通空转,975.json,975,0,,https://fish-games.s3.amazonaws.com/MahjongWays2/index.html?env=ceshislot.osshaiwai.com&hasFloat=0&token=436475c81b51e6893c740657870f86b7&language=en&debug=1&debugDataPath=https://raw.githubusercontent.com/jygameclub/testdataapi/main/mahjong2date/0525_0433&debugStart=975,https://raw.githubusercontent.com/jygameclub/testdataapi/main/mahjong2date/0525_0433/975.json,https://raw.githubusercontent.com/jygameclub/testdataapi/main/mahjong2date/0525_0433,未中奖,0.00,0.00,1,0,0,0,0,0,0,否,否,否,0,2,679204,679204,1231779671991915,9477730.0,9477690.0,
普通空转,976.json,976,0,,https://fish-games.s3.amazonaws.com/MahjongWays2/index.html?env=ceshislot.osshaiwai.com&hasFloat=0&token=436475c81b51e6893c740657870f86b7&language=en&debug=1&debugDataPath=https://raw.githubusercontent.com/jygameclub/testdataapi/main/mahjong2date/0525_0433&debugStart=976,https://raw.githubusercontent.com/jygameclub/testdataapi/main/mahjong2date/0525_0433/976.json,https://raw.githubusercontent.com/jygameclub/testdataapi/main/mahjong2date/0525_0433,未中奖,0.00,0.00,1,0,0,0,0,0,0,否,否,否,0,0,679207,679207,6161779671993481,9477690.0,9477650.0,
普通空转,977.json,977,0,,https://fish-games.s3.amazonaws.com/MahjongWays2/index.html?env=ceshislot.osshaiwai.com&hasFloat=0&token=436475c81b51e6893c740657870f86b7&language=en&debug=1&debugDataPath=https://raw.githubusercontent.com/jygameclub/testdataapi/main/mahjong2date/0525_0433&debugStart=977,https://raw.githubusercontent.com/jygameclub/testdataapi/main/mahjong2date/0525_0433/977.json,https://raw.githubusercontent.com/jygameclub/testdataapi/main/mahjong2date/0525_0433,未中奖,0.00,0.00,1,0,0,0,0,0,0,否,否,否,0,0,679209,679209,1941779671994332,9477650.0,9477610.0,
普通空转,978.json,978,0,,https://fish-games.s3.amazonaws.com/MahjongWays2/index.html?env=ceshislot.osshaiwai.com&hasFloat=0&token=436475c81b51e6893c740657870f86b7&language=en&debug=1&debugDataPath=https://raw.githubusercontent.com/jygameclub/testdataapi/main/mahjong2date/0525_0433&debugStart=978,https://raw.githubusercontent.com/jygameclub/testdataapi/main/mahjong2date/0525_0433/978.json,https://raw.githubusercontent.com/jygameclub/testdataapi/main/mahjong2date/0525_0433,未中奖,0.00,0.00,1,0,0,0,0,0,0,否,否,否,0,1,679210,679210,4901779671995182,9477610.0,9477570.0,
普通空转,980.json,980,0,,https://fish-games.s3.amazonaws.com/MahjongWays2/index.html?env=ceshislot.osshaiwai.com&hasFloat=0&token=436475c81b51e6893c740657870f86b7&language=en&debug=1&debugDataPath=https://raw.githubusercontent.com/jygameclub/testdataapi/main/mahjong2date/0525_0433&debugStart=980,https://raw.githubusercontent.com/jygameclub/testdataapi/main/mahjong2date/0525_0433/980.json,https://raw.githubusercontent.com/jygameclub/testdataapi/main/mahjong2date/0525_0433,未中奖,0.00,0.00,1,0,0,0,0,0,0,否,否,否,0,1,679215,679215,8081779671999381,9477570.0,9477530.0,
普通空转,982.json,982,0,,https://fish-games.s3.amazonaws.com/MahjongWays2/index.html?env=ceshislot.osshaiwai.com&hasFloat=0&token=436475c81b51e6893c740657870f86b7&language=en&debug=1&debugDataPath=https://raw.githubusercontent.com/jygameclub/testdataapi/main/mahjong2date/0525_0433&debugStart=982,https://raw.githubusercontent.com/jygameclub/testdataapi/main/mahjong2date/0525_0433/982.json,https://raw.githubusercontent.com/jygameclub/testdataapi/main/mahjong2date/0525_0433,未中奖,0.00,0.00,1,0,0,0,0,0,0,否,否,否,0,1,679224,679224,8361779672007697,9477664.0,9477624.0,
普通空转,984.json,984,0,,https://fish-games.s3.amazonaws.com/MahjongWays2/index.html?env=ceshislot.osshaiwai.com&hasFloat=0&token=436475c81b51e6893c740657870f86b7&language=en&debug=1&debugDataPath=https://raw.githubusercontent.com/jygameclub/testdataapi/main/mahjong2date/0525_0433&debugStart=984,https://raw.githubusercontent.com/jygameclub/testdataapi/main/mahjong2date/0525_0433/984.json,https://raw.githubusercontent.com/jygameclub/testdataapi/main/mahjong2date/0525_0433,未中奖,0.00,0.00,1,0,0,0,0,0,0,否,否,否,0,1,679231,679231,4021779672013950,9477860.0,9477820.0,
普通空转,987.json,987,0,,https://fish-games.s3.amazonaws.com/MahjongWays2/index.html?env=ceshislot.osshaiwai.com&hasFloat=0&token=436475c81b51e6893c740657870f86b7&language=en&debug=1&debugDataPath=https://raw.githubusercontent.com/jygameclub/testdataapi/main/mahjong2date/0525_0433&debugStart=987,https://raw.githubusercontent.com/jygameclub/testdataapi/main/mahjong2date/0525_0433/987.json,https://raw.githubusercontent.com/jygameclub/testdataapi/main/mahjong2date/0525_0433,未中奖,0.00,0.00,1,0,0,0,0,0,0,否,否,否,0,0,679242,679242,1151779672023081,9477752.0,9477712.0,
普通空转,988.json,988,0,,https://fish-games.s3.amazonaws.com/MahjongWays2/index.html?env=ceshislot.osshaiwai.com&hasFloat=0&token=436475c81b51e6893c740657870f86b7&language=en&debug=1&debugDataPath=https://raw.githubusercontent.com/jygameclub/testdataapi/main/mahjong2date/0525_0433&debugStart=988,https://raw.githubusercontent.com/jygameclub/testdataapi/main/mahjong2date/0525_0433/988.json,https://raw.githubusercontent.com/jygameclub/testdataapi/main/mahjong2date/0525_0433,未中奖,0.00,0.00,1,0,0,0,0,0,0,否,否,否,0,0,679243,679243,9241779672023931,9477712.0,9477672.0,
普通空转,989.json,989,0,,https://fish-games.s3.amazonaws.com/MahjongWays2/index.html?env=ceshislot.osshaiwai.com&hasFloat=0&token=436475c81b51e6893c740657870f86b7&language=en&debug=1&debugDataPath=https://raw.githubusercontent.com/jygameclub/testdataapi/main/mahjong2date/0525_0433&debugStart=989,https://raw.githubusercontent.com/jygameclub/testdataapi/main/mahjong2date/0525_0433/989.json,https://raw.githubusercontent.com/jygameclub/testdataapi/main/mahjong2date/0525_0433,未中奖,0.00,0.00,1,0,0,0,0,0,0,否,否,否,0,0,679245,679245,6951779672024783,9477672.0,9477632.0,
普通空转,990.json,990,0,,https://fish-games.s3.amazonaws.com/MahjongWays2/index.html?env=ceshislot.osshaiwai.com&hasFloat=0&token=436475c81b51e6893c740657870f86b7&language=en&debug=1&debugDataPath=https://raw.githubusercontent.com/jygameclub/testdataapi/main/mahjong2date/0525_0433&debugStart=990,https://raw.githubusercontent.com/jygameclub/testdataapi/main/mahjong2date/0525_0433/990.json,https://raw.githubusercontent.com/jygameclub/testdataapi/main/mahjong2date/0525_0433,未中奖,0.00,0.00,1,0,0,0,0,0,0,否,否,否,0,1,679247,679247,9481779672025633,9477632.0,9477592.0,
普通空转,991.json,991,0,,https://fish-games.s3.amazonaws.com/MahjongWays2/index.html?env=ceshislot.osshaiwai.com&hasFloat=0&token=436475c81b51e6893c740657870f86b7&language=en&debug=1&debugDataPath=https://raw.githubusercontent.com/jygameclub/testdataapi/main/mahjong2date/0525_0433&debugStart=991,https://raw.githubusercontent.com/jygameclub/testdataapi/main/mahjong2date/0525_0433/991.json,https://raw.githubusercontent.com/jygameclub/testdataapi/main/mahjong2date/0525_0433,未中奖,0.00,0.00,1,0,0,0,0,0,0,否,否,否,0,0,679249,679249,2081779672027115,9477592.0,9477552.0,
普通空转,993.json,993,0,,https://fish-games.s3.amazonaws.com/MahjongWays2/index.html?env=ceshislot.osshaiwai.com&hasFloat=0&token=436475c81b51e6893c740657870f86b7&language=en&debug=1&debugDataPath=https://raw.githubusercontent.com/jygameclub/testdataapi/main/mahjong2date/0525_0433&debugStart=993,https://raw.githubusercontent.com/jygameclub/testdataapi/main/mahjong2date/0525_0433/993.json,https://raw.githubusercontent.com/jygameclub/testdataapi/main/mahjong2date/0525_0433,未中奖,0.00,0.00,1,0,0,0,0,0,0,否,否,否,0,1,679256,679256,8851779672035997,9477880.0,9477840.0,
普通空转,994.json,994,0,,https://fish-games.s3.amazonaws.com/MahjongWays2/index.html?env=ceshislot.osshaiwai.com&hasFloat=0&token=436475c81b51e6893c740657870f86b7&language=en&debug=1&debugDataPath=https://raw.githubusercontent.com/jygameclub/testdataapi/main/mahjong2date/0525_0433&debugStart=994,https://raw.githubusercontent.com/jygameclub/testdataapi/main/mahjong2date/0525_0433/994.json,https://raw.githubusercontent.com/jygameclub/testdataapi/main/mahjong2date/0525_0433,未中奖,0.00,0.00,1,0,0,0,0,0,0,否,否,否,0,0,679257,679257,4421779672037464,9477840.0,9477800.0,
普通空转,995.json,995,0,,https://fish-games.s3.amazonaws.com/MahjongWays2/index.html?env=ceshislot.osshaiwai.com&hasFloat=0&token=436475c81b51e6893c740657870f86b7&language=en&debug=1&debugDataPath=https://raw.githubusercontent.com/jygameclub/testdataapi/main/mahjong2date/0525_0433&debugStart=995,https://raw.githubusercontent.com/jygameclub/testdataapi/main/mahjong2date/0525_0433/995.json,https://raw.githubusercontent.com/jygameclub/testdataapi/main/mahjong2date/0525_0433,未中奖,0.00,0.00,1,0,0,0,0,0,0,否,否,否,0,1,679258,679258,9801779672038399,9477800.0,9477760.0,
普通空转,996.json,996,0,,https://fish-games.s3.amazonaws.com/MahjongWays2/index.html?env=ceshislot.osshaiwai.com&hasFloat=0&token=436475c81b51e6893c740657870f86b7&language=en&debug=1&debugDataPath=https://raw.githubusercontent.com/jygameclub/testdataapi/main/mahjong2date/0525_0433&debugStart=996,https://raw.githubusercontent.com/jygameclub/testdataapi/main/mahjong2date/0525_0433/996.json,https://raw.githubusercontent.com/jygameclub/testdataapi/main/mahjong2date/0525_0433,未中奖,0.00,0.00,1,0,0,0,0,0,0,否,否,否,0,0,679260,679260,2621779672039864,9477760.0,9477720.0,
普通空转,998.json,998,0,,https://fish-games.s3.amazonaws.com/MahjongWays2/index.html?env=ceshislot.osshaiwai.com&hasFloat=0&token=436475c81b51e6893c740657870f86b7&language=en&debug=1&debugDataPath=https://raw.githubusercontent.com/jygameclub/testdataapi/main/mahjong2date/0525_0433&debugStart=998,https://raw.githubusercontent.com/jygameclub/testdataapi/main/mahjong2date/0525_0433/998.json,https://raw.githubusercontent.com/jygameclub/testdataapi/main/mahjong2date/0525_0433,未中奖,0.00,0.00,1,0,0,0,0,0,0,否,否,否,0,0,679267,679267,1531779672043446,9477716.0,9477676.0,
普通空转,999.json,999,0,,https://fish-games.s3.amazonaws.com/MahjongWays2/index.html?env=ceshislot.osshaiwai.com&hasFloat=0&token=436475c81b51e6893c740657870f86b7&language=en&debug=1&debugDataPath=https://raw.githubusercontent.com/jygameclub/testdataapi/main/mahjong2date/0525_0433&debugStart=999,https://raw.githubusercontent.com/jygameclub/testdataapi/main/mahjong2date/0525_0433/999.json,https://raw.githubusercontent.com/jygameclub/testdataapi/main/mahjong2date/0525_0433,未中奖,0.00,0.00,1,0,0,0,0,0,0,否,否,否,0,0,679268,679268,8251779672044297,9477676.0,9477636.0,
普通空转,1000.json,1000,0,,https://fish-games.s3.amazonaws.com/MahjongWays2/index.html?env=ceshislot.osshaiwai.com&hasFloat=0&token=436475c81b51e6893c740657870f86b7&language=en&debug=1&debugDataPath=https://raw.githubusercontent.com/jygameclub/testdataapi/main/mahjong2date/0525_0433&debugStart=1000,https://raw.githubusercontent.com/jygameclub/testdataapi/main/mahjong2date/0525_0433/1000.json,https://raw.githubusercontent.com/jygameclub/testdataapi/main/mahjong2date/0525_0433,未中奖,0.00,0.00,1,0,0,0,0,0,0,否,否,否,0,1,679269,679269,3591779672045147,9477636.0,9477596.0,
