测试类型,文件,编号,推荐分,特征标签,回放链接,json绝对地址,数据目录,类型,总赢,倍率,请求数,掉落次数,补牌总数,消除位置总数,wp中奖位置总数,wild总数(可见盘面),单次最大wild数(可见盘面),是否免费旋转,免费送胡,是否金色百搭,中奖线,Scatter,起始SID,结束SID,spinId,起始余额,结束余额,为什么要测
免费中大奖,084.json,84,220,免费旋转 / 免费中大奖 / 免费送胡 / 金色/百搭,https://fish-games.s3.amazonaws.com/MahjongWays2/index.html?env=ceshislot.osshaiwai.com&hasFloat=0&token=436475c81b51e6893c740657870f86b7&language=en&debug=1&debugDataPath=https://raw.githubusercontent.com/jygameclub/testdataapi/main/mahjong2date/0525_0433&debugStart=84,https://raw.githubusercontent.com/jygameclub/testdataapi/main/mahjong2date/0525_0433/084.json,https://raw.githubusercontent.com/jygameclub/testdataapi/main/mahjong2date/0525_0433,Super Mega Win,3132.00,78.30,21,20,47,64,78,17,5,是,是,是,3,3,675899,675947,3181779667225277,9461494.0,9464586.0,Super Mega Win / 21段连消/续转 / Scatter / Free Spin / 金色符号/百搭转换 / 多线中奖 3线
免费中大奖,382.json,382,220,免费旋转 / 免费中大奖 / 免费送胡 / 金色/百搭,https://fish-games.s3.amazonaws.com/MahjongWays2/index.html?env=ceshislot.osshaiwai.com&hasFloat=0&token=436475c81b51e6893c740657870f86b7&language=en&debug=1&debugDataPath=https://raw.githubusercontent.com/jygameclub/testdataapi/main/mahjong2date/0525_0433&debugStart=382,https://raw.githubusercontent.com/jygameclub/testdataapi/main/mahjong2date/0525_0433/382.json,https://raw.githubusercontent.com/jygameclub/testdataapi/main/mahjong2date/0525_0433,Super Mega Win,2464.00,61.60,24,23,64,82,95,18,4,是,是,是,3,3,677251,677291,2501779669444275,9471148.0,9473572.0,Super Mega Win / 24段连消/续转 / Scatter / Free Spin / 金色符号/百搭转换 / 多线中奖 3线
免费中大奖,508.json,508,200,免费旋转 / 免费中大奖 / 免费送胡 / 金色/百搭,https://fish-games.s3.amazonaws.com/MahjongWays2/index.html?env=ceshislot.osshaiwai.com&hasFloat=0&token=436475c81b51e6893c740657870f86b7&language=en&debug=1&debugDataPath=https://raw.githubusercontent.com/jygameclub/testdataapi/main/mahjong2date/0525_0433&debugStart=508,https://raw.githubusercontent.com/jygameclub/testdataapi/main/mahjong2date/0525_0433/508.json,https://raw.githubusercontent.com/jygameclub/testdataapi/main/mahjong2date/0525_0433,Big Win,1276.00,31.90,33,32,56,75,81,19,4,是,是,是,3,3,677602,677741,5191779669892745,9472674.0,9473910.0,Big Win / 33段连消/续转 / Scatter / Free Spin / 金色符号/百搭转换 / 多线中奖 3线
免费中大奖,782.json,782,200,免费旋转 / 免费中大奖 / 免费送胡 / 金色/百搭,https://fish-games.s3.amazonaws.com/MahjongWays2/index.html?env=ceshislot.osshaiwai.com&hasFloat=0&token=436475c81b51e6893c740657870f86b7&language=en&debug=1&debugDataPath=https://raw.githubusercontent.com/jygameclub/testdataapi/main/mahjong2date/0525_0433&debugStart=782,https://raw.githubusercontent.com/jygameclub/testdataapi/main/mahjong2date/0525_0433/782.json,https://raw.githubusercontent.com/jygameclub/testdataapi/main/mahjong2date/0525_0433,Big Win,1256.00,31.40,44,43,106,138,156,32,4,是,是,是,3,3,678360,678491,9321779670807061,9470492.0,9476324.0,Big Win / 44段连消/续转 / Scatter / Free Spin / 金色符号/百搭转换 / 多线中奖 3线
免费中大奖,612.json,612,200,免费旋转 / 免费中大奖 / 免费送胡 / 金色/百搭,https://fish-games.s3.amazonaws.com/MahjongWays2/index.html?env=ceshislot.osshaiwai.com&hasFloat=0&token=436475c81b51e6893c740657870f86b7&language=en&debug=1&debugDataPath=https://raw.githubusercontent.com/jygameclub/testdataapi/main/mahjong2date/0525_0433&debugStart=612,https://raw.githubusercontent.com/jygameclub/testdataapi/main/mahjong2date/0525_0433/612.json,https://raw.githubusercontent.com/jygameclub/testdataapi/main/mahjong2date/0525_0433,Big Win,1180.00,29.50,20,19,48,61,76,13,4,是,是,是,4,3,677977,678025,9121779670385580,9472072.0,9473212.0,Big Win / 20段连消/续转 / Scatter / Free Spin / 金色符号/百搭转换 / 多线中奖 4线
免费中大奖,946.json,946,200,免费旋转 / 免费中大奖 / 免费送胡 / 金色/百搭,https://fish-games.s3.amazonaws.com/MahjongWays2/index.html?env=ceshislot.osshaiwai.com&hasFloat=0&token=436475c81b51e6893c740657870f86b7&language=en&debug=1&debugDataPath=https://raw.githubusercontent.com/jygameclub/testdataapi/main/mahjong2date/0525_0433&debugStart=946,https://raw.githubusercontent.com/jygameclub/testdataapi/main/mahjong2date/0525_0433/946.json,https://raw.githubusercontent.com/jygameclub/testdataapi/main/mahjong2date/0525_0433,Big Win,924.00,23.10,16,15,27,36,40,9,4,是,是,是,3,3,679035,679061,1171779671653950,9473940.0,9474824.0,Big Win / 16段连消/续转 / Scatter / Free Spin / 金色符号/百搭转换 / 多线中奖 3线
免费中大奖,212.json,212,200,免费旋转 / 免费中大奖 / 免费送胡 / 金色/百搭,https://fish-games.s3.amazonaws.com/MahjongWays2/index.html?env=ceshislot.osshaiwai.com&hasFloat=0&token=436475c81b51e6893c740657870f86b7&language=en&debug=1&debugDataPath=https://raw.githubusercontent.com/jygameclub/testdataapi/main/mahjong2date/0525_0433&debugStart=212,https://raw.githubusercontent.com/jygameclub/testdataapi/main/mahjong2date/0525_0433/212.json,https://raw.githubusercontent.com/jygameclub/testdataapi/main/mahjong2date/0525_0433,Big Win,896.00,22.40,21,20,47,61,76,14,4,是,是,是,4,3,676316,676377,5691779667806315,9464846.0,9466736.0,Big Win / 21段连消/续转 / Scatter / Free Spin / 金色符号/百搭转换 / 多线中奖 4线
免费中大奖,325.json,325,195,免费旋转 / 免费中大奖 / 免费送胡 / 金色/百搭,https://fish-games.s3.amazonaws.com/MahjongWays2/index.html?env=ceshislot.osshaiwai.com&hasFloat=0&token=436475c81b51e6893c740657870f86b7&language=en&debug=1&debugDataPath=https://raw.githubusercontent.com/jygameclub/testdataapi/main/mahjong2date/0525_0433&debugStart=325,https://raw.githubusercontent.com/jygameclub/testdataapi/main/mahjong2date/0525_0433/325.json,https://raw.githubusercontent.com/jygameclub/testdataapi/main/mahjong2date/0525_0433,Mega Win,1570.00,39.25,26,25,64,83,85,19,3,是,是,是,2,4,676924,676965,8421779668981711,9464570.0,9466100.0,Mega Win / 26段连消/续转 / Scatter / Free Spin / 金色符号/百搭转换
免费中大奖,377.json,377,185,免费旋转 / 免费中大奖 / 免费送胡 / 金色/百搭,https://fish-games.s3.amazonaws.com/MahjongWays2/index.html?env=ceshislot.osshaiwai.com&hasFloat=0&token=436475c81b51e6893c740657870f86b7&language=en&debug=1&debugDataPath=https://raw.githubusercontent.com/jygameclub/testdataapi/main/mahjong2date/0525_0433&debugStart=377,https://raw.githubusercontent.com/jygameclub/testdataapi/main/mahjong2date/0525_0433/377.json,https://raw.githubusercontent.com/jygameclub/testdataapi/main/mahjong2date/0525_0433,Big Win,1084.00,27.10,18,17,30,39,41,9,3,是,是,是,2,3,677163,677238,7371779669345810,9470260.0,9471304.0,Big Win / 18段连消/续转 / Scatter / Free Spin / 金色符号/百搭转换
免费中大奖,938.json,938,185,免费旋转 / 免费中大奖 / 免费送胡 / 金色/百搭,https://fish-games.s3.amazonaws.com/MahjongWays2/index.html?env=ceshislot.osshaiwai.com&hasFloat=0&token=436475c81b51e6893c740657870f86b7&language=en&debug=1&debugDataPath=https://raw.githubusercontent.com/jygameclub/testdataapi/main/mahjong2date/0525_0433&debugStart=938,https://raw.githubusercontent.com/jygameclub/testdataapi/main/mahjong2date/0525_0433/938.json,https://raw.githubusercontent.com/jygameclub/testdataapi/main/mahjong2date/0525_0433,Big Win,858.00,21.45,22,21,50,63,65,13,4,是,是,是,2,4,678952,679016,5691779671545134,9473320.0,9474138.0,Big Win / 22段连消/续转 / Scatter / Free Spin / 金色符号/百搭转换
Big Win,176.json,176,135,金色/百搭,https://fish-games.s3.amazonaws.com/MahjongWays2/index.html?env=ceshislot.osshaiwai.com&hasFloat=0&token=436475c81b51e6893c740657870f86b7&language=en&debug=1&debugDataPath=https://raw.githubusercontent.com/jygameclub/testdataapi/main/mahjong2date/0525_0433&debugStart=176,https://raw.githubusercontent.com/jygameclub/testdataapi/main/mahjong2date/0525_0433/176.json,https://raw.githubusercontent.com/jygameclub/testdataapi/main/mahjong2date/0525_0433,Big Win,752.00,18.80,5,4,25,27,27,2,1,否,否,是,2,2,676188,676197,3021779667616692,9464316.0,9465028.0,Big Win / 5段连消/续转 / 金色符号/百搭转换
免费送胡,344.json,344,140,免费旋转 / 免费送胡 / 金色/百搭,https://fish-games.s3.amazonaws.com/MahjongWays2/index.html?env=ceshislot.osshaiwai.com&hasFloat=0&token=436475c81b51e6893c740657870f86b7&language=en&debug=1&debugDataPath=https://raw.githubusercontent.com/jygameclub/testdataapi/main/mahjong2date/0525_0433&debugStart=344,https://raw.githubusercontent.com/jygameclub/testdataapi/main/mahjong2date/0525_0433/344.json,https://raw.githubusercontent.com/jygameclub/testdataapi/main/mahjong2date/0525_0433,普通中奖,176.00,4.40,25,24,74,99,117,25,5,是,是,是,4,3,677027,677090,8121779669139094,9465934.0,9471234.0,25段连消/续转 / Scatter / Free Spin / 金色符号/百搭转换 / 多线中奖 4线
免费送胡,440.json,440,140,免费旋转 / 免费送胡 / 金色/百搭,https://fish-games.s3.amazonaws.com/MahjongWays2/index.html?env=ceshislot.osshaiwai.com&hasFloat=0&token=436475c81b51e6893c740657870f86b7&language=en&debug=1&debugDataPath=https://raw.githubusercontent.com/jygameclub/testdataapi/main/mahjong2date/0525_0433&debugStart=440,https://raw.githubusercontent.com/jygameclub/testdataapi/main/mahjong2date/0525_0433/440.json,https://raw.githubusercontent.com/jygameclub/testdataapi/main/mahjong2date/0525_0433,普通中奖,20.00,0.50,18,17,32,45,51,13,4,是,是,是,4,3,677422,677460,4871779669697644,9473158.0,9474930.0,18段连消/续转 / Scatter / Free Spin / 金色符号/百搭转换 / 多线中奖 4线
免费送胡,305.json,305,140,免费旋转 / 免费送胡 / 金色/百搭,https://fish-games.s3.amazonaws.com/MahjongWays2/index.html?env=ceshislot.osshaiwai.com&hasFloat=0&token=436475c81b51e6893c740657870f86b7&language=en&debug=1&debugDataPath=https://raw.githubusercontent.com/jygameclub/testdataapi/main/mahjong2date/0525_0433&debugStart=305,https://raw.githubusercontent.com/jygameclub/testdataapi/main/mahjong2date/0525_0433/305.json,https://raw.githubusercontent.com/jygameclub/testdataapi/main/mahjong2date/0525_0433,普通中奖,16.00,0.40,18,17,40,52,54,12,4,是,是,是,3,3,676844,676879,5701779668864678,9464640.0,9465216.0,18段连消/续转 / Scatter / Free Spin / 金色符号/百搭转换 / 多线中奖 3线
免费送胡,959.json,959,125,免费旋转 / 免费送胡 / 金色/百搭,https://fish-games.s3.amazonaws.com/MahjongWays2/index.html?env=ceshislot.osshaiwai.com&hasFloat=0&token=436475c81b51e6893c740657870f86b7&language=en&debug=1&debugDataPath=https://raw.githubusercontent.com/jygameclub/testdataapi/main/mahjong2date/0525_0433&debugStart=959,https://raw.githubusercontent.com/jygameclub/testdataapi/main/mahjong2date/0525_0433/959.json,https://raw.githubusercontent.com/jygameclub/testdataapi/main/mahjong2date/0525_0433,普通中奖,284.00,7.10,18,17,31,43,44,12,4,是,是,是,2,3,679144,679171,6021779671871215,9477226.0,9477470.0,18段连消/续转 / Scatter / Free Spin / 金色符号/百搭转换
免费送胡,205.json,205,125,免费旋转 / 免费送胡 / 金色/百搭,https://fish-games.s3.amazonaws.com/MahjongWays2/index.html?env=ceshislot.osshaiwai.com&hasFloat=0&token=436475c81b51e6893c740657870f86b7&language=en&debug=1&debugDataPath=https://raw.githubusercontent.com/jygameclub/testdataapi/main/mahjong2date/0525_0433&debugStart=205,https://raw.githubusercontent.com/jygameclub/testdataapi/main/mahjong2date/0525_0433/205.json,https://raw.githubusercontent.com/jygameclub/testdataapi/main/mahjong2date/0525_0433,普通中奖,236.00,5.90,16,15,26,31,31,5,2,是,是,是,2,3,676275,676296,1361779667707206,9464618.0,9464814.0,16段连消/续转 / Scatter / Free Spin / 金色符号/百搭转换
免费送胡,103.json,103,125,免费旋转 / 免费送胡 / 金色/百搭,https://fish-games.s3.amazonaws.com/MahjongWays2/index.html?env=ceshislot.osshaiwai.com&hasFloat=0&token=436475c81b51e6893c740657870f86b7&language=en&debug=1&debugDataPath=https://raw.githubusercontent.com/jygameclub/testdataapi/main/mahjong2date/0525_0433&debugStart=103,https://raw.githubusercontent.com/jygameclub/testdataapi/main/mahjong2date/0525_0433/103.json,https://raw.githubusercontent.com/jygameclub/testdataapi/main/mahjong2date/0525_0433,普通中奖,32.00,0.80,26,25,72,93,95,21,4,是,是,是,2,3,676005,676060,8601779667380225,9464348.0,9466228.0,26段连消/续转 / Scatter / Free Spin / 金色符号/百搭转换
免费送胡,958.json,958,125,免费旋转 / 免费送胡 / 金色/百搭,https://fish-games.s3.amazonaws.com/MahjongWays2/index.html?env=ceshislot.osshaiwai.com&hasFloat=0&token=436475c81b51e6893c740657870f86b7&language=en&debug=1&debugDataPath=https://raw.githubusercontent.com/jygameclub/testdataapi/main/mahjong2date/0525_0433&debugStart=958,https://raw.githubusercontent.com/jygameclub/testdataapi/main/mahjong2date/0525_0433/958.json,https://raw.githubusercontent.com/jygameclub/testdataapi/main/mahjong2date/0525_0433,普通中奖,24.00,0.60,19,18,41,54,55,13,3,是,是,是,2,3,679092,679143,9041779671770432,9475086.0,9477226.0,19段连消/续转 / Scatter / Free Spin / 金色符号/百搭转换
免费送胡,272.json,272,125,免费旋转 / 免费送胡 / 金色/百搭,https://fish-games.s3.amazonaws.com/MahjongWays2/index.html?env=ceshislot.osshaiwai.com&hasFloat=0&token=436475c81b51e6893c740657870f86b7&language=en&debug=1&debugDataPath=https://raw.githubusercontent.com/jygameclub/testdataapi/main/mahjong2date/0525_0433&debugStart=272,https://raw.githubusercontent.com/jygameclub/testdataapi/main/mahjong2date/0525_0433/272.json,https://raw.githubusercontent.com/jygameclub/testdataapi/main/mahjong2date/0525_0433,普通中奖,8.00,0.20,12,11,3,4,4,1,1,是,是,是,1,3,676754,676773,1961779668741646,9465620.0,9465588.0,12段连消/续转 / Scatter / Free Spin / 金色符号/百搭转换
连消/掉落,784.json,784,90,金色/百搭,https://fish-games.s3.amazonaws.com/MahjongWays2/index.html?env=ceshislot.osshaiwai.com&hasFloat=0&token=436475c81b51e6893c740657870f86b7&language=en&debug=1&debugDataPath=https://raw.githubusercontent.com/jygameclub/testdataapi/main/mahjong2date/0525_0433&debugStart=784,https://raw.githubusercontent.com/jygameclub/testdataapi/main/mahjong2date/0525_0433/784.json,https://raw.githubusercontent.com/jygameclub/testdataapi/main/mahjong2date/0525_0433,普通中奖,618.00,15.45,4,3,25,26,28,1,1,否,否,是,3,0,678506,678514,1331779671018494,9476284.0,9476862.0,4段连消/续转 / 金色符号/百搭转换 / 多线中奖 3线
连消/掉落,260.json,260,90,金色/百搭,https://fish-games.s3.amazonaws.com/MahjongWays2/index.html?env=ceshislot.osshaiwai.com&hasFloat=0&token=436475c81b51e6893c740657870f86b7&language=en&debug=1&debugDataPath=https://raw.githubusercontent.com/jygameclub/testdataapi/main/mahjong2date/0525_0433&debugStart=260,https://raw.githubusercontent.com/jygameclub/testdataapi/main/mahjong2date/0525_0433/260.json,https://raw.githubusercontent.com/jygameclub/testdataapi/main/mahjong2date/0525_0433,普通中奖,442.00,11.05,7,6,38,40,44,2,2,否,否,是,3,1,676729,676738,6011779668711063,9465618.0,9466020.0,7段连消/续转 / 金色符号/百搭转换 / 多线中奖 3线
连消/掉落,016.json,16,90,金色/百搭,https://fish-games.s3.amazonaws.com/MahjongWays2/index.html?env=ceshislot.osshaiwai.com&hasFloat=0&token=436475c81b51e6893c740657870f86b7&language=en&debug=1&debugDataPath=https://raw.githubusercontent.com/jygameclub/testdataapi/main/mahjong2date/0525_0433&debugStart=16,https://raw.githubusercontent.com/jygameclub/testdataapi/main/mahjong2date/0525_0433/016.json,https://raw.githubusercontent.com/jygameclub/testdataapi/main/mahjong2date/0525_0433,普通中奖,360.00,9.00,5,4,28,31,37,3,2,否,否,是,3,0,675753,675759,1321779667078693,9461752.0,9462072.0,5段连消/续转 / 金色符号/百搭转换 / 多线中奖 3线
连消/掉落,157.json,157,90,金色/百搭,https://fish-games.s3.amazonaws.com/MahjongWays2/index.html?env=ceshislot.osshaiwai.com&hasFloat=0&token=436475c81b51e6893c740657870f86b7&language=en&debug=1&debugDataPath=https://raw.githubusercontent.com/jygameclub/testdataapi/main/mahjong2date/0525_0433&debugStart=157,https://raw.githubusercontent.com/jygameclub/testdataapi/main/mahjong2date/0525_0433/157.json,https://raw.githubusercontent.com/jygameclub/testdataapi/main/mahjong2date/0525_0433,普通中奖,348.00,8.70,3,2,13,18,30,5,4,否,否,是,4,0,676152,676154,4261779667586324,9464710.0,9465018.0,3段连消/续转 / 金色符号/百搭转换 / 多线中奖 4线
连消/掉落,533.json,533,90,金色/百搭,https://fish-games.s3.amazonaws.com/MahjongWays2/index.html?env=ceshislot.osshaiwai.com&hasFloat=0&token=436475c81b51e6893c740657870f86b7&language=en&debug=1&debugDataPath=https://raw.githubusercontent.com/jygameclub/testdataapi/main/mahjong2date/0525_0433&debugStart=533,https://raw.githubusercontent.com/jygameclub/testdataapi/main/mahjong2date/0525_0433/533.json,https://raw.githubusercontent.com/jygameclub/testdataapi/main/mahjong2date/0525_0433,普通中奖,274.00,6.85,4,3,20,21,23,1,1,否,否,是,3,2,677801,677804,9841779670207731,9473910.0,9474144.0,4段连消/续转 / 金色符号/百搭转换 / 多线中奖 3线
连消/掉落,210.json,210,90,金色/百搭,https://fish-games.s3.amazonaws.com/MahjongWays2/index.html?env=ceshislot.osshaiwai.com&hasFloat=0&token=436475c81b51e6893c740657870f86b7&language=en&debug=1&debugDataPath=https://raw.githubusercontent.com/jygameclub/testdataapi/main/mahjong2date/0525_0433&debugStart=210,https://raw.githubusercontent.com/jygameclub/testdataapi/main/mahjong2date/0525_0433/210.json,https://raw.githubusercontent.com/jygameclub/testdataapi/main/mahjong2date/0525_0433,普通中奖,268.00,6.70,4,3,24,25,28,1,1,否,否,是,4,0,676305,676310,1591779667791322,9464658.0,9464886.0,4段连消/续转 / 金色符号/百搭转换 / 多线中奖 4线
连消/掉落,936.json,936,90,金色/百搭,https://fish-games.s3.amazonaws.com/MahjongWays2/index.html?env=ceshislot.osshaiwai.com&hasFloat=0&token=436475c81b51e6893c740657870f86b7&language=en&debug=1&debugDataPath=https://raw.githubusercontent.com/jygameclub/testdataapi/main/mahjong2date/0525_0433&debugStart=936,https://raw.githubusercontent.com/jygameclub/testdataapi/main/mahjong2date/0525_0433/936.json,https://raw.githubusercontent.com/jygameclub/testdataapi/main/mahjong2date/0525_0433,普通中奖,218.00,5.45,5,4,27,28,30,1,1,否,否,是,3,1,678946,678950,6231779671533701,9473182.0,9473360.0,5段连消/续转 / 金色符号/百搭转换 / 多线中奖 3线
连消/掉落,706.json,706,90,金色/百搭,https://fish-games.s3.amazonaws.com/MahjongWays2/index.html?env=ceshislot.osshaiwai.com&hasFloat=0&token=436475c81b51e6893c740657870f86b7&language=en&debug=1&debugDataPath=https://raw.githubusercontent.com/jygameclub/testdataapi/main/mahjong2date/0525_0433&debugStart=706,https://raw.githubusercontent.com/jygameclub/testdataapi/main/mahjong2date/0525_0433/706.json,https://raw.githubusercontent.com/jygameclub/testdataapi/main/mahjong2date/0525_0433,普通中奖,210.00,5.25,4,3,19,21,23,2,1,否,否,是,3,2,678225,678231,8071779670662778,9472358.0,9472528.0,4段连消/续转 / 金色符号/百搭转换 / 多线中奖 3线
连消/掉落,239.json,239,90,金色/百搭,https://fish-games.s3.amazonaws.com/MahjongWays2/index.html?env=ceshislot.osshaiwai.com&hasFloat=0&token=436475c81b51e6893c740657870f86b7&language=en&debug=1&debugDataPath=https://raw.githubusercontent.com/jygameclub/testdataapi/main/mahjong2date/0525_0433&debugStart=239,https://raw.githubusercontent.com/jygameclub/testdataapi/main/mahjong2date/0525_0433/239.json,https://raw.githubusercontent.com/jygameclub/testdataapi/main/mahjong2date/0525_0433,普通中奖,204.00,5.10,3,2,22,24,26,2,1,否,否,是,3,0,676438,676672,6941779668029319,9465798.0,9465962.0,3段连消/续转 / 金色符号/百搭转换 / 多线中奖 3线
连消/掉落,876.json,876,90,金色/百搭,https://fish-games.s3.amazonaws.com/MahjongWays2/index.html?env=ceshislot.osshaiwai.com&hasFloat=0&token=436475c81b51e6893c740657870f86b7&language=en&debug=1&debugDataPath=https://raw.githubusercontent.com/jygameclub/testdataapi/main/mahjong2date/0525_0433&debugStart=876,https://raw.githubusercontent.com/jygameclub/testdataapi/main/mahjong2date/0525_0433/876.json,https://raw.githubusercontent.com/jygameclub/testdataapi/main/mahjong2date/0525_0433,普通中奖,186.00,4.65,4,3,22,25,29,3,2,否,否,是,3,0,678819,678822,6591779671403552,9474168.0,9474314.0,4段连消/续转 / 金色符号/百搭转换 / 多线中奖 3线
连消/掉落,882.json,882,90,金色/百搭,https://fish-games.s3.amazonaws.com/MahjongWays2/index.html?env=ceshislot.osshaiwai.com&hasFloat=0&token=436475c81b51e6893c740657870f86b7&language=en&debug=1&debugDataPath=https://raw.githubusercontent.com/jygameclub/testdataapi/main/mahjong2date/0525_0433&debugStart=882,https://raw.githubusercontent.com/jygameclub/testdataapi/main/mahjong2date/0525_0433/882.json,https://raw.githubusercontent.com/jygameclub/testdataapi/main/mahjong2date/0525_0433,普通中奖,166.00,4.15,4,3,21,22,24,1,1,否,否,是,3,1,678832,678835,9821779671423400,9474230.0,9474356.0,4段连消/续转 / 金色符号/百搭转换 / 多线中奖 3线
连消/掉落,413.json,413,90,金色/百搭,https://fish-games.s3.amazonaws.com/MahjongWays2/index.html?env=ceshislot.osshaiwai.com&hasFloat=0&token=436475c81b51e6893c740657870f86b7&language=en&debug=1&debugDataPath=https://raw.githubusercontent.com/jygameclub/testdataapi/main/mahjong2date/0525_0433&debugStart=413,https://raw.githubusercontent.com/jygameclub/testdataapi/main/mahjong2date/0525_0433/413.json,https://raw.githubusercontent.com/jygameclub/testdataapi/main/mahjong2date/0525_0433,普通中奖,136.00,3.40,3,2,13,15,21,2,2,否,否,是,4,1,677357,677360,8241779669621695,9473456.0,9473552.0,3段连消/续转 / 金色符号/百搭转换 / 多线中奖 4线
连消/掉落,974.json,974,90,金色/百搭,https://fish-games.s3.amazonaws.com/MahjongWays2/index.html?env=ceshislot.osshaiwai.com&hasFloat=0&token=436475c81b51e6893c740657870f86b7&language=en&debug=1&debugDataPath=https://raw.githubusercontent.com/jygameclub/testdataapi/main/mahjong2date/0525_0433&debugStart=974,https://raw.githubusercontent.com/jygameclub/testdataapi/main/mahjong2date/0525_0433/974.json,https://raw.githubusercontent.com/jygameclub/testdataapi/main/mahjong2date/0525_0433,普通中奖,130.00,3.25,5,4,20,22,26,2,2,否,否,是,3,2,679199,679203,4151779671981881,9477640.0,9477730.0,5段连消/续转 / 金色符号/百搭转换 / 多线中奖 3线
连消/掉落,388.json,388,75,金色/百搭,https://fish-games.s3.amazonaws.com/MahjongWays2/index.html?env=ceshislot.osshaiwai.com&hasFloat=0&token=436475c81b51e6893c740657870f86b7&language=en&debug=1&debugDataPath=https://raw.githubusercontent.com/jygameclub/testdataapi/main/mahjong2date/0525_0433&debugStart=388,https://raw.githubusercontent.com/jygameclub/testdataapi/main/mahjong2date/0525_0433/388.json,https://raw.githubusercontent.com/jygameclub/testdataapi/main/mahjong2date/0525_0433,普通中奖,656.00,16.40,5,4,27,28,28,1,1,否,否,是,2,1,677312,677316,1571779669565525,9473420.0,9474036.0,5段连消/续转 / 金色符号/百搭转换
连消/掉落,023.json,23,75,金色/百搭,https://fish-games.s3.amazonaws.com/MahjongWays2/index.html?env=ceshislot.osshaiwai.com&hasFloat=0&token=436475c81b51e6893c740657870f86b7&language=en&debug=1&debugDataPath=https://raw.githubusercontent.com/jygameclub/testdataapi/main/mahjong2date/0525_0433&debugStart=23,https://raw.githubusercontent.com/jygameclub/testdataapi/main/mahjong2date/0525_0433/023.json,https://raw.githubusercontent.com/jygameclub/testdataapi/main/mahjong2date/0525_0433,普通中奖,644.00,16.10,6,5,30,34,38,4,2,否,否,是,2,1,675774,675782,8221779667097577,9461850.0,9462454.0,6段连消/续转 / 金色符号/百搭转换
连消/掉落,971.json,971,75,金色/百搭,https://fish-games.s3.amazonaws.com/MahjongWays2/index.html?env=ceshislot.osshaiwai.com&hasFloat=0&token=436475c81b51e6893c740657870f86b7&language=en&debug=1&debugDataPath=https://raw.githubusercontent.com/jygameclub/testdataapi/main/mahjong2date/0525_0433&debugStart=971,https://raw.githubusercontent.com/jygameclub/testdataapi/main/mahjong2date/0525_0433/971.json,https://raw.githubusercontent.com/jygameclub/testdataapi/main/mahjong2date/0525_0433,普通中奖,632.00,15.80,4,3,16,17,18,1,1,否,否,是,2,0,679193,679196,8811779671973264,9477128.0,9477720.0,4段连消/续转 / 金色符号/百搭转换
连消/掉落,069.json,69,75,金色/百搭,https://fish-games.s3.amazonaws.com/MahjongWays2/index.html?env=ceshislot.osshaiwai.com&hasFloat=0&token=436475c81b51e6893c740657870f86b7&language=en&debug=1&debugDataPath=https://raw.githubusercontent.com/jygameclub/testdataapi/main/mahjong2date/0525_0433&debugStart=69,https://raw.githubusercontent.com/jygameclub/testdataapi/main/mahjong2date/0525_0433/069.json,https://raw.githubusercontent.com/jygameclub/testdataapi/main/mahjong2date/0525_0433,普通中奖,526.00,13.15,4,3,20,20,20,0,0,否,否,是,1,2,675863,675867,1421779667190843,9461062.0,9461548.0,4段连消/续转 / 金色符号/百搭转换
连消/掉落,683.json,683,75,金色/百搭,https://fish-games.s3.amazonaws.com/MahjongWays2/index.html?env=ceshislot.osshaiwai.com&hasFloat=0&token=436475c81b51e6893c740657870f86b7&language=en&debug=1&debugDataPath=https://raw.githubusercontent.com/jygameclub/testdataapi/main/mahjong2date/0525_0433&debugStart=683,https://raw.githubusercontent.com/jygameclub/testdataapi/main/mahjong2date/0525_0433/683.json,https://raw.githubusercontent.com/jygameclub/testdataapi/main/mahjong2date/0525_0433,普通中奖,488.00,12.20,3,2,13,14,14,1,1,否,否,是,1,0,678187,678189,3511779670621112,9472184.0,9472632.0,3段连消/续转 / 金色符号/百搭转换
连消/掉落,074.json,74,75,金色/百搭,https://fish-games.s3.amazonaws.com/MahjongWays2/index.html?env=ceshislot.osshaiwai.com&hasFloat=0&token=436475c81b51e6893c740657870f86b7&language=en&debug=1&debugDataPath=https://raw.githubusercontent.com/jygameclub/testdataapi/main/mahjong2date/0525_0433&debugStart=74,https://raw.githubusercontent.com/jygameclub/testdataapi/main/mahjong2date/0525_0433/074.json,https://raw.githubusercontent.com/jygameclub/testdataapi/main/mahjong2date/0525_0433,普通中奖,478.00,11.95,6,5,23,23,23,0,0,否,否,是,1,0,675874,675882,1531779667201792,9461388.0,9461826.0,6段连消/续转 / 金色符号/百搭转换
连消/掉落,635.json,635,75,金色/百搭,https://fish-games.s3.amazonaws.com/MahjongWays2/index.html?env=ceshislot.osshaiwai.com&hasFloat=0&token=436475c81b51e6893c740657870f86b7&language=en&debug=1&debugDataPath=https://raw.githubusercontent.com/jygameclub/testdataapi/main/mahjong2date/0525_0433&debugStart=635,https://raw.githubusercontent.com/jygameclub/testdataapi/main/mahjong2date/0525_0433/635.json,https://raw.githubusercontent.com/jygameclub/testdataapi/main/mahjong2date/0525_0433,普通中奖,432.00,10.80,4,3,19,20,20,1,1,否,否,是,1,0,678084,678087,2531779670524062,9472744.0,9473136.0,4段连消/续转 / 金色符号/百搭转换
连消/掉落,914.json,914,75,金色/百搭,https://fish-games.s3.amazonaws.com/MahjongWays2/index.html?env=ceshislot.osshaiwai.com&hasFloat=0&token=436475c81b51e6893c740657870f86b7&language=en&debug=1&debugDataPath=https://raw.githubusercontent.com/jygameclub/testdataapi/main/mahjong2date/0525_0433&debugStart=914,https://raw.githubusercontent.com/jygameclub/testdataapi/main/mahjong2date/0525_0433/914.json,https://raw.githubusercontent.com/jygameclub/testdataapi/main/mahjong2date/0525_0433,普通中奖,404.00,10.10,5,4,26,27,28,1,1,否,否,是,2,2,678892,678902,9141779671481418,9473500.0,9473864.0,5段连消/续转 / 金色符号/百搭转换
连消/掉落,685.json,685,75,金色/百搭,https://fish-games.s3.amazonaws.com/MahjongWays2/index.html?env=ceshislot.osshaiwai.com&hasFloat=0&token=436475c81b51e6893c740657870f86b7&language=en&debug=1&debugDataPath=https://raw.githubusercontent.com/jygameclub/testdataapi/main/mahjong2date/0525_0433&debugStart=685,https://raw.githubusercontent.com/jygameclub/testdataapi/main/mahjong2date/0525_0433/685.json,https://raw.githubusercontent.com/jygameclub/testdataapi/main/mahjong2date/0525_0433,普通中奖,400.00,10.00,4,3,21,22,23,1,1,否,否,是,2,0,678191,678194,4251779670627329,9472592.0,9472952.0,4段连消/续转 / 金色符号/百搭转换
连消/掉落,739.json,739,75,金色/百搭,https://fish-games.s3.amazonaws.com/MahjongWays2/index.html?env=ceshislot.osshaiwai.com&hasFloat=0&token=436475c81b51e6893c740657870f86b7&language=en&debug=1&debugDataPath=https://raw.githubusercontent.com/jygameclub/testdataapi/main/mahjong2date/0525_0433&debugStart=739,https://raw.githubusercontent.com/jygameclub/testdataapi/main/mahjong2date/0525_0433/739.json,https://raw.githubusercontent.com/jygameclub/testdataapi/main/mahjong2date/0525_0433,普通中奖,400.00,10.00,2,1,7,7,7,0,0,否,否,是,1,0,678278,678279,6131779670718845,9471382.0,9471742.0,2段连消/续转 / 金色符号/百搭转换
连消/掉落,992.json,992,75,金色/百搭,https://fish-games.s3.amazonaws.com/MahjongWays2/index.html?env=ceshislot.osshaiwai.com&hasFloat=0&token=436475c81b51e6893c740657870f86b7&language=en&debug=1&debugDataPath=https://raw.githubusercontent.com/jygameclub/testdataapi/main/mahjong2date/0525_0433&debugStart=992,https://raw.githubusercontent.com/jygameclub/testdataapi/main/mahjong2date/0525_0433/992.json,https://raw.githubusercontent.com/jygameclub/testdataapi/main/mahjong2date/0525_0433,普通中奖,368.00,9.20,4,3,22,24,26,2,1,否,否,是,2,2,679250,679254,8931779672028031,9477552.0,9477880.0,4段连消/续转 / 金色符号/百搭转换
连消/掉落,519.json,519,75,金色/百搭,https://fish-games.s3.amazonaws.com/MahjongWays2/index.html?env=ceshislot.osshaiwai.com&hasFloat=0&token=436475c81b51e6893c740657870f86b7&language=en&debug=1&debugDataPath=https://raw.githubusercontent.com/jygameclub/testdataapi/main/mahjong2date/0525_0433&debugStart=519,https://raw.githubusercontent.com/jygameclub/testdataapi/main/mahjong2date/0525_0433/519.json,https://raw.githubusercontent.com/jygameclub/testdataapi/main/mahjong2date/0525_0433,普通中奖,318.00,7.95,4,3,20,23,26,3,2,否,否,是,2,0,677775,677780,2181779670177098,9473996.0,9474274.0,4段连消/续转 / 金色符号/百搭转换
连消/掉落,630.json,630,75,金色/百搭,https://fish-games.s3.amazonaws.com/MahjongWays2/index.html?env=ceshislot.osshaiwai.com&hasFloat=0&token=436475c81b51e6893c740657870f86b7&language=en&debug=1&debugDataPath=https://raw.githubusercontent.com/jygameclub/testdataapi/main/mahjong2date/0525_0433&debugStart=630,https://raw.githubusercontent.com/jygameclub/testdataapi/main/mahjong2date/0525_0433/630.json,https://raw.githubusercontent.com/jygameclub/testdataapi/main/mahjong2date/0525_0433,普通中奖,296.00,7.40,5,4,24,24,24,0,0,否,否,是,1,0,678066,678073,7511779670507212,9472596.0,9472852.0,5段连消/续转 / 金色符号/百搭转换
连消/掉落,649.json,649,75,金色/百搭,https://fish-games.s3.amazonaws.com/MahjongWays2/index.html?env=ceshislot.osshaiwai.com&hasFloat=0&token=436475c81b51e6893c740657870f86b7&language=en&debug=1&debugDataPath=https://raw.githubusercontent.com/jygameclub/testdataapi/main/mahjong2date/0525_0433&debugStart=649,https://raw.githubusercontent.com/jygameclub/testdataapi/main/mahjong2date/0525_0433/649.json,https://raw.githubusercontent.com/jygameclub/testdataapi/main/mahjong2date/0525_0433,普通中奖,294.00,7.35,6,5,23,25,25,2,1,否,否,是,1,0,678120,678128,7371779670558365,9472782.0,9473036.0,6段连消/续转 / 金色符号/百搭转换
连消/掉落,515.json,515,75,金色/百搭,https://fish-games.s3.amazonaws.com/MahjongWays2/index.html?env=ceshislot.osshaiwai.com&hasFloat=0&token=436475c81b51e6893c740657870f86b7&language=en&debug=1&debugDataPath=https://raw.githubusercontent.com/jygameclub/testdataapi/main/mahjong2date/0525_0433&debugStart=515,https://raw.githubusercontent.com/jygameclub/testdataapi/main/mahjong2date/0525_0433/515.json,https://raw.githubusercontent.com/jygameclub/testdataapi/main/mahjong2date/0525_0433,普通中奖,294.00,7.35,3,2,12,14,14,2,1,否,否,是,1,1,677766,677769,1081779670168231,9473862.0,9474116.0,3段连消/续转 / 金色符号/百搭转换
连消/掉落,948.json,948,75,金色/百搭,https://fish-games.s3.amazonaws.com/MahjongWays2/index.html?env=ceshislot.osshaiwai.com&hasFloat=0&token=436475c81b51e6893c740657870f86b7&language=en&debug=1&debugDataPath=https://raw.githubusercontent.com/jygameclub/testdataapi/main/mahjong2date/0525_0433&debugStart=948,https://raw.githubusercontent.com/jygameclub/testdataapi/main/mahjong2date/0525_0433/948.json,https://raw.githubusercontent.com/jygameclub/testdataapi/main/mahjong2date/0525_0433,普通中奖,288.00,7.20,2,1,11,11,11,0,0,否,否,是,1,1,679063,679064,2481779671740649,9474784.0,9475032.0,2段连消/续转 / 金色符号/百搭转换
连消/掉落,286.json,286,75,金色/百搭,https://fish-games.s3.amazonaws.com/MahjongWays2/index.html?env=ceshislot.osshaiwai.com&hasFloat=0&token=436475c81b51e6893c740657870f86b7&language=en&debug=1&debugDataPath=https://raw.githubusercontent.com/jygameclub/testdataapi/main/mahjong2date/0525_0433&debugStart=286,https://raw.githubusercontent.com/jygameclub/testdataapi/main/mahjong2date/0525_0433/286.json,https://raw.githubusercontent.com/jygameclub/testdataapi/main/mahjong2date/0525_0433,普通中奖,276.00,6.90,3,2,14,15,15,1,1,否,否,是,1,0,676807,676809,9931779668826563,9465090.0,9465326.0,3段连消/续转 / 金色符号/百搭转换
连消/掉落,983.json,983,75,金色/百搭,https://fish-games.s3.amazonaws.com/MahjongWays2/index.html?env=ceshislot.osshaiwai.com&hasFloat=0&token=436475c81b51e6893c740657870f86b7&language=en&debug=1&debugDataPath=https://raw.githubusercontent.com/jygameclub/testdataapi/main/mahjong2date/0525_0433&debugStart=983,https://raw.githubusercontent.com/jygameclub/testdataapi/main/mahjong2date/0525_0433/983.json,https://raw.githubusercontent.com/jygameclub/testdataapi/main/mahjong2date/0525_0433,普通中奖,276.00,6.90,3,2,16,18,19,2,1,否,否,是,2,0,679225,679228,3851779672009164,9477624.0,9477860.0,3段连消/续转 / 金色符号/百搭转换
连消/掉落,592.json,592,75,金色/百搭,https://fish-games.s3.amazonaws.com/MahjongWays2/index.html?env=ceshislot.osshaiwai.com&hasFloat=0&token=436475c81b51e6893c740657870f86b7&language=en&debug=1&debugDataPath=https://raw.githubusercontent.com/jygameclub/testdataapi/main/mahjong2date/0525_0433&debugStart=592,https://raw.githubusercontent.com/jygameclub/testdataapi/main/mahjong2date/0525_0433/592.json,https://raw.githubusercontent.com/jygameclub/testdataapi/main/mahjong2date/0525_0433,普通中奖,266.00,6.65,5,4,21,22,22,1,1,否,否,是,1,1,677932,677941,7641779670342464,9472540.0,9472766.0,5段连消/续转 / 金色符号/百搭转换
连消/掉落,198.json,198,75,金色/百搭,https://fish-games.s3.amazonaws.com/MahjongWays2/index.html?env=ceshislot.osshaiwai.com&hasFloat=0&token=436475c81b51e6893c740657870f86b7&language=en&debug=1&debugDataPath=https://raw.githubusercontent.com/jygameclub/testdataapi/main/mahjong2date/0525_0433&debugStart=198,https://raw.githubusercontent.com/jygameclub/testdataapi/main/mahjong2date/0525_0433/198.json,https://raw.githubusercontent.com/jygameclub/testdataapi/main/mahjong2date/0525_0433,普通中奖,262.00,6.55,4,3,20,21,22,1,1,否,否,是,2,0,676252,676260,3071779667680440,9464358.0,9464580.0,4段连消/续转 / 金色符号/百搭转换
连消/掉落,202.json,202,75,金色/百搭,https://fish-games.s3.amazonaws.com/MahjongWays2/index.html?env=ceshislot.osshaiwai.com&hasFloat=0&token=436475c81b51e6893c740657870f86b7&language=en&debug=1&debugDataPath=https://raw.githubusercontent.com/jygameclub/testdataapi/main/mahjong2date/0525_0433&debugStart=202,https://raw.githubusercontent.com/jygameclub/testdataapi/main/mahjong2date/0525_0433/202.json,https://raw.githubusercontent.com/jygameclub/testdataapi/main/mahjong2date/0525_0433,普通中奖,258.00,6.45,5,4,20,22,23,2,1,否,否,是,2,1,676268,676272,5201779667695290,9464480.0,9464698.0,5段连消/续转 / 金色符号/百搭转换
连消/掉落,951.json,951,75,金色/百搭,https://fish-games.s3.amazonaws.com/MahjongWays2/index.html?env=ceshislot.osshaiwai.com&hasFloat=0&token=436475c81b51e6893c740657870f86b7&language=en&debug=1&debugDataPath=https://raw.githubusercontent.com/jygameclub/testdataapi/main/mahjong2date/0525_0433&debugStart=951,https://raw.githubusercontent.com/jygameclub/testdataapi/main/mahjong2date/0525_0433/951.json,https://raw.githubusercontent.com/jygameclub/testdataapi/main/mahjong2date/0525_0433,普通中奖,232.00,5.80,5,4,25,26,27,1,1,否,否,是,2,1,679068,679074,7661779671748082,9474960.0,9475152.0,5段连消/续转 / 金色符号/百搭转换
连消/掉落,651.json,651,75,金色/百搭,https://fish-games.s3.amazonaws.com/MahjongWays2/index.html?env=ceshislot.osshaiwai.com&hasFloat=0&token=436475c81b51e6893c740657870f86b7&language=en&debug=1&debugDataPath=https://raw.githubusercontent.com/jygameclub/testdataapi/main/mahjong2date/0525_0433&debugStart=651,https://raw.githubusercontent.com/jygameclub/testdataapi/main/mahjong2date/0525_0433/651.json,https://raw.githubusercontent.com/jygameclub/testdataapi/main/mahjong2date/0525_0433,普通中奖,232.00,5.80,3,2,13,14,14,1,1,否,否,是,1,1,678132,678135,9711779670570179,9472996.0,9473188.0,3段连消/续转 / 金色符号/百搭转换
连消/掉落,330.json,330,75,金色/百搭,https://fish-games.s3.amazonaws.com/MahjongWays2/index.html?env=ceshislot.osshaiwai.com&hasFloat=0&token=436475c81b51e6893c740657870f86b7&language=en&debug=1&debugDataPath=https://raw.githubusercontent.com/jygameclub/testdataapi/main/mahjong2date/0525_0433&debugStart=330,https://raw.githubusercontent.com/jygameclub/testdataapi/main/mahjong2date/0525_0433/330.json,https://raw.githubusercontent.com/jygameclub/testdataapi/main/mahjong2date/0525_0433,普通中奖,226.00,5.65,3,2,19,20,21,1,1,否,否,是,2,0,676985,676990,9191779669109744,9466080.0,9466266.0,3段连消/续转 / 金色符号/百搭转换
连消/掉落,668.json,668,75,金色/百搭,https://fish-games.s3.amazonaws.com/MahjongWays2/index.html?env=ceshislot.osshaiwai.com&hasFloat=0&token=436475c81b51e6893c740657870f86b7&language=en&debug=1&debugDataPath=https://raw.githubusercontent.com/jygameclub/testdataapi/main/mahjong2date/0525_0433&debugStart=668,https://raw.githubusercontent.com/jygameclub/testdataapi/main/mahjong2date/0525_0433/668.json,https://raw.githubusercontent.com/jygameclub/testdataapi/main/mahjong2date/0525_0433,普通中奖,208.00,5.20,3,2,13,15,16,2,1,否,否,是,2,0,678162,678164,8451779670596596,9472560.0,9472728.0,3段连消/续转 / 金色符号/百搭转换
连消/掉落,248.json,248,75,金色/百搭,https://fish-games.s3.amazonaws.com/MahjongWays2/index.html?env=ceshislot.osshaiwai.com&hasFloat=0&token=436475c81b51e6893c740657870f86b7&language=en&debug=1&debugDataPath=https://raw.githubusercontent.com/jygameclub/testdataapi/main/mahjong2date/0525_0433&debugStart=248,https://raw.githubusercontent.com/jygameclub/testdataapi/main/mahjong2date/0525_0433/248.json,https://raw.githubusercontent.com/jygameclub/testdataapi/main/mahjong2date/0525_0433,普通中奖,200.00,5.00,3,2,11,11,11,0,0,否,否,是,1,0,676695,676699,2891779668683148,9465678.0,9465838.0,3段连消/续转 / 金色符号/百搭转换
连消/掉落,253.json,253,75,金色/百搭,https://fish-games.s3.amazonaws.com/MahjongWays2/index.html?env=ceshislot.osshaiwai.com&hasFloat=0&token=436475c81b51e6893c740657870f86b7&language=en&debug=1&debugDataPath=https://raw.githubusercontent.com/jygameclub/testdataapi/main/mahjong2date/0525_0433&debugStart=253,https://raw.githubusercontent.com/jygameclub/testdataapi/main/mahjong2date/0525_0433/253.json,https://raw.githubusercontent.com/jygameclub/testdataapi/main/mahjong2date/0525_0433,普通中奖,192.00,4.80,2,1,8,9,9,1,1,否,否,是,1,1,676714,676716,3821779668698297,9465704.0,9465856.0,2段连消/续转 / 金色符号/百搭转换
连消/掉落,126.json,126,75,金色/百搭,https://fish-games.s3.amazonaws.com/MahjongWays2/index.html?env=ceshislot.osshaiwai.com&hasFloat=0&token=436475c81b51e6893c740657870f86b7&language=en&debug=1&debugDataPath=https://raw.githubusercontent.com/jygameclub/testdataapi/main/mahjong2date/0525_0433&debugStart=126,https://raw.githubusercontent.com/jygameclub/testdataapi/main/mahjong2date/0525_0433/126.json,https://raw.githubusercontent.com/jygameclub/testdataapi/main/mahjong2date/0525_0433,普通中奖,176.00,4.40,3,2,14,14,14,0,0,否,否,是,1,1,676101,676105,5911779667527458,9465576.0,9465712.0,3段连消/续转 / 金色符号/百搭转换
连消/掉落,897.json,897,75,金色/百搭,https://fish-games.s3.amazonaws.com/MahjongWays2/index.html?env=ceshislot.osshaiwai.com&hasFloat=0&token=436475c81b51e6893c740657870f86b7&language=en&debug=1&debugDataPath=https://raw.githubusercontent.com/jygameclub/testdataapi/main/mahjong2date/0525_0433&debugStart=897,https://raw.githubusercontent.com/jygameclub/testdataapi/main/mahjong2date/0525_0433/897.json,https://raw.githubusercontent.com/jygameclub/testdataapi/main/mahjong2date/0525_0433,普通中奖,176.00,4.40,3,2,15,15,15,0,0,否,否,是,1,1,678859,678861,8701779671454668,9473980.0,9474116.0,3段连消/续转 / 金色符号/百搭转换
连消/掉落,981.json,981,75,金色/百搭,https://fish-games.s3.amazonaws.com/MahjongWays2/index.html?env=ceshislot.osshaiwai.com&hasFloat=0&token=436475c81b51e6893c740657870f86b7&language=en&debug=1&debugDataPath=https://raw.githubusercontent.com/jygameclub/testdataapi/main/mahjong2date/0525_0433&debugStart=981,https://raw.githubusercontent.com/jygameclub/testdataapi/main/mahjong2date/0525_0433/981.json,https://raw.githubusercontent.com/jygameclub/testdataapi/main/mahjong2date/0525_0433,普通中奖,174.00,4.35,4,3,16,17,17,1,1,否,否,是,1,0,679216,679222,7331779672000847,9477530.0,9477664.0,4段连消/续转 / 金色符号/百搭转换
连消/掉落,509.json,509,75,金色/百搭,https://fish-games.s3.amazonaws.com/MahjongWays2/index.html?env=ceshislot.osshaiwai.com&hasFloat=0&token=436475c81b51e6893c740657870f86b7&language=en&debug=1&debugDataPath=https://raw.githubusercontent.com/jygameclub/testdataapi/main/mahjong2date/0525_0433&debugStart=509,https://raw.githubusercontent.com/jygameclub/testdataapi/main/mahjong2date/0525_0433/509.json,https://raw.githubusercontent.com/jygameclub/testdataapi/main/mahjong2date/0525_0433,普通中奖,168.00,4.20,5,4,18,20,20,2,2,否,否,是,1,2,677745,677754,4781779670151964,9473910.0,9474038.0,5段连消/续转 / 金色符号/百搭转换
连消/掉落,865.json,865,75,金色/百搭,https://fish-games.s3.amazonaws.com/MahjongWays2/index.html?env=ceshislot.osshaiwai.com&hasFloat=0&token=436475c81b51e6893c740657870f86b7&language=en&debug=1&debugDataPath=https://raw.githubusercontent.com/jygameclub/testdataapi/main/mahjong2date/0525_0433&debugStart=865,https://raw.githubusercontent.com/jygameclub/testdataapi/main/mahjong2date/0525_0433/865.json,https://raw.githubusercontent.com/jygameclub/testdataapi/main/mahjong2date/0525_0433,普通中奖,160.00,4.00,3,2,12,13,13,1,1,否,否,是,1,0,678790,678792,5311779671373320,9474356.0,9474476.0,3段连消/续转 / 金色符号/百搭转换
连消/掉落,335.json,335,75,金色/百搭,https://fish-games.s3.amazonaws.com/MahjongWays2/index.html?env=ceshislot.osshaiwai.com&hasFloat=0&token=436475c81b51e6893c740657870f86b7&language=en&debug=1&debugDataPath=https://raw.githubusercontent.com/jygameclub/testdataapi/main/mahjong2date/0525_0433&debugStart=335,https://raw.githubusercontent.com/jygameclub/testdataapi/main/mahjong2date/0525_0433/335.json,https://raw.githubusercontent.com/jygameclub/testdataapi/main/mahjong2date/0525_0433,普通中奖,160.00,4.00,2,1,8,8,8,0,0,否,否,是,1,0,677002,677003,1871779669120043,9466122.0,9466242.0,2段连消/续转 / 金色符号/百搭转换
连消/掉落,415.json,415,75,金色/百搭,https://fish-games.s3.amazonaws.com/MahjongWays2/index.html?env=ceshislot.osshaiwai.com&hasFloat=0&token=436475c81b51e6893c740657870f86b7&language=en&debug=1&debugDataPath=https://raw.githubusercontent.com/jygameclub/testdataapi/main/mahjong2date/0525_0433&debugStart=415,https://raw.githubusercontent.com/jygameclub/testdataapi/main/mahjong2date/0525_0433/415.json,https://raw.githubusercontent.com/jygameclub/testdataapi/main/mahjong2date/0525_0433,普通中奖,158.00,3.95,4,3,17,17,17,0,0,否,否,是,1,0,677365,677368,3851779669632762,9473554.0,9473672.0,4段连消/续转 / 金色符号/百搭转换
连消/掉落,551.json,551,75,金色/百搭,https://fish-games.s3.amazonaws.com/MahjongWays2/index.html?env=ceshislot.osshaiwai.com&hasFloat=0&token=436475c81b51e6893c740657870f86b7&language=en&debug=1&debugDataPath=https://raw.githubusercontent.com/jygameclub/testdataapi/main/mahjong2date/0525_0433&debugStart=551,https://raw.githubusercontent.com/jygameclub/testdataapi/main/mahjong2date/0525_0433/551.json,https://raw.githubusercontent.com/jygameclub/testdataapi/main/mahjong2date/0525_0433,普通中奖,156.00,3.90,3,2,13,13,13,0,0,否,否,是,1,0,677832,677834,1421779670243097,9473498.0,9473614.0,3段连消/续转 / 金色符号/百搭转换
连消/掉落,695.json,695,75,金色/百搭,https://fish-games.s3.amazonaws.com/MahjongWays2/index.html?env=ceshislot.osshaiwai.com&hasFloat=0&token=436475c81b51e6893c740657870f86b7&language=en&debug=1&debugDataPath=https://raw.githubusercontent.com/jygameclub/testdataapi/main/mahjong2date/0525_0433&debugStart=695,https://raw.githubusercontent.com/jygameclub/testdataapi/main/mahjong2date/0525_0433/695.json,https://raw.githubusercontent.com/jygameclub/testdataapi/main/mahjong2date/0525_0433,普通中奖,150.00,3.75,2,1,11,12,12,1,1,否,否,是,2,0,678206,678207,3411779670646545,9472630.0,9472740.0,2段连消/续转 / 金色符号/百搭转换
连消/掉落,423.json,423,75,金色/百搭,https://fish-games.s3.amazonaws.com/MahjongWays2/index.html?env=ceshislot.osshaiwai.com&hasFloat=0&token=436475c81b51e6893c740657870f86b7&language=en&debug=1&debugDataPath=https://raw.githubusercontent.com/jygameclub/testdataapi/main/mahjong2date/0525_0433&debugStart=423,https://raw.githubusercontent.com/jygameclub/testdataapi/main/mahjong2date/0525_0433/423.json,https://raw.githubusercontent.com/jygameclub/testdataapi/main/mahjong2date/0525_0433,普通中奖,146.00,3.65,2,1,11,11,11,0,0,否,否,是,2,1,677388,677389,4831779669656161,9473474.0,9473580.0,2段连消/续转 / 金色符号/百搭转换
连消/掉落,093.json,93,75,金色/百搭,https://fish-games.s3.amazonaws.com/MahjongWays2/index.html?env=ceshislot.osshaiwai.com&hasFloat=0&token=436475c81b51e6893c740657870f86b7&language=en&debug=1&debugDataPath=https://raw.githubusercontent.com/jygameclub/testdataapi/main/mahjong2date/0525_0433&debugStart=93,https://raw.githubusercontent.com/jygameclub/testdataapi/main/mahjong2date/0525_0433/093.json,https://raw.githubusercontent.com/jygameclub/testdataapi/main/mahjong2date/0525_0433,普通中奖,144.00,3.60,3,2,15,15,15,0,0,否,否,是,2,0,675979,675983,6791779667357509,9464442.0,9464546.0,3段连消/续转 / 金色符号/百搭转换
连消/掉落,327.json,327,75,金色/百搭,https://fish-games.s3.amazonaws.com/MahjongWays2/index.html?env=ceshislot.osshaiwai.com&hasFloat=0&token=436475c81b51e6893c740657870f86b7&language=en&debug=1&debugDataPath=https://raw.githubusercontent.com/jygameclub/testdataapi/main/mahjong2date/0525_0433&debugStart=327,https://raw.githubusercontent.com/jygameclub/testdataapi/main/mahjong2date/0525_0433/327.json,https://raw.githubusercontent.com/jygameclub/testdataapi/main/mahjong2date/0525_0433,普通中奖,140.00,3.50,3,2,10,10,10,0,0,否,否,是,1,1,676975,676979,8611779669101860,9466060.0,9466160.0,3段连消/续转 / 金色符号/百搭转换
连消/掉落,390.json,390,75,金色/百搭,https://fish-games.s3.amazonaws.com/MahjongWays2/index.html?env=ceshislot.osshaiwai.com&hasFloat=0&token=436475c81b51e6893c740657870f86b7&language=en&debug=1&debugDataPath=https://raw.githubusercontent.com/jygameclub/testdataapi/main/mahjong2date/0525_0433&debugStart=390,https://raw.githubusercontent.com/jygameclub/testdataapi/main/mahjong2date/0525_0433/390.json,https://raw.githubusercontent.com/jygameclub/testdataapi/main/mahjong2date/0525_0433,普通中奖,136.00,3.40,4,3,20,20,20,0,0,否,否,是,2,2,677318,677321,7991779669575275,9473996.0,9474092.0,4段连消/续转 / 金色符号/百搭转换
连消/掉落,348.json,348,75,金色/百搭,https://fish-games.s3.amazonaws.com/MahjongWays2/index.html?env=ceshislot.osshaiwai.com&hasFloat=0&token=436475c81b51e6893c740657870f86b7&language=en&debug=1&debugDataPath=https://raw.githubusercontent.com/jygameclub/testdataapi/main/mahjong2date/0525_0433&debugStart=348,https://raw.githubusercontent.com/jygameclub/testdataapi/main/mahjong2date/0525_0433/348.json,https://raw.githubusercontent.com/jygameclub/testdataapi/main/mahjong2date/0525_0433,普通中奖,128.00,3.20,3,2,11,12,12,1,1,否,否,是,1,1,677104,677106,2221779669297243,9471162.0,9471250.0,3段连消/续转 / 金色符号/百搭转换
连消/掉落,090.json,90,75,金色/百搭,https://fish-games.s3.amazonaws.com/MahjongWays2/index.html?env=ceshislot.osshaiwai.com&hasFloat=0&token=436475c81b51e6893c740657870f86b7&language=en&debug=1&debugDataPath=https://raw.githubusercontent.com/jygameclub/testdataapi/main/mahjong2date/0525_0433&debugStart=90,https://raw.githubusercontent.com/jygameclub/testdataapi/main/mahjong2date/0525_0433/090.json,https://raw.githubusercontent.com/jygameclub/testdataapi/main/mahjong2date/0525_0433,普通中奖,120.00,3.00,4,3,14,16,16,2,1,否,否,是,1,1,675966,675972,4831779667348442,9464442.0,9464522.0,4段连消/续转 / 金色符号/百搭转换
连消/掉落,117.json,117,75,金色/百搭,https://fish-games.s3.amazonaws.com/MahjongWays2/index.html?env=ceshislot.osshaiwai.com&hasFloat=0&token=436475c81b51e6893c740657870f86b7&language=en&debug=1&debugDataPath=https://raw.githubusercontent.com/jygameclub/testdataapi/main/mahjong2date/0525_0433&debugStart=117,https://raw.githubusercontent.com/jygameclub/testdataapi/main/mahjong2date/0525_0433/117.json,https://raw.githubusercontent.com/jygameclub/testdataapi/main/mahjong2date/0525_0433,普通中奖,120.00,3.00,3,2,13,14,14,1,1,否,否,是,1,0,676077,676080,5501779667508407,9465746.0,9465826.0,3段连消/续转 / 金色符号/百搭转换
连消/掉落,822.json,822,75,金色/百搭,https://fish-games.s3.amazonaws.com/MahjongWays2/index.html?env=ceshislot.osshaiwai.com&hasFloat=0&token=436475c81b51e6893c740657870f86b7&language=en&debug=1&debugDataPath=https://raw.githubusercontent.com/jygameclub/testdataapi/main/mahjong2date/0525_0433&debugStart=822,https://raw.githubusercontent.com/jygameclub/testdataapi/main/mahjong2date/0525_0433/822.json,https://raw.githubusercontent.com/jygameclub/testdataapi/main/mahjong2date/0525_0433,普通中奖,120.00,3.00,3,2,11,12,12,1,1,否,否,是,1,0,678677,678679,7481779671286770,9475654.0,9475734.0,3段连消/续转 / 金色符号/百搭转换
连消/掉落,760.json,760,75,金色/百搭,https://fish-games.s3.amazonaws.com/MahjongWays2/index.html?env=ceshislot.osshaiwai.com&hasFloat=0&token=436475c81b51e6893c740657870f86b7&language=en&debug=1&debugDataPath=https://raw.githubusercontent.com/jygameclub/testdataapi/main/mahjong2date/0525_0433&debugStart=760,https://raw.githubusercontent.com/jygameclub/testdataapi/main/mahjong2date/0525_0433/760.json,https://raw.githubusercontent.com/jygameclub/testdataapi/main/mahjong2date/0525_0433,普通中奖,120.00,3.00,2,1,8,8,8,0,0,否,否,是,1,0,678315,678316,7441779670768712,9471134.0,9471214.0,2段连消/续转 / 金色符号/百搭转换
连消/掉落,003.json,3,75,金色/百搭,https://fish-games.s3.amazonaws.com/MahjongWays2/index.html?env=ceshislot.osshaiwai.com&hasFloat=0&token=436475c81b51e6893c740657870f86b7&language=en&debug=1&debugDataPath=https://raw.githubusercontent.com/jygameclub/testdataapi/main/mahjong2date/0525_0433&debugStart=3,https://raw.githubusercontent.com/jygameclub/testdataapi/main/mahjong2date/0525_0433/003.json,https://raw.githubusercontent.com/jygameclub/testdataapi/main/mahjong2date/0525_0433,普通中奖,112.00,2.80,3,2,11,12,12,1,1,否,否,是,1,0,675730,675733,5721779667055981,9462146.0,9462218.0,3段连消/续转 / 金色符号/百搭转换
连消/掉落,811.json,811,75,金色/百搭,https://fish-games.s3.amazonaws.com/MahjongWays2/index.html?env=ceshislot.osshaiwai.com&hasFloat=0&token=436475c81b51e6893c740657870f86b7&language=en&debug=1&debugDataPath=https://raw.githubusercontent.com/jygameclub/testdataapi/main/mahjong2date/0525_0433&debugStart=811,https://raw.githubusercontent.com/jygameclub/testdataapi/main/mahjong2date/0525_0433/811.json,https://raw.githubusercontent.com/jygameclub/testdataapi/main/mahjong2date/0525_0433,普通中奖,102.00,2.55,3,2,8,9,10,1,1,否,否,是,2,0,678660,678662,6841779671268636,9475944.0,9476006.0,3段连消/续转 / 金色符号/百搭转换
连消/掉落,572.json,572,75,金色/百搭,https://fish-games.s3.amazonaws.com/MahjongWays2/index.html?env=ceshislot.osshaiwai.com&hasFloat=0&token=436475c81b51e6893c740657870f86b7&language=en&debug=1&debugDataPath=https://raw.githubusercontent.com/jygameclub/testdataapi/main/mahjong2date/0525_0433&debugStart=572,https://raw.githubusercontent.com/jygameclub/testdataapi/main/mahjong2date/0525_0433/572.json,https://raw.githubusercontent.com/jygameclub/testdataapi/main/mahjong2date/0525_0433,普通中奖,100.00,2.50,3,2,10,11,11,1,1,否,否,是,1,0,677881,677883,4881779670289380,9472984.0,9473044.0,3段连消/续转 / 金色符号/百搭转换
连消/掉落,401.json,401,75,金色/百搭,https://fish-games.s3.amazonaws.com/MahjongWays2/index.html?env=ceshislot.osshaiwai.com&hasFloat=0&token=436475c81b51e6893c740657870f86b7&language=en&debug=1&debugDataPath=https://raw.githubusercontent.com/jygameclub/testdataapi/main/mahjong2date/0525_0433&debugStart=401,https://raw.githubusercontent.com/jygameclub/testdataapi/main/mahjong2date/0525_0433/401.json,https://raw.githubusercontent.com/jygameclub/testdataapi/main/mahjong2date/0525_0433,普通中奖,98.00,2.45,3,2,11,12,12,1,1,否,否,是,1,1,677340,677342,4371779669599628,9473742.0,9473800.0,3段连消/续转 / 金色符号/百搭转换
连消/掉落,054.json,54,75,金色/百搭,https://fish-games.s3.amazonaws.com/MahjongWays2/index.html?env=ceshislot.osshaiwai.com&hasFloat=0&token=436475c81b51e6893c740657870f86b7&language=en&debug=1&debugDataPath=https://raw.githubusercontent.com/jygameclub/testdataapi/main/mahjong2date/0525_0433&debugStart=54,https://raw.githubusercontent.com/jygameclub/testdataapi/main/mahjong2date/0525_0433/054.json,https://raw.githubusercontent.com/jygameclub/testdataapi/main/mahjong2date/0525_0433,普通中奖,96.00,2.40,3,2,11,12,12,1,1,否,否,是,1,1,675843,675845,8611779667165192,9461476.0,9461532.0,3段连消/续转 / 金色符号/百搭转换
连消/掉落,932.json,932,75,金色/百搭,https://fish-games.s3.amazonaws.com/MahjongWays2/index.html?env=ceshislot.osshaiwai.com&hasFloat=0&token=436475c81b51e6893c740657870f86b7&language=en&debug=1&debugDataPath=https://raw.githubusercontent.com/jygameclub/testdataapi/main/mahjong2date/0525_0433&debugStart=932,https://raw.githubusercontent.com/jygameclub/testdataapi/main/mahjong2date/0525_0433/932.json,https://raw.githubusercontent.com/jygameclub/testdataapi/main/mahjong2date/0525_0433,普通中奖,94.00,2.35,4,3,14,16,16,2,1,否,否,是,1,1,678938,678941,7771779671522434,9473240.0,9473294.0,4段连消/续转 / 金色符号/百搭转换
连消/掉落,880.json,880,75,金色/百搭,https://fish-games.s3.amazonaws.com/MahjongWays2/index.html?env=ceshislot.osshaiwai.com&hasFloat=0&token=436475c81b51e6893c740657870f86b7&language=en&debug=1&debugDataPath=https://raw.githubusercontent.com/jygameclub/testdataapi/main/mahjong2date/0525_0433&debugStart=880,https://raw.githubusercontent.com/jygameclub/testdataapi/main/mahjong2date/0525_0433/880.json,https://raw.githubusercontent.com/jygameclub/testdataapi/main/mahjong2date/0525_0433,普通中奖,92.00,2.30,4,3,20,22,24,2,2,否,否,是,2,1,678827,678830,2091779671415635,9474218.0,9474270.0,4段连消/续转 / 金色符号/百搭转换
连消/掉落,487.json,487,75,金色/百搭,https://fish-games.s3.amazonaws.com/MahjongWays2/index.html?env=ceshislot.osshaiwai.com&hasFloat=0&token=436475c81b51e6893c740657870f86b7&language=en&debug=1&debugDataPath=https://raw.githubusercontent.com/jygameclub/testdataapi/main/mahjong2date/0525_0433&debugStart=487,https://raw.githubusercontent.com/jygameclub/testdataapi/main/mahjong2date/0525_0433/487.json,https://raw.githubusercontent.com/jygameclub/testdataapi/main/mahjong2date/0525_0433,普通中奖,86.00,2.15,4,3,19,19,19,0,0,否,否,是,2,2,677546,677550,8421779669846644,9473238.0,9473284.0,4段连消/续转 / 金色符号/百搭转换
连消/掉落,177.json,177,75,金色/百搭,https://fish-games.s3.amazonaws.com/MahjongWays2/index.html?env=ceshislot.osshaiwai.com&hasFloat=0&token=436475c81b51e6893c740657870f86b7&language=en&debug=1&debugDataPath=https://raw.githubusercontent.com/jygameclub/testdataapi/main/mahjong2date/0525_0433&debugStart=177,https://raw.githubusercontent.com/jygameclub/testdataapi/main/mahjong2date/0525_0433/177.json,https://raw.githubusercontent.com/jygameclub/testdataapi/main/mahjong2date/0525_0433,普通中奖,86.00,2.15,3,2,11,13,14,2,1,否,否,是,2,1,676201,676204,2911779667634873,9465028.0,9465074.0,3段连消/续转 / 金色符号/百搭转换
连消/掉落,828.json,828,75,金色/百搭,https://fish-games.s3.amazonaws.com/MahjongWays2/index.html?env=ceshislot.osshaiwai.com&hasFloat=0&token=436475c81b51e6893c740657870f86b7&language=en&debug=1&debugDataPath=https://raw.githubusercontent.com/jygameclub/testdataapi/main/mahjong2date/0525_0433&debugStart=828,https://raw.githubusercontent.com/jygameclub/testdataapi/main/mahjong2date/0525_0433/828.json,https://raw.githubusercontent.com/jygameclub/testdataapi/main/mahjong2date/0525_0433,普通中奖,82.00,2.05,4,3,14,14,14,0,0,否,否,是,1,0,678701,678705,5471779671304719,9475604.0,9475646.0,4段连消/续转 / 金色符号/百搭转换
连消/掉落,961.json,961,75,金色/百搭,https://fish-games.s3.amazonaws.com/MahjongWays2/index.html?env=ceshislot.osshaiwai.com&hasFloat=0&token=436475c81b51e6893c740657870f86b7&language=en&debug=1&debugDataPath=https://raw.githubusercontent.com/jygameclub/testdataapi/main/mahjong2date/0525_0433&debugStart=961,https://raw.githubusercontent.com/jygameclub/testdataapi/main/mahjong2date/0525_0433/961.json,https://raw.githubusercontent.com/jygameclub/testdataapi/main/mahjong2date/0525_0433,普通中奖,82.00,2.05,4,3,19,19,19,0,0,否,否,是,2,0,679179,679182,1351779671953366,9477430.0,9477472.0,4段连消/续转 / 金色符号/百搭转换
连消/掉落,642.json,642,75,金色/百搭,https://fish-games.s3.amazonaws.com/MahjongWays2/index.html?env=ceshislot.osshaiwai.com&hasFloat=0&token=436475c81b51e6893c740657870f86b7&language=en&debug=1&debugDataPath=https://raw.githubusercontent.com/jygameclub/testdataapi/main/mahjong2date/0525_0433&debugStart=642,https://raw.githubusercontent.com/jygameclub/testdataapi/main/mahjong2date/0525_0433/642.json,https://raw.githubusercontent.com/jygameclub/testdataapi/main/mahjong2date/0525_0433,普通中奖,80.00,2.00,2,1,6,7,7,1,1,否,否,是,1,0,678102,678103,7761779670540879,9472910.0,9472950.0,2段连消/续转 / 金色符号/百搭转换
连消/掉落,889.json,889,75,金色/百搭,https://fish-games.s3.amazonaws.com/MahjongWays2/index.html?env=ceshislot.osshaiwai.com&hasFloat=0&token=436475c81b51e6893c740657870f86b7&language=en&debug=1&debugDataPath=https://raw.githubusercontent.com/jygameclub/testdataapi/main/mahjong2date/0525_0433&debugStart=889,https://raw.githubusercontent.com/jygameclub/testdataapi/main/mahjong2date/0525_0433/889.json,https://raw.githubusercontent.com/jygameclub/testdataapi/main/mahjong2date/0525_0433,普通中奖,80.00,2.00,2,1,7,7,7,0,0,否,否,是,1,1,678844,678845,4691779671438453,9474128.0,9474168.0,2段连消/续转 / 金色符号/百搭转换
连消/掉落,941.json,941,75,金色/百搭,https://fish-games.s3.amazonaws.com/MahjongWays2/index.html?env=ceshislot.osshaiwai.com&hasFloat=0&token=436475c81b51e6893c740657870f86b7&language=en&debug=1&debugDataPath=https://raw.githubusercontent.com/jygameclub/testdataapi/main/mahjong2date/0525_0433&debugStart=941,https://raw.githubusercontent.com/jygameclub/testdataapi/main/mahjong2date/0525_0433/941.json,https://raw.githubusercontent.com/jygameclub/testdataapi/main/mahjong2date/0525_0433,普通中奖,76.00,1.90,4,3,11,11,11,0,0,否,否,是,1,0,679026,679029,3241779671641167,9474058.0,9474094.0,4段连消/续转 / 金色符号/百搭转换
连消/掉落,101.json,101,75,金色/百搭,https://fish-games.s3.amazonaws.com/MahjongWays2/index.html?env=ceshislot.osshaiwai.com&hasFloat=0&token=436475c81b51e6893c740657870f86b7&language=en&debug=1&debugDataPath=https://raw.githubusercontent.com/jygameclub/testdataapi/main/mahjong2date/0525_0433&debugStart=101,https://raw.githubusercontent.com/jygameclub/testdataapi/main/mahjong2date/0525_0433/101.json,https://raw.githubusercontent.com/jygameclub/testdataapi/main/mahjong2date/0525_0433,普通中奖,76.00,1.90,3,2,10,11,12,1,1,否,否,是,2,0,676000,676002,4551779667374692,9464352.0,9464388.0,3段连消/续转 / 金色符号/百搭转换
连消/掉落,036.json,36,75,金色/百搭,https://fish-games.s3.amazonaws.com/MahjongWays2/index.html?env=ceshislot.osshaiwai.com&hasFloat=0&token=436475c81b51e6893c740657870f86b7&language=en&debug=1&debugDataPath=https://raw.githubusercontent.com/jygameclub/testdataapi/main/mahjong2date/0525_0433&debugStart=36,https://raw.githubusercontent.com/jygameclub/testdataapi/main/mahjong2date/0525_0433/036.json,https://raw.githubusercontent.com/jygameclub/testdataapi/main/mahjong2date/0525_0433,普通中奖,72.00,1.80,3,2,16,16,16,0,0,否,否,是,2,0,675803,675805,8081779667123043,9461990.0,9462022.0,3段连消/续转 / 金色符号/百搭转换
连消/掉落,952.json,952,75,金色/百搭,https://fish-games.s3.amazonaws.com/MahjongWays2/index.html?env=ceshislot.osshaiwai.com&hasFloat=0&token=436475c81b51e6893c740657870f86b7&language=en&debug=1&debugDataPath=https://raw.githubusercontent.com/jygameclub/testdataapi/main/mahjong2date/0525_0433&debugStart=952,https://raw.githubusercontent.com/jygameclub/testdataapi/main/mahjong2date/0525_0433/952.json,https://raw.githubusercontent.com/jygameclub/testdataapi/main/mahjong2date/0525_0433,普通中奖,72.00,1.80,3,2,11,11,11,0,0,否,否,是,1,1,679076,679078,8631779671756999,9475152.0,9475184.0,3段连消/续转 / 金色符号/百搭转换
连消/掉落,099.json,99,75,金色/百搭,https://fish-games.s3.amazonaws.com/MahjongWays2/index.html?env=ceshislot.osshaiwai.com&hasFloat=0&token=436475c81b51e6893c740657870f86b7&language=en&debug=1&debugDataPath=https://raw.githubusercontent.com/jygameclub/testdataapi/main/mahjong2date/0525_0433&debugStart=99,https://raw.githubusercontent.com/jygameclub/testdataapi/main/mahjong2date/0525_0433/099.json,https://raw.githubusercontent.com/jygameclub/testdataapi/main/mahjong2date/0525_0433,普通中奖,72.00,1.80,2,1,8,8,8,0,0,否,否,是,1,0,675996,675997,1721779667370642,9464360.0,9464392.0,2段连消/续转 / 金色符号/百搭转换
连消/掉落,892.json,892,75,金色/百搭,https://fish-games.s3.amazonaws.com/MahjongWays2/index.html?env=ceshislot.osshaiwai.com&hasFloat=0&token=436475c81b51e6893c740657870f86b7&language=en&debug=1&debugDataPath=https://raw.githubusercontent.com/jygameclub/testdataapi/main/mahjong2date/0525_0433&debugStart=892,https://raw.githubusercontent.com/jygameclub/testdataapi/main/mahjong2date/0525_0433/892.json,https://raw.githubusercontent.com/jygameclub/testdataapi/main/mahjong2date/0525_0433,普通中奖,72.00,1.80,2,1,8,8,8,0,0,否,否,是,1,1,678852,678853,7551779671445401,9474100.0,9474132.0,2段连消/续转 / 金色符号/百搭转换
连消/掉落,762.json,762,75,金色/百搭,https://fish-games.s3.amazonaws.com/MahjongWays2/index.html?env=ceshislot.osshaiwai.com&hasFloat=0&token=436475c81b51e6893c740657870f86b7&language=en&debug=1&debugDataPath=https://raw.githubusercontent.com/jygameclub/testdataapi/main/mahjong2date/0525_0433&debugStart=762,https://raw.githubusercontent.com/jygameclub/testdataapi/main/mahjong2date/0525_0433/762.json,https://raw.githubusercontent.com/jygameclub/testdataapi/main/mahjong2date/0525_0433,普通中奖,70.00,1.75,3,2,9,9,9,0,0,否,否,是,1,1,678318,678320,6581779670772295,9471174.0,9471204.0,3段连消/续转 / 金色符号/百搭转换
连消/掉落,578.json,578,75,金色/百搭,https://fish-games.s3.amazonaws.com/MahjongWays2/index.html?env=ceshislot.osshaiwai.com&hasFloat=0&token=436475c81b51e6893c740657870f86b7&language=en&debug=1&debugDataPath=https://raw.githubusercontent.com/jygameclub/testdataapi/main/mahjong2date/0525_0433&debugStart=578,https://raw.githubusercontent.com/jygameclub/testdataapi/main/mahjong2date/0525_0433/578.json,https://raw.githubusercontent.com/jygameclub/testdataapi/main/mahjong2date/0525_0433,普通中奖,68.00,1.70,4,3,18,18,18,0,0,否,否,是,2,1,677895,677898,6871779670312064,9473002.0,9473030.0,4段连消/续转 / 金色符号/百搭转换
连消/掉落,577.json,577,75,金色/百搭,https://fish-games.s3.amazonaws.com/MahjongWays2/index.html?env=ceshislot.osshaiwai.com&hasFloat=0&token=436475c81b51e6893c740657870f86b7&language=en&debug=1&debugDataPath=https://raw.githubusercontent.com/jygameclub/testdataapi/main/mahjong2date/0525_0433&debugStart=577,https://raw.githubusercontent.com/jygameclub/testdataapi/main/mahjong2date/0525_0433/577.json,https://raw.githubusercontent.com/jygameclub/testdataapi/main/mahjong2date/0525_0433,普通中奖,68.00,1.70,3,2,14,15,16,1,1,否,否,是,2,1,677892,677894,6841779670307230,9472974.0,9473002.0,3段连消/续转 / 金色符号/百搭转换
连消/掉落,120.json,120,75,金色/百搭,https://fish-games.s3.amazonaws.com/MahjongWays2/index.html?env=ceshislot.osshaiwai.com&hasFloat=0&token=436475c81b51e6893c740657870f86b7&language=en&debug=1&debugDataPath=https://raw.githubusercontent.com/jygameclub/testdataapi/main/mahjong2date/0525_0433&debugStart=120,https://raw.githubusercontent.com/jygameclub/testdataapi/main/mahjong2date/0525_0433/120.json,https://raw.githubusercontent.com/jygameclub/testdataapi/main/mahjong2date/0525_0433,普通中奖,66.00,1.65,3,2,13,13,13,0,0,否,否,是,2,0,676085,676088,9751779667514857,9465746.0,9465772.0,3段连消/续转 / 金色符号/百搭转换
连消/掉落,037.json,37,75,金色/百搭,https://fish-games.s3.amazonaws.com/MahjongWays2/index.html?env=ceshislot.osshaiwai.com&hasFloat=0&token=436475c81b51e6893c740657870f86b7&language=en&debug=1&debugDataPath=https://raw.githubusercontent.com/jygameclub/testdataapi/main/mahjong2date/0525_0433&debugStart=37,https://raw.githubusercontent.com/jygameclub/testdataapi/main/mahjong2date/0525_0433/037.json,https://raw.githubusercontent.com/jygameclub/testdataapi/main/mahjong2date/0525_0433,普通中奖,64.00,1.60,3,2,13,15,16,2,1,否,否,是,2,1,675806,675808,9051779667127810,9462022.0,9462046.0,3段连消/续转 / 金色符号/百搭转换
连消/掉落,491.json,491,75,金色/百搭,https://fish-games.s3.amazonaws.com/MahjongWays2/index.html?env=ceshislot.osshaiwai.com&hasFloat=0&token=436475c81b51e6893c740657870f86b7&language=en&debug=1&debugDataPath=https://raw.githubusercontent.com/jygameclub/testdataapi/main/mahjong2date/0525_0433&debugStart=491,https://raw.githubusercontent.com/jygameclub/testdataapi/main/mahjong2date/0525_0433/491.json,https://raw.githubusercontent.com/jygameclub/testdataapi/main/mahjong2date/0525_0433,普通中奖,62.00,1.55,4,3,13,14,14,1,1,否,否,是,1,0,677558,677562,8101779669859760,9473170.0,9473192.0,4段连消/续转 / 金色符号/百搭转换
连消/掉落,729.json,729,75,金色/百搭,https://fish-games.s3.amazonaws.com/MahjongWays2/index.html?env=ceshislot.osshaiwai.com&hasFloat=0&token=436475c81b51e6893c740657870f86b7&language=en&debug=1&debugDataPath=https://raw.githubusercontent.com/jygameclub/testdataapi/main/mahjong2date/0525_0433&debugStart=729,https://raw.githubusercontent.com/jygameclub/testdataapi/main/mahjong2date/0525_0433/729.json,https://raw.githubusercontent.com/jygameclub/testdataapi/main/mahjong2date/0525_0433,普通中奖,62.00,1.55,3,2,15,16,17,1,1,否,否,是,2,0,678264,678266,9021779670702562,9471710.0,9471732.0,3段连消/续转 / 金色符号/百搭转换
连消/掉落,182.json,182,75,金色/百搭,https://fish-games.s3.amazonaws.com/MahjongWays2/index.html?env=ceshislot.osshaiwai.com&hasFloat=0&token=436475c81b51e6893c740657870f86b7&language=en&debug=1&debugDataPath=https://raw.githubusercontent.com/jygameclub/testdataapi/main/mahjong2date/0525_0433&debugStart=182,https://raw.githubusercontent.com/jygameclub/testdataapi/main/mahjong2date/0525_0433/182.json,https://raw.githubusercontent.com/jygameclub/testdataapi/main/mahjong2date/0525_0433,普通中奖,60.00,1.50,4,3,12,12,12,0,0,否,否,是,1,2,676215,676221,8111779667647840,9464922.0,9464942.0,4段连消/续转 / 金色符号/百搭转换
连消/掉落,418.json,418,75,金色/百搭,https://fish-games.s3.amazonaws.com/MahjongWays2/index.html?env=ceshislot.osshaiwai.com&hasFloat=0&token=436475c81b51e6893c740657870f86b7&language=en&debug=1&debugDataPath=https://raw.githubusercontent.com/jygameclub/testdataapi/main/mahjong2date/0525_0433&debugStart=418,https://raw.githubusercontent.com/jygameclub/testdataapi/main/mahjong2date/0525_0433/418.json,https://raw.githubusercontent.com/jygameclub/testdataapi/main/mahjong2date/0525_0433,普通中奖,60.00,1.50,3,2,14,14,14,0,0,否,否,是,2,0,677374,677378,8621779669644111,9473598.0,9473618.0,3段连消/续转 / 金色符号/百搭转换
连消/掉落,522.json,522,75,金色/百搭,https://fish-games.s3.amazonaws.com/MahjongWays2/index.html?env=ceshislot.osshaiwai.com&hasFloat=0&token=436475c81b51e6893c740657870f86b7&language=en&debug=1&debugDataPath=https://raw.githubusercontent.com/jygameclub/testdataapi/main/mahjong2date/0525_0433&debugStart=522,https://raw.githubusercontent.com/jygameclub/testdataapi/main/mahjong2date/0525_0433/522.json,https://raw.githubusercontent.com/jygameclub/testdataapi/main/mahjong2date/0525_0433,普通中奖,60.00,1.50,2,1,6,6,6,0,0,否,否,是,1,1,677786,677787,4521779670189515,9474250.0,9474270.0,2段连消/续转 / 金色符号/百搭转换
连消/掉落,646.json,646,75,金色/百搭,https://fish-games.s3.amazonaws.com/MahjongWays2/index.html?env=ceshislot.osshaiwai.com&hasFloat=0&token=436475c81b51e6893c740657870f86b7&language=en&debug=1&debugDataPath=https://raw.githubusercontent.com/jygameclub/testdataapi/main/mahjong2date/0525_0433&debugStart=646,https://raw.githubusercontent.com/jygameclub/testdataapi/main/mahjong2date/0525_0433/646.json,https://raw.githubusercontent.com/jygameclub/testdataapi/main/mahjong2date/0525_0433,普通中奖,60.00,1.50,2,1,7,7,7,0,0,否,否,是,1,1,678112,678113,3671779670550379,9472836.0,9472856.0,2段连消/续转 / 金色符号/百搭转换
连消/掉落,553.json,553,75,金色/百搭,https://fish-games.s3.amazonaws.com/MahjongWays2/index.html?env=ceshislot.osshaiwai.com&hasFloat=0&token=436475c81b51e6893c740657870f86b7&language=en&debug=1&debugDataPath=https://raw.githubusercontent.com/jygameclub/testdataapi/main/mahjong2date/0525_0433&debugStart=553,https://raw.githubusercontent.com/jygameclub/testdataapi/main/mahjong2date/0525_0433/553.json,https://raw.githubusercontent.com/jygameclub/testdataapi/main/mahjong2date/0525_0433,普通中奖,56.00,1.40,4,3,14,16,17,2,1,否,否,是,2,2,677836,677841,9341779670249247,9473574.0,9473590.0,4段连消/续转 / 金色符号/百搭转换
连消/掉落,088.json,88,75,金色/百搭,https://fish-games.s3.amazonaws.com/MahjongWays2/index.html?env=ceshislot.osshaiwai.com&hasFloat=0&token=436475c81b51e6893c740657870f86b7&language=en&debug=1&debugDataPath=https://raw.githubusercontent.com/jygameclub/testdataapi/main/mahjong2date/0525_0433&debugStart=88,https://raw.githubusercontent.com/jygameclub/testdataapi/main/mahjong2date/0525_0433/088.json,https://raw.githubusercontent.com/jygameclub/testdataapi/main/mahjong2date/0525_0433,普通中奖,56.00,1.40,3,2,8,9,9,1,1,否,否,是,1,0,675958,675962,4611779667342808,9464466.0,9464482.0,3段连消/续转 / 金色符号/百搭转换
连消/掉落,469.json,469,75,金色/百搭,https://fish-games.s3.amazonaws.com/MahjongWays2/index.html?env=ceshislot.osshaiwai.com&hasFloat=0&token=436475c81b51e6893c740657870f86b7&language=en&debug=1&debugDataPath=https://raw.githubusercontent.com/jygameclub/testdataapi/main/mahjong2date/0525_0433&debugStart=469,https://raw.githubusercontent.com/jygameclub/testdataapi/main/mahjong2date/0525_0433/469.json,https://raw.githubusercontent.com/jygameclub/testdataapi/main/mahjong2date/0525_0433,普通中奖,56.00,1.40,3,2,11,12,12,1,1,否,否,是,1,0,677508,677511,9691779669817128,9473880.0,9473896.0,3段连消/续转 / 金色符号/百搭转换
连消/掉落,520.json,520,75,金色/百搭,https://fish-games.s3.amazonaws.com/MahjongWays2/index.html?env=ceshislot.osshaiwai.com&hasFloat=0&token=436475c81b51e6893c740657870f86b7&language=en&debug=1&debugDataPath=https://raw.githubusercontent.com/jygameclub/testdataapi/main/mahjong2date/0525_0433&debugStart=520,https://raw.githubusercontent.com/jygameclub/testdataapi/main/mahjong2date/0525_0433/520.json,https://raw.githubusercontent.com/jygameclub/testdataapi/main/mahjong2date/0525_0433,普通中奖,56.00,1.40,3,2,10,10,10,0,0,否,否,是,1,0,677781,677783,1951779670183948,9474274.0,9474290.0,3段连消/续转 / 金色符号/百搭转换
连消/掉落,711.json,711,75,金色/百搭,https://fish-games.s3.amazonaws.com/MahjongWays2/index.html?env=ceshislot.osshaiwai.com&hasFloat=0&token=436475c81b51e6893c740657870f86b7&language=en&debug=1&debugDataPath=https://raw.githubusercontent.com/jygameclub/testdataapi/main/mahjong2date/0525_0433&debugStart=711,https://raw.githubusercontent.com/jygameclub/testdataapi/main/mahjong2date/0525_0433/711.json,https://raw.githubusercontent.com/jygameclub/testdataapi/main/mahjong2date/0525_0433,普通中奖,54.00,1.35,3,2,8,8,8,0,0,否,否,是,1,0,678238,678240,1741779670675979,9472368.0,9472382.0,3段连消/续转 / 金色符号/百搭转换
连消/掉落,796.json,796,75,金色/百搭,https://fish-games.s3.amazonaws.com/MahjongWays2/index.html?env=ceshislot.osshaiwai.com&hasFloat=0&token=436475c81b51e6893c740657870f86b7&language=en&debug=1&debugDataPath=https://raw.githubusercontent.com/jygameclub/testdataapi/main/mahjong2date/0525_0433&debugStart=796,https://raw.githubusercontent.com/jygameclub/testdataapi/main/mahjong2date/0525_0433/796.json,https://raw.githubusercontent.com/jygameclub/testdataapi/main/mahjong2date/0525_0433,普通中奖,54.00,1.35,3,2,13,13,13,0,0,否,否,是,2,1,678635,678638,6531779671242836,9476462.0,9476476.0,3段连消/续转 / 金色符号/百搭转换
连消/掉落,312.json,312,75,金色/百搭,https://fish-games.s3.amazonaws.com/MahjongWays2/index.html?env=ceshislot.osshaiwai.com&hasFloat=0&token=436475c81b51e6893c740657870f86b7&language=en&debug=1&debugDataPath=https://raw.githubusercontent.com/jygameclub/testdataapi/main/mahjong2date/0525_0433&debugStart=312,https://raw.githubusercontent.com/jygameclub/testdataapi/main/mahjong2date/0525_0433/312.json,https://raw.githubusercontent.com/jygameclub/testdataapi/main/mahjong2date/0525_0433,普通中奖,54.00,1.35,2,1,12,12,12,0,0,否,否,是,2,2,676905,676907,4821779668958645,9465000.0,9465014.0,2段连消/续转 / 金色符号/百搭转换
连消/掉落,954.json,954,75,金色/百搭,https://fish-games.s3.amazonaws.com/MahjongWays2/index.html?env=ceshislot.osshaiwai.com&hasFloat=0&token=436475c81b51e6893c740657870f86b7&language=en&debug=1&debugDataPath=https://raw.githubusercontent.com/jygameclub/testdataapi/main/mahjong2date/0525_0433&debugStart=954,https://raw.githubusercontent.com/jygameclub/testdataapi/main/mahjong2date/0525_0433/954.json,https://raw.githubusercontent.com/jygameclub/testdataapi/main/mahjong2date/0525_0433,普通中奖,54.00,1.35,2,1,12,12,12,0,0,否,否,是,2,0,679082,679083,1431779671762682,9475144.0,9475158.0,2段连消/续转 / 金色符号/百搭转换
连消/掉落,631.json,631,75,金色/百搭,https://fish-games.s3.amazonaws.com/MahjongWays2/index.html?env=ceshislot.osshaiwai.com&hasFloat=0&token=436475c81b51e6893c740657870f86b7&language=en&debug=1&debugDataPath=https://raw.githubusercontent.com/jygameclub/testdataapi/main/mahjong2date/0525_0433&debugStart=631,https://raw.githubusercontent.com/jygameclub/testdataapi/main/mahjong2date/0525_0433/631.json,https://raw.githubusercontent.com/jygameclub/testdataapi/main/mahjong2date/0525_0433,普通中奖,52.00,1.30,3,2,12,13,13,1,1,否,否,是,1,0,678074,678077,5391779670516146,9472852.0,9472864.0,3段连消/续转 / 金色符号/百搭转换
连消/掉落,387.json,387,75,金色/百搭,https://fish-games.s3.amazonaws.com/MahjongWays2/index.html?env=ceshislot.osshaiwai.com&hasFloat=0&token=436475c81b51e6893c740657870f86b7&language=en&debug=1&debugDataPath=https://raw.githubusercontent.com/jygameclub/testdataapi/main/mahjong2date/0525_0433&debugStart=387,https://raw.githubusercontent.com/jygameclub/testdataapi/main/mahjong2date/0525_0433/387.json,https://raw.githubusercontent.com/jygameclub/testdataapi/main/mahjong2date/0525_0433,普通中奖,48.00,1.20,4,3,11,11,11,0,0,否,否,是,1,1,677308,677311,3781779669557558,9473412.0,9473420.0,4段连消/续转 / 金色符号/百搭转换
连消/掉落,449.json,449,75,金色/百搭,https://fish-games.s3.amazonaws.com/MahjongWays2/index.html?env=ceshislot.osshaiwai.com&hasFloat=0&token=436475c81b51e6893c740657870f86b7&language=en&debug=1&debugDataPath=https://raw.githubusercontent.com/jygameclub/testdataapi/main/mahjong2date/0525_0433&debugStart=449,https://raw.githubusercontent.com/jygameclub/testdataapi/main/mahjong2date/0525_0433/449.json,https://raw.githubusercontent.com/jygameclub/testdataapi/main/mahjong2date/0525_0433,普通中奖,48.00,1.20,3,2,10,12,14,2,2,否,否,是,2,0,677478,677480,1741779669789277,9474624.0,9474632.0,3段连消/续转 / 金色符号/百搭转换
连消/掉落,130.json,130,75,金色/百搭,https://fish-games.s3.amazonaws.com/MahjongWays2/index.html?env=ceshislot.osshaiwai.com&hasFloat=0&token=436475c81b51e6893c740657870f86b7&language=en&debug=1&debugDataPath=https://raw.githubusercontent.com/jygameclub/testdataapi/main/mahjong2date/0525_0433&debugStart=130,https://raw.githubusercontent.com/jygameclub/testdataapi/main/mahjong2date/0525_0433/130.json,https://raw.githubusercontent.com/jygameclub/testdataapi/main/mahjong2date/0525_0433,普通中奖,48.00,1.20,2,1,7,7,7,0,0,否,否,是,1,2,676109,676110,1411779667535324,9465592.0,9465600.0,2段连消/续转 / 金色符号/百搭转换
连消/掉落,142.json,142,75,金色/百搭,https://fish-games.s3.amazonaws.com/MahjongWays2/index.html?env=ceshislot.osshaiwai.com&hasFloat=0&token=436475c81b51e6893c740657870f86b7&language=en&debug=1&debugDataPath=https://raw.githubusercontent.com/jygameclub/testdataapi/main/mahjong2date/0525_0433&debugStart=142,https://raw.githubusercontent.com/jygameclub/testdataapi/main/mahjong2date/0525_0433/142.json,https://raw.githubusercontent.com/jygameclub/testdataapi/main/mahjong2date/0525_0433,普通中奖,48.00,1.20,2,1,6,7,7,1,1,否,否,是,1,0,676124,676125,7941779667555907,9465174.0,9465182.0,2段连消/续转 / 金色符号/百搭转换
连消/掉落,217.json,217,75,金色/百搭,https://fish-games.s3.amazonaws.com/MahjongWays2/index.html?env=ceshislot.osshaiwai.com&hasFloat=0&token=436475c81b51e6893c740657870f86b7&language=en&debug=1&debugDataPath=https://raw.githubusercontent.com/jygameclub/testdataapi/main/mahjong2date/0525_0433&debugStart=217,https://raw.githubusercontent.com/jygameclub/testdataapi/main/mahjong2date/0525_0433/217.json,https://raw.githubusercontent.com/jygameclub/testdataapi/main/mahjong2date/0525_0433,普通中奖,48.00,1.20,2,1,6,7,7,1,1,否,否,是,1,0,676396,676397,4421779667941554,9466576.0,9466584.0,2段连消/续转 / 金色符号/百搭转换
连消/掉落,345.json,345,75,金色/百搭,https://fish-games.s3.amazonaws.com/MahjongWays2/index.html?env=ceshislot.osshaiwai.com&hasFloat=0&token=436475c81b51e6893c740657870f86b7&language=en&debug=1&debugDataPath=https://raw.githubusercontent.com/jygameclub/testdataapi/main/mahjong2date/0525_0433&debugStart=345,https://raw.githubusercontent.com/jygameclub/testdataapi/main/mahjong2date/0525_0433/345.json,https://raw.githubusercontent.com/jygameclub/testdataapi/main/mahjong2date/0525_0433,普通中奖,48.00,1.20,2,1,6,7,7,1,1,否,否,是,1,1,677099,677100,9571779669291143,9471234.0,9471242.0,2段连消/续转 / 金色符号/百搭转换
连消/掉落,402.json,402,75,金色/百搭,https://fish-games.s3.amazonaws.com/MahjongWays2/index.html?env=ceshislot.osshaiwai.com&hasFloat=0&token=436475c81b51e6893c740657870f86b7&language=en&debug=1&debugDataPath=https://raw.githubusercontent.com/jygameclub/testdataapi/main/mahjong2date/0525_0433&debugStart=402,https://raw.githubusercontent.com/jygameclub/testdataapi/main/mahjong2date/0525_0433/402.json,https://raw.githubusercontent.com/jygameclub/testdataapi/main/mahjong2date/0525_0433,普通中奖,48.00,1.20,2,1,7,7,7,0,0,否,否,是,1,1,677343,677344,7501779669604661,9473800.0,9473808.0,2段连消/续转 / 金色符号/百搭转换
连消/掉落,427.json,427,75,金色/百搭,https://fish-games.s3.amazonaws.com/MahjongWays2/index.html?env=ceshislot.osshaiwai.com&hasFloat=0&token=436475c81b51e6893c740657870f86b7&language=en&debug=1&debugDataPath=https://raw.githubusercontent.com/jygameclub/testdataapi/main/mahjong2date/0525_0433&debugStart=427,https://raw.githubusercontent.com/jygameclub/testdataapi/main/mahjong2date/0525_0433/427.json,https://raw.githubusercontent.com/jygameclub/testdataapi/main/mahjong2date/0525_0433,普通中奖,48.00,1.20,2,1,7,7,7,0,0,否,否,是,1,2,677403,677404,9551779669673294,9473528.0,9473536.0,2段连消/续转 / 金色符号/百搭转换
连消/掉落,430.json,430,75,金色/百搭,https://fish-games.s3.amazonaws.com/MahjongWays2/index.html?env=ceshislot.osshaiwai.com&hasFloat=0&token=436475c81b51e6893c740657870f86b7&language=en&debug=1&debugDataPath=https://raw.githubusercontent.com/jygameclub/testdataapi/main/mahjong2date/0525_0433&debugStart=430,https://raw.githubusercontent.com/jygameclub/testdataapi/main/mahjong2date/0525_0433/430.json,https://raw.githubusercontent.com/jygameclub/testdataapi/main/mahjong2date/0525_0433,普通中奖,48.00,1.20,2,1,7,7,7,0,0,否,否,是,1,2,677408,677409,9991779669679344,9473456.0,9473464.0,2段连消/续转 / 金色符号/百搭转换
连消/掉落,555.json,555,75,金色/百搭,https://fish-games.s3.amazonaws.com/MahjongWays2/index.html?env=ceshislot.osshaiwai.com&hasFloat=0&token=436475c81b51e6893c740657870f86b7&language=en&debug=1&debugDataPath=https://raw.githubusercontent.com/jygameclub/testdataapi/main/mahjong2date/0525_0433&debugStart=555,https://raw.githubusercontent.com/jygameclub/testdataapi/main/mahjong2date/0525_0433/555.json,https://raw.githubusercontent.com/jygameclub/testdataapi/main/mahjong2date/0525_0433,普通中奖,48.00,1.20,2,1,7,7,7,0,0,否,否,是,1,0,677846,677847,8441779670260948,9473556.0,9473564.0,2段连消/续转 / 金色符号/百搭转换
连消/掉落,749.json,749,75,金色/百搭,https://fish-games.s3.amazonaws.com/MahjongWays2/index.html?env=ceshislot.osshaiwai.com&hasFloat=0&token=436475c81b51e6893c740657870f86b7&language=en&debug=1&debugDataPath=https://raw.githubusercontent.com/jygameclub/testdataapi/main/mahjong2date/0525_0433&debugStart=749,https://raw.githubusercontent.com/jygameclub/testdataapi/main/mahjong2date/0525_0433/749.json,https://raw.githubusercontent.com/jygameclub/testdataapi/main/mahjong2date/0525_0433,普通中奖,48.00,1.20,2,1,7,7,7,0,0,否,否,是,1,0,678295,678296,3161779670739412,9471444.0,9471452.0,2段连消/续转 / 金色符号/百搭转换
连消/掉落,819.json,819,75,金色/百搭,https://fish-games.s3.amazonaws.com/MahjongWays2/index.html?env=ceshislot.osshaiwai.com&hasFloat=0&token=436475c81b51e6893c740657870f86b7&language=en&debug=1&debugDataPath=https://raw.githubusercontent.com/jygameclub/testdataapi/main/mahjong2date/0525_0433&debugStart=819,https://raw.githubusercontent.com/jygameclub/testdataapi/main/mahjong2date/0525_0433/819.json,https://raw.githubusercontent.com/jygameclub/testdataapi/main/mahjong2date/0525_0433,普通中奖,48.00,1.20,2,1,7,7,7,0,0,否,否,是,1,0,678672,678673,8341779671281769,9475726.0,9475734.0,2段连消/续转 / 金色符号/百搭转换
连消/掉落,827.json,827,75,金色/百搭,https://fish-games.s3.amazonaws.com/MahjongWays2/index.html?env=ceshislot.osshaiwai.com&hasFloat=0&token=436475c81b51e6893c740657870f86b7&language=en&debug=1&debugDataPath=https://raw.githubusercontent.com/jygameclub/testdataapi/main/mahjong2date/0525_0433&debugStart=827,https://raw.githubusercontent.com/jygameclub/testdataapi/main/mahjong2date/0525_0433/827.json,https://raw.githubusercontent.com/jygameclub/testdataapi/main/mahjong2date/0525_0433,普通中奖,48.00,1.20,2,1,6,7,7,1,1,否,否,是,1,0,678698,678700,1521779671302036,9475596.0,9475604.0,2段连消/续转 / 金色符号/百搭转换
连消/掉落,957.json,957,75,金色/百搭,https://fish-games.s3.amazonaws.com/MahjongWays2/index.html?env=ceshislot.osshaiwai.com&hasFloat=0&token=436475c81b51e6893c740657870f86b7&language=en&debug=1&debugDataPath=https://raw.githubusercontent.com/jygameclub/testdataapi/main/mahjong2date/0525_0433&debugStart=957,https://raw.githubusercontent.com/jygameclub/testdataapi/main/mahjong2date/0525_0433/957.json,https://raw.githubusercontent.com/jygameclub/testdataapi/main/mahjong2date/0525_0433,普通中奖,48.00,1.20,2,1,7,7,7,0,0,否,否,是,1,0,679089,679090,6021779671767699,9475078.0,9475086.0,2段连消/续转 / 金色符号/百搭转换
连消/掉落,871.json,871,75,金色/百搭,https://fish-games.s3.amazonaws.com/MahjongWays2/index.html?env=ceshislot.osshaiwai.com&hasFloat=0&token=436475c81b51e6893c740657870f86b7&language=en&debug=1&debugDataPath=https://raw.githubusercontent.com/jygameclub/testdataapi/main/mahjong2date/0525_0433&debugStart=871,https://raw.githubusercontent.com/jygameclub/testdataapi/main/mahjong2date/0525_0433/871.json,https://raw.githubusercontent.com/jygameclub/testdataapi/main/mahjong2date/0525_0433,普通中奖,46.00,1.15,4,3,13,13,13,0,0,否,否,是,1,1,678804,678808,8311779671384835,9474276.0,9474282.0,4段连消/续转 / 金色符号/百搭转换
连消/掉落,414.json,414,75,金色/百搭,https://fish-games.s3.amazonaws.com/MahjongWays2/index.html?env=ceshislot.osshaiwai.com&hasFloat=0&token=436475c81b51e6893c740657870f86b7&language=en&debug=1&debugDataPath=https://raw.githubusercontent.com/jygameclub/testdataapi/main/mahjong2date/0525_0433&debugStart=414,https://raw.githubusercontent.com/jygameclub/testdataapi/main/mahjong2date/0525_0433/414.json,https://raw.githubusercontent.com/jygameclub/testdataapi/main/mahjong2date/0525_0433,普通中奖,42.00,1.05,3,2,16,17,18,1,1,否,否,是,2,1,677362,677364,2421779669627995,9473552.0,9473554.0,3段连消/续转 / 金色符号/百搭转换
连消/掉落,575.json,575,75,金色/百搭,https://fish-games.s3.amazonaws.com/MahjongWays2/index.html?env=ceshislot.osshaiwai.com&hasFloat=0&token=436475c81b51e6893c740657870f86b7&language=en&debug=1&debugDataPath=https://raw.githubusercontent.com/jygameclub/testdataapi/main/mahjong2date/0525_0433&debugStart=575,https://raw.githubusercontent.com/jygameclub/testdataapi/main/mahjong2date/0525_0433/575.json,https://raw.githubusercontent.com/jygameclub/testdataapi/main/mahjong2date/0525_0433,普通中奖,42.00,1.05,3,2,5,6,6,1,1,否,否,是,1,0,677887,677889,3661779670298597,9473000.0,9473002.0,3段连消/续转 / 金色符号/百搭转换
连消/掉落,265.json,265,75,金色/百搭,https://fish-games.s3.amazonaws.com/MahjongWays2/index.html?env=ceshislot.osshaiwai.com&hasFloat=0&token=436475c81b51e6893c740657870f86b7&language=en&debug=1&debugDataPath=https://raw.githubusercontent.com/jygameclub/testdataapi/main/mahjong2date/0525_0433&debugStart=265,https://raw.githubusercontent.com/jygameclub/testdataapi/main/mahjong2date/0525_0433/265.json,https://raw.githubusercontent.com/jygameclub/testdataapi/main/mahjong2date/0525_0433,普通中奖,40.00,1.00,3,2,10,11,11,1,1,否,否,是,1,0,676744,676747,2241779668729013,9465860.0,9465860.0,3段连消/续转 / 金色符号/百搭转换
连消/掉落,063.json,63,75,金色/百搭,https://fish-games.s3.amazonaws.com/MahjongWays2/index.html?env=ceshislot.osshaiwai.com&hasFloat=0&token=436475c81b51e6893c740657870f86b7&language=en&debug=1&debugDataPath=https://raw.githubusercontent.com/jygameclub/testdataapi/main/mahjong2date/0525_0433&debugStart=63,https://raw.githubusercontent.com/jygameclub/testdataapi/main/mahjong2date/0525_0433/063.json,https://raw.githubusercontent.com/jygameclub/testdataapi/main/mahjong2date/0525_0433,普通中奖,40.00,1.00,2,1,3,6,6,3,3,否,否,是,1,0,675855,675856,6071779667180843,9461232.0,9461232.0,2段连消/续转 / 金色符号/百搭转换
连消/掉落,625.json,625,75,金色/百搭,https://fish-games.s3.amazonaws.com/MahjongWays2/index.html?env=ceshislot.osshaiwai.com&hasFloat=0&token=436475c81b51e6893c740657870f86b7&language=en&debug=1&debugDataPath=https://raw.githubusercontent.com/jygameclub/testdataapi/main/mahjong2date/0525_0433&debugStart=625,https://raw.githubusercontent.com/jygameclub/testdataapi/main/mahjong2date/0525_0433/625.json,https://raw.githubusercontent.com/jygameclub/testdataapi/main/mahjong2date/0525_0433,普通中奖,40.00,1.00,2,1,6,6,6,0,0,否,否,是,1,0,678058,678060,3551779670499496,9472756.0,9472756.0,2段连消/续转 / 金色符号/百搭转换
连消/掉落,979.json,979,75,金色/百搭,https://fish-games.s3.amazonaws.com/MahjongWays2/index.html?env=ceshislot.osshaiwai.com&hasFloat=0&token=436475c81b51e6893c740657870f86b7&language=en&debug=1&debugDataPath=https://raw.githubusercontent.com/jygameclub/testdataapi/main/mahjong2date/0525_0433&debugStart=979,https://raw.githubusercontent.com/jygameclub/testdataapi/main/mahjong2date/0525_0433/979.json,https://raw.githubusercontent.com/jygameclub/testdataapi/main/mahjong2date/0525_0433,普通中奖,40.00,1.00,2,1,6,6,6,0,0,否,否,是,1,1,679212,679214,1421779671996648,9477570.0,9477570.0,2段连消/续转 / 金色符号/百搭转换
连消/掉落,105.json,105,75,金色/百搭,https://fish-games.s3.amazonaws.com/MahjongWays2/index.html?env=ceshislot.osshaiwai.com&hasFloat=0&token=436475c81b51e6893c740657870f86b7&language=en&debug=1&debugDataPath=https://raw.githubusercontent.com/jygameclub/testdataapi/main/mahjong2date/0525_0433&debugStart=105,https://raw.githubusercontent.com/jygameclub/testdataapi/main/mahjong2date/0525_0433/105.json,https://raw.githubusercontent.com/jygameclub/testdataapi/main/mahjong2date/0525_0433,普通中奖,36.00,0.90,3,2,10,10,10,0,0,否,否,是,1,0,676062,676064,8001779667491241,9466188.0,9466184.0,3段连消/续转 / 金色符号/百搭转换
连消/掉落,143.json,143,75,金色/百搭,https://fish-games.s3.amazonaws.com/MahjongWays2/index.html?env=ceshislot.osshaiwai.com&hasFloat=0&token=436475c81b51e6893c740657870f86b7&language=en&debug=1&debugDataPath=https://raw.githubusercontent.com/jygameclub/testdataapi/main/mahjong2date/0525_0433&debugStart=143,https://raw.githubusercontent.com/jygameclub/testdataapi/main/mahjong2date/0525_0433/143.json,https://raw.githubusercontent.com/jygameclub/testdataapi/main/mahjong2date/0525_0433,普通中奖,36.00,0.90,3,2,11,11,11,0,0,否,否,是,1,0,676126,676128,7981779667558640,9465182.0,9465178.0,3段连消/续转 / 金色符号/百搭转换
连消/掉落,053.json,53,75,金色/百搭,https://fish-games.s3.amazonaws.com/MahjongWays2/index.html?env=ceshislot.osshaiwai.com&hasFloat=0&token=436475c81b51e6893c740657870f86b7&language=en&debug=1&debugDataPath=https://raw.githubusercontent.com/jygameclub/testdataapi/main/mahjong2date/0525_0433&debugStart=53,https://raw.githubusercontent.com/jygameclub/testdataapi/main/mahjong2date/0525_0433/053.json,https://raw.githubusercontent.com/jygameclub/testdataapi/main/mahjong2date/0525_0433,普通中奖,36.00,0.90,2,1,10,10,10,0,0,否,否,是,2,2,675841,675842,4331779667161310,9461480.0,9461476.0,2段连消/续转 / 金色符号/百搭转换
连消/掉落,364.json,364,75,金色/百搭,https://fish-games.s3.amazonaws.com/MahjongWays2/index.html?env=ceshislot.osshaiwai.com&hasFloat=0&token=436475c81b51e6893c740657870f86b7&language=en&debug=1&debugDataPath=https://raw.githubusercontent.com/jygameclub/testdataapi/main/mahjong2date/0525_0433&debugStart=364,https://raw.githubusercontent.com/jygameclub/testdataapi/main/mahjong2date/0525_0433/364.json,https://raw.githubusercontent.com/jygameclub/testdataapi/main/mahjong2date/0525_0433,普通中奖,36.00,0.90,2,1,7,7,7,0,0,否,否,是,1,0,677135,677136,5591779669325691,9470714.0,9470710.0,2段连消/续转 / 金色符号/百搭转换
连消/掉落,432.json,432,75,金色/百搭,https://fish-games.s3.amazonaws.com/MahjongWays2/index.html?env=ceshislot.osshaiwai.com&hasFloat=0&token=436475c81b51e6893c740657870f86b7&language=en&debug=1&debugDataPath=https://raw.githubusercontent.com/jygameclub/testdataapi/main/mahjong2date/0525_0433&debugStart=432,https://raw.githubusercontent.com/jygameclub/testdataapi/main/mahjong2date/0525_0433/432.json,https://raw.githubusercontent.com/jygameclub/testdataapi/main/mahjong2date/0525_0433,普通中奖,36.00,0.90,2,1,7,7,7,0,0,否,否,是,1,1,677411,677412,7391779669684077,9473424.0,9473420.0,2段连消/续转 / 金色符号/百搭转换
连消/掉落,504.json,504,75,金色/百搭,https://fish-games.s3.amazonaws.com/MahjongWays2/index.html?env=ceshislot.osshaiwai.com&hasFloat=0&token=436475c81b51e6893c740657870f86b7&language=en&debug=1&debugDataPath=https://raw.githubusercontent.com/jygameclub/testdataapi/main/mahjong2date/0525_0433&debugStart=504,https://raw.githubusercontent.com/jygameclub/testdataapi/main/mahjong2date/0525_0433/504.json,https://raw.githubusercontent.com/jygameclub/testdataapi/main/mahjong2date/0525_0433,普通中奖,36.00,0.90,2,1,6,7,7,1,1,否,否,是,1,0,677594,677595,1901779669887710,9472798.0,9472794.0,2段连消/续转 / 金色符号/百搭转换
连消/掉落,574.json,574,75,金色/百搭,https://fish-games.s3.amazonaws.com/MahjongWays2/index.html?env=ceshislot.osshaiwai.com&hasFloat=0&token=436475c81b51e6893c740657870f86b7&language=en&debug=1&debugDataPath=https://raw.githubusercontent.com/jygameclub/testdataapi/main/mahjong2date/0525_0433&debugStart=574,https://raw.githubusercontent.com/jygameclub/testdataapi/main/mahjong2date/0525_0433/574.json,https://raw.githubusercontent.com/jygameclub/testdataapi/main/mahjong2date/0525_0433,普通中奖,36.00,0.90,2,1,7,7,7,0,0,否,否,是,1,1,677885,677886,8691779670294914,9473004.0,9473000.0,2段连消/续转 / 金色符号/百搭转换
连消/掉落,997.json,997,75,金色/百搭,https://fish-games.s3.amazonaws.com/MahjongWays2/index.html?env=ceshislot.osshaiwai.com&hasFloat=0&token=436475c81b51e6893c740657870f86b7&language=en&debug=1&debugDataPath=https://raw.githubusercontent.com/jygameclub/testdataapi/main/mahjong2date/0525_0433&debugStart=997,https://raw.githubusercontent.com/jygameclub/testdataapi/main/mahjong2date/0525_0433/997.json,https://raw.githubusercontent.com/jygameclub/testdataapi/main/mahjong2date/0525_0433,普通中奖,36.00,0.90,2,1,7,7,7,0,0,否,否,是,1,0,679262,679264,2761779672040714,9477720.0,9477716.0,2段连消/续转 / 金色符号/百搭转换
连消/掉落,569.json,569,75,金色/百搭,https://fish-games.s3.amazonaws.com/MahjongWays2/index.html?env=ceshislot.osshaiwai.com&hasFloat=0&token=436475c81b51e6893c740657870f86b7&language=en&debug=1&debugDataPath=https://raw.githubusercontent.com/jygameclub/testdataapi/main/mahjong2date/0525_0433&debugStart=569,https://raw.githubusercontent.com/jygameclub/testdataapi/main/mahjong2date/0525_0433/569.json,https://raw.githubusercontent.com/jygameclub/testdataapi/main/mahjong2date/0525_0433,普通中奖,34.00,0.85,3,2,11,11,11,0,0,否,否,是,2,1,677876,677878,7471779670281231,9473070.0,9473064.0,3段连消/续转 / 金色符号/百搭转换
连消/掉落,746.json,746,75,金色/百搭,https://fish-games.s3.amazonaws.com/MahjongWays2/index.html?env=ceshislot.osshaiwai.com&hasFloat=0&token=436475c81b51e6893c740657870f86b7&language=en&debug=1&debugDataPath=https://raw.githubusercontent.com/jygameclub/testdataapi/main/mahjong2date/0525_0433&debugStart=746,https://raw.githubusercontent.com/jygameclub/testdataapi/main/mahjong2date/0525_0433/746.json,https://raw.githubusercontent.com/jygameclub/testdataapi/main/mahjong2date/0525_0433,普通中奖,34.00,0.85,3,2,13,14,14,1,1,否,否,是,2,0,678289,678291,8591779670729895,9471510.0,9471504.0,3段连消/续转 / 金色符号/百搭转换
连消/掉落,493.json,493,75,金色/百搭,https://fish-games.s3.amazonaws.com/MahjongWays2/index.html?env=ceshislot.osshaiwai.com&hasFloat=0&token=436475c81b51e6893c740657870f86b7&language=en&debug=1&debugDataPath=https://raw.githubusercontent.com/jygameclub/testdataapi/main/mahjong2date/0525_0433&debugStart=493,https://raw.githubusercontent.com/jygameclub/testdataapi/main/mahjong2date/0525_0433/493.json,https://raw.githubusercontent.com/jygameclub/testdataapi/main/mahjong2date/0525_0433,普通中奖,32.00,0.80,2,1,11,11,11,0,0,否,否,是,2,0,677565,677567,1921779669868177,9473152.0,9473144.0,2段连消/续转 / 金色符号/百搭转换
连消/掉落,065.json,65,75,金色/百搭,https://fish-games.s3.amazonaws.com/MahjongWays2/index.html?env=ceshislot.osshaiwai.com&hasFloat=0&token=436475c81b51e6893c740657870f86b7&language=en&debug=1&debugDataPath=https://raw.githubusercontent.com/jygameclub/testdataapi/main/mahjong2date/0525_0433&debugStart=65,https://raw.githubusercontent.com/jygameclub/testdataapi/main/mahjong2date/0525_0433/065.json,https://raw.githubusercontent.com/jygameclub/testdataapi/main/mahjong2date/0525_0433,普通中奖,30.00,0.75,2,1,5,5,5,0,0,否,否,是,1,0,675858,675859,1671779667184976,9461192.0,9461182.0,2段连消/续转 / 金色符号/百搭转换
连消/掉落,498.json,498,75,金色/百搭,https://fish-games.s3.amazonaws.com/MahjongWays2/index.html?env=ceshislot.osshaiwai.com&hasFloat=0&token=436475c81b51e6893c740657870f86b7&language=en&debug=1&debugDataPath=https://raw.githubusercontent.com/jygameclub/testdataapi/main/mahjong2date/0525_0433&debugStart=498,https://raw.githubusercontent.com/jygameclub/testdataapi/main/mahjong2date/0525_0433/498.json,https://raw.githubusercontent.com/jygameclub/testdataapi/main/mahjong2date/0525_0433,普通中奖,30.00,0.75,2,1,6,6,6,0,0,否,否,是,1,1,677578,677580,6451779669877094,9473004.0,9472994.0,2段连消/续转 / 金色符号/百搭转换
连消/掉落,316.json,316,75,金色/百搭,https://fish-games.s3.amazonaws.com/MahjongWays2/index.html?env=ceshislot.osshaiwai.com&hasFloat=0&token=436475c81b51e6893c740657870f86b7&language=en&debug=1&debugDataPath=https://raw.githubusercontent.com/jygameclub/testdataapi/main/mahjong2date/0525_0433&debugStart=316,https://raw.githubusercontent.com/jygameclub/testdataapi/main/mahjong2date/0525_0433/316.json,https://raw.githubusercontent.com/jygameclub/testdataapi/main/mahjong2date/0525_0433,普通中奖,28.00,0.70,3,2,8,9,9,1,1,否,否,是,1,0,676912,676914,9911779668966644,9464894.0,9464882.0,3段连消/续转 / 金色符号/百搭转换
连消/掉落,424.json,424,75,金色/百搭,https://fish-games.s3.amazonaws.com/MahjongWays2/index.html?env=ceshislot.osshaiwai.com&hasFloat=0&token=436475c81b51e6893c740657870f86b7&language=en&debug=1&debugDataPath=https://raw.githubusercontent.com/jygameclub/testdataapi/main/mahjong2date/0525_0433&debugStart=424,https://raw.githubusercontent.com/jygameclub/testdataapi/main/mahjong2date/0525_0433/424.json,https://raw.githubusercontent.com/jygameclub/testdataapi/main/mahjong2date/0525_0433,普通中奖,28.00,0.70,3,2,9,9,9,0,0,否,否,是,1,1,677391,677396,4711779669659911,9473580.0,9473568.0,3段连消/续转 / 金色符号/百搭转换
连消/掉落,759.json,759,75,金色/百搭,https://fish-games.s3.amazonaws.com/MahjongWays2/index.html?env=ceshislot.osshaiwai.com&hasFloat=0&token=436475c81b51e6893c740657870f86b7&language=en&debug=1&debugDataPath=https://raw.githubusercontent.com/jygameclub/testdataapi/main/mahjong2date/0525_0433&debugStart=759,https://raw.githubusercontent.com/jygameclub/testdataapi/main/mahjong2date/0525_0433/759.json,https://raw.githubusercontent.com/jygameclub/testdataapi/main/mahjong2date/0525_0433,普通中奖,28.00,0.70,3,2,8,8,8,0,0,否,否,是,1,0,678311,678314,6191779670763928,9471146.0,9471134.0,3段连消/续转 / 金色符号/百搭转换
连消/掉落,805.json,805,75,金色/百搭,https://fish-games.s3.amazonaws.com/MahjongWays2/index.html?env=ceshislot.osshaiwai.com&hasFloat=0&token=436475c81b51e6893c740657870f86b7&language=en&debug=1&debugDataPath=https://raw.githubusercontent.com/jygameclub/testdataapi/main/mahjong2date/0525_0433&debugStart=805,https://raw.githubusercontent.com/jygameclub/testdataapi/main/mahjong2date/0525_0433/805.json,https://raw.githubusercontent.com/jygameclub/testdataapi/main/mahjong2date/0525_0433,普通中奖,28.00,0.70,3,2,6,7,7,1,1,否,否,是,1,2,678651,678654,2541779671256619,9476156.0,9476144.0,3段连消/续转 / 金色符号/百搭转换
连消/掉落,363.json,363,75,金色/百搭,https://fish-games.s3.amazonaws.com/MahjongWays2/index.html?env=ceshislot.osshaiwai.com&hasFloat=0&token=436475c81b51e6893c740657870f86b7&language=en&debug=1&debugDataPath=https://raw.githubusercontent.com/jygameclub/testdataapi/main/mahjong2date/0525_0433&debugStart=363,https://raw.githubusercontent.com/jygameclub/testdataapi/main/mahjong2date/0525_0433/363.json,https://raw.githubusercontent.com/jygameclub/testdataapi/main/mahjong2date/0525_0433,普通中奖,28.00,0.70,2,1,11,11,11,0,0,否,否,是,2,0,677130,677131,7411779669322959,9470726.0,9470714.0,2段连消/续转 / 金色符号/百搭转换
连消/掉落,395.json,395,75,金色/百搭,https://fish-games.s3.amazonaws.com/MahjongWays2/index.html?env=ceshislot.osshaiwai.com&hasFloat=0&token=436475c81b51e6893c740657870f86b7&language=en&debug=1&debugDataPath=https://raw.githubusercontent.com/jygameclub/testdataapi/main/mahjong2date/0525_0433&debugStart=395,https://raw.githubusercontent.com/jygameclub/testdataapi/main/mahjong2date/0525_0433/395.json,https://raw.githubusercontent.com/jygameclub/testdataapi/main/mahjong2date/0525_0433,普通中奖,26.00,0.65,3,2,5,6,6,1,1,否,否,是,1,0,677331,677333,1501779669587627,9473932.0,9473918.0,3段连消/续转 / 金色符号/百搭转换
连消/掉落,610.json,610,75,金色/百搭,https://fish-games.s3.amazonaws.com/MahjongWays2/index.html?env=ceshislot.osshaiwai.com&hasFloat=0&token=436475c81b51e6893c740657870f86b7&language=en&debug=1&debugDataPath=https://raw.githubusercontent.com/jygameclub/testdataapi/main/mahjong2date/0525_0433&debugStart=610,https://raw.githubusercontent.com/jygameclub/testdataapi/main/mahjong2date/0525_0433/610.json,https://raw.githubusercontent.com/jygameclub/testdataapi/main/mahjong2date/0525_0433,普通中奖,24.00,0.60,3,2,10,11,12,1,1,否,否,是,2,0,677972,677974,4671779670378112,9472116.0,9472100.0,3段连消/续转 / 金色符号/百搭转换
连消/掉落,156.json,156,75,金色/百搭,https://fish-games.s3.amazonaws.com/MahjongWays2/index.html?env=ceshislot.osshaiwai.com&hasFloat=0&token=436475c81b51e6893c740657870f86b7&language=en&debug=1&debugDataPath=https://raw.githubusercontent.com/jygameclub/testdataapi/main/mahjong2date/0525_0433&debugStart=156,https://raw.githubusercontent.com/jygameclub/testdataapi/main/mahjong2date/0525_0433/156.json,https://raw.githubusercontent.com/jygameclub/testdataapi/main/mahjong2date/0525_0433,普通中奖,24.00,0.60,2,1,10,11,11,1,1,否,否,是,2,0,676150,676151,1681779667583639,9464726.0,9464710.0,2段连消/续转 / 金色符号/百搭转换
连消/掉落,352.json,352,75,金色/百搭,https://fish-games.s3.amazonaws.com/MahjongWays2/index.html?env=ceshislot.osshaiwai.com&hasFloat=0&token=436475c81b51e6893c740657870f86b7&language=en&debug=1&debugDataPath=https://raw.githubusercontent.com/jygameclub/testdataapi/main/mahjong2date/0525_0433&debugStart=352,https://raw.githubusercontent.com/jygameclub/testdataapi/main/mahjong2date/0525_0433/352.json,https://raw.githubusercontent.com/jygameclub/testdataapi/main/mahjong2date/0525_0433,普通中奖,24.00,0.60,2,1,5,6,6,1,1,否,否,是,1,1,677117,677118,6641779669307992,9471142.0,9471126.0,2段连消/续转 / 金色符号/百搭转换
连消/掉落,398.json,398,75,金色/百搭,https://fish-games.s3.amazonaws.com/MahjongWays2/index.html?env=ceshislot.osshaiwai.com&hasFloat=0&token=436475c81b51e6893c740657870f86b7&language=en&debug=1&debugDataPath=https://raw.githubusercontent.com/jygameclub/testdataapi/main/mahjong2date/0525_0433&debugStart=398,https://raw.githubusercontent.com/jygameclub/testdataapi/main/mahjong2date/0525_0433/398.json,https://raw.githubusercontent.com/jygameclub/testdataapi/main/mahjong2date/0525_0433,普通中奖,24.00,0.60,2,1,6,6,6,0,0,否,否,是,1,1,677336,677337,9011779669594378,9473838.0,9473822.0,2段连消/续转 / 金色符号/百搭转换
连消/掉落,406.json,406,75,金色/百搭,https://fish-games.s3.amazonaws.com/MahjongWays2/index.html?env=ceshislot.osshaiwai.com&hasFloat=0&token=436475c81b51e6893c740657870f86b7&language=en&debug=1&debugDataPath=https://raw.githubusercontent.com/jygameclub/testdataapi/main/mahjong2date/0525_0433&debugStart=406,https://raw.githubusercontent.com/jygameclub/testdataapi/main/mahjong2date/0525_0433/406.json,https://raw.githubusercontent.com/jygameclub/testdataapi/main/mahjong2date/0525_0433,普通中奖,24.00,0.60,2,1,5,5,5,0,0,否,否,是,1,2,677348,677349,1891779669610945,9473688.0,9473672.0,2段连消/续转 / 金色符号/百搭转换
连消/掉落,409.json,409,75,金色/百搭,https://fish-games.s3.amazonaws.com/MahjongWays2/index.html?env=ceshislot.osshaiwai.com&hasFloat=0&token=436475c81b51e6893c740657870f86b7&language=en&debug=1&debugDataPath=https://raw.githubusercontent.com/jygameclub/testdataapi/main/mahjong2date/0525_0433&debugStart=409,https://raw.githubusercontent.com/jygameclub/testdataapi/main/mahjong2date/0525_0433/409.json,https://raw.githubusercontent.com/jygameclub/testdataapi/main/mahjong2date/0525_0433,普通中奖,24.00,0.60,2,1,6,6,6,0,0,否,否,是,1,0,677352,677353,4311779669616494,9473592.0,9473576.0,2段连消/续转 / 金色符号/百搭转换
连消/掉落,512.json,512,75,金色/百搭,https://fish-games.s3.amazonaws.com/MahjongWays2/index.html?env=ceshislot.osshaiwai.com&hasFloat=0&token=436475c81b51e6893c740657870f86b7&language=en&debug=1&debugDataPath=https://raw.githubusercontent.com/jygameclub/testdataapi/main/mahjong2date/0525_0433&debugStart=512,https://raw.githubusercontent.com/jygameclub/testdataapi/main/mahjong2date/0525_0433/512.json,https://raw.githubusercontent.com/jygameclub/testdataapi/main/mahjong2date/0525_0433,普通中奖,24.00,0.60,2,1,6,6,6,0,0,否,否,是,1,1,677761,677763,9691779670162748,9473958.0,9473942.0,2段连消/续转 / 金色符号/百搭转换
连消/掉落,523.json,523,75,金色/百搭,https://fish-games.s3.amazonaws.com/MahjongWays2/index.html?env=ceshislot.osshaiwai.com&hasFloat=0&token=436475c81b51e6893c740657870f86b7&language=en&debug=1&debugDataPath=https://raw.githubusercontent.com/jygameclub/testdataapi/main/mahjong2date/0525_0433&debugStart=523,https://raw.githubusercontent.com/jygameclub/testdataapi/main/mahjong2date/0525_0433/523.json,https://raw.githubusercontent.com/jygameclub/testdataapi/main/mahjong2date/0525_0433,普通中奖,24.00,0.60,2,1,6,6,6,0,0,否,否,是,1,1,677788,677789,3731779670193298,9474270.0,9474254.0,2段连消/续转 / 金色符号/百搭转换
连消/掉落,693.json,693,75,金色/百搭,https://fish-games.s3.amazonaws.com/MahjongWays2/index.html?env=ceshislot.osshaiwai.com&hasFloat=0&token=436475c81b51e6893c740657870f86b7&language=en&debug=1&debugDataPath=https://raw.githubusercontent.com/jygameclub/testdataapi/main/mahjong2date/0525_0433&debugStart=693,https://raw.githubusercontent.com/jygameclub/testdataapi/main/mahjong2date/0525_0433/693.json,https://raw.githubusercontent.com/jygameclub/testdataapi/main/mahjong2date/0525_0433,普通中奖,24.00,0.60,2,1,5,5,5,0,0,否,否,是,1,0,678203,678204,8341779670642945,9472686.0,9472670.0,2段连消/续转 / 金色符号/百搭转换
连消/掉落,757.json,757,75,金色/百搭,https://fish-games.s3.amazonaws.com/MahjongWays2/index.html?env=ceshislot.osshaiwai.com&hasFloat=0&token=436475c81b51e6893c740657870f86b7&language=en&debug=1&debugDataPath=https://raw.githubusercontent.com/jygameclub/testdataapi/main/mahjong2date/0525_0433&debugStart=757,https://raw.githubusercontent.com/jygameclub/testdataapi/main/mahjong2date/0525_0433/757.json,https://raw.githubusercontent.com/jygameclub/testdataapi/main/mahjong2date/0525_0433,普通中奖,24.00,0.60,2,1,7,7,7,0,0,否,否,是,1,2,678308,678309,1101779670759178,9471202.0,9471186.0,2段连消/续转 / 金色符号/百搭转换
连消/掉落,839.json,839,75,金色/百搭,https://fish-games.s3.amazonaws.com/MahjongWays2/index.html?env=ceshislot.osshaiwai.com&hasFloat=0&token=436475c81b51e6893c740657870f86b7&language=en&debug=1&debugDataPath=https://raw.githubusercontent.com/jygameclub/testdataapi/main/mahjong2date/0525_0433&debugStart=839,https://raw.githubusercontent.com/jygameclub/testdataapi/main/mahjong2date/0525_0433/839.json,https://raw.githubusercontent.com/jygameclub/testdataapi/main/mahjong2date/0525_0433,普通中奖,24.00,0.60,2,1,5,6,6,1,1,否,否,是,1,1,678732,678734,9951779671327153,9475282.0,9475266.0,2段连消/续转 / 金色符号/百搭转换
连消/掉落,849.json,849,75,金色/百搭,https://fish-games.s3.amazonaws.com/MahjongWays2/index.html?env=ceshislot.osshaiwai.com&hasFloat=0&token=436475c81b51e6893c740657870f86b7&language=en&debug=1&debugDataPath=https://raw.githubusercontent.com/jygameclub/testdataapi/main/mahjong2date/0525_0433&debugStart=849,https://raw.githubusercontent.com/jygameclub/testdataapi/main/mahjong2date/0525_0433/849.json,https://raw.githubusercontent.com/jygameclub/testdataapi/main/mahjong2date/0525_0433,普通中奖,24.00,0.60,2,1,5,5,5,0,0,否,否,是,1,2,678757,678758,2911779671349469,9474948.0,9474932.0,2段连消/续转 / 金色符号/百搭转换
连消/掉落,873.json,873,75,金色/百搭,https://fish-games.s3.amazonaws.com/MahjongWays2/index.html?env=ceshislot.osshaiwai.com&hasFloat=0&token=436475c81b51e6893c740657870f86b7&language=en&debug=1&debugDataPath=https://raw.githubusercontent.com/jygameclub/testdataapi/main/mahjong2date/0525_0433&debugStart=873,https://raw.githubusercontent.com/jygameclub/testdataapi/main/mahjong2date/0525_0433/873.json,https://raw.githubusercontent.com/jygameclub/testdataapi/main/mahjong2date/0525_0433,普通中奖,24.00,0.60,2,1,6,6,6,0,0,否,否,是,1,1,678813,678814,9171779671395469,9474258.0,9474242.0,2段连消/续转 / 金色符号/百搭转换
连消/掉落,879.json,879,75,金色/百搭,https://fish-games.s3.amazonaws.com/MahjongWays2/index.html?env=ceshislot.osshaiwai.com&hasFloat=0&token=436475c81b51e6893c740657870f86b7&language=en&debug=1&debugDataPath=https://raw.githubusercontent.com/jygameclub/testdataapi/main/mahjong2date/0525_0433&debugStart=879,https://raw.githubusercontent.com/jygameclub/testdataapi/main/mahjong2date/0525_0433/879.json,https://raw.githubusercontent.com/jygameclub/testdataapi/main/mahjong2date/0525_0433,普通中奖,24.00,0.60,2,1,6,6,6,0,0,否,否,是,1,0,678825,678826,5121779671412869,9474234.0,9474218.0,2段连消/续转 / 金色符号/百搭转换
连消/掉落,568.json,568,75,金色/百搭,https://fish-games.s3.amazonaws.com/MahjongWays2/index.html?env=ceshislot.osshaiwai.com&hasFloat=0&token=436475c81b51e6893c740657870f86b7&language=en&debug=1&debugDataPath=https://raw.githubusercontent.com/jygameclub/testdataapi/main/mahjong2date/0525_0433&debugStart=568,https://raw.githubusercontent.com/jygameclub/testdataapi/main/mahjong2date/0525_0433/568.json,https://raw.githubusercontent.com/jygameclub/testdataapi/main/mahjong2date/0525_0433,普通中奖,22.00,0.55,3,2,6,7,7,1,1,否,否,是,1,0,677872,677875,7441779670276498,9473088.0,9473070.0,3段连消/续转 / 金色符号/百搭转换
连消/掉落,045.json,45,75,金色/百搭,https://fish-games.s3.amazonaws.com/MahjongWays2/index.html?env=ceshislot.osshaiwai.com&hasFloat=0&token=436475c81b51e6893c740657870f86b7&language=en&debug=1&debugDataPath=https://raw.githubusercontent.com/jygameclub/testdataapi/main/mahjong2date/0525_0433&debugStart=45,https://raw.githubusercontent.com/jygameclub/testdataapi/main/mahjong2date/0525_0433/045.json,https://raw.githubusercontent.com/jygameclub/testdataapi/main/mahjong2date/0525_0433,普通中奖,20.00,0.50,3,2,10,10,10,0,0,否,否,是,1,1,675822,675824,6341779667142460,9461766.0,9461746.0,3段连消/续转 / 金色符号/百搭转换
连消/掉落,279.json,279,75,金色/百搭,https://fish-games.s3.amazonaws.com/MahjongWays2/index.html?env=ceshislot.osshaiwai.com&hasFloat=0&token=436475c81b51e6893c740657870f86b7&language=en&debug=1&debugDataPath=https://raw.githubusercontent.com/jygameclub/testdataapi/main/mahjong2date/0525_0433&debugStart=279,https://raw.githubusercontent.com/jygameclub/testdataapi/main/mahjong2date/0525_0433/279.json,https://raw.githubusercontent.com/jygameclub/testdataapi/main/mahjong2date/0525_0433,普通中奖,20.00,0.50,3,2,10,10,10,0,0,否,否,是,1,0,676788,676793,2501779668811329,9465348.0,9465328.0,3段连消/续转 / 金色符号/百搭转换
连消/掉落,307.json,307,75,金色/百搭,https://fish-games.s3.amazonaws.com/MahjongWays2/index.html?env=ceshislot.osshaiwai.com&hasFloat=0&token=436475c81b51e6893c740657870f86b7&language=en&debug=1&debugDataPath=https://raw.githubusercontent.com/jygameclub/testdataapi/main/mahjong2date/0525_0433&debugStart=307,https://raw.githubusercontent.com/jygameclub/testdataapi/main/mahjong2date/0525_0433/307.json,https://raw.githubusercontent.com/jygameclub/testdataapi/main/mahjong2date/0525_0433,普通中奖,20.00,0.50,3,2,10,10,10,0,0,否,否,是,2,2,676893,676895,6471779668946662,9465176.0,9465156.0,3段连消/续转 / 金色符号/百搭转换
连消/掉落,426.json,426,75,金色/百搭,https://fish-games.s3.amazonaws.com/MahjongWays2/index.html?env=ceshislot.osshaiwai.com&hasFloat=0&token=436475c81b51e6893c740657870f86b7&language=en&debug=1&debugDataPath=https://raw.githubusercontent.com/jygameclub/testdataapi/main/mahjong2date/0525_0433&debugStart=426,https://raw.githubusercontent.com/jygameclub/testdataapi/main/mahjong2date/0525_0433/426.json,https://raw.githubusercontent.com/jygameclub/testdataapi/main/mahjong2date/0525_0433,普通中奖,20.00,0.50,3,2,10,10,10,0,0,否,否,是,1,1,677400,677402,9401779669668461,9473548.0,9473528.0,3段连消/续转 / 金色符号/百搭转换
连消/掉落,794.json,794,75,金色/百搭,https://fish-games.s3.amazonaws.com/MahjongWays2/index.html?env=ceshislot.osshaiwai.com&hasFloat=0&token=436475c81b51e6893c740657870f86b7&language=en&debug=1&debugDataPath=https://raw.githubusercontent.com/jygameclub/testdataapi/main/mahjong2date/0525_0433&debugStart=794,https://raw.githubusercontent.com/jygameclub/testdataapi/main/mahjong2date/0525_0433/794.json,https://raw.githubusercontent.com/jygameclub/testdataapi/main/mahjong2date/0525_0433,普通中奖,20.00,0.50,3,2,9,9,9,0,0,否,否,是,1,0,678569,678631,1821779671084331,9476516.0,9476496.0,3段连消/续转 / 金色符号/百搭转换
连消/掉落,910.json,910,75,金色/百搭,https://fish-games.s3.amazonaws.com/MahjongWays2/index.html?env=ceshislot.osshaiwai.com&hasFloat=0&token=436475c81b51e6893c740657870f86b7&language=en&debug=1&debugDataPath=https://raw.githubusercontent.com/jygameclub/testdataapi/main/mahjong2date/0525_0433&debugStart=910,https://raw.githubusercontent.com/jygameclub/testdataapi/main/mahjong2date/0525_0433/910.json,https://raw.githubusercontent.com/jygameclub/testdataapi/main/mahjong2date/0525_0433,普通中奖,20.00,0.50,3,2,8,8,8,0,0,否,否,是,1,0,678883,678885,1831779671473351,9473640.0,9473620.0,3段连消/续转 / 金色符号/百搭转换
连消/掉落,057.json,57,75,金色/百搭,https://fish-games.s3.amazonaws.com/MahjongWays2/index.html?env=ceshislot.osshaiwai.com&hasFloat=0&token=436475c81b51e6893c740657870f86b7&language=en&debug=1&debugDataPath=https://raw.githubusercontent.com/jygameclub/testdataapi/main/mahjong2date/0525_0433&debugStart=57,https://raw.githubusercontent.com/jygameclub/testdataapi/main/mahjong2date/0525_0433/057.json,https://raw.githubusercontent.com/jygameclub/testdataapi/main/mahjong2date/0525_0433,普通中奖,20.00,0.50,2,1,9,10,10,1,1,否,否,是,2,1,675848,675849,1521779667172560,9461452.0,9461432.0,2段连消/续转 / 金色符号/百搭转换
连消/掉落,152.json,152,75,金色/百搭,https://fish-games.s3.amazonaws.com/MahjongWays2/index.html?env=ceshislot.osshaiwai.com&hasFloat=0&token=436475c81b51e6893c740657870f86b7&language=en&debug=1&debugDataPath=https://raw.githubusercontent.com/jygameclub/testdataapi/main/mahjong2date/0525_0433&debugStart=152,https://raw.githubusercontent.com/jygameclub/testdataapi/main/mahjong2date/0525_0433/152.json,https://raw.githubusercontent.com/jygameclub/testdataapi/main/mahjong2date/0525_0433,普通中奖,20.00,0.50,2,1,5,5,5,0,0,否,否,是,1,1,676139,676141,1901779667576856,9464866.0,9464846.0,2段连消/续转 / 金色符号/百搭转换
连消/掉落,249.json,249,75,金色/百搭,https://fish-games.s3.amazonaws.com/MahjongWays2/index.html?env=ceshislot.osshaiwai.com&hasFloat=0&token=436475c81b51e6893c740657870f86b7&language=en&debug=1&debugDataPath=https://raw.githubusercontent.com/jygameclub/testdataapi/main/mahjong2date/0525_0433&debugStart=249,https://raw.githubusercontent.com/jygameclub/testdataapi/main/mahjong2date/0525_0433/249.json,https://raw.githubusercontent.com/jygameclub/testdataapi/main/mahjong2date/0525_0433,普通中奖,20.00,0.50,2,1,4,5,5,1,1,否,否,是,1,1,676701,676702,1401779668688081,9465838.0,9465818.0,2段连消/续转 / 金色符号/百搭转换
连消/掉落,425.json,425,75,金色/百搭,https://fish-games.s3.amazonaws.com/MahjongWays2/index.html?env=ceshislot.osshaiwai.com&hasFloat=0&token=436475c81b51e6893c740657870f86b7&language=en&debug=1&debugDataPath=https://raw.githubusercontent.com/jygameclub/testdataapi/main/mahjong2date/0525_0433&debugStart=425,https://raw.githubusercontent.com/jygameclub/testdataapi/main/mahjong2date/0525_0433/425.json,https://raw.githubusercontent.com/jygameclub/testdataapi/main/mahjong2date/0525_0433,普通中奖,20.00,0.50,2,1,5,5,5,0,0,否,否,是,1,0,677398,677399,2221779669665744,9473568.0,9473548.0,2段连消/续转 / 金色符号/百搭转换
连消/掉落,495.json,495,75,金色/百搭,https://fish-games.s3.amazonaws.com/MahjongWays2/index.html?env=ceshislot.osshaiwai.com&hasFloat=0&token=436475c81b51e6893c740657870f86b7&language=en&debug=1&debugDataPath=https://raw.githubusercontent.com/jygameclub/testdataapi/main/mahjong2date/0525_0433&debugStart=495,https://raw.githubusercontent.com/jygameclub/testdataapi/main/mahjong2date/0525_0433/495.json,https://raw.githubusercontent.com/jygameclub/testdataapi/main/mahjong2date/0525_0433,普通中奖,20.00,0.50,2,1,4,5,5,1,1,否,否,是,1,1,677572,677573,7011779669871760,9473104.0,9473084.0,2段连消/续转 / 金色符号/百搭转换
连消/掉落,748.json,748,75,金色/百搭,https://fish-games.s3.amazonaws.com/MahjongWays2/index.html?env=ceshislot.osshaiwai.com&hasFloat=0&token=436475c81b51e6893c740657870f86b7&language=en&debug=1&debugDataPath=https://raw.githubusercontent.com/jygameclub/testdataapi/main/mahjong2date/0525_0433&debugStart=748,https://raw.githubusercontent.com/jygameclub/testdataapi/main/mahjong2date/0525_0433/748.json,https://raw.githubusercontent.com/jygameclub/testdataapi/main/mahjong2date/0525_0433,普通中奖,20.00,0.50,2,1,4,5,5,1,1,否,否,是,1,2,678293,678294,9151779670735546,9471464.0,9471444.0,2段连消/续转 / 金色符号/百搭转换
连消/掉落,439.json,439,75,金色/百搭,https://fish-games.s3.amazonaws.com/MahjongWays2/index.html?env=ceshislot.osshaiwai.com&hasFloat=0&token=436475c81b51e6893c740657870f86b7&language=en&debug=1&debugDataPath=https://raw.githubusercontent.com/jygameclub/testdataapi/main/mahjong2date/0525_0433&debugStart=439,https://raw.githubusercontent.com/jygameclub/testdataapi/main/mahjong2date/0525_0433/439.json,https://raw.githubusercontent.com/jygameclub/testdataapi/main/mahjong2date/0525_0433,普通中奖,18.00,0.45,3,2,7,7,7,0,0,否,否,是,1,1,677419,677421,4221779669691761,9473180.0,9473158.0,3段连消/续转 / 金色符号/百搭转换
连消/掉落,021.json,21,75,金色/百搭,https://fish-games.s3.amazonaws.com/MahjongWays2/index.html?env=ceshislot.osshaiwai.com&hasFloat=0&token=436475c81b51e6893c740657870f86b7&language=en&debug=1&debugDataPath=https://raw.githubusercontent.com/jygameclub/testdataapi/main/mahjong2date/0525_0433&debugStart=21,https://raw.githubusercontent.com/jygameclub/testdataapi/main/mahjong2date/0525_0433/021.json,https://raw.githubusercontent.com/jygameclub/testdataapi/main/mahjong2date/0525_0433,普通中奖,18.00,0.45,2,1,6,6,6,0,0,否,否,是,1,1,675766,675768,8991779667092210,9461912.0,9461890.0,2段连消/续转 / 金色符号/百搭转换
连消/掉落,697.json,697,75,金色/百搭,https://fish-games.s3.amazonaws.com/MahjongWays2/index.html?env=ceshislot.osshaiwai.com&hasFloat=0&token=436475c81b51e6893c740657870f86b7&language=en&debug=1&debugDataPath=https://raw.githubusercontent.com/jygameclub/testdataapi/main/mahjong2date/0525_0433&debugStart=697,https://raw.githubusercontent.com/jygameclub/testdataapi/main/mahjong2date/0525_0433/697.json,https://raw.githubusercontent.com/jygameclub/testdataapi/main/mahjong2date/0525_0433,普通中奖,18.00,0.45,2,1,9,9,9,0,0,否,否,是,2,0,678209,678210,4961779670650129,9472700.0,9472678.0,2段连消/续转 / 金色符号/百搭转换
连消/掉落,850.json,850,75,金色/百搭,https://fish-games.s3.amazonaws.com/MahjongWays2/index.html?env=ceshislot.osshaiwai.com&hasFloat=0&token=436475c81b51e6893c740657870f86b7&language=en&debug=1&debugDataPath=https://raw.githubusercontent.com/jygameclub/testdataapi/main/mahjong2date/0525_0433&debugStart=850,https://raw.githubusercontent.com/jygameclub/testdataapi/main/mahjong2date/0525_0433/850.json,https://raw.githubusercontent.com/jygameclub/testdataapi/main/mahjong2date/0525_0433,普通中奖,16.00,0.40,3,2,8,8,8,0,0,否,否,是,1,0,678759,678765,2131779671353319,9474932.0,9474908.0,3段连消/续转 / 金色符号/百搭转换
连消/掉落,922.json,922,75,金色/百搭,https://fish-games.s3.amazonaws.com/MahjongWays2/index.html?env=ceshislot.osshaiwai.com&hasFloat=0&token=436475c81b51e6893c740657870f86b7&language=en&debug=1&debugDataPath=https://raw.githubusercontent.com/jygameclub/testdataapi/main/mahjong2date/0525_0433&debugStart=922,https://raw.githubusercontent.com/jygameclub/testdataapi/main/mahjong2date/0525_0433/922.json,https://raw.githubusercontent.com/jygameclub/testdataapi/main/mahjong2date/0525_0433,普通中奖,16.00,0.40,3,2,7,7,7,0,0,否,否,是,1,2,678919,678924,6401779671500469,9473592.0,9473568.0,3段连消/续转 / 金色符号/百搭转换
连消/掉落,030.json,30,75,金色/百搭,https://fish-games.s3.amazonaws.com/MahjongWays2/index.html?env=ceshislot.osshaiwai.com&hasFloat=0&token=436475c81b51e6893c740657870f86b7&language=en&debug=1&debugDataPath=https://raw.githubusercontent.com/jygameclub/testdataapi/main/mahjong2date/0525_0433&debugStart=30,https://raw.githubusercontent.com/jygameclub/testdataapi/main/mahjong2date/0525_0433/030.json,https://raw.githubusercontent.com/jygameclub/testdataapi/main/mahjong2date/0525_0433,普通中奖,16.00,0.40,2,1,7,7,7,0,0,否,否,是,1,0,675792,675793,7781779667115577,9462214.0,9462190.0,2段连消/续转 / 金色符号/百搭转换
连消/掉落,079.json,79,75,金色/百搭,https://fish-games.s3.amazonaws.com/MahjongWays2/index.html?env=ceshislot.osshaiwai.com&hasFloat=0&token=436475c81b51e6893c740657870f86b7&language=en&debug=1&debugDataPath=https://raw.githubusercontent.com/jygameclub/testdataapi/main/mahjong2date/0525_0433&debugStart=79,https://raw.githubusercontent.com/jygameclub/testdataapi/main/mahjong2date/0525_0433/079.json,https://raw.githubusercontent.com/jygameclub/testdataapi/main/mahjong2date/0525_0433,普通中奖,16.00,0.40,2,1,5,5,5,0,0,否,否,是,1,0,675890,675892,4341779667218743,9461678.0,9461654.0,2段连消/续转 / 金色符号/百搭转换
连消/掉落,246.json,246,75,金色/百搭,https://fish-games.s3.amazonaws.com/MahjongWays2/index.html?env=ceshislot.osshaiwai.com&hasFloat=0&token=436475c81b51e6893c740657870f86b7&language=en&debug=1&debugDataPath=https://raw.githubusercontent.com/jygameclub/testdataapi/main/mahjong2date/0525_0433&debugStart=246,https://raw.githubusercontent.com/jygameclub/testdataapi/main/mahjong2date/0525_0433/246.json,https://raw.githubusercontent.com/jygameclub/testdataapi/main/mahjong2date/0525_0433,普通中奖,16.00,0.40,2,1,5,5,5,0,0,否,否,是,1,0,676689,676690,1311779668679463,9465742.0,9465718.0,2段连消/续转 / 金色符号/百搭转换
连消/掉落,332.json,332,75,金色/百搭,https://fish-games.s3.amazonaws.com/MahjongWays2/index.html?env=ceshislot.osshaiwai.com&hasFloat=0&token=436475c81b51e6893c740657870f86b7&language=en&debug=1&debugDataPath=https://raw.githubusercontent.com/jygameclub/testdataapi/main/mahjong2date/0525_0433&debugStart=332,https://raw.githubusercontent.com/jygameclub/testdataapi/main/mahjong2date/0525_0433/332.json,https://raw.githubusercontent.com/jygameclub/testdataapi/main/mahjong2date/0525_0433,普通中奖,16.00,0.40,2,1,4,5,5,1,1,否,否,是,1,0,676995,676996,2951779669115477,9466226.0,9466202.0,2段连消/续转 / 金色符号/百搭转换
连消/掉落,369.json,369,75,金色/百搭,https://fish-games.s3.amazonaws.com/MahjongWays2/index.html?env=ceshislot.osshaiwai.com&hasFloat=0&token=436475c81b51e6893c740657870f86b7&language=en&debug=1&debugDataPath=https://raw.githubusercontent.com/jygameclub/testdataapi/main/mahjong2date/0525_0433&debugStart=369,https://raw.githubusercontent.com/jygameclub/testdataapi/main/mahjong2date/0525_0433/369.json,https://raw.githubusercontent.com/jygameclub/testdataapi/main/mahjong2date/0525_0433,普通中奖,16.00,0.40,2,1,7,7,7,0,0,否,否,是,1,0,677148,677150,9191779669335825,9470564.0,9470540.0,2段连消/续转 / 金色符号/百搭转换
连消/掉落,422.json,422,75,金色/百搭,https://fish-games.s3.amazonaws.com/MahjongWays2/index.html?env=ceshislot.osshaiwai.com&hasFloat=0&token=436475c81b51e6893c740657870f86b7&language=en&debug=1&debugDataPath=https://raw.githubusercontent.com/jygameclub/testdataapi/main/mahjong2date/0525_0433&debugStart=422,https://raw.githubusercontent.com/jygameclub/testdataapi/main/mahjong2date/0525_0433/422.json,https://raw.githubusercontent.com/jygameclub/testdataapi/main/mahjong2date/0525_0433,普通中奖,16.00,0.40,2,1,5,5,5,0,0,否,否,是,1,0,677385,677386,3941779669653444,9473498.0,9473474.0,2段连消/续转 / 金色符号/百搭转换
连消/掉落,484.json,484,75,金色/百搭,https://fish-games.s3.amazonaws.com/MahjongWays2/index.html?env=ceshislot.osshaiwai.com&hasFloat=0&token=436475c81b51e6893c740657870f86b7&language=en&debug=1&debugDataPath=https://raw.githubusercontent.com/jygameclub/testdataapi/main/mahjong2date/0525_0433&debugStart=484,https://raw.githubusercontent.com/jygameclub/testdataapi/main/mahjong2date/0525_0433/484.json,https://raw.githubusercontent.com/jygameclub/testdataapi/main/mahjong2date/0525_0433,普通中奖,16.00,0.40,2,1,5,5,5,0,0,否,否,是,1,1,677539,677541,7361779669841227,9473342.0,9473318.0,2段连消/续转 / 金色符号/百搭转换
连消/掉落,766.json,766,75,金色/百搭,https://fish-games.s3.amazonaws.com/MahjongWays2/index.html?env=ceshislot.osshaiwai.com&hasFloat=0&token=436475c81b51e6893c740657870f86b7&language=en&debug=1&debugDataPath=https://raw.githubusercontent.com/jygameclub/testdataapi/main/mahjong2date/0525_0433&debugStart=766,https://raw.githubusercontent.com/jygameclub/testdataapi/main/mahjong2date/0525_0433/766.json,https://raw.githubusercontent.com/jygameclub/testdataapi/main/mahjong2date/0525_0433,普通中奖,16.00,0.40,2,1,7,7,7,0,0,否,否,是,1,0,678329,678330,6671779670783895,9471096.0,9471072.0,2段连消/续转 / 金色符号/百搭转换
连消/掉落,773.json,773,75,金色/百搭,https://fish-games.s3.amazonaws.com/MahjongWays2/index.html?env=ceshislot.osshaiwai.com&hasFloat=0&token=436475c81b51e6893c740657870f86b7&language=en&debug=1&debugDataPath=https://raw.githubusercontent.com/jygameclub/testdataapi/main/mahjong2date/0525_0433&debugStart=773,https://raw.githubusercontent.com/jygameclub/testdataapi/main/mahjong2date/0525_0433/773.json,https://raw.githubusercontent.com/jygameclub/testdataapi/main/mahjong2date/0525_0433,普通中奖,16.00,0.40,2,1,7,7,7,0,0,否,否,是,2,2,678345,678348,3881779670795028,9470836.0,9470812.0,2段连消/续转 / 金色符号/百搭转换
连消/掉落,830.json,830,75,金色/百搭,https://fish-games.s3.amazonaws.com/MahjongWays2/index.html?env=ceshislot.osshaiwai.com&hasFloat=0&token=436475c81b51e6893c740657870f86b7&language=en&debug=1&debugDataPath=https://raw.githubusercontent.com/jygameclub/testdataapi/main/mahjong2date/0525_0433&debugStart=830,https://raw.githubusercontent.com/jygameclub/testdataapi/main/mahjong2date/0525_0433/830.json,https://raw.githubusercontent.com/jygameclub/testdataapi/main/mahjong2date/0525_0433,普通中奖,16.00,0.40,2,1,3,3,3,0,0,否,否,是,1,0,678708,678709,4041779671312454,9475606.0,9475582.0,2段连消/续转 / 金色符号/百搭转换
连消/掉落,841.json,841,75,金色/百搭,https://fish-games.s3.amazonaws.com/MahjongWays2/index.html?env=ceshislot.osshaiwai.com&hasFloat=0&token=436475c81b51e6893c740657870f86b7&language=en&debug=1&debugDataPath=https://raw.githubusercontent.com/jygameclub/testdataapi/main/mahjong2date/0525_0433&debugStart=841,https://raw.githubusercontent.com/jygameclub/testdataapi/main/mahjong2date/0525_0433/841.json,https://raw.githubusercontent.com/jygameclub/testdataapi/main/mahjong2date/0525_0433,普通中奖,16.00,0.40,2,1,10,10,10,0,0,否,否,是,2,0,678740,678741,5421779671334703,9475238.0,9475214.0,2段连消/续转 / 金色符号/百搭转换
连消/掉落,872.json,872,75,金色/百搭,https://fish-games.s3.amazonaws.com/MahjongWays2/index.html?env=ceshislot.osshaiwai.com&hasFloat=0&token=436475c81b51e6893c740657870f86b7&language=en&debug=1&debugDataPath=https://raw.githubusercontent.com/jygameclub/testdataapi/main/mahjong2date/0525_0433&debugStart=872,https://raw.githubusercontent.com/jygameclub/testdataapi/main/mahjong2date/0525_0433/872.json,https://raw.githubusercontent.com/jygameclub/testdataapi/main/mahjong2date/0525_0433,普通中奖,16.00,0.40,2,1,6,6,6,0,0,否,否,是,1,1,678811,678812,4911779671392719,9474282.0,9474258.0,2段连消/续转 / 金色符号/百搭转换
连消/掉落,963.json,963,75,金色/百搭,https://fish-games.s3.amazonaws.com/MahjongWays2/index.html?env=ceshislot.osshaiwai.com&hasFloat=0&token=436475c81b51e6893c740657870f86b7&language=en&debug=1&debugDataPath=https://raw.githubusercontent.com/jygameclub/testdataapi/main/mahjong2date/0525_0433&debugStart=963,https://raw.githubusercontent.com/jygameclub/testdataapi/main/mahjong2date/0525_0433/963.json,https://raw.githubusercontent.com/jygameclub/testdataapi/main/mahjong2date/0525_0433,普通中奖,16.00,0.40,2,1,7,7,7,0,0,否,否,是,1,1,679184,679185,1181779671961048,9477432.0,9477408.0,2段连消/续转 / 金色符号/百搭转换
连消/掉落,195.json,195,75,金色/百搭,https://fish-games.s3.amazonaws.com/MahjongWays2/index.html?env=ceshislot.osshaiwai.com&hasFloat=0&token=436475c81b51e6893c740657870f86b7&language=en&debug=1&debugDataPath=https://raw.githubusercontent.com/jygameclub/testdataapi/main/mahjong2date/0525_0433&debugStart=195,https://raw.githubusercontent.com/jygameclub/testdataapi/main/mahjong2date/0525_0433/195.json,https://raw.githubusercontent.com/jygameclub/testdataapi/main/mahjong2date/0525_0433,普通中奖,14.00,0.35,3,2,7,8,8,1,1,否,否,是,1,1,676243,676245,1411779667672440,9464464.0,9464438.0,3段连消/续转 / 金色符号/百搭转换
连消/掉落,824.json,824,75,金色/百搭,https://fish-games.s3.amazonaws.com/MahjongWays2/index.html?env=ceshislot.osshaiwai.com&hasFloat=0&token=436475c81b51e6893c740657870f86b7&language=en&debug=1&debugDataPath=https://raw.githubusercontent.com/jygameclub/testdataapi/main/mahjong2date/0525_0433&debugStart=824,https://raw.githubusercontent.com/jygameclub/testdataapi/main/mahjong2date/0525_0433/824.json,https://raw.githubusercontent.com/jygameclub/testdataapi/main/mahjong2date/0525_0433,普通中奖,14.00,0.35,3,2,6,6,6,0,0,否,否,是,1,0,678685,678689,9391779671294169,9475702.0,9475676.0,3段连消/续转 / 金色符号/百搭转换
连消/掉落,365.json,365,75,金色/百搭,https://fish-games.s3.amazonaws.com/MahjongWays2/index.html?env=ceshislot.osshaiwai.com&hasFloat=0&token=436475c81b51e6893c740657870f86b7&language=en&debug=1&debugDataPath=https://raw.githubusercontent.com/jygameclub/testdataapi/main/mahjong2date/0525_0433&debugStart=365,https://raw.githubusercontent.com/jygameclub/testdataapi/main/mahjong2date/0525_0433/365.json,https://raw.githubusercontent.com/jygameclub/testdataapi/main/mahjong2date/0525_0433,普通中奖,14.00,0.35,2,1,8,8,8,0,0,否,否,是,2,1,677140,677142,9781779669328358,9470710.0,9470684.0,2段连消/续转 / 金色符号/百搭转换
连消/掉落,692.json,692,75,金色/百搭,https://fish-games.s3.amazonaws.com/MahjongWays2/index.html?env=ceshislot.osshaiwai.com&hasFloat=0&token=436475c81b51e6893c740657870f86b7&language=en&debug=1&debugDataPath=https://raw.githubusercontent.com/jygameclub/testdataapi/main/mahjong2date/0525_0433&debugStart=692,https://raw.githubusercontent.com/jygameclub/testdataapi/main/mahjong2date/0525_0433/692.json,https://raw.githubusercontent.com/jygameclub/testdataapi/main/mahjong2date/0525_0433,普通中奖,14.00,0.35,2,1,6,7,7,1,1,否,否,是,2,0,678201,678202,2221779670640212,9472712.0,9472686.0,2段连消/续转 / 金色符号/百搭转换
连消/掉落,001.json,1,75,金色/百搭,https://fish-games.s3.amazonaws.com/MahjongWays2/index.html?env=ceshislot.osshaiwai.com&hasFloat=0&token=436475c81b51e6893c740657870f86b7&language=en&debug=1&debugDataPath=https://raw.githubusercontent.com/jygameclub/testdataapi/main/mahjong2date/0525_0433&debugStart=1,https://raw.githubusercontent.com/jygameclub/testdataapi/main/mahjong2date/0525_0433/001.json,https://raw.githubusercontent.com/jygameclub/testdataapi/main/mahjong2date/0525_0433,普通中奖,12.00,0.30,2,1,3,4,4,1,1,否,否,是,1,1,675725,675727,4281779667050729,9462214.0,9462186.0,2段连消/续转 / 金色符号/百搭转换
连消/掉落,075.json,75,75,金色/百搭,https://fish-games.s3.amazonaws.com/MahjongWays2/index.html?env=ceshislot.osshaiwai.com&hasFloat=0&token=436475c81b51e6893c740657870f86b7&language=en&debug=1&debugDataPath=https://raw.githubusercontent.com/jygameclub/testdataapi/main/mahjong2date/0525_0433&debugStart=75,https://raw.githubusercontent.com/jygameclub/testdataapi/main/mahjong2date/0525_0433/075.json,https://raw.githubusercontent.com/jygameclub/testdataapi/main/mahjong2date/0525_0433,普通中奖,12.00,0.30,2,1,6,6,6,0,0,否,否,是,1,0,675883,675884,6391779667212827,9461826.0,9461798.0,2段连消/续转 / 金色符号/百搭转换
连消/掉落,133.json,133,75,金色/百搭,https://fish-games.s3.amazonaws.com/MahjongWays2/index.html?env=ceshislot.osshaiwai.com&hasFloat=0&token=436475c81b51e6893c740657870f86b7&language=en&debug=1&debugDataPath=https://raw.githubusercontent.com/jygameclub/testdataapi/main/mahjong2date/0525_0433&debugStart=133,https://raw.githubusercontent.com/jygameclub/testdataapi/main/mahjong2date/0525_0433/133.json,https://raw.githubusercontent.com/jygameclub/testdataapi/main/mahjong2date/0525_0433,普通中奖,12.00,0.30,2,1,6,6,6,0,0,否,否,是,1,0,676113,676114,1821779667541407,9465520.0,9465492.0,2段连消/续转 / 金色符号/百搭转换
连消/掉落,167.json,167,75,金色/百搭,https://fish-games.s3.amazonaws.com/MahjongWays2/index.html?env=ceshislot.osshaiwai.com&hasFloat=0&token=436475c81b51e6893c740657870f86b7&language=en&debug=1&debugDataPath=https://raw.githubusercontent.com/jygameclub/testdataapi/main/mahjong2date/0525_0433&debugStart=167,https://raw.githubusercontent.com/jygameclub/testdataapi/main/mahjong2date/0525_0433/167.json,https://raw.githubusercontent.com/jygameclub/testdataapi/main/mahjong2date/0525_0433,普通中奖,12.00,0.30,2,1,6,6,6,0,0,否,否,是,1,0,676169,676170,2291779667604789,9464662.0,9464634.0,2段连消/续转 / 金色符号/百搭转换
连消/掉落,200.json,200,75,金色/百搭,https://fish-games.s3.amazonaws.com/MahjongWays2/index.html?env=ceshislot.osshaiwai.com&hasFloat=0&token=436475c81b51e6893c740657870f86b7&language=en&debug=1&debugDataPath=https://raw.githubusercontent.com/jygameclub/testdataapi/main/mahjong2date/0525_0433&debugStart=200,https://raw.githubusercontent.com/jygameclub/testdataapi/main/mahjong2date/0525_0433/200.json,https://raw.githubusercontent.com/jygameclub/testdataapi/main/mahjong2date/0525_0433,普通中奖,12.00,0.30,2,1,4,5,5,1,1,否,否,是,1,1,676265,676266,8631779667691106,9464548.0,9464520.0,2段连消/续转 / 金色符号/百搭转换
连消/掉落,287.json,287,75,金色/百搭,https://fish-games.s3.amazonaws.com/MahjongWays2/index.html?env=ceshislot.osshaiwai.com&hasFloat=0&token=436475c81b51e6893c740657870f86b7&language=en&debug=1&debugDataPath=https://raw.githubusercontent.com/jygameclub/testdataapi/main/mahjong2date/0525_0433&debugStart=287,https://raw.githubusercontent.com/jygameclub/testdataapi/main/mahjong2date/0525_0433/287.json,https://raw.githubusercontent.com/jygameclub/testdataapi/main/mahjong2date/0525_0433,普通中奖,12.00,0.30,2,1,9,9,9,0,0,否,否,是,2,1,676812,676814,3771779668831379,9465326.0,9465298.0,2段连消/续转 / 金色符号/百搭转换
连消/掉落,349.json,349,75,金色/百搭,https://fish-games.s3.amazonaws.com/MahjongWays2/index.html?env=ceshislot.osshaiwai.com&hasFloat=0&token=436475c81b51e6893c740657870f86b7&language=en&debug=1&debugDataPath=https://raw.githubusercontent.com/jygameclub/testdataapi/main/mahjong2date/0525_0433&debugStart=349,https://raw.githubusercontent.com/jygameclub/testdataapi/main/mahjong2date/0525_0433/349.json,https://raw.githubusercontent.com/jygameclub/testdataapi/main/mahjong2date/0525_0433,普通中奖,12.00,0.30,2,1,3,3,3,0,0,否,否,是,1,0,677109,677111,8651779669303075,9471250.0,9471222.0,2段连消/续转 / 金色符号/百搭转换
连消/掉落,540.json,540,75,金色/百搭,https://fish-games.s3.amazonaws.com/MahjongWays2/index.html?env=ceshislot.osshaiwai.com&hasFloat=0&token=436475c81b51e6893c740657870f86b7&language=en&debug=1&debugDataPath=https://raw.githubusercontent.com/jygameclub/testdataapi/main/mahjong2date/0525_0433&debugStart=540,https://raw.githubusercontent.com/jygameclub/testdataapi/main/mahjong2date/0525_0433/540.json,https://raw.githubusercontent.com/jygameclub/testdataapi/main/mahjong2date/0525_0433,普通中奖,12.00,0.30,2,1,5,5,5,0,0,否,否,是,1,0,677813,677814,8481779670226848,9473918.0,9473890.0,2段连消/续转 / 金色符号/百搭转换
连消/掉落,576.json,576,75,金色/百搭,https://fish-games.s3.amazonaws.com/MahjongWays2/index.html?env=ceshislot.osshaiwai.com&hasFloat=0&token=436475c81b51e6893c740657870f86b7&language=en&debug=1&debugDataPath=https://raw.githubusercontent.com/jygameclub/testdataapi/main/mahjong2date/0525_0433&debugStart=576,https://raw.githubusercontent.com/jygameclub/testdataapi/main/mahjong2date/0525_0433/576.json,https://raw.githubusercontent.com/jygameclub/testdataapi/main/mahjong2date/0525_0433,普通中奖,12.00,0.30,2,1,4,5,5,1,1,否,否,是,1,2,677890,677891,7001779670303380,9473002.0,9472974.0,2段连消/续转 / 金色符号/百搭转换
连消/掉落,608.json,608,75,金色/百搭,https://fish-games.s3.amazonaws.com/MahjongWays2/index.html?env=ceshislot.osshaiwai.com&hasFloat=0&token=436475c81b51e6893c740657870f86b7&language=en&debug=1&debugDataPath=https://raw.githubusercontent.com/jygameclub/testdataapi/main/mahjong2date/0525_0433&debugStart=608,https://raw.githubusercontent.com/jygameclub/testdataapi/main/mahjong2date/0525_0433/608.json,https://raw.githubusercontent.com/jygameclub/testdataapi/main/mahjong2date/0525_0433,普通中奖,12.00,0.30,2,1,5,5,5,0,0,否,否,是,1,0,677969,677970,5561779670374647,9472184.0,9472156.0,2段连消/续转 / 金色符号/百搭转换
连消/掉落,611.json,611,75,金色/百搭,https://fish-games.s3.amazonaws.com/MahjongWays2/index.html?env=ceshislot.osshaiwai.com&hasFloat=0&token=436475c81b51e6893c740657870f86b7&language=en&debug=1&debugDataPath=https://raw.githubusercontent.com/jygameclub/testdataapi/main/mahjong2date/0525_0433&debugStart=611,https://raw.githubusercontent.com/jygameclub/testdataapi/main/mahjong2date/0525_0433/611.json,https://raw.githubusercontent.com/jygameclub/testdataapi/main/mahjong2date/0525_0433,普通中奖,12.00,0.30,2,1,5,5,5,0,0,否,否,是,1,1,677975,677976,2301779670382846,9472100.0,9472072.0,2段连消/续转 / 金色符号/百搭转换
连消/掉落,615.json,615,75,金色/百搭,https://fish-games.s3.amazonaws.com/MahjongWays2/index.html?env=ceshislot.osshaiwai.com&hasFloat=0&token=436475c81b51e6893c740657870f86b7&language=en&debug=1&debugDataPath=https://raw.githubusercontent.com/jygameclub/testdataapi/main/mahjong2date/0525_0433&debugStart=615,https://raw.githubusercontent.com/jygameclub/testdataapi/main/mahjong2date/0525_0433/615.json,https://raw.githubusercontent.com/jygameclub/testdataapi/main/mahjong2date/0525_0433,普通中奖,12.00,0.30,2,1,6,6,6,0,0,否,否,是,1,2,678038,678039,7291779670481130,9473132.0,9473104.0,2段连消/续转 / 金色符号/百搭转换
连消/掉落,679.json,679,75,金色/百搭,https://fish-games.s3.amazonaws.com/MahjongWays2/index.html?env=ceshislot.osshaiwai.com&hasFloat=0&token=436475c81b51e6893c740657870f86b7&language=en&debug=1&debugDataPath=https://raw.githubusercontent.com/jygameclub/testdataapi/main/mahjong2date/0525_0433&debugStart=679,https://raw.githubusercontent.com/jygameclub/testdataapi/main/mahjong2date/0525_0433/679.json,https://raw.githubusercontent.com/jygameclub/testdataapi/main/mahjong2date/0525_0433,普通中奖,12.00,0.30,2,1,5,5,5,0,0,否,否,是,1,0,678180,678182,7301779670614511,9472332.0,9472304.0,2段连消/续转 / 金色符号/百搭转换
连消/掉落,752.json,752,75,金色/百搭,https://fish-games.s3.amazonaws.com/MahjongWays2/index.html?env=ceshislot.osshaiwai.com&hasFloat=0&token=436475c81b51e6893c740657870f86b7&language=en&debug=1&debugDataPath=https://raw.githubusercontent.com/jygameclub/testdataapi/main/mahjong2date/0525_0433&debugStart=752,https://raw.githubusercontent.com/jygameclub/testdataapi/main/mahjong2date/0525_0433/752.json,https://raw.githubusercontent.com/jygameclub/testdataapi/main/mahjong2date/0525_0433,普通中奖,12.00,0.30,2,1,6,6,6,0,0,否,否,是,1,1,678300,678301,1371779670746745,9471380.0,9471352.0,2段连消/续转 / 金色符号/百搭转换
连消/掉落,765.json,765,75,金色/百搭,https://fish-games.s3.amazonaws.com/MahjongWays2/index.html?env=ceshislot.osshaiwai.com&hasFloat=0&token=436475c81b51e6893c740657870f86b7&language=en&debug=1&debugDataPath=https://raw.githubusercontent.com/jygameclub/testdataapi/main/mahjong2date/0525_0433&debugStart=765,https://raw.githubusercontent.com/jygameclub/testdataapi/main/mahjong2date/0525_0433/765.json,https://raw.githubusercontent.com/jygameclub/testdataapi/main/mahjong2date/0525_0433,普通中奖,12.00,0.30,2,1,5,5,5,0,0,否,否,是,1,1,678323,678326,4261779670780145,9471124.0,9471096.0,2段连消/续转 / 金色符号/百搭转换
连消/掉落,831.json,831,75,金色/百搭,https://fish-games.s3.amazonaws.com/MahjongWays2/index.html?env=ceshislot.osshaiwai.com&hasFloat=0&token=436475c81b51e6893c740657870f86b7&language=en&debug=1&debugDataPath=https://raw.githubusercontent.com/jygameclub/testdataapi/main/mahjong2date/0525_0433&debugStart=831,https://raw.githubusercontent.com/jygameclub/testdataapi/main/mahjong2date/0525_0433/831.json,https://raw.githubusercontent.com/jygameclub/testdataapi/main/mahjong2date/0525_0433,普通中奖,12.00,0.30,2,1,4,6,6,2,2,否,否,是,1,1,678712,678713,1211779671315185,9475582.0,9475554.0,2段连消/续转 / 金色符号/百搭转换
连消/掉落,840.json,840,75,金色/百搭,https://fish-games.s3.amazonaws.com/MahjongWays2/index.html?env=ceshislot.osshaiwai.com&hasFloat=0&token=436475c81b51e6893c740657870f86b7&language=en&debug=1&debugDataPath=https://raw.githubusercontent.com/jygameclub/testdataapi/main/mahjong2date/0525_0433&debugStart=840,https://raw.githubusercontent.com/jygameclub/testdataapi/main/mahjong2date/0525_0433/840.json,https://raw.githubusercontent.com/jygameclub/testdataapi/main/mahjong2date/0525_0433,普通中奖,12.00,0.30,2,1,6,6,6,0,0,否,否,是,1,1,678736,678738,1631779671330919,9475266.0,9475238.0,2段连消/续转 / 金色符号/百搭转换
连消/掉落,883.json,883,75,金色/百搭,https://fish-games.s3.amazonaws.com/MahjongWays2/index.html?env=ceshislot.osshaiwai.com&hasFloat=0&token=436475c81b51e6893c740657870f86b7&language=en&debug=1&debugDataPath=https://raw.githubusercontent.com/jygameclub/testdataapi/main/mahjong2date/0525_0433&debugStart=883,https://raw.githubusercontent.com/jygameclub/testdataapi/main/mahjong2date/0525_0433/883.json,https://raw.githubusercontent.com/jygameclub/testdataapi/main/mahjong2date/0525_0433,普通中奖,12.00,0.30,2,1,5,6,6,1,1,否,否,是,1,0,678836,678837,7721779671430285,9474356.0,9474328.0,2段连消/续转 / 金色符号/百搭转换
连消/掉落,890.json,890,75,金色/百搭,https://fish-games.s3.amazonaws.com/MahjongWays2/index.html?env=ceshislot.osshaiwai.com&hasFloat=0&token=436475c81b51e6893c740657870f86b7&language=en&debug=1&debugDataPath=https://raw.githubusercontent.com/jygameclub/testdataapi/main/mahjong2date/0525_0433&debugStart=890,https://raw.githubusercontent.com/jygameclub/testdataapi/main/mahjong2date/0525_0433/890.json,https://raw.githubusercontent.com/jygameclub/testdataapi/main/mahjong2date/0525_0433,普通中奖,12.00,0.30,2,1,4,4,4,0,0,否,否,是,1,0,678847,678849,6651779671441201,9474168.0,9474140.0,2段连消/续转 / 金色符号/百搭转换
连消/掉落,925.json,925,75,金色/百搭,https://fish-games.s3.amazonaws.com/MahjongWays2/index.html?env=ceshislot.osshaiwai.com&hasFloat=0&token=436475c81b51e6893c740657870f86b7&language=en&debug=1&debugDataPath=https://raw.githubusercontent.com/jygameclub/testdataapi/main/mahjong2date/0525_0433&debugStart=925,https://raw.githubusercontent.com/jygameclub/testdataapi/main/mahjong2date/0525_0433/925.json,https://raw.githubusercontent.com/jygameclub/testdataapi/main/mahjong2date/0525_0433,普通中奖,12.00,0.30,2,1,6,6,6,0,0,否,否,是,1,1,678927,678929,1071779671508102,9473488.0,9473460.0,2段连消/续转 / 金色符号/百搭转换
连消/掉落,930.json,930,75,金色/百搭,https://fish-games.s3.amazonaws.com/MahjongWays2/index.html?env=ceshislot.osshaiwai.com&hasFloat=0&token=436475c81b51e6893c740657870f86b7&language=en&debug=1&debugDataPath=https://raw.githubusercontent.com/jygameclub/testdataapi/main/mahjong2date/0525_0433&debugStart=930,https://raw.githubusercontent.com/jygameclub/testdataapi/main/mahjong2date/0525_0433/930.json,https://raw.githubusercontent.com/jygameclub/testdataapi/main/mahjong2date/0525_0433,普通中奖,12.00,0.30,2,1,6,6,6,0,0,否,否,是,1,0,678935,678936,8901779671518835,9473308.0,9473280.0,2段连消/续转 / 金色符号/百搭转换
连消/掉落,304.json,304,75,金色/百搭,https://fish-games.s3.amazonaws.com/MahjongWays2/index.html?env=ceshislot.osshaiwai.com&hasFloat=0&token=436475c81b51e6893c740657870f86b7&language=en&debug=1&debugDataPath=https://raw.githubusercontent.com/jygameclub/testdataapi/main/mahjong2date/0525_0433&debugStart=304,https://raw.githubusercontent.com/jygameclub/testdataapi/main/mahjong2date/0525_0433/304.json,https://raw.githubusercontent.com/jygameclub/testdataapi/main/mahjong2date/0525_0433,普通中奖,10.00,0.25,3,2,6,7,7,1,1,否,否,是,1,1,676841,676843,1441779668859795,9464670.0,9464640.0,3段连消/续转 / 金色符号/百搭转换
连消/掉落,014.json,14,75,金色/百搭,https://fish-games.s3.amazonaws.com/MahjongWays2/index.html?env=ceshislot.osshaiwai.com&hasFloat=0&token=436475c81b51e6893c740657870f86b7&language=en&debug=1&debugDataPath=https://raw.githubusercontent.com/jygameclub/testdataapi/main/mahjong2date/0525_0433&debugStart=14,https://raw.githubusercontent.com/jygameclub/testdataapi/main/mahjong2date/0525_0433/014.json,https://raw.githubusercontent.com/jygameclub/testdataapi/main/mahjong2date/0525_0433,普通中奖,10.00,0.25,2,1,3,3,3,0,0,否,否,是,1,1,675747,675749,9371779667074060,9461822.0,9461792.0,2段连消/续转 / 金色符号/百搭转换
连消/掉落,222.json,222,75,金色/百搭,https://fish-games.s3.amazonaws.com/MahjongWays2/index.html?env=ceshislot.osshaiwai.com&hasFloat=0&token=436475c81b51e6893c740657870f86b7&language=en&debug=1&debugDataPath=https://raw.githubusercontent.com/jygameclub/testdataapi/main/mahjong2date/0525_0433&debugStart=222,https://raw.githubusercontent.com/jygameclub/testdataapi/main/mahjong2date/0525_0433/222.json,https://raw.githubusercontent.com/jygameclub/testdataapi/main/mahjong2date/0525_0433,普通中奖,10.00,0.25,2,1,3,3,3,0,0,否,否,是,1,1,676404,676405,5371779667948955,9466424.0,9466394.0,2段连消/续转 / 金色符号/百搭转换
连消/掉落,588.json,588,75,金色/百搭,https://fish-games.s3.amazonaws.com/MahjongWays2/index.html?env=ceshislot.osshaiwai.com&hasFloat=0&token=436475c81b51e6893c740657870f86b7&language=en&debug=1&debugDataPath=https://raw.githubusercontent.com/jygameclub/testdataapi/main/mahjong2date/0525_0433&debugStart=588,https://raw.githubusercontent.com/jygameclub/testdataapi/main/mahjong2date/0525_0433/588.json,https://raw.githubusercontent.com/jygameclub/testdataapi/main/mahjong2date/0525_0433,普通中奖,10.00,0.25,2,1,8,8,8,0,0,否,否,是,2,1,677923,677924,1761779670333747,9472682.0,9472652.0,2段连消/续转 / 金色符号/百搭转换
连消/掉落,618.json,618,75,金色/百搭,https://fish-games.s3.amazonaws.com/MahjongWays2/index.html?env=ceshislot.osshaiwai.com&hasFloat=0&token=436475c81b51e6893c740657870f86b7&language=en&debug=1&debugDataPath=https://raw.githubusercontent.com/jygameclub/testdataapi/main/mahjong2date/0525_0433&debugStart=618,https://raw.githubusercontent.com/jygameclub/testdataapi/main/mahjong2date/0525_0433/618.json,https://raw.githubusercontent.com/jygameclub/testdataapi/main/mahjong2date/0525_0433,普通中奖,10.00,0.25,2,1,3,3,3,0,0,否,否,是,1,0,678045,678046,1651779670487413,9473024.0,9472994.0,2段连消/续转 / 金色符号/百搭转换
连消/掉落,049.json,49,75,金色/百搭,https://fish-games.s3.amazonaws.com/MahjongWays2/index.html?env=ceshislot.osshaiwai.com&hasFloat=0&token=436475c81b51e6893c740657870f86b7&language=en&debug=1&debugDataPath=https://raw.githubusercontent.com/jygameclub/testdataapi/main/mahjong2date/0525_0433&debugStart=49,https://raw.githubusercontent.com/jygameclub/testdataapi/main/mahjong2date/0525_0433/049.json,https://raw.githubusercontent.com/jygameclub/testdataapi/main/mahjong2date/0525_0433,普通中奖,8.00,0.20,2,1,5,5,5,0,0,否,否,是,1,1,675835,675837,9531779667153810,9461632.0,9461600.0,2段连消/续转 / 金色符号/百搭转换
连消/掉落,098.json,98,75,金色/百搭,https://fish-games.s3.amazonaws.com/MahjongWays2/index.html?env=ceshislot.osshaiwai.com&hasFloat=0&token=436475c81b51e6893c740657870f86b7&language=en&debug=1&debugDataPath=https://raw.githubusercontent.com/jygameclub/testdataapi/main/mahjong2date/0525_0433&debugStart=98,https://raw.githubusercontent.com/jygameclub/testdataapi/main/mahjong2date/0525_0433/098.json,https://raw.githubusercontent.com/jygameclub/testdataapi/main/mahjong2date/0525_0433,普通中奖,8.00,0.20,2,1,5,5,5,0,0,否,否,是,1,1,675993,675994,8361779667367975,9464392.0,9464360.0,2段连消/续转 / 金色符号/百搭转换
连消/掉落,150.json,150,75,金色/百搭,https://fish-games.s3.amazonaws.com/MahjongWays2/index.html?env=ceshislot.osshaiwai.com&hasFloat=0&token=436475c81b51e6893c740657870f86b7&language=en&debug=1&debugDataPath=https://raw.githubusercontent.com/jygameclub/testdataapi/main/mahjong2date/0525_0433&debugStart=150,https://raw.githubusercontent.com/jygameclub/testdataapi/main/mahjong2date/0525_0433/150.json,https://raw.githubusercontent.com/jygameclub/testdataapi/main/mahjong2date/0525_0433,普通中奖,8.00,0.20,2,1,5,5,5,0,0,否,否,是,1,1,676135,676136,4291779667571623,9464938.0,9464906.0,2段连消/续转 / 金色符号/百搭转换
连消/掉落,179.json,179,75,金色/百搭,https://fish-games.s3.amazonaws.com/MahjongWays2/index.html?env=ceshislot.osshaiwai.com&hasFloat=0&token=436475c81b51e6893c740657870f86b7&language=en&debug=1&debugDataPath=https://raw.githubusercontent.com/jygameclub/testdataapi/main/mahjong2date/0525_0433&debugStart=179,https://raw.githubusercontent.com/jygameclub/testdataapi/main/mahjong2date/0525_0433/179.json,https://raw.githubusercontent.com/jygameclub/testdataapi/main/mahjong2date/0525_0433,普通中奖,8.00,0.20,2,1,5,5,5,0,0,否,否,是,1,2,676209,676211,6111779667641107,9465034.0,9465002.0,2段连消/续转 / 金色符号/百搭转换
连消/掉落,199.json,199,75,金色/百搭,https://fish-games.s3.amazonaws.com/MahjongWays2/index.html?env=ceshislot.osshaiwai.com&hasFloat=0&token=436475c81b51e6893c740657870f86b7&language=en&debug=1&debugDataPath=https://raw.githubusercontent.com/jygameclub/testdataapi/main/mahjong2date/0525_0433&debugStart=199,https://raw.githubusercontent.com/jygameclub/testdataapi/main/mahjong2date/0525_0433/199.json,https://raw.githubusercontent.com/jygameclub/testdataapi/main/mahjong2date/0525_0433,普通中奖,8.00,0.20,2,1,4,4,4,0,0,否,否,是,1,1,676263,676264,9301779667687340,9464580.0,9464548.0,2段连消/续转 / 金色符号/百搭转换
连消/掉落,224.json,224,75,金色/百搭,https://fish-games.s3.amazonaws.com/MahjongWays2/index.html?env=ceshislot.osshaiwai.com&hasFloat=0&token=436475c81b51e6893c740657870f86b7&language=en&debug=1&debugDataPath=https://raw.githubusercontent.com/jygameclub/testdataapi/main/mahjong2date/0525_0433&debugStart=224,https://raw.githubusercontent.com/jygameclub/testdataapi/main/mahjong2date/0525_0433/224.json,https://raw.githubusercontent.com/jygameclub/testdataapi/main/mahjong2date/0525_0433,普通中奖,8.00,0.20,2,1,4,5,5,1,1,否,否,是,1,0,676409,676410,1931779667953488,9466354.0,9466322.0,2段连消/续转 / 金色符号/百搭转换
连消/掉落,228.json,228,75,金色/百搭,https://fish-games.s3.amazonaws.com/MahjongWays2/index.html?env=ceshislot.osshaiwai.com&hasFloat=0&token=436475c81b51e6893c740657870f86b7&language=en&debug=1&debugDataPath=https://raw.githubusercontent.com/jygameclub/testdataapi/main/mahjong2date/0525_0433&debugStart=228,https://raw.githubusercontent.com/jygameclub/testdataapi/main/mahjong2date/0525_0433/228.json,https://raw.githubusercontent.com/jygameclub/testdataapi/main/mahjong2date/0525_0433,普通中奖,8.00,0.20,2,1,5,5,5,0,0,否,否,是,1,0,676420,676421,4261779667963121,9466210.0,9466178.0,2段连消/续转 / 金色符号/百搭转换
连消/掉落,230.json,230,75,金色/百搭,https://fish-games.s3.amazonaws.com/MahjongWays2/index.html?env=ceshislot.osshaiwai.com&hasFloat=0&token=436475c81b51e6893c740657870f86b7&language=en&debug=1&debugDataPath=https://raw.githubusercontent.com/jygameclub/testdataapi/main/mahjong2date/0525_0433&debugStart=230,https://raw.githubusercontent.com/jygameclub/testdataapi/main/mahjong2date/0525_0433/230.json,https://raw.githubusercontent.com/jygameclub/testdataapi/main/mahjong2date/0525_0433,普通中奖,8.00,0.20,2,1,4,4,4,0,0,否,否,是,1,0,676424,676425,6561779667967337,9466138.0,9466106.0,2段连消/续转 / 金色符号/百搭转换
连消/掉落,238.json,238,75,金色/百搭,https://fish-games.s3.amazonaws.com/MahjongWays2/index.html?env=ceshislot.osshaiwai.com&hasFloat=0&token=436475c81b51e6893c740657870f86b7&language=en&debug=1&debugDataPath=https://raw.githubusercontent.com/jygameclub/testdataapi/main/mahjong2date/0525_0433&debugStart=238,https://raw.githubusercontent.com/jygameclub/testdataapi/main/mahjong2date/0525_0433/238.json,https://raw.githubusercontent.com/jygameclub/testdataapi/main/mahjong2date/0525_0433,普通中奖,8.00,0.20,2,1,6,6,6,0,0,否,否,是,1,0,676434,676436,3731779668008317,9465830.0,9465798.0,2段连消/续转 / 金色符号/百搭转换
连消/掉落,242.json,242,75,金色/百搭,https://fish-games.s3.amazonaws.com/MahjongWays2/index.html?env=ceshislot.osshaiwai.com&hasFloat=0&token=436475c81b51e6893c740657870f86b7&language=en&debug=1&debugDataPath=https://raw.githubusercontent.com/jygameclub/testdataapi/main/mahjong2date/0525_0433&debugStart=242,https://raw.githubusercontent.com/jygameclub/testdataapi/main/mahjong2date/0525_0433/242.json,https://raw.githubusercontent.com/jygameclub/testdataapi/main/mahjong2date/0525_0433,普通中奖,8.00,0.20,2,1,5,5,5,0,0,否,否,是,1,1,676675,676677,1071779668666396,9465882.0,9465850.0,2段连消/续转 / 金色符号/百搭转换
连消/掉落,245.json,245,75,金色/百搭,https://fish-games.s3.amazonaws.com/MahjongWays2/index.html?env=ceshislot.osshaiwai.com&hasFloat=0&token=436475c81b51e6893c740657870f86b7&language=en&debug=1&debugDataPath=https://raw.githubusercontent.com/jygameclub/testdataapi/main/mahjong2date/0525_0433&debugStart=245,https://raw.githubusercontent.com/jygameclub/testdataapi/main/mahjong2date/0525_0433/245.json,https://raw.githubusercontent.com/jygameclub/testdataapi/main/mahjong2date/0525_0433,普通中奖,8.00,0.20,2,1,5,5,5,0,0,否,否,是,1,1,676685,676686,4111779668675563,9465774.0,9465742.0,2段连消/续转 / 金色符号/百搭转换
连消/掉落,320.json,320,75,金色/百搭,https://fish-games.s3.amazonaws.com/MahjongWays2/index.html?env=ceshislot.osshaiwai.com&hasFloat=0&token=436475c81b51e6893c740657870f86b7&language=en&debug=1&debugDataPath=https://raw.githubusercontent.com/jygameclub/testdataapi/main/mahjong2date/0525_0433&debugStart=320,https://raw.githubusercontent.com/jygameclub/testdataapi/main/mahjong2date/0525_0433/320.json,https://raw.githubusercontent.com/jygameclub/testdataapi/main/mahjong2date/0525_0433,普通中奖,8.00,0.20,2,1,5,5,5,0,0,否,否,是,1,1,676918,676919,6151779668974710,9464762.0,9464730.0,2段连消/续转 / 金色符号/百搭转换
连消/掉落,341.json,341,75,金色/百搭,https://fish-games.s3.amazonaws.com/MahjongWays2/index.html?env=ceshislot.osshaiwai.com&hasFloat=0&token=436475c81b51e6893c740657870f86b7&language=en&debug=1&debugDataPath=https://raw.githubusercontent.com/jygameclub/testdataapi/main/mahjong2date/0525_0433&debugStart=341,https://raw.githubusercontent.com/jygameclub/testdataapi/main/mahjong2date/0525_0433/341.json,https://raw.githubusercontent.com/jygameclub/testdataapi/main/mahjong2date/0525_0433,普通中奖,8.00,0.20,2,1,5,5,5,0,0,否,否,是,1,1,677018,677019,7121779669130860,9466044.0,9466012.0,2段连消/续转 / 金色符号/百搭转换
连消/掉落,441.json,441,75,金色/百搭,https://fish-games.s3.amazonaws.com/MahjongWays2/index.html?env=ceshislot.osshaiwai.com&hasFloat=0&token=436475c81b51e6893c740657870f86b7&language=en&debug=1&debugDataPath=https://raw.githubusercontent.com/jygameclub/testdataapi/main/mahjong2date/0525_0433&debugStart=441,https://raw.githubusercontent.com/jygameclub/testdataapi/main/mahjong2date/0525_0433/441.json,https://raw.githubusercontent.com/jygameclub/testdataapi/main/mahjong2date/0525_0433,普通中奖,8.00,0.20,2,1,5,5,5,0,0,否,否,是,1,0,677464,677465,2001779669777110,9474930.0,9474898.0,2段连消/续转 / 金色符号/百搭转换
连消/掉落,452.json,452,75,金色/百搭,https://fish-games.s3.amazonaws.com/MahjongWays2/index.html?env=ceshislot.osshaiwai.com&hasFloat=0&token=436475c81b51e6893c740657870f86b7&language=en&debug=1&debugDataPath=https://raw.githubusercontent.com/jygameclub/testdataapi/main/mahjong2date/0525_0433&debugStart=452,https://raw.githubusercontent.com/jygameclub/testdataapi/main/mahjong2date/0525_0433/452.json,https://raw.githubusercontent.com/jygameclub/testdataapi/main/mahjong2date/0525_0433,普通中奖,8.00,0.20,2,1,5,5,5,0,0,否,否,是,1,1,677483,677484,5151779669796496,9474552.0,9474520.0,2段连消/续转 / 金色符号/百搭转换
连消/掉落,525.json,525,75,金色/百搭,https://fish-games.s3.amazonaws.com/MahjongWays2/index.html?env=ceshislot.osshaiwai.com&hasFloat=0&token=436475c81b51e6893c740657870f86b7&language=en&debug=1&debugDataPath=https://raw.githubusercontent.com/jygameclub/testdataapi/main/mahjong2date/0525_0433&debugStart=525,https://raw.githubusercontent.com/jygameclub/testdataapi/main/mahjong2date/0525_0433/525.json,https://raw.githubusercontent.com/jygameclub/testdataapi/main/mahjong2date/0525_0433,普通中奖,8.00,0.20,2,1,5,5,5,0,0,否,否,是,1,1,677791,677792,8521779670196831,9474214.0,9474182.0,2段连消/续转 / 金色符号/百搭转换
连消/掉落,528.json,528,75,金色/百搭,https://fish-games.s3.amazonaws.com/MahjongWays2/index.html?env=ceshislot.osshaiwai.com&hasFloat=0&token=436475c81b51e6893c740657870f86b7&language=en&debug=1&debugDataPath=https://raw.githubusercontent.com/jygameclub/testdataapi/main/mahjong2date/0525_0433&debugStart=528,https://raw.githubusercontent.com/jygameclub/testdataapi/main/mahjong2date/0525_0433/528.json,https://raw.githubusercontent.com/jygameclub/testdataapi/main/mahjong2date/0525_0433,普通中奖,8.00,0.20,2,1,4,4,4,0,0,否,否,是,1,1,677795,677796,9121779670201730,9474102.0,9474070.0,2段连消/续转 / 金色符号/百搭转换
连消/掉落,536.json,536,75,金色/百搭,https://fish-games.s3.amazonaws.com/MahjongWays2/index.html?env=ceshislot.osshaiwai.com&hasFloat=0&token=436475c81b51e6893c740657870f86b7&language=en&debug=1&debugDataPath=https://raw.githubusercontent.com/jygameclub/testdataapi/main/mahjong2date/0525_0433&debugStart=536,https://raw.githubusercontent.com/jygameclub/testdataapi/main/mahjong2date/0525_0433/536.json,https://raw.githubusercontent.com/jygameclub/testdataapi/main/mahjong2date/0525_0433,普通中奖,8.00,0.20,2,1,4,4,4,0,0,否,否,是,1,1,677807,677808,9481779670217364,9474064.0,9474032.0,2段连消/续转 / 金色符号/百搭转换
连消/掉落,546.json,546,75,金色/百搭,https://fish-games.s3.amazonaws.com/MahjongWays2/index.html?env=ceshislot.osshaiwai.com&hasFloat=0&token=436475c81b51e6893c740657870f86b7&language=en&debug=1&debugDataPath=https://raw.githubusercontent.com/jygameclub/testdataapi/main/mahjong2date/0525_0433&debugStart=546,https://raw.githubusercontent.com/jygameclub/testdataapi/main/mahjong2date/0525_0433/546.json,https://raw.githubusercontent.com/jygameclub/testdataapi/main/mahjong2date/0525_0433,普通中奖,8.00,0.20,2,1,6,6,6,0,0,否,否,是,2,1,677823,677825,2171779670234832,9473690.0,9473658.0,2段连消/续转 / 金色符号/百搭转换
连消/掉落,584.json,584,75,金色/百搭,https://fish-games.s3.amazonaws.com/MahjongWays2/index.html?env=ceshislot.osshaiwai.com&hasFloat=0&token=436475c81b51e6893c740657870f86b7&language=en&debug=1&debugDataPath=https://raw.githubusercontent.com/jygameclub/testdataapi/main/mahjong2date/0525_0433&debugStart=584,https://raw.githubusercontent.com/jygameclub/testdataapi/main/mahjong2date/0525_0433/584.json,https://raw.githubusercontent.com/jygameclub/testdataapi/main/mahjong2date/0525_0433,普通中奖,8.00,0.20,2,1,5,5,5,0,0,否,否,是,1,0,677911,677913,8151779670326547,9472830.0,9472798.0,2段连消/续转 / 金色符号/百搭转换
连消/掉落,591.json,591,75,金色/百搭,https://fish-games.s3.amazonaws.com/MahjongWays2/index.html?env=ceshislot.osshaiwai.com&hasFloat=0&token=436475c81b51e6893c740657870f86b7&language=en&debug=1&debugDataPath=https://raw.githubusercontent.com/jygameclub/testdataapi/main/mahjong2date/0525_0433&debugStart=591,https://raw.githubusercontent.com/jygameclub/testdataapi/main/mahjong2date/0525_0433/591.json,https://raw.githubusercontent.com/jygameclub/testdataapi/main/mahjong2date/0525_0433,普通中奖,8.00,0.20,2,1,5,5,5,0,0,否,否,是,1,0,677930,677931,5181779670339797,9472572.0,9472540.0,2段连消/续转 / 金色符号/百搭转换
连消/掉落,594.json,594,75,金色/百搭,https://fish-games.s3.amazonaws.com/MahjongWays2/index.html?env=ceshislot.osshaiwai.com&hasFloat=0&token=436475c81b51e6893c740657870f86b7&language=en&debug=1&debugDataPath=https://raw.githubusercontent.com/jygameclub/testdataapi/main/mahjong2date/0525_0433&debugStart=594,https://raw.githubusercontent.com/jygameclub/testdataapi/main/mahjong2date/0525_0433/594.json,https://raw.githubusercontent.com/jygameclub/testdataapi/main/mahjong2date/0525_0433,普通中奖,8.00,0.20,2,1,4,5,5,1,1,否,否,是,1,1,677944,677945,2251779670352880,9472726.0,9472694.0,2段连消/续转 / 金色符号/百搭转换
连消/掉落,636.json,636,75,金色/百搭,https://fish-games.s3.amazonaws.com/MahjongWays2/index.html?env=ceshislot.osshaiwai.com&hasFloat=0&token=436475c81b51e6893c740657870f86b7&language=en&debug=1&debugDataPath=https://raw.githubusercontent.com/jygameclub/testdataapi/main/mahjong2date/0525_0433&debugStart=636,https://raw.githubusercontent.com/jygameclub/testdataapi/main/mahjong2date/0525_0433/636.json,https://raw.githubusercontent.com/jygameclub/testdataapi/main/mahjong2date/0525_0433,普通中奖,8.00,0.20,2,1,4,4,4,0,0,否,否,是,1,0,678091,678092,8301779670530962,9473136.0,9473104.0,2段连消/续转 / 金色符号/百搭转换
连消/掉落,740.json,740,75,金色/百搭,https://fish-games.s3.amazonaws.com/MahjongWays2/index.html?env=ceshislot.osshaiwai.com&hasFloat=0&token=436475c81b51e6893c740657870f86b7&language=en&debug=1&debugDataPath=https://raw.githubusercontent.com/jygameclub/testdataapi/main/mahjong2date/0525_0433&debugStart=740,https://raw.githubusercontent.com/jygameclub/testdataapi/main/mahjong2date/0525_0433/740.json,https://raw.githubusercontent.com/jygameclub/testdataapi/main/mahjong2date/0525_0433,普通中奖,8.00,0.20,2,1,4,4,4,0,0,否,否,是,1,1,678280,678281,4171779670721511,9471742.0,9471710.0,2段连消/续转 / 金色符号/百搭转换
连消/掉落,750.json,750,75,金色/百搭,https://fish-games.s3.amazonaws.com/MahjongWays2/index.html?env=ceshislot.osshaiwai.com&hasFloat=0&token=436475c81b51e6893c740657870f86b7&language=en&debug=1&debugDataPath=https://raw.githubusercontent.com/jygameclub/testdataapi/main/mahjong2date/0525_0433&debugStart=750,https://raw.githubusercontent.com/jygameclub/testdataapi/main/mahjong2date/0525_0433/750.json,https://raw.githubusercontent.com/jygameclub/testdataapi/main/mahjong2date/0525_0433,普通中奖,8.00,0.20,2,1,5,5,5,0,0,否,否,是,1,1,678297,678298,5561779670742145,9471452.0,9471420.0,2段连消/续转 / 金色符号/百搭转换
连消/掉落,823.json,823,75,金色/百搭,https://fish-games.s3.amazonaws.com/MahjongWays2/index.html?env=ceshislot.osshaiwai.com&hasFloat=0&token=436475c81b51e6893c740657870f86b7&language=en&debug=1&debugDataPath=https://raw.githubusercontent.com/jygameclub/testdataapi/main/mahjong2date/0525_0433&debugStart=823,https://raw.githubusercontent.com/jygameclub/testdataapi/main/mahjong2date/0525_0433/823.json,https://raw.githubusercontent.com/jygameclub/testdataapi/main/mahjong2date/0525_0433,普通中奖,8.00,0.20,2,1,5,5,5,0,0,否,否,是,1,0,678680,678682,8971779671291502,9475734.0,9475702.0,2段连消/续转 / 金色符号/百搭转换
连消/掉落,835.json,835,75,金色/百搭,https://fish-games.s3.amazonaws.com/MahjongWays2/index.html?env=ceshislot.osshaiwai.com&hasFloat=0&token=436475c81b51e6893c740657870f86b7&language=en&debug=1&debugDataPath=https://raw.githubusercontent.com/jygameclub/testdataapi/main/mahjong2date/0525_0433&debugStart=835,https://raw.githubusercontent.com/jygameclub/testdataapi/main/mahjong2date/0525_0433/835.json,https://raw.githubusercontent.com/jygameclub/testdataapi/main/mahjong2date/0525_0433,普通中奖,8.00,0.20,2,1,5,5,5,0,0,否,否,是,1,0,678722,678723,5401779671320518,9475434.0,9475402.0,2段连消/续转 / 金色符号/百搭转换
连消/掉落,848.json,848,75,金色/百搭,https://fish-games.s3.amazonaws.com/MahjongWays2/index.html?env=ceshislot.osshaiwai.com&hasFloat=0&token=436475c81b51e6893c740657870f86b7&language=en&debug=1&debugDataPath=https://raw.githubusercontent.com/jygameclub/testdataapi/main/mahjong2date/0525_0433&debugStart=848,https://raw.githubusercontent.com/jygameclub/testdataapi/main/mahjong2date/0525_0433/848.json,https://raw.githubusercontent.com/jygameclub/testdataapi/main/mahjong2date/0525_0433,普通中奖,8.00,0.20,2,1,3,4,4,1,1,否,否,是,1,1,678753,678754,9471779671345786,9474980.0,9474948.0,2段连消/续转 / 金色符号/百搭转换
连消/掉落,851.json,851,75,金色/百搭,https://fish-games.s3.amazonaws.com/MahjongWays2/index.html?env=ceshislot.osshaiwai.com&hasFloat=0&token=436475c81b51e6893c740657870f86b7&language=en&debug=1&debugDataPath=https://raw.githubusercontent.com/jygameclub/testdataapi/main/mahjong2date/0525_0433&debugStart=851,https://raw.githubusercontent.com/jygameclub/testdataapi/main/mahjong2date/0525_0433/851.json,https://raw.githubusercontent.com/jygameclub/testdataapi/main/mahjong2date/0525_0433,普通中奖,8.00,0.20,2,1,8,8,8,0,0,否,否,是,2,0,678768,678769,4961779671358102,9474908.0,9474876.0,2段连消/续转 / 金色符号/百搭转换
连消/掉落,894.json,894,75,金色/百搭,https://fish-games.s3.amazonaws.com/MahjongWays2/index.html?env=ceshislot.osshaiwai.com&hasFloat=0&token=436475c81b51e6893c740657870f86b7&language=en&debug=1&debugDataPath=https://raw.githubusercontent.com/jygameclub/testdataapi/main/mahjong2date/0525_0433&debugStart=894,https://raw.githubusercontent.com/jygameclub/testdataapi/main/mahjong2date/0525_0433/894.json,https://raw.githubusercontent.com/jygameclub/testdataapi/main/mahjong2date/0525_0433,普通中奖,8.00,0.20,2,1,8,8,8,0,0,否,否,是,2,0,678855,678856,7161779671448968,9474092.0,9474060.0,2段连消/续转 / 金色符号/百搭转换
连消/掉落,919.json,919,75,金色/百搭,https://fish-games.s3.amazonaws.com/MahjongWays2/index.html?env=ceshislot.osshaiwai.com&hasFloat=0&token=436475c81b51e6893c740657870f86b7&language=en&debug=1&debugDataPath=https://raw.githubusercontent.com/jygameclub/testdataapi/main/mahjong2date/0525_0433&debugStart=919,https://raw.githubusercontent.com/jygameclub/testdataapi/main/mahjong2date/0525_0433/919.json,https://raw.githubusercontent.com/jygameclub/testdataapi/main/mahjong2date/0525_0433,普通中奖,8.00,0.20,2,1,5,5,5,0,0,否,否,是,1,0,678909,678911,9491779671495484,9473704.0,9473672.0,2段连消/续转 / 金色符号/百搭转换
连消/掉落,926.json,926,75,金色/百搭,https://fish-games.s3.amazonaws.com/MahjongWays2/index.html?env=ceshislot.osshaiwai.com&hasFloat=0&token=436475c81b51e6893c740657870f86b7&language=en&debug=1&debugDataPath=https://raw.githubusercontent.com/jygameclub/testdataapi/main/mahjong2date/0525_0433&debugStart=926,https://raw.githubusercontent.com/jygameclub/testdataapi/main/mahjong2date/0525_0433/926.json,https://raw.githubusercontent.com/jygameclub/testdataapi/main/mahjong2date/0525_0433,普通中奖,8.00,0.20,2,1,5,5,5,0,0,否,否,是,1,1,678930,678931,5491779671511884,9473460.0,9473428.0,2段连消/续转 / 金色符号/百搭转换
连消/掉落,933.json,933,75,金色/百搭,https://fish-games.s3.amazonaws.com/MahjongWays2/index.html?env=ceshislot.osshaiwai.com&hasFloat=0&token=436475c81b51e6893c740657870f86b7&language=en&debug=1&debugDataPath=https://raw.githubusercontent.com/jygameclub/testdataapi/main/mahjong2date/0525_0433&debugStart=933,https://raw.githubusercontent.com/jygameclub/testdataapi/main/mahjong2date/0525_0433/933.json,https://raw.githubusercontent.com/jygameclub/testdataapi/main/mahjong2date/0525_0433,普通中奖,8.00,0.20,2,1,5,5,5,0,0,否,否,是,1,0,678942,678943,7831779671529317,9473294.0,9473262.0,2段连消/续转 / 金色符号/百搭转换
连消/掉落,949.json,949,75,金色/百搭,https://fish-games.s3.amazonaws.com/MahjongWays2/index.html?env=ceshislot.osshaiwai.com&hasFloat=0&token=436475c81b51e6893c740657870f86b7&language=en&debug=1&debugDataPath=https://raw.githubusercontent.com/jygameclub/testdataapi/main/mahjong2date/0525_0433&debugStart=949,https://raw.githubusercontent.com/jygameclub/testdataapi/main/mahjong2date/0525_0433/949.json,https://raw.githubusercontent.com/jygameclub/testdataapi/main/mahjong2date/0525_0433,普通中奖,8.00,0.20,2,1,5,5,5,0,0,否,否,是,1,2,679065,679066,6881779671743398,9475032.0,9475000.0,2段连消/续转 / 金色符号/百搭转换
连消/掉落,985.json,985,75,金色/百搭,https://fish-games.s3.amazonaws.com/MahjongWays2/index.html?env=ceshislot.osshaiwai.com&hasFloat=0&token=436475c81b51e6893c740657870f86b7&language=en&debug=1&debugDataPath=https://raw.githubusercontent.com/jygameclub/testdataapi/main/mahjong2date/0525_0433&debugStart=985,https://raw.githubusercontent.com/jygameclub/testdataapi/main/mahjong2date/0525_0433/985.json,https://raw.githubusercontent.com/jygameclub/testdataapi/main/mahjong2date/0525_0433,普通中奖,8.00,0.20,2,1,5,5,5,0,0,否,否,是,1,1,679233,679236,3011779672015431,9477820.0,9477788.0,2段连消/续转 / 金色符号/百搭转换
连消/掉落,047.json,47,75,金色/百搭,https://fish-games.s3.amazonaws.com/MahjongWays2/index.html?env=ceshislot.osshaiwai.com&hasFloat=0&token=436475c81b51e6893c740657870f86b7&language=en&debug=1&debugDataPath=https://raw.githubusercontent.com/jygameclub/testdataapi/main/mahjong2date/0525_0433&debugStart=47,https://raw.githubusercontent.com/jygameclub/testdataapi/main/mahjong2date/0525_0433/047.json,https://raw.githubusercontent.com/jygameclub/testdataapi/main/mahjong2date/0525_0433,普通中奖,6.00,0.15,2,1,5,5,5,0,0,否,否,是,1,1,675828,675830,4041779667148593,9461706.0,9461672.0,2段连消/续转 / 金色符号/百搭转换
连消/掉落,096.json,96,75,金色/百搭,https://fish-games.s3.amazonaws.com/MahjongWays2/index.html?env=ceshislot.osshaiwai.com&hasFloat=0&token=436475c81b51e6893c740657870f86b7&language=en&debug=1&debugDataPath=https://raw.githubusercontent.com/jygameclub/testdataapi/main/mahjong2date/0525_0433&debugStart=96,https://raw.githubusercontent.com/jygameclub/testdataapi/main/mahjong2date/0525_0433/096.json,https://raw.githubusercontent.com/jygameclub/testdataapi/main/mahjong2date/0525_0433,普通中奖,6.00,0.15,2,1,4,4,4,0,0,否,否,是,1,0,675990,675991,7871779667364525,9464466.0,9464432.0,2段连消/续转 / 金色符号/百搭转换
连消/掉落,250.json,250,75,金色/百搭,https://fish-games.s3.amazonaws.com/MahjongWays2/index.html?env=ceshislot.osshaiwai.com&hasFloat=0&token=436475c81b51e6893c740657870f86b7&language=en&debug=1&debugDataPath=https://raw.githubusercontent.com/jygameclub/testdataapi/main/mahjong2date/0525_0433&debugStart=250,https://raw.githubusercontent.com/jygameclub/testdataapi/main/mahjong2date/0525_0433/250.json,https://raw.githubusercontent.com/jygameclub/testdataapi/main/mahjong2date/0525_0433,普通中奖,6.00,0.15,2,1,5,5,5,0,0,否,否,是,1,1,676704,676706,1501779668691864,9465818.0,9465784.0,2段连消/续转 / 金色符号/百搭转换
连消/掉落,298.json,298,75,金色/百搭,https://fish-games.s3.amazonaws.com/MahjongWays2/index.html?env=ceshislot.osshaiwai.com&hasFloat=0&token=436475c81b51e6893c740657870f86b7&language=en&debug=1&debugDataPath=https://raw.githubusercontent.com/jygameclub/testdataapi/main/mahjong2date/0525_0433&debugStart=298,https://raw.githubusercontent.com/jygameclub/testdataapi/main/mahjong2date/0525_0433/298.json,https://raw.githubusercontent.com/jygameclub/testdataapi/main/mahjong2date/0525_0433,普通中奖,6.00,0.15,2,1,5,5,5,0,0,否,否,是,1,1,676833,676834,5151779668848429,9464900.0,9464866.0,2段连消/续转 / 金色符号/百搭转换
连消/掉落,417.json,417,75,金色/百搭,https://fish-games.s3.amazonaws.com/MahjongWays2/index.html?env=ceshislot.osshaiwai.com&hasFloat=0&token=436475c81b51e6893c740657870f86b7&language=en&debug=1&debugDataPath=https://raw.githubusercontent.com/jygameclub/testdataapi/main/mahjong2date/0525_0433&debugStart=417,https://raw.githubusercontent.com/jygameclub/testdataapi/main/mahjong2date/0525_0433/417.json,https://raw.githubusercontent.com/jygameclub/testdataapi/main/mahjong2date/0525_0433,普通中奖,6.00,0.15,2,1,5,5,5,0,0,否,否,是,1,1,677370,677371,3641779669640378,9473632.0,9473598.0,2段连消/续转 / 金色符号/百搭转换
连消/掉落,447.json,447,75,金色/百搭,https://fish-games.s3.amazonaws.com/MahjongWays2/index.html?env=ceshislot.osshaiwai.com&hasFloat=0&token=436475c81b51e6893c740657870f86b7&language=en&debug=1&debugDataPath=https://raw.githubusercontent.com/jygameclub/testdataapi/main/mahjong2date/0525_0433&debugStart=447,https://raw.githubusercontent.com/jygameclub/testdataapi/main/mahjong2date/0525_0433/447.json,https://raw.githubusercontent.com/jygameclub/testdataapi/main/mahjong2date/0525_0433,普通中奖,6.00,0.15,2,1,5,5,5,0,0,否,否,是,1,1,677473,677476,6971779669784027,9474698.0,9474664.0,2段连消/续转 / 金色符号/百搭转换
连消/掉落,488.json,488,75,金色/百搭,https://fish-games.s3.amazonaws.com/MahjongWays2/index.html?env=ceshislot.osshaiwai.com&hasFloat=0&token=436475c81b51e6893c740657870f86b7&language=en&debug=1&debugDataPath=https://raw.githubusercontent.com/jygameclub/testdataapi/main/mahjong2date/0525_0433&debugStart=488,https://raw.githubusercontent.com/jygameclub/testdataapi/main/mahjong2date/0525_0433/488.json,https://raw.githubusercontent.com/jygameclub/testdataapi/main/mahjong2date/0525_0433,普通中奖,6.00,0.15,2,1,5,5,5,0,0,否,否,是,1,0,677553,677554,3331779669854611,9473284.0,9473250.0,2段连消/续转 / 金色符号/百搭转换
连消/掉落,537.json,537,75,金色/百搭,https://fish-games.s3.amazonaws.com/MahjongWays2/index.html?env=ceshislot.osshaiwai.com&hasFloat=0&token=436475c81b51e6893c740657870f86b7&language=en&debug=1&debugDataPath=https://raw.githubusercontent.com/jygameclub/testdataapi/main/mahjong2date/0525_0433&debugStart=537,https://raw.githubusercontent.com/jygameclub/testdataapi/main/mahjong2date/0525_0433/537.json,https://raw.githubusercontent.com/jygameclub/testdataapi/main/mahjong2date/0525_0433,普通中奖,6.00,0.15,2,1,3,3,3,0,0,否,否,是,1,1,677809,677810,4901779670220114,9474032.0,9473998.0,2段连消/续转 / 金色符号/百搭转换
连消/掉落,554.json,554,75,金色/百搭,https://fish-games.s3.amazonaws.com/MahjongWays2/index.html?env=ceshislot.osshaiwai.com&hasFloat=0&token=436475c81b51e6893c740657870f86b7&language=en&debug=1&debugDataPath=https://raw.githubusercontent.com/jygameclub/testdataapi/main/mahjong2date/0525_0433&debugStart=554,https://raw.githubusercontent.com/jygameclub/testdataapi/main/mahjong2date/0525_0433/554.json,https://raw.githubusercontent.com/jygameclub/testdataapi/main/mahjong2date/0525_0433,普通中奖,6.00,0.15,2,1,5,5,5,0,0,否,否,是,1,1,677842,677843,3111779670257198,9473590.0,9473556.0,2段连消/续转 / 金色符号/百搭转换
连消/掉落,603.json,603,75,金色/百搭,https://fish-games.s3.amazonaws.com/MahjongWays2/index.html?env=ceshislot.osshaiwai.com&hasFloat=0&token=436475c81b51e6893c740657870f86b7&language=en&debug=1&debugDataPath=https://raw.githubusercontent.com/jygameclub/testdataapi/main/mahjong2date/0525_0433&debugStart=603,https://raw.githubusercontent.com/jygameclub/testdataapi/main/mahjong2date/0525_0433/603.json,https://raw.githubusercontent.com/jygameclub/testdataapi/main/mahjong2date/0525_0433,普通中奖,6.00,0.15,2,1,5,5,5,0,0,否,否,是,1,1,677963,677964,1531779670365696,9472378.0,9472344.0,2段连消/续转 / 金色符号/百搭转换
连消/掉落,639.json,639,75,金色/百搭,https://fish-games.s3.amazonaws.com/MahjongWays2/index.html?env=ceshislot.osshaiwai.com&hasFloat=0&token=436475c81b51e6893c740657870f86b7&language=en&debug=1&debugDataPath=https://raw.githubusercontent.com/jygameclub/testdataapi/main/mahjong2date/0525_0433&debugStart=639,https://raw.githubusercontent.com/jygameclub/testdataapi/main/mahjong2date/0525_0433/639.json,https://raw.githubusercontent.com/jygameclub/testdataapi/main/mahjong2date/0525_0433,普通中奖,6.00,0.15,2,1,3,3,3,0,0,否,否,是,1,1,678095,678097,6801779670535431,9473024.0,9472990.0,2段连消/续转 / 金色符号/百搭转换
连消/掉落,645.json,645,75,金色/百搭,https://fish-games.s3.amazonaws.com/MahjongWays2/index.html?env=ceshislot.osshaiwai.com&hasFloat=0&token=436475c81b51e6893c740657870f86b7&language=en&debug=1&debugDataPath=https://raw.githubusercontent.com/jygameclub/testdataapi/main/mahjong2date/0525_0433&debugStart=645,https://raw.githubusercontent.com/jygameclub/testdataapi/main/mahjong2date/0525_0433/645.json,https://raw.githubusercontent.com/jygameclub/testdataapi/main/mahjong2date/0525_0433,普通中奖,6.00,0.15,2,1,5,5,5,0,0,否,否,是,1,1,678107,678110,1961779670546578,9472870.0,9472836.0,2段连消/续转 / 金色符号/百搭转换
连消/掉落,648.json,648,75,金色/百搭,https://fish-games.s3.amazonaws.com/MahjongWays2/index.html?env=ceshislot.osshaiwai.com&hasFloat=0&token=436475c81b51e6893c740657870f86b7&language=en&debug=1&debugDataPath=https://raw.githubusercontent.com/jygameclub/testdataapi/main/mahjong2date/0525_0433&debugStart=648,https://raw.githubusercontent.com/jygameclub/testdataapi/main/mahjong2date/0525_0433/648.json,https://raw.githubusercontent.com/jygameclub/testdataapi/main/mahjong2date/0525_0433,普通中奖,6.00,0.15,2,1,3,5,5,2,2,否,否,是,1,1,678117,678119,3741779670554596,9472816.0,9472782.0,2段连消/续转 / 金色符号/百搭转换
连消/掉落,734.json,734,75,金色/百搭,https://fish-games.s3.amazonaws.com/MahjongWays2/index.html?env=ceshislot.osshaiwai.com&hasFloat=0&token=436475c81b51e6893c740657870f86b7&language=en&debug=1&debugDataPath=https://raw.githubusercontent.com/jygameclub/testdataapi/main/mahjong2date/0525_0433&debugStart=734,https://raw.githubusercontent.com/jygameclub/testdataapi/main/mahjong2date/0525_0433/734.json,https://raw.githubusercontent.com/jygameclub/testdataapi/main/mahjong2date/0525_0433,普通中奖,6.00,0.15,2,1,5,5,5,0,0,否,否,是,1,1,678271,678272,4051779670710895,9471572.0,9471538.0,2段连消/续转 / 金色符号/百搭转换
连消/掉落,756.json,756,75,金色/百搭,https://fish-games.s3.amazonaws.com/MahjongWays2/index.html?env=ceshislot.osshaiwai.com&hasFloat=0&token=436475c81b51e6893c740657870f86b7&language=en&debug=1&debugDataPath=https://raw.githubusercontent.com/jygameclub/testdataapi/main/mahjong2date/0525_0433&debugStart=756,https://raw.githubusercontent.com/jygameclub/testdataapi/main/mahjong2date/0525_0433/756.json,https://raw.githubusercontent.com/jygameclub/testdataapi/main/mahjong2date/0525_0433,普通中奖,6.00,0.15,2,1,3,3,3,0,0,否,否,是,1,1,678306,678307,4721779670755412,9471236.0,9471202.0,2段连消/续转 / 金色符号/百搭转换
连消/掉落,792.json,792,75,金色/百搭,https://fish-games.s3.amazonaws.com/MahjongWays2/index.html?env=ceshislot.osshaiwai.com&hasFloat=0&token=436475c81b51e6893c740657870f86b7&language=en&debug=1&debugDataPath=https://raw.githubusercontent.com/jygameclub/testdataapi/main/mahjong2date/0525_0433&debugStart=792,https://raw.githubusercontent.com/jygameclub/testdataapi/main/mahjong2date/0525_0433/792.json,https://raw.githubusercontent.com/jygameclub/testdataapi/main/mahjong2date/0525_0433,普通中奖,6.00,0.15,2,1,3,3,3,0,0,否,否,是,1,1,678534,678537,8651779671038330,9476586.0,9476552.0,2段连消/续转 / 金色符号/百搭转换
连消/掉落,795.json,795,75,金色/百搭,https://fish-games.s3.amazonaws.com/MahjongWays2/index.html?env=ceshislot.osshaiwai.com&hasFloat=0&token=436475c81b51e6893c740657870f86b7&language=en&debug=1&debugDataPath=https://raw.githubusercontent.com/jygameclub/testdataapi/main/mahjong2date/0525_0433&debugStart=795,https://raw.githubusercontent.com/jygameclub/testdataapi/main/mahjong2date/0525_0433/795.json,https://raw.githubusercontent.com/jygameclub/testdataapi/main/mahjong2date/0525_0433,普通中奖,6.00,0.15,2,1,3,3,3,0,0,否,否,是,1,1,678633,678634,6311779671239103,9476496.0,9476462.0,2段连消/续转 / 金色符号/百搭转换
连消/掉落,842.json,842,75,金色/百搭,https://fish-games.s3.amazonaws.com/MahjongWays2/index.html?env=ceshislot.osshaiwai.com&hasFloat=0&token=436475c81b51e6893c740657870f86b7&language=en&debug=1&debugDataPath=https://raw.githubusercontent.com/jygameclub/testdataapi/main/mahjong2date/0525_0433&debugStart=842,https://raw.githubusercontent.com/jygameclub/testdataapi/main/mahjong2date/0525_0433/842.json,https://raw.githubusercontent.com/jygameclub/testdataapi/main/mahjong2date/0525_0433,普通中奖,6.00,0.15,2,1,5,5,5,0,0,否,否,是,1,1,678744,678745,9831779671337436,9475214.0,9475180.0,2段连消/续转 / 金色符号/百搭转换
连消/掉落,875.json,875,75,金色/百搭,https://fish-games.s3.amazonaws.com/MahjongWays2/index.html?env=ceshislot.osshaiwai.com&hasFloat=0&token=436475c81b51e6893c740657870f86b7&language=en&debug=1&debugDataPath=https://raw.githubusercontent.com/jygameclub/testdataapi/main/mahjong2date/0525_0433&debugStart=875,https://raw.githubusercontent.com/jygameclub/testdataapi/main/mahjong2date/0525_0433/875.json,https://raw.githubusercontent.com/jygameclub/testdataapi/main/mahjong2date/0525_0433,普通中奖,6.00,0.15,2,1,3,3,3,0,0,否,否,是,1,2,678817,678818,6341779671399685,9474202.0,9474168.0,2段连消/续转 / 金色符号/百搭转换
连消/掉落,944.json,944,75,金色/百搭,https://fish-games.s3.amazonaws.com/MahjongWays2/index.html?env=ceshislot.osshaiwai.com&hasFloat=0&token=436475c81b51e6893c740657870f86b7&language=en&debug=1&debugDataPath=https://raw.githubusercontent.com/jygameclub/testdataapi/main/mahjong2date/0525_0433&debugStart=944,https://raw.githubusercontent.com/jygameclub/testdataapi/main/mahjong2date/0525_0433/944.json,https://raw.githubusercontent.com/jygameclub/testdataapi/main/mahjong2date/0525_0433,普通中奖,6.00,0.15,2,1,5,5,5,0,0,否,否,是,1,1,679032,679033,4531779671650367,9474014.0,9473980.0,2段连消/续转 / 金色符号/百搭转换
连消/掉落,013.json,13,75,金色/百搭,https://fish-games.s3.amazonaws.com/MahjongWays2/index.html?env=ceshislot.osshaiwai.com&hasFloat=0&token=436475c81b51e6893c740657870f86b7&language=en&debug=1&debugDataPath=https://raw.githubusercontent.com/jygameclub/testdataapi/main/mahjong2date/0525_0433&debugStart=13,https://raw.githubusercontent.com/jygameclub/testdataapi/main/mahjong2date/0525_0433/013.json,https://raw.githubusercontent.com/jygameclub/testdataapi/main/mahjong2date/0525_0433,普通中奖,4.00,0.10,2,1,4,4,4,0,0,否,否,是,1,1,675744,675746,9571779667070293,9461858.0,9461822.0,2段连消/续转 / 金色符号/百搭转换
连消/掉落,121.json,121,75,金色/百搭,https://fish-games.s3.amazonaws.com/MahjongWays2/index.html?env=ceshislot.osshaiwai.com&hasFloat=0&token=436475c81b51e6893c740657870f86b7&language=en&debug=1&debugDataPath=https://raw.githubusercontent.com/jygameclub/testdataapi/main/mahjong2date/0525_0433&debugStart=121,https://raw.githubusercontent.com/jygameclub/testdataapi/main/mahjong2date/0525_0433/121.json,https://raw.githubusercontent.com/jygameclub/testdataapi/main/mahjong2date/0525_0433,普通中奖,4.00,0.10,2,1,4,4,4,0,0,否,否,是,1,0,676090,676091,4181779667519591,9465772.0,9465736.0,2段连消/续转 / 金色符号/百搭转换
连消/掉落,163.json,163,75,金色/百搭,https://fish-games.s3.amazonaws.com/MahjongWays2/index.html?env=ceshislot.osshaiwai.com&hasFloat=0&token=436475c81b51e6893c740657870f86b7&language=en&debug=1&debugDataPath=https://raw.githubusercontent.com/jygameclub/testdataapi/main/mahjong2date/0525_0433&debugStart=163,https://raw.githubusercontent.com/jygameclub/testdataapi/main/mahjong2date/0525_0433/163.json,https://raw.githubusercontent.com/jygameclub/testdataapi/main/mahjong2date/0525_0433,普通中奖,4.00,0.10,2,1,4,4,4,0,0,否,否,是,1,1,676160,676162,5181779667597207,9464818.0,9464782.0,2段连消/续转 / 金色符号/百搭转换
连消/掉落,209.json,209,75,金色/百搭,https://fish-games.s3.amazonaws.com/MahjongWays2/index.html?env=ceshislot.osshaiwai.com&hasFloat=0&token=436475c81b51e6893c740657870f86b7&language=en&debug=1&debugDataPath=https://raw.githubusercontent.com/jygameclub/testdataapi/main/mahjong2date/0525_0433&debugStart=209,https://raw.githubusercontent.com/jygameclub/testdataapi/main/mahjong2date/0525_0433/209.json,https://raw.githubusercontent.com/jygameclub/testdataapi/main/mahjong2date/0525_0433,普通中奖,4.00,0.10,2,1,4,4,4,0,0,否,否,是,1,1,676300,676301,3571779667787590,9464694.0,9464658.0,2段连消/续转 / 金色符号/百搭转换
连消/掉落,225.json,225,75,金色/百搭,https://fish-games.s3.amazonaws.com/MahjongWays2/index.html?env=ceshislot.osshaiwai.com&hasFloat=0&token=436475c81b51e6893c740657870f86b7&language=en&debug=1&debugDataPath=https://raw.githubusercontent.com/jygameclub/testdataapi/main/mahjong2date/0525_0433&debugStart=225,https://raw.githubusercontent.com/jygameclub/testdataapi/main/mahjong2date/0525_0433/225.json,https://raw.githubusercontent.com/jygameclub/testdataapi/main/mahjong2date/0525_0433,普通中奖,4.00,0.10,2,1,4,4,4,0,0,否,否,是,1,0,676411,676412,8721779667956221,9466322.0,9466286.0,2段连消/续转 / 金色符号/百搭转换
连消/掉落,227.json,227,75,金色/百搭,https://fish-games.s3.amazonaws.com/MahjongWays2/index.html?env=ceshislot.osshaiwai.com&hasFloat=0&token=436475c81b51e6893c740657870f86b7&language=en&debug=1&debugDataPath=https://raw.githubusercontent.com/jygameclub/testdataapi/main/mahjong2date/0525_0433&debugStart=227,https://raw.githubusercontent.com/jygameclub/testdataapi/main/mahjong2date/0525_0433/227.json,https://raw.githubusercontent.com/jygameclub/testdataapi/main/mahjong2date/0525_0433,普通中奖,4.00,0.10,2,1,4,4,4,0,0,否,否,是,1,1,676417,676418,4631779667960420,9466246.0,9466210.0,2段连消/续转 / 金色符号/百搭转换
连消/掉落,235.json,235,75,金色/百搭,https://fish-games.s3.amazonaws.com/MahjongWays2/index.html?env=ceshislot.osshaiwai.com&hasFloat=0&token=436475c81b51e6893c740657870f86b7&language=en&debug=1&debugDataPath=https://raw.githubusercontent.com/jygameclub/testdataapi/main/mahjong2date/0525_0433&debugStart=235,https://raw.githubusercontent.com/jygameclub/testdataapi/main/mahjong2date/0525_0433/235.json,https://raw.githubusercontent.com/jygameclub/testdataapi/main/mahjong2date/0525_0433,普通中奖,4.00,0.10,2,1,4,4,4,0,0,否,否,是,1,0,676430,676431,4781779667974038,9465946.0,9465910.0,2段连消/续转 / 金色符号/百搭转换
连消/掉落,244.json,244,75,金色/百搭,https://fish-games.s3.amazonaws.com/MahjongWays2/index.html?env=ceshislot.osshaiwai.com&hasFloat=0&token=436475c81b51e6893c740657870f86b7&language=en&debug=1&debugDataPath=https://raw.githubusercontent.com/jygameclub/testdataapi/main/mahjong2date/0525_0433&debugStart=244,https://raw.githubusercontent.com/jygameclub/testdataapi/main/mahjong2date/0525_0433/244.json,https://raw.githubusercontent.com/jygameclub/testdataapi/main/mahjong2date/0525_0433,普通中奖,4.00,0.10,2,1,4,4,4,0,0,否,否,是,1,1,676682,676684,5481779668671730,9465810.0,9465774.0,2段连消/续转 / 金色符号/百搭转换
连消/掉落,303.json,303,75,金色/百搭,https://fish-games.s3.amazonaws.com/MahjongWays2/index.html?env=ceshislot.osshaiwai.com&hasFloat=0&token=436475c81b51e6893c740657870f86b7&language=en&debug=1&debugDataPath=https://raw.githubusercontent.com/jygameclub/testdataapi/main/mahjong2date/0525_0433&debugStart=303,https://raw.githubusercontent.com/jygameclub/testdataapi/main/mahjong2date/0525_0433/303.json,https://raw.githubusercontent.com/jygameclub/testdataapi/main/mahjong2date/0525_0433,普通中奖,4.00,0.10,2,1,4,4,4,0,0,否,否,是,1,1,676839,676840,7451779668856030,9464706.0,9464670.0,2段连消/续转 / 金色符号/百搭转换
连消/掉落,310.json,310,75,金色/百搭,https://fish-games.s3.amazonaws.com/MahjongWays2/index.html?env=ceshislot.osshaiwai.com&hasFloat=0&token=436475c81b51e6893c740657870f86b7&language=en&debug=1&debugDataPath=https://raw.githubusercontent.com/jygameclub/testdataapi/main/mahjong2date/0525_0433&debugStart=310,https://raw.githubusercontent.com/jygameclub/testdataapi/main/mahjong2date/0525_0433/310.json,https://raw.githubusercontent.com/jygameclub/testdataapi/main/mahjong2date/0525_0433,普通中奖,4.00,0.10,2,1,4,4,4,0,0,否,否,是,1,0,676900,676901,2661779668954895,9465076.0,9465040.0,2段连消/续转 / 金色符号/百搭转换
连消/掉落,380.json,380,75,金色/百搭,https://fish-games.s3.amazonaws.com/MahjongWays2/index.html?env=ceshislot.osshaiwai.com&hasFloat=0&token=436475c81b51e6893c740657870f86b7&language=en&debug=1&debugDataPath=https://raw.githubusercontent.com/jygameclub/testdataapi/main/mahjong2date/0525_0433&debugStart=380,https://raw.githubusercontent.com/jygameclub/testdataapi/main/mahjong2date/0525_0433/380.json,https://raw.githubusercontent.com/jygameclub/testdataapi/main/mahjong2date/0525_0433,普通中奖,4.00,0.10,2,1,4,4,4,0,0,否,否,是,1,0,677246,677247,1061779669440691,9471224.0,9471188.0,2段连消/续转 / 金色符号/百搭转换
连消/掉落,479.json,479,75,金色/百搭,https://fish-games.s3.amazonaws.com/MahjongWays2/index.html?env=ceshislot.osshaiwai.com&hasFloat=0&token=436475c81b51e6893c740657870f86b7&language=en&debug=1&debugDataPath=https://raw.githubusercontent.com/jygameclub/testdataapi/main/mahjong2date/0525_0433&debugStart=479,https://raw.githubusercontent.com/jygameclub/testdataapi/main/mahjong2date/0525_0433/479.json,https://raw.githubusercontent.com/jygameclub/testdataapi/main/mahjong2date/0525_0433,普通中奖,4.00,0.10,2,1,4,4,4,0,0,否,否,是,1,1,677527,677529,3941779669832811,9473538.0,9473502.0,2段连消/续转 / 金色符号/百搭转换
连消/掉落,502.json,502,75,金色/百搭,https://fish-games.s3.amazonaws.com/MahjongWays2/index.html?env=ceshislot.osshaiwai.com&hasFloat=0&token=436475c81b51e6893c740657870f86b7&language=en&debug=1&debugDataPath=https://raw.githubusercontent.com/jygameclub/testdataapi/main/mahjong2date/0525_0433&debugStart=502,https://raw.githubusercontent.com/jygameclub/testdataapi/main/mahjong2date/0525_0433/502.json,https://raw.githubusercontent.com/jygameclub/testdataapi/main/mahjong2date/0525_0433,普通中奖,4.00,0.10,2,1,4,4,4,0,0,否,否,是,1,1,677588,677589,4181779669883227,9472874.0,9472838.0,2段连消/续转 / 金色符号/百搭转换
连消/掉落,566.json,566,75,金色/百搭,https://fish-games.s3.amazonaws.com/MahjongWays2/index.html?env=ceshislot.osshaiwai.com&hasFloat=0&token=436475c81b51e6893c740657870f86b7&language=en&debug=1&debugDataPath=https://raw.githubusercontent.com/jygameclub/testdataapi/main/mahjong2date/0525_0433&debugStart=566,https://raw.githubusercontent.com/jygameclub/testdataapi/main/mahjong2date/0525_0433/566.json,https://raw.githubusercontent.com/jygameclub/testdataapi/main/mahjong2date/0525_0433,普通中奖,4.00,0.10,2,1,4,4,4,0,0,否,否,是,1,0,677867,677868,5101779670272430,9473164.0,9473128.0,2段连消/续转 / 金色符号/百搭转换
连消/掉落,585.json,585,75,金色/百搭,https://fish-games.s3.amazonaws.com/MahjongWays2/index.html?env=ceshislot.osshaiwai.com&hasFloat=0&token=436475c81b51e6893c740657870f86b7&language=en&debug=1&debugDataPath=https://raw.githubusercontent.com/jygameclub/testdataapi/main/mahjong2date/0525_0433&debugStart=585,https://raw.githubusercontent.com/jygameclub/testdataapi/main/mahjong2date/0525_0433/585.json,https://raw.githubusercontent.com/jygameclub/testdataapi/main/mahjong2date/0525_0433,普通中奖,4.00,0.10,2,1,3,3,3,0,0,否,否,是,1,0,677916,677918,9871779670329297,9472798.0,9472762.0,2段连消/续转 / 金色符号/百搭转换
连消/掉落,596.json,596,75,金色/百搭,https://fish-games.s3.amazonaws.com/MahjongWays2/index.html?env=ceshislot.osshaiwai.com&hasFloat=0&token=436475c81b51e6893c740657870f86b7&language=en&debug=1&debugDataPath=https://raw.githubusercontent.com/jygameclub/testdataapi/main/mahjong2date/0525_0433&debugStart=596,https://raw.githubusercontent.com/jygameclub/testdataapi/main/mahjong2date/0525_0433/596.json,https://raw.githubusercontent.com/jygameclub/testdataapi/main/mahjong2date/0525_0433,普通中奖,4.00,0.10,2,1,4,4,4,0,0,否,否,是,1,0,677949,677950,9531779670356413,9472654.0,9472618.0,2段连消/续转 / 金色符号/百搭转换
连消/掉落,659.json,659,75,金色/百搭,https://fish-games.s3.amazonaws.com/MahjongWays2/index.html?env=ceshislot.osshaiwai.com&hasFloat=0&token=436475c81b51e6893c740657870f86b7&language=en&debug=1&debugDataPath=https://raw.githubusercontent.com/jygameclub/testdataapi/main/mahjong2date/0525_0433&debugStart=659,https://raw.githubusercontent.com/jygameclub/testdataapi/main/mahjong2date/0525_0433/659.json,https://raw.githubusercontent.com/jygameclub/testdataapi/main/mahjong2date/0525_0433,普通中奖,4.00,0.10,2,1,4,4,4,0,0,否,否,是,1,0,678145,678146,3481779670583312,9472908.0,9472872.0,2段连消/续转 / 金色符号/百搭转换
连消/掉落,660.json,660,75,金色/百搭,https://fish-games.s3.amazonaws.com/MahjongWays2/index.html?env=ceshislot.osshaiwai.com&hasFloat=0&token=436475c81b51e6893c740657870f86b7&language=en&debug=1&debugDataPath=https://raw.githubusercontent.com/jygameclub/testdataapi/main/mahjong2date/0525_0433&debugStart=660,https://raw.githubusercontent.com/jygameclub/testdataapi/main/mahjong2date/0525_0433/660.json,https://raw.githubusercontent.com/jygameclub/testdataapi/main/mahjong2date/0525_0433,普通中奖,4.00,0.10,2,1,3,3,3,0,0,否,否,是,1,0,678149,678151,7581779670586046,9472872.0,9472836.0,2段连消/续转 / 金色符号/百搭转换
连消/掉落,664.json,664,75,金色/百搭,https://fish-games.s3.amazonaws.com/MahjongWays2/index.html?env=ceshislot.osshaiwai.com&hasFloat=0&token=436475c81b51e6893c740657870f86b7&language=en&debug=1&debugDataPath=https://raw.githubusercontent.com/jygameclub/testdataapi/main/mahjong2date/0525_0433&debugStart=664,https://raw.githubusercontent.com/jygameclub/testdataapi/main/mahjong2date/0525_0433/664.json,https://raw.githubusercontent.com/jygameclub/testdataapi/main/mahjong2date/0525_0433,普通中奖,4.00,0.10,2,1,4,4,4,0,0,否,否,是,1,0,678156,678158,1741779670591345,9472716.0,9472680.0,2段连消/续转 / 金色符号/百搭转换
连消/掉落,673.json,673,75,金色/百搭,https://fish-games.s3.amazonaws.com/MahjongWays2/index.html?env=ceshislot.osshaiwai.com&hasFloat=0&token=436475c81b51e6893c740657870f86b7&language=en&debug=1&debugDataPath=https://raw.githubusercontent.com/jygameclub/testdataapi/main/mahjong2date/0525_0433&debugStart=673,https://raw.githubusercontent.com/jygameclub/testdataapi/main/mahjong2date/0525_0433/673.json,https://raw.githubusercontent.com/jygameclub/testdataapi/main/mahjong2date/0525_0433,普通中奖,4.00,0.10,2,1,4,4,4,0,0,否,否,是,1,0,678169,678170,1811779670606896,9472568.0,9472532.0,2段连消/续转 / 金色符号/百搭转换
连消/掉落,713.json,713,75,金色/百搭,https://fish-games.s3.amazonaws.com/MahjongWays2/index.html?env=ceshislot.osshaiwai.com&hasFloat=0&token=436475c81b51e6893c740657870f86b7&language=en&debug=1&debugDataPath=https://raw.githubusercontent.com/jygameclub/testdataapi/main/mahjong2date/0525_0433&debugStart=713,https://raw.githubusercontent.com/jygameclub/testdataapi/main/mahjong2date/0525_0433/713.json,https://raw.githubusercontent.com/jygameclub/testdataapi/main/mahjong2date/0525_0433,普通中奖,4.00,0.10,2,1,4,4,4,0,0,否,否,是,1,0,678242,678244,4231779670681612,9472342.0,9472306.0,2段连消/续转 / 金色符号/百搭转换
连消/掉落,724.json,724,75,金色/百搭,https://fish-games.s3.amazonaws.com/MahjongWays2/index.html?env=ceshislot.osshaiwai.com&hasFloat=0&token=436475c81b51e6893c740657870f86b7&language=en&debug=1&debugDataPath=https://raw.githubusercontent.com/jygameclub/testdataapi/main/mahjong2date/0525_0433&debugStart=724,https://raw.githubusercontent.com/jygameclub/testdataapi/main/mahjong2date/0525_0433/724.json,https://raw.githubusercontent.com/jygameclub/testdataapi/main/mahjong2date/0525_0433,普通中奖,4.00,0.10,2,1,3,4,4,1,1,否,否,是,1,0,678258,678259,4761779670695262,9471906.0,9471870.0,2段连消/续转 / 金色符号/百搭转换
连消/掉落,737.json,737,75,金色/百搭,https://fish-games.s3.amazonaws.com/MahjongWays2/index.html?env=ceshislot.osshaiwai.com&hasFloat=0&token=436475c81b51e6893c740657870f86b7&language=en&debug=1&debugDataPath=https://raw.githubusercontent.com/jygameclub/testdataapi/main/mahjong2date/0525_0433&debugStart=737,https://raw.githubusercontent.com/jygameclub/testdataapi/main/mahjong2date/0525_0433/737.json,https://raw.githubusercontent.com/jygameclub/testdataapi/main/mahjong2date/0525_0433,普通中奖,4.00,0.10,2,1,4,4,4,0,0,否,否,是,1,1,678275,678276,3451779670715228,9471458.0,9471422.0,2段连消/续转 / 金色符号/百搭转换
连消/掉落,755.json,755,75,金色/百搭,https://fish-games.s3.amazonaws.com/MahjongWays2/index.html?env=ceshislot.osshaiwai.com&hasFloat=0&token=436475c81b51e6893c740657870f86b7&language=en&debug=1&debugDataPath=https://raw.githubusercontent.com/jygameclub/testdataapi/main/mahjong2date/0525_0433&debugStart=755,https://raw.githubusercontent.com/jygameclub/testdataapi/main/mahjong2date/0525_0433/755.json,https://raw.githubusercontent.com/jygameclub/testdataapi/main/mahjong2date/0525_0433,普通中奖,4.00,0.10,2,1,4,4,4,0,0,否,否,是,1,1,678304,678305,1741779670751745,9471272.0,9471236.0,2段连消/续转 / 金色符号/百搭转换
连消/掉落,768.json,768,75,金色/百搭,https://fish-games.s3.amazonaws.com/MahjongWays2/index.html?env=ceshislot.osshaiwai.com&hasFloat=0&token=436475c81b51e6893c740657870f86b7&language=en&debug=1&debugDataPath=https://raw.githubusercontent.com/jygameclub/testdataapi/main/mahjong2date/0525_0433&debugStart=768,https://raw.githubusercontent.com/jygameclub/testdataapi/main/mahjong2date/0525_0433/768.json,https://raw.githubusercontent.com/jygameclub/testdataapi/main/mahjong2date/0525_0433,普通中奖,4.00,0.10,2,1,4,4,4,0,0,否,否,是,1,0,678334,678335,8481779670787511,9471032.0,9470996.0,2段连消/续转 / 金色符号/百搭转换
连消/掉落,785.json,785,75,金色/百搭,https://fish-games.s3.amazonaws.com/MahjongWays2/index.html?env=ceshislot.osshaiwai.com&hasFloat=0&token=436475c81b51e6893c740657870f86b7&language=en&debug=1&debugDataPath=https://raw.githubusercontent.com/jygameclub/testdataapi/main/mahjong2date/0525_0433&debugStart=785,https://raw.githubusercontent.com/jygameclub/testdataapi/main/mahjong2date/0525_0433/785.json,https://raw.githubusercontent.com/jygameclub/testdataapi/main/mahjong2date/0525_0433,普通中奖,4.00,0.10,2,1,4,4,4,0,0,否,否,是,1,0,678516,678517,5441779671025378,9476862.0,9476826.0,2段连消/续转 / 金色符号/百搭转换
连消/掉落,793.json,793,75,金色/百搭,https://fish-games.s3.amazonaws.com/MahjongWays2/index.html?env=ceshislot.osshaiwai.com&hasFloat=0&token=436475c81b51e6893c740657870f86b7&language=en&debug=1&debugDataPath=https://raw.githubusercontent.com/jygameclub/testdataapi/main/mahjong2date/0525_0433&debugStart=793,https://raw.githubusercontent.com/jygameclub/testdataapi/main/mahjong2date/0525_0433/793.json,https://raw.githubusercontent.com/jygameclub/testdataapi/main/mahjong2date/0525_0433,普通中奖,4.00,0.10,2,1,3,3,3,0,0,否,否,是,1,1,678548,678559,8511779671059330,9476552.0,9476516.0,2段连消/续转 / 金色符号/百搭转换
连消/掉落,905.json,905,75,金色/百搭,https://fish-games.s3.amazonaws.com/MahjongWays2/index.html?env=ceshislot.osshaiwai.com&hasFloat=0&token=436475c81b51e6893c740657870f86b7&language=en&debug=1&debugDataPath=https://raw.githubusercontent.com/jygameclub/testdataapi/main/mahjong2date/0525_0433&debugStart=905,https://raw.githubusercontent.com/jygameclub/testdataapi/main/mahjong2date/0525_0433/905.json,https://raw.githubusercontent.com/jygameclub/testdataapi/main/mahjong2date/0525_0433,普通中奖,4.00,0.10,2,1,4,4,4,0,0,否,否,是,1,0,678875,678877,4251779671467168,9473836.0,9473800.0,2段连消/续转 / 金色符号/百搭转换
连消/掉落,986.json,986,75,金色/百搭,https://fish-games.s3.amazonaws.com/MahjongWays2/index.html?env=ceshislot.osshaiwai.com&hasFloat=0&token=436475c81b51e6893c740657870f86b7&language=en&debug=1&debugDataPath=https://raw.githubusercontent.com/jygameclub/testdataapi/main/mahjong2date/0525_0433&debugStart=986,https://raw.githubusercontent.com/jygameclub/testdataapi/main/mahjong2date/0525_0433/986.json,https://raw.githubusercontent.com/jygameclub/testdataapi/main/mahjong2date/0525_0433,普通中奖,4.00,0.10,2,1,4,4,4,0,0,否,否,是,1,2,679239,679241,2461779672019198,9477788.0,9477752.0,2段连消/续转 / 金色符号/百搭转换
连消/掉落,114.json,114,75,金色/百搭,https://fish-games.s3.amazonaws.com/MahjongWays2/index.html?env=ceshislot.osshaiwai.com&hasFloat=0&token=436475c81b51e6893c740657870f86b7&language=en&debug=1&debugDataPath=https://raw.githubusercontent.com/jygameclub/testdataapi/main/mahjong2date/0525_0433&debugStart=114,https://raw.githubusercontent.com/jygameclub/testdataapi/main/mahjong2date/0525_0433/114.json,https://raw.githubusercontent.com/jygameclub/testdataapi/main/mahjong2date/0525_0433,普通中奖,2.00,0.05,2,1,3,3,3,0,0,否,否,是,1,0,676073,676074,9211779667504024,9465864.0,9465826.0,2段连消/续转 / 金色符号/百搭转换
连消/掉落,134.json,134,75,金色/百搭,https://fish-games.s3.amazonaws.com/MahjongWays2/index.html?env=ceshislot.osshaiwai.com&hasFloat=0&token=436475c81b51e6893c740657870f86b7&language=en&debug=1&debugDataPath=https://raw.githubusercontent.com/jygameclub/testdataapi/main/mahjong2date/0525_0433&debugStart=134,https://raw.githubusercontent.com/jygameclub/testdataapi/main/mahjong2date/0525_0433/134.json,https://raw.githubusercontent.com/jygameclub/testdataapi/main/mahjong2date/0525_0433,普通中奖,2.00,0.05,2,1,3,3,3,0,0,否,否,是,1,2,676115,676116,6881779667544141,9465492.0,9465454.0,2段连消/续转 / 金色符号/百搭转换
连消/掉落,175.json,175,75,金色/百搭,https://fish-games.s3.amazonaws.com/MahjongWays2/index.html?env=ceshislot.osshaiwai.com&hasFloat=0&token=436475c81b51e6893c740657870f86b7&language=en&debug=1&debugDataPath=https://raw.githubusercontent.com/jygameclub/testdataapi/main/mahjong2date/0525_0433&debugStart=175,https://raw.githubusercontent.com/jygameclub/testdataapi/main/mahjong2date/0525_0433/175.json,https://raw.githubusercontent.com/jygameclub/testdataapi/main/mahjong2date/0525_0433,普通中奖,2.00,0.05,2,1,3,3,3,0,0,否,否,是,1,0,676185,676186,8241779667614007,9464354.0,9464316.0,2段连消/续转 / 金色符号/百搭转换
连消/掉落,185.json,185,75,金色/百搭,https://fish-games.s3.amazonaws.com/MahjongWays2/index.html?env=ceshislot.osshaiwai.com&hasFloat=0&token=436475c81b51e6893c740657870f86b7&language=en&debug=1&debugDataPath=https://raw.githubusercontent.com/jygameclub/testdataapi/main/mahjong2date/0525_0433&debugStart=185,https://raw.githubusercontent.com/jygameclub/testdataapi/main/mahjong2date/0525_0433/185.json,https://raw.githubusercontent.com/jygameclub/testdataapi/main/mahjong2date/0525_0433,普通中奖,2.00,0.05,2,1,3,3,3,0,0,否,否,是,1,1,676225,676226,1671779667658074,9464862.0,9464824.0,2段连消/续转 / 金色符号/百搭转换
连消/掉落,258.json,258,75,金色/百搭,https://fish-games.s3.amazonaws.com/MahjongWays2/index.html?env=ceshislot.osshaiwai.com&hasFloat=0&token=436475c81b51e6893c740657870f86b7&language=en&debug=1&debugDataPath=https://raw.githubusercontent.com/jygameclub/testdataapi/main/mahjong2date/0525_0433&debugStart=258,https://raw.githubusercontent.com/jygameclub/testdataapi/main/mahjong2date/0525_0433/258.json,https://raw.githubusercontent.com/jygameclub/testdataapi/main/mahjong2date/0525_0433,普通中奖,2.00,0.05,2,1,3,3,3,0,0,否,否,是,1,1,676724,676725,9721779668706281,9465696.0,9465658.0,2段连消/续转 / 金色符号/百搭转换
连消/掉落,284.json,284,75,金色/百搭,https://fish-games.s3.amazonaws.com/MahjongWays2/index.html?env=ceshislot.osshaiwai.com&hasFloat=0&token=436475c81b51e6893c740657870f86b7&language=en&debug=1&debugDataPath=https://raw.githubusercontent.com/jygameclub/testdataapi/main/mahjong2date/0525_0433&debugStart=284,https://raw.githubusercontent.com/jygameclub/testdataapi/main/mahjong2date/0525_0433/284.json,https://raw.githubusercontent.com/jygameclub/testdataapi/main/mahjong2date/0525_0433,普通中奖,2.00,0.05,2,1,3,3,3,0,0,否,否,是,1,2,676802,676803,4961779668821679,9465168.0,9465130.0,2段连消/续转 / 金色符号/百搭转换
连消/掉落,295.json,295,75,金色/百搭,https://fish-games.s3.amazonaws.com/MahjongWays2/index.html?env=ceshislot.osshaiwai.com&hasFloat=0&token=436475c81b51e6893c740657870f86b7&language=en&debug=1&debugDataPath=https://raw.githubusercontent.com/jygameclub/testdataapi/main/mahjong2date/0525_0433&debugStart=295,https://raw.githubusercontent.com/jygameclub/testdataapi/main/mahjong2date/0525_0433/295.json,https://raw.githubusercontent.com/jygameclub/testdataapi/main/mahjong2date/0525_0433,普通中奖,2.00,0.05,2,1,3,3,3,0,0,否,否,是,1,0,676828,676829,5371779668842997,9465018.0,9464980.0,2段连消/续转 / 金色符号/百搭转换
连消/掉落,339.json,339,75,金色/百搭,https://fish-games.s3.amazonaws.com/MahjongWays2/index.html?env=ceshislot.osshaiwai.com&hasFloat=0&token=436475c81b51e6893c740657870f86b7&language=en&debug=1&debugDataPath=https://raw.githubusercontent.com/jygameclub/testdataapi/main/mahjong2date/0525_0433&debugStart=339,https://raw.githubusercontent.com/jygameclub/testdataapi/main/mahjong2date/0525_0433/339.json,https://raw.githubusercontent.com/jygameclub/testdataapi/main/mahjong2date/0525_0433,普通中奖,2.00,0.05,2,1,3,3,3,0,0,否,否,是,1,1,677011,677013,3721779669125561,9466122.0,9466084.0,2段连消/续转 / 金色符号/百搭转换
连消/掉落,343.json,343,75,金色/百搭,https://fish-games.s3.amazonaws.com/MahjongWays2/index.html?env=ceshislot.osshaiwai.com&hasFloat=0&token=436475c81b51e6893c740657870f86b7&language=en&debug=1&debugDataPath=https://raw.githubusercontent.com/jygameclub/testdataapi/main/mahjong2date/0525_0433&debugStart=343,https://raw.githubusercontent.com/jygameclub/testdataapi/main/mahjong2date/0525_0433/343.json,https://raw.githubusercontent.com/jygameclub/testdataapi/main/mahjong2date/0525_0433,普通中奖,2.00,0.05,2,1,3,3,3,0,0,否,否,是,1,0,677023,677024,4171779669136277,9465972.0,9465934.0,2段连消/续转 / 金色符号/百搭转换
连消/掉落,470.json,470,75,金色/百搭,https://fish-games.s3.amazonaws.com/MahjongWays2/index.html?env=ceshislot.osshaiwai.com&hasFloat=0&token=436475c81b51e6893c740657870f86b7&language=en&debug=1&debugDataPath=https://raw.githubusercontent.com/jygameclub/testdataapi/main/mahjong2date/0525_0433&debugStart=470,https://raw.githubusercontent.com/jygameclub/testdataapi/main/mahjong2date/0525_0433/470.json,https://raw.githubusercontent.com/jygameclub/testdataapi/main/mahjong2date/0525_0433,普通中奖,2.00,0.05,2,1,3,3,3,0,0,否,否,是,1,0,677513,677514,8371779669821911,9473896.0,9473858.0,2段连消/续转 / 金色符号/百搭转换
连消/掉落,619.json,619,75,金色/百搭,https://fish-games.s3.amazonaws.com/MahjongWays2/index.html?env=ceshislot.osshaiwai.com&hasFloat=0&token=436475c81b51e6893c740657870f86b7&language=en&debug=1&debugDataPath=https://raw.githubusercontent.com/jygameclub/testdataapi/main/mahjong2date/0525_0433&debugStart=619,https://raw.githubusercontent.com/jygameclub/testdataapi/main/mahjong2date/0525_0433/619.json,https://raw.githubusercontent.com/jygameclub/testdataapi/main/mahjong2date/0525_0433,普通中奖,2.00,0.05,2,1,3,3,3,0,0,否,否,是,1,1,678049,678051,6921779670490146,9472994.0,9472956.0,2段连消/续转 / 金色符号/百搭转换
