测试类型,文件,编号,推荐分,特征标签,回放链接,json绝对地址,数据目录,类型,总赢,倍率,请求数,掉落次数,补牌总数,消除位置总数,wp中奖位置总数,wild总数(可见盘面),单次最大wild数(可见盘面),是否免费旋转,免费送胡,是否金色百搭,中奖线,Scatter,起始SID,结束SID,spinId,起始余额,结束余额,为什么要测
免费中大奖,001.json,1,220,免费旋转 / 免费中大奖 / 免费送胡 / 金色/百搭,https://fish-games.s3.amazonaws.com/MahjongWays2/index.html?env=ceshislot.osshaiwai.com&hasFloat=0&token=436475c81b51e6893c740657870f86b7&language=en&debug=1&debugDataPath=https://raw.githubusercontent.com/jygameclub/testdataapi/main/mahjong2date/0525_0523&debugStart=1,https://raw.githubusercontent.com/jygameclub/testdataapi/main/mahjong2date/0525_0523/001.json,https://raw.githubusercontent.com/jygameclub/testdataapi/main/mahjong2date/0525_0523,Super Mega Win,3454.00,86.35,23,22,78,100,118,22,4,是,是,是,3,3,683773,683878,4671779682087283,9481362.0,9484776.0,Super Mega Win / 23段连消/续转 / Scatter / Free Spin / 金色符号/百搭转换 / 多线中奖 3线
免费中大奖,958.json,958,220,免费旋转 / 免费中大奖 / 免费送胡 / 金色/百搭,https://fish-games.s3.amazonaws.com/MahjongWays2/index.html?env=ceshislot.osshaiwai.com&hasFloat=0&token=436475c81b51e6893c740657870f86b7&language=en&debug=1&debugDataPath=https://raw.githubusercontent.com/jygameclub/testdataapi/main/mahjong2date/0525_0523&debugStart=958,https://raw.githubusercontent.com/jygameclub/testdataapi/main/mahjong2date/0525_0523/958.json,https://raw.githubusercontent.com/jygameclub/testdataapi/main/mahjong2date/0525_0523,Super Mega Win,3212.00,80.30,27,26,86,111,120,25,4,是,是,是,3,3,696380,696463,5101779685708802,9475128.0,9478300.0,Super Mega Win / 27段连消/续转 / Scatter / Free Spin / 金色符号/百搭转换 / 多线中奖 3线
免费中大奖,443.json,443,195,免费旋转 / 免费中大奖 / 免费送胡 / 金色/百搭,https://fish-games.s3.amazonaws.com/MahjongWays2/index.html?env=ceshislot.osshaiwai.com&hasFloat=0&token=436475c81b51e6893c740657870f86b7&language=en&debug=1&debugDataPath=https://raw.githubusercontent.com/jygameclub/testdataapi/main/mahjong2date/0525_0523&debugStart=443,https://raw.githubusercontent.com/jygameclub/testdataapi/main/mahjong2date/0525_0523/443.json,https://raw.githubusercontent.com/jygameclub/testdataapi/main/mahjong2date/0525_0523,Mega Win,1640.00,41.00,23,22,45,65,68,20,3,是,是,是,2,3,685522,686006,9581779683865155,9476478.0,9478810.0,Mega Win / 23段连消/续转 / Scatter / Free Spin / 金色符号/百搭转换
免费中大奖,623.json,623,185,免费旋转 / 免费中大奖 / 免费送胡 / 金色/百搭,https://fish-games.s3.amazonaws.com/MahjongWays2/index.html?env=ceshislot.osshaiwai.com&hasFloat=0&token=436475c81b51e6893c740657870f86b7&language=en&debug=1&debugDataPath=https://raw.githubusercontent.com/jygameclub/testdataapi/main/mahjong2date/0525_0523&debugStart=623,https://raw.githubusercontent.com/jygameclub/testdataapi/main/mahjong2date/0525_0523/623.json,https://raw.githubusercontent.com/jygameclub/testdataapi/main/mahjong2date/0525_0523,Big Win,1088.00,27.20,18,17,36,48,53,12,5,是,是,是,2,3,691002,691437,7711779684803290,9479106.0,9480154.0,Big Win / 18段连消/续转 / Scatter / Free Spin / 金色符号/百搭转换
Super Mega Win,615.json,615,155,金色/百搭,https://fish-games.s3.amazonaws.com/MahjongWays2/index.html?env=ceshislot.osshaiwai.com&hasFloat=0&token=436475c81b51e6893c740657870f86b7&language=en&debug=1&debugDataPath=https://raw.githubusercontent.com/jygameclub/testdataapi/main/mahjong2date/0525_0523&debugStart=615,https://raw.githubusercontent.com/jygameclub/testdataapi/main/mahjong2date/0525_0523/615.json,https://raw.githubusercontent.com/jygameclub/testdataapi/main/mahjong2date/0525_0523,Super Mega Win,3012.00,75.30,4,3,29,31,31,2,1,否,否,是,2,0,690740,690771,9191779684761376,9476274.0,9479246.0,Super Mega Win / 4段连消/续转 / 金色符号/百搭转换
Big Win,940.json,940,150,金色/百搭,https://fish-games.s3.amazonaws.com/MahjongWays2/index.html?env=ceshislot.osshaiwai.com&hasFloat=0&token=436475c81b51e6893c740657870f86b7&language=en&debug=1&debugDataPath=https://raw.githubusercontent.com/jygameclub/testdataapi/main/mahjong2date/0525_0523&debugStart=940,https://raw.githubusercontent.com/jygameclub/testdataapi/main/mahjong2date/0525_0523/940.json,https://raw.githubusercontent.com/jygameclub/testdataapi/main/mahjong2date/0525_0523,Big Win,872.00,21.80,3,2,23,26,35,3,3,否,否,是,4,1,696346,696348,7441779685675436,9474886.0,9475718.0,Big Win / 3段连消/续转 / 金色符号/百搭转换 / 多线中奖 4线
Big Win,562.json,562,135,金色/百搭,https://fish-games.s3.amazonaws.com/MahjongWays2/index.html?env=ceshislot.osshaiwai.com&hasFloat=0&token=436475c81b51e6893c740657870f86b7&language=en&debug=1&debugDataPath=https://raw.githubusercontent.com/jygameclub/testdataapi/main/mahjong2date/0525_0523&debugStart=562,https://raw.githubusercontent.com/jygameclub/testdataapi/main/mahjong2date/0525_0523/562.json,https://raw.githubusercontent.com/jygameclub/testdataapi/main/mahjong2date/0525_0523,Big Win,1216.00,30.40,4,3,20,21,21,1,1,否,否,是,1,0,689938,689964,1181779684632175,9475836.0,9477012.0,Big Win / 4段连消/续转 / 金色符号/百搭转换
Big Win,677.json,677,135,金色/百搭,https://fish-games.s3.amazonaws.com/MahjongWays2/index.html?env=ceshislot.osshaiwai.com&hasFloat=0&token=436475c81b51e6893c740657870f86b7&language=en&debug=1&debugDataPath=https://raw.githubusercontent.com/jygameclub/testdataapi/main/mahjong2date/0525_0523&debugStart=677,https://raw.githubusercontent.com/jygameclub/testdataapi/main/mahjong2date/0525_0523/677.json,https://raw.githubusercontent.com/jygameclub/testdataapi/main/mahjong2date/0525_0523,Big Win,910.00,22.75,5,4,25,27,28,2,1,否,否,是,2,0,692559,692599,3181779685055057,9479506.0,9480376.0,Big Win / 5段连消/续转 / 金色符号/百搭转换
免费送胡,787.json,787,125,免费旋转 / 免费送胡 / 金色/百搭,https://fish-games.s3.amazonaws.com/MahjongWays2/index.html?env=ceshislot.osshaiwai.com&hasFloat=0&token=436475c81b51e6893c740657870f86b7&language=en&debug=1&debugDataPath=https://raw.githubusercontent.com/jygameclub/testdataapi/main/mahjong2date/0525_0523&debugStart=787,https://raw.githubusercontent.com/jygameclub/testdataapi/main/mahjong2date/0525_0523/787.json,https://raw.githubusercontent.com/jygameclub/testdataapi/main/mahjong2date/0525_0523,普通中奖,674.00,16.85,22,21,46,64,69,18,5,是,是,是,2,3,693928,694450,2391779685271323,9477504.0,9478138.0,22段连消/续转 / Scatter / Free Spin / 金色符号/百搭转换
免费送胡,334.json,334,125,免费旋转 / 免费送胡 / 金色/百搭,https://fish-games.s3.amazonaws.com/MahjongWays2/index.html?env=ceshislot.osshaiwai.com&hasFloat=0&token=436475c81b51e6893c740657870f86b7&language=en&debug=1&debugDataPath=https://raw.githubusercontent.com/jygameclub/testdataapi/main/mahjong2date/0525_0523&debugStart=334,https://raw.githubusercontent.com/jygameclub/testdataapi/main/mahjong2date/0525_0523/334.json,https://raw.githubusercontent.com/jygameclub/testdataapi/main/mahjong2date/0525_0523,普通中奖,488.00,12.20,13,12,8,11,11,3,2,是,是,是,1,3,684543,684567,1901779683176156,9477302.0,9477750.0,13段连消/续转 / Scatter / Free Spin / 金色符号/百搭转换
免费送胡,380.json,380,125,免费旋转 / 免费送胡 / 金色/百搭,https://fish-games.s3.amazonaws.com/MahjongWays2/index.html?env=ceshislot.osshaiwai.com&hasFloat=0&token=436475c81b51e6893c740657870f86b7&language=en&debug=1&debugDataPath=https://raw.githubusercontent.com/jygameclub/testdataapi/main/mahjong2date/0525_0523&debugStart=380,https://raw.githubusercontent.com/jygameclub/testdataapi/main/mahjong2date/0525_0523/380.json,https://raw.githubusercontent.com/jygameclub/testdataapi/main/mahjong2date/0525_0523,普通中奖,272.00,6.80,18,17,28,38,38,10,4,是,是,是,2,3,684708,684741,7391779683567474,9476902.0,9477134.0,18段连消/续转 / Scatter / Free Spin / 金色符号/百搭转换
免费送胡,536.json,536,125,免费旋转 / 免费送胡 / 金色/百搭,https://fish-games.s3.amazonaws.com/MahjongWays2/index.html?env=ceshislot.osshaiwai.com&hasFloat=0&token=436475c81b51e6893c740657870f86b7&language=en&debug=1&debugDataPath=https://raw.githubusercontent.com/jygameclub/testdataapi/main/mahjong2date/0525_0523&debugStart=536,https://raw.githubusercontent.com/jygameclub/testdataapi/main/mahjong2date/0525_0523/536.json,https://raw.githubusercontent.com/jygameclub/testdataapi/main/mahjong2date/0525_0523,普通中奖,146.00,3.65,16,15,22,26,26,4,3,是,是,是,1,3,687740,689490,6651779684222552,9476016.0,9476122.0,16段连消/续转 / Scatter / Free Spin / 金色符号/百搭转换
免费送胡,498.json,498,125,免费旋转 / 免费送胡 / 金色/百搭,https://fish-games.s3.amazonaws.com/MahjongWays2/index.html?env=ceshislot.osshaiwai.com&hasFloat=0&token=436475c81b51e6893c740657870f86b7&language=en&debug=1&debugDataPath=https://raw.githubusercontent.com/jygameclub/testdataapi/main/mahjong2date/0525_0523&debugStart=498,https://raw.githubusercontent.com/jygameclub/testdataapi/main/mahjong2date/0525_0523/498.json,https://raw.githubusercontent.com/jygameclub/testdataapi/main/mahjong2date/0525_0523,普通中奖,88.00,2.20,16,15,14,21,21,7,2,是,是,是,1,3,686800,687180,2421779684070037,9477194.0,9477242.0,16段连消/续转 / Scatter / Free Spin / 金色符号/百搭转换
免费送胡,662.json,662,125,免费旋转 / 免费送胡 / 金色/百搭,https://fish-games.s3.amazonaws.com/MahjongWays2/index.html?env=ceshislot.osshaiwai.com&hasFloat=0&token=436475c81b51e6893c740657870f86b7&language=en&debug=1&debugDataPath=https://raw.githubusercontent.com/jygameclub/testdataapi/main/mahjong2date/0525_0523&debugStart=662,https://raw.githubusercontent.com/jygameclub/testdataapi/main/mahjong2date/0525_0523/662.json,https://raw.githubusercontent.com/jygameclub/testdataapi/main/mahjong2date/0525_0523,普通中奖,16.00,0.40,18,17,34,44,46,10,3,是,是,是,2,3,691954,692332,7951779684955307,9479260.0,9480016.0,18段连消/续转 / Scatter / Free Spin / 金色符号/百搭转换
免费送胡,439.json,439,125,免费旋转 / 免费送胡 / 金色/百搭,https://fish-games.s3.amazonaws.com/MahjongWays2/index.html?env=ceshislot.osshaiwai.com&hasFloat=0&token=436475c81b51e6893c740657870f86b7&language=en&debug=1&debugDataPath=https://raw.githubusercontent.com/jygameclub/testdataapi/main/mahjong2date/0525_0523&debugStart=439,https://raw.githubusercontent.com/jygameclub/testdataapi/main/mahjong2date/0525_0523/439.json,https://raw.githubusercontent.com/jygameclub/testdataapi/main/mahjong2date/0525_0523,普通中奖,4.00,0.10,20,19,37,48,50,11,3,是,是,是,2,3,684952,685393,7681779683771555,9476014.0,9476590.0,20段连消/续转 / Scatter / Free Spin / 金色符号/百搭转换
连消/掉落,983.json,983,90,金色/百搭,https://fish-games.s3.amazonaws.com/MahjongWays2/index.html?env=ceshislot.osshaiwai.com&hasFloat=0&token=436475c81b51e6893c740657870f86b7&language=en&debug=1&debugDataPath=https://raw.githubusercontent.com/jygameclub/testdataapi/main/mahjong2date/0525_0523&debugStart=983,https://raw.githubusercontent.com/jygameclub/testdataapi/main/mahjong2date/0525_0523/983.json,https://raw.githubusercontent.com/jygameclub/testdataapi/main/mahjong2date/0525_0523,普通中奖,668.00,16.70,3,2,28,30,36,2,2,否,否,是,4,2,696637,696642,8391779686110233,9477818.0,9478446.0,3段连消/续转 / 金色符号/百搭转换 / 多线中奖 4线
连消/掉落,833.json,833,90,金色/百搭,https://fish-games.s3.amazonaws.com/MahjongWays2/index.html?env=ceshislot.osshaiwai.com&hasFloat=0&token=436475c81b51e6893c740657870f86b7&language=en&debug=1&debugDataPath=https://raw.githubusercontent.com/jygameclub/testdataapi/main/mahjong2date/0525_0523&debugStart=833,https://raw.githubusercontent.com/jygameclub/testdataapi/main/mahjong2date/0525_0523/833.json,https://raw.githubusercontent.com/jygameclub/testdataapi/main/mahjong2date/0525_0523,普通中奖,554.00,13.85,4,3,29,31,35,2,2,否,否,是,3,0,695189,695222,8091779685469770,9476856.0,9477370.0,4段连消/续转 / 金色符号/百搭转换 / 多线中奖 3线
连消/掉落,978.json,978,90,金色/百搭,https://fish-games.s3.amazonaws.com/MahjongWays2/index.html?env=ceshislot.osshaiwai.com&hasFloat=0&token=436475c81b51e6893c740657870f86b7&language=en&debug=1&debugDataPath=https://raw.githubusercontent.com/jygameclub/testdataapi/main/mahjong2date/0525_0523&debugStart=978,https://raw.githubusercontent.com/jygameclub/testdataapi/main/mahjong2date/0525_0523/978.json,https://raw.githubusercontent.com/jygameclub/testdataapi/main/mahjong2date/0525_0523,普通中奖,382.00,9.55,3,2,14,16,20,2,2,否,否,是,3,1,696624,696627,3941779686100567,9477636.0,9477978.0,3段连消/续转 / 金色符号/百搭转换 / 多线中奖 3线
连消/掉落,636.json,636,90,金色/百搭,https://fish-games.s3.amazonaws.com/MahjongWays2/index.html?env=ceshislot.osshaiwai.com&hasFloat=0&token=436475c81b51e6893c740657870f86b7&language=en&debug=1&debugDataPath=https://raw.githubusercontent.com/jygameclub/testdataapi/main/mahjong2date/0525_0523&debugStart=636,https://raw.githubusercontent.com/jygameclub/testdataapi/main/mahjong2date/0525_0523/636.json,https://raw.githubusercontent.com/jygameclub/testdataapi/main/mahjong2date/0525_0523,普通中奖,290.00,7.25,3,2,11,14,20,3,2,否,否,是,4,0,691655,691671,6681779684909874,9479848.0,9480098.0,3段连消/续转 / 金色符号/百搭转换 / 多线中奖 4线
连消/掉落,840.json,840,90,金色/百搭,https://fish-games.s3.amazonaws.com/MahjongWays2/index.html?env=ceshislot.osshaiwai.com&hasFloat=0&token=436475c81b51e6893c740657870f86b7&language=en&debug=1&debugDataPath=https://raw.githubusercontent.com/jygameclub/testdataapi/main/mahjong2date/0525_0523&debugStart=840,https://raw.githubusercontent.com/jygameclub/testdataapi/main/mahjong2date/0525_0523/840.json,https://raw.githubusercontent.com/jygameclub/testdataapi/main/mahjong2date/0525_0523,普通中奖,246.00,6.15,4,3,20,21,23,1,1,否,否,是,3,1,695330,695365,8671779685490820,9477160.0,9477366.0,4段连消/续转 / 金色符号/百搭转换 / 多线中奖 3线
连消/掉落,890.json,890,90,金色/百搭,https://fish-games.s3.amazonaws.com/MahjongWays2/index.html?env=ceshislot.osshaiwai.com&hasFloat=0&token=436475c81b51e6893c740657870f86b7&language=en&debug=1&debugDataPath=https://raw.githubusercontent.com/jygameclub/testdataapi/main/mahjong2date/0525_0523&debugStart=890,https://raw.githubusercontent.com/jygameclub/testdataapi/main/mahjong2date/0525_0523/890.json,https://raw.githubusercontent.com/jygameclub/testdataapi/main/mahjong2date/0525_0523,普通中奖,182.00,4.55,3,2,18,19,19,1,1,否,否,是,3,2,695907,695925,4391779685575420,9476002.0,9476144.0,3段连消/续转 / 金色符号/百搭转换 / 多线中奖 3线
连消/掉落,893.json,893,90,金色/百搭,https://fish-games.s3.amazonaws.com/MahjongWays2/index.html?env=ceshislot.osshaiwai.com&hasFloat=0&token=436475c81b51e6893c740657870f86b7&language=en&debug=1&debugDataPath=https://raw.githubusercontent.com/jygameclub/testdataapi/main/mahjong2date/0525_0523&debugStart=893,https://raw.githubusercontent.com/jygameclub/testdataapi/main/mahjong2date/0525_0523/893.json,https://raw.githubusercontent.com/jygameclub/testdataapi/main/mahjong2date/0525_0523,普通中奖,178.00,4.45,3,2,18,19,21,1,1,否,否,是,3,0,695984,696001,8341779685586953,9476084.0,9476222.0,3段连消/续转 / 金色符号/百搭转换 / 多线中奖 3线
连消/掉落,416.json,416,90,金色/百搭,https://fish-games.s3.amazonaws.com/MahjongWays2/index.html?env=ceshislot.osshaiwai.com&hasFloat=0&token=436475c81b51e6893c740657870f86b7&language=en&debug=1&debugDataPath=https://raw.githubusercontent.com/jygameclub/testdataapi/main/mahjong2date/0525_0523&debugStart=416,https://raw.githubusercontent.com/jygameclub/testdataapi/main/mahjong2date/0525_0523/416.json,https://raw.githubusercontent.com/jygameclub/testdataapi/main/mahjong2date/0525_0523,普通中奖,172.00,4.30,4,3,19,22,27,3,2,否,否,是,3,2,684815,684819,1841779683717823,9476308.0,9476440.0,4段连消/续转 / 金色符号/百搭转换 / 多线中奖 3线
连消/掉落,613.json,613,90,金色/百搭,https://fish-games.s3.amazonaws.com/MahjongWays2/index.html?env=ceshislot.osshaiwai.com&hasFloat=0&token=436475c81b51e6893c740657870f86b7&language=en&debug=1&debugDataPath=https://raw.githubusercontent.com/jygameclub/testdataapi/main/mahjong2date/0525_0523&debugStart=613,https://raw.githubusercontent.com/jygameclub/testdataapi/main/mahjong2date/0525_0523/613.json,https://raw.githubusercontent.com/jygameclub/testdataapi/main/mahjong2date/0525_0523,普通中奖,146.00,3.65,4,3,22,24,27,2,1,否,否,是,3,1,690668,690696,4991779684749793,9476166.0,9476272.0,4段连消/续转 / 金色符号/百搭转换 / 多线中奖 3线
连消/掉落,081.json,81,90,金色/百搭,https://fish-games.s3.amazonaws.com/MahjongWays2/index.html?env=ceshislot.osshaiwai.com&hasFloat=0&token=436475c81b51e6893c740657870f86b7&language=en&debug=1&debugDataPath=https://raw.githubusercontent.com/jygameclub/testdataapi/main/mahjong2date/0525_0523&debugStart=81,https://raw.githubusercontent.com/jygameclub/testdataapi/main/mahjong2date/0525_0523/081.json,https://raw.githubusercontent.com/jygameclub/testdataapi/main/mahjong2date/0525_0523,普通中奖,106.00,2.65,3,2,17,18,20,1,1,否,否,是,3,2,684087,684090,4091779682721676,9484008.0,9484074.0,3段连消/续转 / 金色符号/百搭转换 / 多线中奖 3线
连消/掉落,804.json,804,90,金色/百搭,https://fish-games.s3.amazonaws.com/MahjongWays2/index.html?env=ceshislot.osshaiwai.com&hasFloat=0&token=436475c81b51e6893c740657870f86b7&language=en&debug=1&debugDataPath=https://raw.githubusercontent.com/jygameclub/testdataapi/main/mahjong2date/0525_0523&debugStart=804,https://raw.githubusercontent.com/jygameclub/testdataapi/main/mahjong2date/0525_0523/804.json,https://raw.githubusercontent.com/jygameclub/testdataapi/main/mahjong2date/0525_0523,普通中奖,104.00,2.60,4,3,16,17,19,1,1,否,否,是,3,1,694800,694837,4091779685412504,9477740.0,9477804.0,4段连消/续转 / 金色符号/百搭转换 / 多线中奖 3线
连消/掉落,073.json,73,90,金色/百搭,https://fish-games.s3.amazonaws.com/MahjongWays2/index.html?env=ceshislot.osshaiwai.com&hasFloat=0&token=436475c81b51e6893c740657870f86b7&language=en&debug=1&debugDataPath=https://raw.githubusercontent.com/jygameclub/testdataapi/main/mahjong2date/0525_0523&debugStart=73,https://raw.githubusercontent.com/jygameclub/testdataapi/main/mahjong2date/0525_0523/073.json,https://raw.githubusercontent.com/jygameclub/testdataapi/main/mahjong2date/0525_0523,普通中奖,104.00,2.60,3,2,15,17,21,2,2,否,否,是,3,0,684064,684067,3061779682696443,9483876.0,9483940.0,3段连消/续转 / 金色符号/百搭转换 / 多线中奖 3线
连消/掉落,144.json,144,90,金色/百搭,https://fish-games.s3.amazonaws.com/MahjongWays2/index.html?env=ceshislot.osshaiwai.com&hasFloat=0&token=436475c81b51e6893c740657870f86b7&language=en&debug=1&debugDataPath=https://raw.githubusercontent.com/jygameclub/testdataapi/main/mahjong2date/0525_0523&debugStart=144,https://raw.githubusercontent.com/jygameclub/testdataapi/main/mahjong2date/0525_0523/144.json,https://raw.githubusercontent.com/jygameclub/testdataapi/main/mahjong2date/0525_0523,普通中奖,96.00,2.40,4,3,17,18,20,1,1,否,否,是,3,1,684205,684209,8621779682844425,9482602.0,9482658.0,4段连消/续转 / 金色符号/百搭转换 / 多线中奖 3线
连消/掉落,813.json,813,90,金色/百搭,https://fish-games.s3.amazonaws.com/MahjongWays2/index.html?env=ceshislot.osshaiwai.com&hasFloat=0&token=436475c81b51e6893c740657870f86b7&language=en&debug=1&debugDataPath=https://raw.githubusercontent.com/jygameclub/testdataapi/main/mahjong2date/0525_0523&debugStart=813,https://raw.githubusercontent.com/jygameclub/testdataapi/main/mahjong2date/0525_0523/813.json,https://raw.githubusercontent.com/jygameclub/testdataapi/main/mahjong2date/0525_0523,普通中奖,64.00,1.60,4,3,16,17,19,1,1,否,否,是,3,1,694910,694945,1421779685428854,9477484.0,9477508.0,4段连消/续转 / 金色符号/百搭转换 / 多线中奖 3线
连消/掉落,529.json,529,90,金色/百搭,https://fish-games.s3.amazonaws.com/MahjongWays2/index.html?env=ceshislot.osshaiwai.com&hasFloat=0&token=436475c81b51e6893c740657870f86b7&language=en&debug=1&debugDataPath=https://raw.githubusercontent.com/jygameclub/testdataapi/main/mahjong2date/0525_0523&debugStart=529,https://raw.githubusercontent.com/jygameclub/testdataapi/main/mahjong2date/0525_0523/529.json,https://raw.githubusercontent.com/jygameclub/testdataapi/main/mahjong2date/0525_0523,普通中奖,36.00,0.90,3,2,15,15,15,0,0,否,否,是,3,2,687613,687635,3761779684202803,9476124.0,9476120.0,3段连消/续转 / 金色符号/百搭转换 / 多线中奖 3线
连消/掉落,012.json,12,75,金色/百搭,https://fish-games.s3.amazonaws.com/MahjongWays2/index.html?env=ceshislot.osshaiwai.com&hasFloat=0&token=436475c81b51e6893c740657870f86b7&language=en&debug=1&debugDataPath=https://raw.githubusercontent.com/jygameclub/testdataapi/main/mahjong2date/0525_0523&debugStart=12,https://raw.githubusercontent.com/jygameclub/testdataapi/main/mahjong2date/0525_0523/012.json,https://raw.githubusercontent.com/jygameclub/testdataapi/main/mahjong2date/0525_0523,普通中奖,676.00,16.90,4,3,22,24,25,2,1,否,否,是,2,1,683919,683923,9141779682551910,9484390.0,9485026.0,4段连消/续转 / 金色符号/百搭转换
连消/掉落,140.json,140,75,金色/百搭,https://fish-games.s3.amazonaws.com/MahjongWays2/index.html?env=ceshislot.osshaiwai.com&hasFloat=0&token=436475c81b51e6893c740657870f86b7&language=en&debug=1&debugDataPath=https://raw.githubusercontent.com/jygameclub/testdataapi/main/mahjong2date/0525_0523&debugStart=140,https://raw.githubusercontent.com/jygameclub/testdataapi/main/mahjong2date/0525_0523/140.json,https://raw.githubusercontent.com/jygameclub/testdataapi/main/mahjong2date/0525_0523,普通中奖,612.00,15.30,5,4,37,39,39,2,2,否,否,是,2,1,684195,684201,4921779682833143,9482150.0,9482722.0,5段连消/续转 / 金色符号/百搭转换
连消/掉落,548.json,548,75,金色/百搭,https://fish-games.s3.amazonaws.com/MahjongWays2/index.html?env=ceshislot.osshaiwai.com&hasFloat=0&token=436475c81b51e6893c740657870f86b7&language=en&debug=1&debugDataPath=https://raw.githubusercontent.com/jygameclub/testdataapi/main/mahjong2date/0525_0523&debugStart=548,https://raw.githubusercontent.com/jygameclub/testdataapi/main/mahjong2date/0525_0523/548.json,https://raw.githubusercontent.com/jygameclub/testdataapi/main/mahjong2date/0525_0523,普通中奖,392.00,9.80,7,6,27,28,28,1,1,否,否,是,1,1,689677,689735,3521779684588475,9475816.0,9476168.0,7段连消/续转 / 金色符号/百搭转换
连消/掉落,580.json,580,75,金色/百搭,https://fish-games.s3.amazonaws.com/MahjongWays2/index.html?env=ceshislot.osshaiwai.com&hasFloat=0&token=436475c81b51e6893c740657870f86b7&language=en&debug=1&debugDataPath=https://raw.githubusercontent.com/jygameclub/testdataapi/main/mahjong2date/0525_0523&debugStart=580,https://raw.githubusercontent.com/jygameclub/testdataapi/main/mahjong2date/0525_0523/580.json,https://raw.githubusercontent.com/jygameclub/testdataapi/main/mahjong2date/0525_0523,普通中奖,372.00,9.30,3,2,13,14,15,1,1,否,否,是,2,1,690269,690291,9971779684685959,9476618.0,9476950.0,3段连消/续转 / 金色符号/百搭转换
连消/掉落,865.json,865,75,金色/百搭,https://fish-games.s3.amazonaws.com/MahjongWays2/index.html?env=ceshislot.osshaiwai.com&hasFloat=0&token=436475c81b51e6893c740657870f86b7&language=en&debug=1&debugDataPath=https://raw.githubusercontent.com/jygameclub/testdataapi/main/mahjong2date/0525_0523&debugStart=865,https://raw.githubusercontent.com/jygameclub/testdataapi/main/mahjong2date/0525_0523/865.json,https://raw.githubusercontent.com/jygameclub/testdataapi/main/mahjong2date/0525_0523,普通中奖,360.00,9.00,3,2,17,18,19,1,1,否,否,是,2,0,695592,695610,3951779685529119,9476464.0,9476784.0,3段连消/续转 / 金色符号/百搭转换
连消/掉落,208.json,208,75,金色/百搭,https://fish-games.s3.amazonaws.com/MahjongWays2/index.html?env=ceshislot.osshaiwai.com&hasFloat=0&token=436475c81b51e6893c740657870f86b7&language=en&debug=1&debugDataPath=https://raw.githubusercontent.com/jygameclub/testdataapi/main/mahjong2date/0525_0523&debugStart=208,https://raw.githubusercontent.com/jygameclub/testdataapi/main/mahjong2date/0525_0523/208.json,https://raw.githubusercontent.com/jygameclub/testdataapi/main/mahjong2date/0525_0523,普通中奖,306.00,7.65,3,2,8,9,9,1,1,否,否,是,1,0,684311,684314,7121779682961158,9480594.0,9480860.0,3段连消/续转 / 金色符号/百搭转换
连消/掉落,079.json,79,75,金色/百搭,https://fish-games.s3.amazonaws.com/MahjongWays2/index.html?env=ceshislot.osshaiwai.com&hasFloat=0&token=436475c81b51e6893c740657870f86b7&language=en&debug=1&debugDataPath=https://raw.githubusercontent.com/jygameclub/testdataapi/main/mahjong2date/0525_0523&debugStart=79,https://raw.githubusercontent.com/jygameclub/testdataapi/main/mahjong2date/0525_0523/079.json,https://raw.githubusercontent.com/jygameclub/testdataapi/main/mahjong2date/0525_0523,普通中奖,276.00,6.90,3,2,16,17,18,1,1,否,否,是,2,0,684081,684084,9641779682715543,9483812.0,9484048.0,3段连消/续转 / 金色符号/百搭转换
连消/掉落,408.json,408,75,金色/百搭,https://fish-games.s3.amazonaws.com/MahjongWays2/index.html?env=ceshislot.osshaiwai.com&hasFloat=0&token=436475c81b51e6893c740657870f86b7&language=en&debug=1&debugDataPath=https://raw.githubusercontent.com/jygameclub/testdataapi/main/mahjong2date/0525_0523&debugStart=408,https://raw.githubusercontent.com/jygameclub/testdataapi/main/mahjong2date/0525_0523/408.json,https://raw.githubusercontent.com/jygameclub/testdataapi/main/mahjong2date/0525_0523,普通中奖,276.00,6.90,3,2,15,17,17,2,1,否,否,是,1,0,684801,684804,8561779683700840,9476340.0,9476576.0,3段连消/续转 / 金色符号/百搭转换
连消/掉落,310.json,310,75,金色/百搭,https://fish-games.s3.amazonaws.com/MahjongWays2/index.html?env=ceshislot.osshaiwai.com&hasFloat=0&token=436475c81b51e6893c740657870f86b7&language=en&debug=1&debugDataPath=https://raw.githubusercontent.com/jygameclub/testdataapi/main/mahjong2date/0525_0523&debugStart=310,https://raw.githubusercontent.com/jygameclub/testdataapi/main/mahjong2date/0525_0523/310.json,https://raw.githubusercontent.com/jygameclub/testdataapi/main/mahjong2date/0525_0523,普通中奖,264.00,6.60,4,3,18,19,19,1,1,否,否,是,1,0,684501,684506,1661779683135124,9477784.0,9478008.0,4段连消/续转 / 金色符号/百搭转换
连消/掉落,591.json,591,75,金色/百搭,https://fish-games.s3.amazonaws.com/MahjongWays2/index.html?env=ceshislot.osshaiwai.com&hasFloat=0&token=436475c81b51e6893c740657870f86b7&language=en&debug=1&debugDataPath=https://raw.githubusercontent.com/jygameclub/testdataapi/main/mahjong2date/0525_0523&debugStart=591,https://raw.githubusercontent.com/jygameclub/testdataapi/main/mahjong2date/0525_0523/591.json,https://raw.githubusercontent.com/jygameclub/testdataapi/main/mahjong2date/0525_0523,普通中奖,264.00,6.60,3,2,15,16,16,1,1,否,否,是,1,0,690385,690400,8381779684703659,9476600.0,9476824.0,3段连消/续转 / 金色符号/百搭转换
连消/掉落,431.json,431,75,金色/百搭,https://fish-games.s3.amazonaws.com/MahjongWays2/index.html?env=ceshislot.osshaiwai.com&hasFloat=0&token=436475c81b51e6893c740657870f86b7&language=en&debug=1&debugDataPath=https://raw.githubusercontent.com/jygameclub/testdataapi/main/mahjong2date/0525_0523&debugStart=431,https://raw.githubusercontent.com/jygameclub/testdataapi/main/mahjong2date/0525_0523/431.json,https://raw.githubusercontent.com/jygameclub/testdataapi/main/mahjong2date/0525_0523,普通中奖,260.00,6.50,4,3,18,18,18,0,0,否,否,是,2,0,684922,684926,8871779683749106,9475944.0,9476164.0,4段连消/续转 / 金色符号/百搭转换
连消/掉落,035.json,35,75,金色/百搭,https://fish-games.s3.amazonaws.com/MahjongWays2/index.html?env=ceshislot.osshaiwai.com&hasFloat=0&token=436475c81b51e6893c740657870f86b7&language=en&debug=1&debugDataPath=https://raw.githubusercontent.com/jygameclub/testdataapi/main/mahjong2date/0525_0523&debugStart=35,https://raw.githubusercontent.com/jygameclub/testdataapi/main/mahjong2date/0525_0523/035.json,https://raw.githubusercontent.com/jygameclub/testdataapi/main/mahjong2date/0525_0523,普通中奖,232.00,5.80,4,3,22,23,24,1,1,否,否,是,2,0,683970,683975,7311779682601976,9484486.0,9484678.0,4段连消/续转 / 金色符号/百搭转换
连消/掉落,345.json,345,75,金色/百搭,https://fish-games.s3.amazonaws.com/MahjongWays2/index.html?env=ceshislot.osshaiwai.com&hasFloat=0&token=436475c81b51e6893c740657870f86b7&language=en&debug=1&debugDataPath=https://raw.githubusercontent.com/jygameclub/testdataapi/main/mahjong2date/0525_0523&debugStart=345,https://raw.githubusercontent.com/jygameclub/testdataapi/main/mahjong2date/0525_0523/345.json,https://raw.githubusercontent.com/jygameclub/testdataapi/main/mahjong2date/0525_0523,普通中奖,232.00,5.80,4,3,20,20,20,0,0,否,否,是,2,1,684644,684648,8931779683499291,9477640.0,9477832.0,4段连消/续转 / 金色符号/百搭转换
连消/掉落,263.json,263,75,金色/百搭,https://fish-games.s3.amazonaws.com/MahjongWays2/index.html?env=ceshislot.osshaiwai.com&hasFloat=0&token=436475c81b51e6893c740657870f86b7&language=en&debug=1&debugDataPath=https://raw.githubusercontent.com/jygameclub/testdataapi/main/mahjong2date/0525_0523&debugStart=263,https://raw.githubusercontent.com/jygameclub/testdataapi/main/mahjong2date/0525_0523/263.json,https://raw.githubusercontent.com/jygameclub/testdataapi/main/mahjong2date/0525_0523,普通中奖,196.00,4.90,3,2,10,10,10,0,0,否,否,是,1,2,684416,684418,1941779683054474,9478960.0,9479116.0,3段连消/续转 / 金色符号/百搭转换
连消/掉落,311.json,311,75,金色/百搭,https://fish-games.s3.amazonaws.com/MahjongWays2/index.html?env=ceshislot.osshaiwai.com&hasFloat=0&token=436475c81b51e6893c740657870f86b7&language=en&debug=1&debugDataPath=https://raw.githubusercontent.com/jygameclub/testdataapi/main/mahjong2date/0525_0523&debugStart=311,https://raw.githubusercontent.com/jygameclub/testdataapi/main/mahjong2date/0525_0523/311.json,https://raw.githubusercontent.com/jygameclub/testdataapi/main/mahjong2date/0525_0523,普通中奖,192.00,4.80,3,2,18,19,19,1,1,否,否,是,2,0,684507,684510,9811779683142007,9478008.0,9478160.0,3段连消/续转 / 金色符号/百搭转换
连消/掉落,738.json,738,75,金色/百搭,https://fish-games.s3.amazonaws.com/MahjongWays2/index.html?env=ceshislot.osshaiwai.com&hasFloat=0&token=436475c81b51e6893c740657870f86b7&language=en&debug=1&debugDataPath=https://raw.githubusercontent.com/jygameclub/testdataapi/main/mahjong2date/0525_0523&debugStart=738,https://raw.githubusercontent.com/jygameclub/testdataapi/main/mahjong2date/0525_0523/738.json,https://raw.githubusercontent.com/jygameclub/testdataapi/main/mahjong2date/0525_0523,普通中奖,192.00,4.80,2,1,10,10,10,0,0,否,否,是,1,0,693341,693344,9131779685177707,9478710.0,9478862.0,2段连消/续转 / 金色符号/百搭转换
连消/掉落,304.json,304,75,金色/百搭,https://fish-games.s3.amazonaws.com/MahjongWays2/index.html?env=ceshislot.osshaiwai.com&hasFloat=0&token=436475c81b51e6893c740657870f86b7&language=en&debug=1&debugDataPath=https://raw.githubusercontent.com/jygameclub/testdataapi/main/mahjong2date/0525_0523&debugStart=304,https://raw.githubusercontent.com/jygameclub/testdataapi/main/mahjong2date/0525_0523/304.json,https://raw.githubusercontent.com/jygameclub/testdataapi/main/mahjong2date/0525_0523,普通中奖,180.00,4.50,3,2,15,15,15,0,0,否,否,是,1,0,684491,684493,3471779683123758,9477784.0,9477924.0,3段连消/续转 / 金色符号/百搭转换
连消/掉落,300.json,300,75,金色/百搭,https://fish-games.s3.amazonaws.com/MahjongWays2/index.html?env=ceshislot.osshaiwai.com&hasFloat=0&token=436475c81b51e6893c740657870f86b7&language=en&debug=1&debugDataPath=https://raw.githubusercontent.com/jygameclub/testdataapi/main/mahjong2date/0525_0523&debugStart=300,https://raw.githubusercontent.com/jygameclub/testdataapi/main/mahjong2date/0525_0523/300.json,https://raw.githubusercontent.com/jygameclub/testdataapi/main/mahjong2date/0525_0523,普通中奖,160.00,4.00,3,2,17,18,19,1,1,否,否,是,2,0,684483,684485,9191779683115340,9477784.0,9477904.0,3段连消/续转 / 金色符号/百搭转换
连消/掉落,784.json,784,75,金色/百搭,https://fish-games.s3.amazonaws.com/MahjongWays2/index.html?env=ceshislot.osshaiwai.com&hasFloat=0&token=436475c81b51e6893c740657870f86b7&language=en&debug=1&debugDataPath=https://raw.githubusercontent.com/jygameclub/testdataapi/main/mahjong2date/0525_0523&debugStart=784,https://raw.githubusercontent.com/jygameclub/testdataapi/main/mahjong2date/0525_0523/784.json,https://raw.githubusercontent.com/jygameclub/testdataapi/main/mahjong2date/0525_0523,普通中奖,156.00,3.90,3,2,12,13,13,1,1,否,否,是,1,0,693880,693896,8451779685263605,9477468.0,9477584.0,3段连消/续转 / 金色符号/百搭转换
连消/掉落,340.json,340,75,金色/百搭,https://fish-games.s3.amazonaws.com/MahjongWays2/index.html?env=ceshislot.osshaiwai.com&hasFloat=0&token=436475c81b51e6893c740657870f86b7&language=en&debug=1&debugDataPath=https://raw.githubusercontent.com/jygameclub/testdataapi/main/mahjong2date/0525_0523&debugStart=340,https://raw.githubusercontent.com/jygameclub/testdataapi/main/mahjong2date/0525_0523/340.json,https://raw.githubusercontent.com/jygameclub/testdataapi/main/mahjong2date/0525_0523,普通中奖,152.00,3.80,4,3,13,15,15,2,1,否,否,是,1,1,684631,684636,6991779683486142,9477688.0,9477800.0,4段连消/续转 / 金色符号/百搭转换
连消/掉落,736.json,736,75,金色/百搭,https://fish-games.s3.amazonaws.com/MahjongWays2/index.html?env=ceshislot.osshaiwai.com&hasFloat=0&token=436475c81b51e6893c740657870f86b7&language=en&debug=1&debugDataPath=https://raw.githubusercontent.com/jygameclub/testdataapi/main/mahjong2date/0525_0523&debugStart=736,https://raw.githubusercontent.com/jygameclub/testdataapi/main/mahjong2date/0525_0523/736.json,https://raw.githubusercontent.com/jygameclub/testdataapi/main/mahjong2date/0525_0523,普通中奖,152.00,3.80,3,2,17,17,17,0,0,否,否,是,2,1,693300,693321,8411779685171174,9478638.0,9478750.0,3段连消/续转 / 金色符号/百搭转换
连消/掉落,797.json,797,75,金色/百搭,https://fish-games.s3.amazonaws.com/MahjongWays2/index.html?env=ceshislot.osshaiwai.com&hasFloat=0&token=436475c81b51e6893c740657870f86b7&language=en&debug=1&debugDataPath=https://raw.githubusercontent.com/jygameclub/testdataapi/main/mahjong2date/0525_0523&debugStart=797,https://raw.githubusercontent.com/jygameclub/testdataapi/main/mahjong2date/0525_0523/797.json,https://raw.githubusercontent.com/jygameclub/testdataapi/main/mahjong2date/0525_0523,普通中奖,148.00,3.70,4,3,16,17,18,1,1,否,否,是,2,0,694699,694731,3121779685398005,9477842.0,9477950.0,4段连消/续转 / 金色符号/百搭转换
连消/掉落,015.json,15,75,金色/百搭,https://fish-games.s3.amazonaws.com/MahjongWays2/index.html?env=ceshislot.osshaiwai.com&hasFloat=0&token=436475c81b51e6893c740657870f86b7&language=en&debug=1&debugDataPath=https://raw.githubusercontent.com/jygameclub/testdataapi/main/mahjong2date/0525_0523&debugStart=15,https://raw.githubusercontent.com/jygameclub/testdataapi/main/mahjong2date/0525_0523/015.json,https://raw.githubusercontent.com/jygameclub/testdataapi/main/mahjong2date/0525_0523,普通中奖,144.00,3.60,2,1,9,9,9,0,0,否,否,是,1,0,683926,683927,2971779682560460,9484946.0,9485050.0,2段连消/续转 / 金色符号/百搭转换
连消/掉落,693.json,693,75,金色/百搭,https://fish-games.s3.amazonaws.com/MahjongWays2/index.html?env=ceshislot.osshaiwai.com&hasFloat=0&token=436475c81b51e6893c740657870f86b7&language=en&debug=1&debugDataPath=https://raw.githubusercontent.com/jygameclub/testdataapi/main/mahjong2date/0525_0523&debugStart=693,https://raw.githubusercontent.com/jygameclub/testdataapi/main/mahjong2date/0525_0523/693.json,https://raw.githubusercontent.com/jygameclub/testdataapi/main/mahjong2date/0525_0523,普通中奖,144.00,3.60,2,1,8,9,9,1,1,否,否,是,1,0,692845,692848,1501779685100523,9479874.0,9479978.0,2段连消/续转 / 金色符号/百搭转换
连消/掉落,621.json,621,75,金色/百搭,https://fish-games.s3.amazonaws.com/MahjongWays2/index.html?env=ceshislot.osshaiwai.com&hasFloat=0&token=436475c81b51e6893c740657870f86b7&language=en&debug=1&debugDataPath=https://raw.githubusercontent.com/jygameclub/testdataapi/main/mahjong2date/0525_0523&debugStart=621,https://raw.githubusercontent.com/jygameclub/testdataapi/main/mahjong2date/0525_0523/621.json,https://raw.githubusercontent.com/jygameclub/testdataapi/main/mahjong2date/0525_0523,普通中奖,140.00,3.50,4,3,17,17,17,0,0,否,否,是,1,1,690942,690977,4791779684794091,9479046.0,9479146.0,4段连消/续转 / 金色符号/百搭转换
连消/掉落,335.json,335,75,金色/百搭,https://fish-games.s3.amazonaws.com/MahjongWays2/index.html?env=ceshislot.osshaiwai.com&hasFloat=0&token=436475c81b51e6893c740657870f86b7&language=en&debug=1&debugDataPath=https://raw.githubusercontent.com/jygameclub/testdataapi/main/mahjong2date/0525_0523&debugStart=335,https://raw.githubusercontent.com/jygameclub/testdataapi/main/mahjong2date/0525_0523/335.json,https://raw.githubusercontent.com/jygameclub/testdataapi/main/mahjong2date/0525_0523,普通中奖,138.00,3.45,4,3,20,20,20,0,0,否,否,是,2,0,684570,684579,6271779683243367,9477750.0,9477848.0,4段连消/续转 / 金色符号/百搭转换
连消/掉落,450.json,450,75,金色/百搭,https://fish-games.s3.amazonaws.com/MahjongWays2/index.html?env=ceshislot.osshaiwai.com&hasFloat=0&token=436475c81b51e6893c740657870f86b7&language=en&debug=1&debugDataPath=https://raw.githubusercontent.com/jygameclub/testdataapi/main/mahjong2date/0525_0523&debugStart=450,https://raw.githubusercontent.com/jygameclub/testdataapi/main/mahjong2date/0525_0523/450.json,https://raw.githubusercontent.com/jygameclub/testdataapi/main/mahjong2date/0525_0523,普通中奖,132.00,3.30,4,3,21,22,23,1,1,否,否,是,2,0,686243,686273,8661779683985005,9478618.0,9478710.0,4段连消/续转 / 金色符号/百搭转换
连消/掉落,464.json,464,75,金色/百搭,https://fish-games.s3.amazonaws.com/MahjongWays2/index.html?env=ceshislot.osshaiwai.com&hasFloat=0&token=436475c81b51e6893c740657870f86b7&language=en&debug=1&debugDataPath=https://raw.githubusercontent.com/jygameclub/testdataapi/main/mahjong2date/0525_0523&debugStart=464,https://raw.githubusercontent.com/jygameclub/testdataapi/main/mahjong2date/0525_0523/464.json,https://raw.githubusercontent.com/jygameclub/testdataapi/main/mahjong2date/0525_0523,普通中奖,128.00,3.20,3,2,11,11,11,0,0,否,否,是,1,1,686411,686433,5071779684010838,9478240.0,9478328.0,3段连消/续转 / 金色符号/百搭转换
连消/掉落,733.json,733,75,金色/百搭,https://fish-games.s3.amazonaws.com/MahjongWays2/index.html?env=ceshislot.osshaiwai.com&hasFloat=0&token=436475c81b51e6893c740657870f86b7&language=en&debug=1&debugDataPath=https://raw.githubusercontent.com/jygameclub/testdataapi/main/mahjong2date/0525_0523&debugStart=733,https://raw.githubusercontent.com/jygameclub/testdataapi/main/mahjong2date/0525_0523/733.json,https://raw.githubusercontent.com/jygameclub/testdataapi/main/mahjong2date/0525_0523,普通中奖,128.00,3.20,3,2,11,12,12,1,1,否,否,是,1,1,693257,693271,4561779685164225,9478630.0,9478718.0,3段连消/续转 / 金色符号/百搭转换
连消/掉落,633.json,633,75,金色/百搭,https://fish-games.s3.amazonaws.com/MahjongWays2/index.html?env=ceshislot.osshaiwai.com&hasFloat=0&token=436475c81b51e6893c740657870f86b7&language=en&debug=1&debugDataPath=https://raw.githubusercontent.com/jygameclub/testdataapi/main/mahjong2date/0525_0523&debugStart=633,https://raw.githubusercontent.com/jygameclub/testdataapi/main/mahjong2date/0525_0523/633.json,https://raw.githubusercontent.com/jygameclub/testdataapi/main/mahjong2date/0525_0523,普通中奖,122.00,3.05,3,2,8,9,9,1,1,否,否,是,1,0,691599,691615,5011779684901057,9479842.0,9479924.0,3段连消/续转 / 金色符号/百搭转换
连消/掉落,743.json,743,75,金色/百搭,https://fish-games.s3.amazonaws.com/MahjongWays2/index.html?env=ceshislot.osshaiwai.com&hasFloat=0&token=436475c81b51e6893c740657870f86b7&language=en&debug=1&debugDataPath=https://raw.githubusercontent.com/jygameclub/testdataapi/main/mahjong2date/0525_0523&debugStart=743,https://raw.githubusercontent.com/jygameclub/testdataapi/main/mahjong2date/0525_0523/743.json,https://raw.githubusercontent.com/jygameclub/testdataapi/main/mahjong2date/0525_0523,普通中奖,120.00,3.00,4,3,11,13,13,2,1,否,否,是,1,1,693387,693416,3001779685184773,9478702.0,9478782.0,4段连消/续转 / 金色符号/百搭转换
连消/掉落,530.json,530,75,金色/百搭,https://fish-games.s3.amazonaws.com/MahjongWays2/index.html?env=ceshislot.osshaiwai.com&hasFloat=0&token=436475c81b51e6893c740657870f86b7&language=en&debug=1&debugDataPath=https://raw.githubusercontent.com/jygameclub/testdataapi/main/mahjong2date/0525_0523&debugStart=530,https://raw.githubusercontent.com/jygameclub/testdataapi/main/mahjong2date/0525_0523/530.json,https://raw.githubusercontent.com/jygameclub/testdataapi/main/mahjong2date/0525_0523,普通中奖,120.00,3.00,3,2,12,13,13,1,1,否,否,是,1,1,687650,687671,2601779684208638,9476120.0,9476200.0,3段连消/续转 / 金色符号/百搭转换
连消/掉落,592.json,592,75,金色/百搭,https://fish-games.s3.amazonaws.com/MahjongWays2/index.html?env=ceshislot.osshaiwai.com&hasFloat=0&token=436475c81b51e6893c740657870f86b7&language=en&debug=1&debugDataPath=https://raw.githubusercontent.com/jygameclub/testdataapi/main/mahjong2date/0525_0523&debugStart=592,https://raw.githubusercontent.com/jygameclub/testdataapi/main/mahjong2date/0525_0523/592.json,https://raw.githubusercontent.com/jygameclub/testdataapi/main/mahjong2date/0525_0523,普通中奖,116.00,2.90,4,3,17,18,19,1,1,否,否,是,2,2,690415,690447,5621779684708476,9476824.0,9476900.0,4段连消/续转 / 金色符号/百搭转换
连消/掉落,696.json,696,75,金色/百搭,https://fish-games.s3.amazonaws.com/MahjongWays2/index.html?env=ceshislot.osshaiwai.com&hasFloat=0&token=436475c81b51e6893c740657870f86b7&language=en&debug=1&debugDataPath=https://raw.githubusercontent.com/jygameclub/testdataapi/main/mahjong2date/0525_0523&debugStart=696,https://raw.githubusercontent.com/jygameclub/testdataapi/main/mahjong2date/0525_0523/696.json,https://raw.githubusercontent.com/jygameclub/testdataapi/main/mahjong2date/0525_0523,普通中奖,110.00,2.75,5,4,19,19,19,0,0,否,否,是,1,1,692895,692941,4381779685108256,9479906.0,9479976.0,5段连消/续转 / 金色符号/百搭转换
连消/掉落,203.json,203,75,金色/百搭,https://fish-games.s3.amazonaws.com/MahjongWays2/index.html?env=ceshislot.osshaiwai.com&hasFloat=0&token=436475c81b51e6893c740657870f86b7&language=en&debug=1&debugDataPath=https://raw.githubusercontent.com/jygameclub/testdataapi/main/mahjong2date/0525_0523&debugStart=203,https://raw.githubusercontent.com/jygameclub/testdataapi/main/mahjong2date/0525_0523/203.json,https://raw.githubusercontent.com/jygameclub/testdataapi/main/mahjong2date/0525_0523,普通中奖,110.00,2.75,3,2,18,20,21,2,1,否,否,是,2,2,684299,684301,4641779682948258,9480600.0,9480670.0,3段连消/续转 / 金色符号/百搭转换
连消/掉落,908.json,908,75,金色/百搭,https://fish-games.s3.amazonaws.com/MahjongWays2/index.html?env=ceshislot.osshaiwai.com&hasFloat=0&token=436475c81b51e6893c740657870f86b7&language=en&debug=1&debugDataPath=https://raw.githubusercontent.com/jygameclub/testdataapi/main/mahjong2date/0525_0523&debugStart=908,https://raw.githubusercontent.com/jygameclub/testdataapi/main/mahjong2date/0525_0523/908.json,https://raw.githubusercontent.com/jygameclub/testdataapi/main/mahjong2date/0525_0523,普通中奖,110.00,2.75,3,2,15,16,17,1,1,否,否,是,2,1,696187,696202,2501779685616620,9475860.0,9475930.0,3段连消/续转 / 金色符号/百搭转换
连消/掉落,217.json,217,75,金色/百搭,https://fish-games.s3.amazonaws.com/MahjongWays2/index.html?env=ceshislot.osshaiwai.com&hasFloat=0&token=436475c81b51e6893c740657870f86b7&language=en&debug=1&debugDataPath=https://raw.githubusercontent.com/jygameclub/testdataapi/main/mahjong2date/0525_0523&debugStart=217,https://raw.githubusercontent.com/jygameclub/testdataapi/main/mahjong2date/0525_0523/217.json,https://raw.githubusercontent.com/jygameclub/testdataapi/main/mahjong2date/0525_0523,普通中奖,108.00,2.70,3,2,14,14,14,0,0,否,否,是,1,0,684333,684336,7181779682980526,9480590.0,9480658.0,3段连消/续转 / 金色符号/百搭转换
连消/掉落,897.json,897,75,金色/百搭,https://fish-games.s3.amazonaws.com/MahjongWays2/index.html?env=ceshislot.osshaiwai.com&hasFloat=0&token=436475c81b51e6893c740657870f86b7&language=en&debug=1&debugDataPath=https://raw.githubusercontent.com/jygameclub/testdataapi/main/mahjong2date/0525_0523&debugStart=897,https://raw.githubusercontent.com/jygameclub/testdataapi/main/mahjong2date/0525_0523/897.json,https://raw.githubusercontent.com/jygameclub/testdataapi/main/mahjong2date/0525_0523,普通中奖,104.00,2.60,3,2,15,15,15,0,0,否,否,是,2,2,696047,696071,2771779685596003,9476116.0,9476180.0,3段连消/续转 / 金色符号/百搭转换
连消/掉落,389.json,389,75,金色/百搭,https://fish-games.s3.amazonaws.com/MahjongWays2/index.html?env=ceshislot.osshaiwai.com&hasFloat=0&token=436475c81b51e6893c740657870f86b7&language=en&debug=1&debugDataPath=https://raw.githubusercontent.com/jygameclub/testdataapi/main/mahjong2date/0525_0523&debugStart=389,https://raw.githubusercontent.com/jygameclub/testdataapi/main/mahjong2date/0525_0523/389.json,https://raw.githubusercontent.com/jygameclub/testdataapi/main/mahjong2date/0525_0523,普通中奖,104.00,2.60,2,1,13,13,13,0,0,否,否,是,2,0,684766,684767,5261779683664090,9476862.0,9476926.0,2段连消/续转 / 金色符号/百搭转换
连消/掉落,059.json,59,75,金色/百搭,https://fish-games.s3.amazonaws.com/MahjongWays2/index.html?env=ceshislot.osshaiwai.com&hasFloat=0&token=436475c81b51e6893c740657870f86b7&language=en&debug=1&debugDataPath=https://raw.githubusercontent.com/jygameclub/testdataapi/main/mahjong2date/0525_0523&debugStart=59,https://raw.githubusercontent.com/jygameclub/testdataapi/main/mahjong2date/0525_0523/059.json,https://raw.githubusercontent.com/jygameclub/testdataapi/main/mahjong2date/0525_0523,普通中奖,98.00,2.45,4,3,13,13,13,0,0,否,否,是,1,0,684026,684030,3511779682657526,9484070.0,9484128.0,4段连消/续转 / 金色符号/百搭转换
连消/掉落,365.json,365,75,金色/百搭,https://fish-games.s3.amazonaws.com/MahjongWays2/index.html?env=ceshislot.osshaiwai.com&hasFloat=0&token=436475c81b51e6893c740657870f86b7&language=en&debug=1&debugDataPath=https://raw.githubusercontent.com/jygameclub/testdataapi/main/mahjong2date/0525_0523&debugStart=365,https://raw.githubusercontent.com/jygameclub/testdataapi/main/mahjong2date/0525_0523/365.json,https://raw.githubusercontent.com/jygameclub/testdataapi/main/mahjong2date/0525_0523,普通中奖,98.00,2.45,3,2,10,12,12,2,2,否,否,是,1,0,684678,684680,2561779683535758,9477200.0,9477258.0,3段连消/续转 / 金色符号/百搭转换
连消/掉落,575.json,575,75,金色/百搭,https://fish-games.s3.amazonaws.com/MahjongWays2/index.html?env=ceshislot.osshaiwai.com&hasFloat=0&token=436475c81b51e6893c740657870f86b7&language=en&debug=1&debugDataPath=https://raw.githubusercontent.com/jygameclub/testdataapi/main/mahjong2date/0525_0523&debugStart=575,https://raw.githubusercontent.com/jygameclub/testdataapi/main/mahjong2date/0525_0523/575.json,https://raw.githubusercontent.com/jygameclub/testdataapi/main/mahjong2date/0525_0523,普通中奖,98.00,2.45,3,2,13,14,15,1,1,否,否,是,2,0,690187,690204,1681779684673475,9476684.0,9476742.0,3段连消/续转 / 金色符号/百搭转换
连消/掉落,563.json,563,75,金色/百搭,https://fish-games.s3.amazonaws.com/MahjongWays2/index.html?env=ceshislot.osshaiwai.com&hasFloat=0&token=436475c81b51e6893c740657870f86b7&language=en&debug=1&debugDataPath=https://raw.githubusercontent.com/jygameclub/testdataapi/main/mahjong2date/0525_0523&debugStart=563,https://raw.githubusercontent.com/jygameclub/testdataapi/main/mahjong2date/0525_0523/563.json,https://raw.githubusercontent.com/jygameclub/testdataapi/main/mahjong2date/0525_0523,普通中奖,96.00,2.40,3,2,14,14,14,0,0,否,否,是,1,1,690024,690045,5991779684647075,9477012.0,9477068.0,3段连消/续转 / 金色符号/百搭转换
连消/掉落,547.json,547,75,金色/百搭,https://fish-games.s3.amazonaws.com/MahjongWays2/index.html?env=ceshislot.osshaiwai.com&hasFloat=0&token=436475c81b51e6893c740657870f86b7&language=en&debug=1&debugDataPath=https://raw.githubusercontent.com/jygameclub/testdataapi/main/mahjong2date/0525_0523&debugStart=547,https://raw.githubusercontent.com/jygameclub/testdataapi/main/mahjong2date/0525_0523/547.json,https://raw.githubusercontent.com/jygameclub/testdataapi/main/mahjong2date/0525_0523,普通中奖,96.00,2.40,2,1,8,8,8,0,0,否,否,是,1,0,689659,689662,5661779684585791,9475760.0,9475816.0,2段连消/续转 / 金色符号/百搭转换
连消/掉落,990.json,990,75,金色/百搭,https://fish-games.s3.amazonaws.com/MahjongWays2/index.html?env=ceshislot.osshaiwai.com&hasFloat=0&token=436475c81b51e6893c740657870f86b7&language=en&debug=1&debugDataPath=https://raw.githubusercontent.com/jygameclub/testdataapi/main/mahjong2date/0525_0523&debugStart=990,https://raw.githubusercontent.com/jygameclub/testdataapi/main/mahjong2date/0525_0523/990.json,https://raw.githubusercontent.com/jygameclub/testdataapi/main/mahjong2date/0525_0523,普通中奖,94.00,2.35,3,2,11,12,12,1,1,否,否,是,1,2,696656,696660,5281779686124483,9478220.0,9478274.0,3段连消/续转 / 金色符号/百搭转换
连消/掉落,489.json,489,75,金色/百搭,https://fish-games.s3.amazonaws.com/MahjongWays2/index.html?env=ceshislot.osshaiwai.com&hasFloat=0&token=436475c81b51e6893c740657870f86b7&language=en&debug=1&debugDataPath=https://raw.githubusercontent.com/jygameclub/testdataapi/main/mahjong2date/0525_0523&debugStart=489,https://raw.githubusercontent.com/jygameclub/testdataapi/main/mahjong2date/0525_0523/489.json,https://raw.githubusercontent.com/jygameclub/testdataapi/main/mahjong2date/0525_0523,普通中奖,84.00,2.10,4,3,13,14,14,1,1,否,否,是,1,0,686683,686712,6951779684052521,9477468.0,9477512.0,4段连消/续转 / 金色符号/百搭转换
连消/掉落,374.json,374,75,金色/百搭,https://fish-games.s3.amazonaws.com/MahjongWays2/index.html?env=ceshislot.osshaiwai.com&hasFloat=0&token=436475c81b51e6893c740657870f86b7&language=en&debug=1&debugDataPath=https://raw.githubusercontent.com/jygameclub/testdataapi/main/mahjong2date/0525_0523&debugStart=374,https://raw.githubusercontent.com/jygameclub/testdataapi/main/mahjong2date/0525_0523/374.json,https://raw.githubusercontent.com/jygameclub/testdataapi/main/mahjong2date/0525_0523,普通中奖,84.00,2.10,3,2,13,14,15,1,1,否,否,是,2,0,684693,684695,8561779683552691,9477030.0,9477074.0,3段连消/续转 / 金色符号/百搭转换
连消/掉落,401.json,401,75,金色/百搭,https://fish-games.s3.amazonaws.com/MahjongWays2/index.html?env=ceshislot.osshaiwai.com&hasFloat=0&token=436475c81b51e6893c740657870f86b7&language=en&debug=1&debugDataPath=https://raw.githubusercontent.com/jygameclub/testdataapi/main/mahjong2date/0525_0523&debugStart=401,https://raw.githubusercontent.com/jygameclub/testdataapi/main/mahjong2date/0525_0523/401.json,https://raw.githubusercontent.com/jygameclub/testdataapi/main/mahjong2date/0525_0523,普通中奖,84.00,2.10,3,2,13,13,13,0,0,否,否,是,1,1,684787,684790,3401779683687923,9476536.0,9476580.0,3段连消/续转 / 金色符号/百搭转换
连消/掉落,060.json,60,75,金色/百搭,https://fish-games.s3.amazonaws.com/MahjongWays2/index.html?env=ceshislot.osshaiwai.com&hasFloat=0&token=436475c81b51e6893c740657870f86b7&language=en&debug=1&debugDataPath=https://raw.githubusercontent.com/jygameclub/testdataapi/main/mahjong2date/0525_0523&debugStart=60,https://raw.githubusercontent.com/jygameclub/testdataapi/main/mahjong2date/0525_0523/060.json,https://raw.githubusercontent.com/jygameclub/testdataapi/main/mahjong2date/0525_0523,普通中奖,80.00,2.00,3,2,9,10,10,1,1,否,否,是,1,0,684032,684035,2081779682664376,9484128.0,9484168.0,3段连消/续转 / 金色符号/百搭转换
连消/掉落,066.json,66,75,金色/百搭,https://fish-games.s3.amazonaws.com/MahjongWays2/index.html?env=ceshislot.osshaiwai.com&hasFloat=0&token=436475c81b51e6893c740657870f86b7&language=en&debug=1&debugDataPath=https://raw.githubusercontent.com/jygameclub/testdataapi/main/mahjong2date/0525_0523&debugStart=66,https://raw.githubusercontent.com/jygameclub/testdataapi/main/mahjong2date/0525_0523/066.json,https://raw.githubusercontent.com/jygameclub/testdataapi/main/mahjong2date/0525_0523,普通中奖,80.00,2.00,3,2,11,12,12,1,1,否,否,是,1,1,684044,684047,4481779682676410,9483970.0,9484010.0,3段连消/续转 / 金色符号/百搭转换
连消/掉落,911.json,911,75,金色/百搭,https://fish-games.s3.amazonaws.com/MahjongWays2/index.html?env=ceshislot.osshaiwai.com&hasFloat=0&token=436475c81b51e6893c740657870f86b7&language=en&debug=1&debugDataPath=https://raw.githubusercontent.com/jygameclub/testdataapi/main/mahjong2date/0525_0523&debugStart=911,https://raw.githubusercontent.com/jygameclub/testdataapi/main/mahjong2date/0525_0523/911.json,https://raw.githubusercontent.com/jygameclub/testdataapi/main/mahjong2date/0525_0523,普通中奖,80.00,2.00,2,1,6,6,6,0,0,否,否,是,1,1,696260,696269,2831779685627687,9475860.0,9475900.0,2段连消/续转 / 金色符号/百搭转换
连消/掉落,068.json,68,75,金色/百搭,https://fish-games.s3.amazonaws.com/MahjongWays2/index.html?env=ceshislot.osshaiwai.com&hasFloat=0&token=436475c81b51e6893c740657870f86b7&language=en&debug=1&debugDataPath=https://raw.githubusercontent.com/jygameclub/testdataapi/main/mahjong2date/0525_0523&debugStart=68,https://raw.githubusercontent.com/jygameclub/testdataapi/main/mahjong2date/0525_0523/068.json,https://raw.githubusercontent.com/jygameclub/testdataapi/main/mahjong2date/0525_0523,普通中奖,78.00,1.95,3,2,13,13,13,0,0,否,否,是,1,1,684050,684053,7731779682682711,9483970.0,9484008.0,3段连消/续转 / 金色符号/百搭转换
连消/掉落,436.json,436,75,金色/百搭,https://fish-games.s3.amazonaws.com/MahjongWays2/index.html?env=ceshislot.osshaiwai.com&hasFloat=0&token=436475c81b51e6893c740657870f86b7&language=en&debug=1&debugDataPath=https://raw.githubusercontent.com/jygameclub/testdataapi/main/mahjong2date/0525_0523&debugStart=436,https://raw.githubusercontent.com/jygameclub/testdataapi/main/mahjong2date/0525_0523/436.json,https://raw.githubusercontent.com/jygameclub/testdataapi/main/mahjong2date/0525_0523,普通中奖,78.00,1.95,3,2,11,11,11,0,0,否,否,是,1,0,684933,684936,9921779683765223,9476056.0,9476094.0,3段连消/续转 / 金色符号/百搭转换
连消/掉落,029.json,29,75,金色/百搭,https://fish-games.s3.amazonaws.com/MahjongWays2/index.html?env=ceshislot.osshaiwai.com&hasFloat=0&token=436475c81b51e6893c740657870f86b7&language=en&debug=1&debugDataPath=https://raw.githubusercontent.com/jygameclub/testdataapi/main/mahjong2date/0525_0523&debugStart=29,https://raw.githubusercontent.com/jygameclub/testdataapi/main/mahjong2date/0525_0523/029.json,https://raw.githubusercontent.com/jygameclub/testdataapi/main/mahjong2date/0525_0523,普通中奖,76.00,1.90,5,4,17,18,18,1,1,否,否,是,1,0,683951,683957,8761779682582860,9484642.0,9484678.0,5段连消/续转 / 金色符号/百搭转换
连消/掉落,021.json,21,75,金色/百搭,https://fish-games.s3.amazonaws.com/MahjongWays2/index.html?env=ceshislot.osshaiwai.com&hasFloat=0&token=436475c81b51e6893c740657870f86b7&language=en&debug=1&debugDataPath=https://raw.githubusercontent.com/jygameclub/testdataapi/main/mahjong2date/0525_0523&debugStart=21,https://raw.githubusercontent.com/jygameclub/testdataapi/main/mahjong2date/0525_0523/021.json,https://raw.githubusercontent.com/jygameclub/testdataapi/main/mahjong2date/0525_0523,普通中奖,76.00,1.90,3,2,12,14,15,2,1,否,否,是,2,0,683935,683937,9091779682567176,9484850.0,9484886.0,3段连消/续转 / 金色符号/百搭转换
连消/掉落,098.json,98,75,金色/百搭,https://fish-games.s3.amazonaws.com/MahjongWays2/index.html?env=ceshislot.osshaiwai.com&hasFloat=0&token=436475c81b51e6893c740657870f86b7&language=en&debug=1&debugDataPath=https://raw.githubusercontent.com/jygameclub/testdataapi/main/mahjong2date/0525_0523&debugStart=98,https://raw.githubusercontent.com/jygameclub/testdataapi/main/mahjong2date/0525_0523/098.json,https://raw.githubusercontent.com/jygameclub/testdataapi/main/mahjong2date/0525_0523,普通中奖,72.00,1.80,3,2,10,11,11,1,1,否,否,是,1,1,684126,684129,8991779682758892,9483568.0,9483600.0,3段连消/续转 / 金色符号/百搭转换
连消/掉落,128.json,128,75,金色/百搭,https://fish-games.s3.amazonaws.com/MahjongWays2/index.html?env=ceshislot.osshaiwai.com&hasFloat=0&token=436475c81b51e6893c740657870f86b7&language=en&debug=1&debugDataPath=https://raw.githubusercontent.com/jygameclub/testdataapi/main/mahjong2date/0525_0523&debugStart=128,https://raw.githubusercontent.com/jygameclub/testdataapi/main/mahjong2date/0525_0523/128.json,https://raw.githubusercontent.com/jygameclub/testdataapi/main/mahjong2date/0525_0523,普通中奖,72.00,1.80,2,1,8,8,8,0,0,否,否,是,1,1,684173,684174,5921779682808442,9482518.0,9482550.0,2段连消/续转 / 金色符号/百搭转换
连消/掉落,160.json,160,75,金色/百搭,https://fish-games.s3.amazonaws.com/MahjongWays2/index.html?env=ceshislot.osshaiwai.com&hasFloat=0&token=436475c81b51e6893c740657870f86b7&language=en&debug=1&debugDataPath=https://raw.githubusercontent.com/jygameclub/testdataapi/main/mahjong2date/0525_0523&debugStart=160,https://raw.githubusercontent.com/jygameclub/testdataapi/main/mahjong2date/0525_0523/160.json,https://raw.githubusercontent.com/jygameclub/testdataapi/main/mahjong2date/0525_0523,普通中奖,72.00,1.80,2,1,8,8,8,0,0,否,否,是,1,2,684233,684234,4471779682878325,9482092.0,9482124.0,2段连消/续转 / 金色符号/百搭转换
连消/掉落,206.json,206,75,金色/百搭,https://fish-games.s3.amazonaws.com/MahjongWays2/index.html?env=ceshislot.osshaiwai.com&hasFloat=0&token=436475c81b51e6893c740657870f86b7&language=en&debug=1&debugDataPath=https://raw.githubusercontent.com/jygameclub/testdataapi/main/mahjong2date/0525_0523&debugStart=206,https://raw.githubusercontent.com/jygameclub/testdataapi/main/mahjong2date/0525_0523/206.json,https://raw.githubusercontent.com/jygameclub/testdataapi/main/mahjong2date/0525_0523,普通中奖,72.00,1.80,2,1,8,8,8,0,0,否,否,是,1,0,684307,684308,5931779682957641,9480602.0,9480634.0,2段连消/续转 / 金色符号/百搭转换
连消/掉落,371.json,371,75,金色/百搭,https://fish-games.s3.amazonaws.com/MahjongWays2/index.html?env=ceshislot.osshaiwai.com&hasFloat=0&token=436475c81b51e6893c740657870f86b7&language=en&debug=1&debugDataPath=https://raw.githubusercontent.com/jygameclub/testdataapi/main/mahjong2date/0525_0523&debugStart=371,https://raw.githubusercontent.com/jygameclub/testdataapi/main/mahjong2date/0525_0523/371.json,https://raw.githubusercontent.com/jygameclub/testdataapi/main/mahjong2date/0525_0523,普通中奖,72.00,1.80,2,1,10,10,10,0,0,否,否,是,1,1,684688,684689,1051779683545858,9477058.0,9477090.0,2段连消/续转 / 金色符号/百搭转换
连消/掉落,901.json,901,75,金色/百搭,https://fish-games.s3.amazonaws.com/MahjongWays2/index.html?env=ceshislot.osshaiwai.com&hasFloat=0&token=436475c81b51e6893c740657870f86b7&language=en&debug=1&debugDataPath=https://raw.githubusercontent.com/jygameclub/testdataapi/main/mahjong2date/0525_0523&debugStart=901,https://raw.githubusercontent.com/jygameclub/testdataapi/main/mahjong2date/0525_0523/901.json,https://raw.githubusercontent.com/jygameclub/testdataapi/main/mahjong2date/0525_0523,普通中奖,72.00,1.80,2,1,8,8,8,0,0,否,否,是,1,1,696117,696126,2521779685606269,9476068.0,9476100.0,2段连消/续转 / 金色符号/百搭转换
连消/掉落,049.json,49,75,金色/百搭,https://fish-games.s3.amazonaws.com/MahjongWays2/index.html?env=ceshislot.osshaiwai.com&hasFloat=0&token=436475c81b51e6893c740657870f86b7&language=en&debug=1&debugDataPath=https://raw.githubusercontent.com/jygameclub/testdataapi/main/mahjong2date/0525_0523&debugStart=49,https://raw.githubusercontent.com/jygameclub/testdataapi/main/mahjong2date/0525_0523/049.json,https://raw.githubusercontent.com/jygameclub/testdataapi/main/mahjong2date/0525_0523,普通中奖,68.00,1.70,3,2,13,14,15,1,1,否,否,是,2,2,684002,684005,4041779682633476,9484250.0,9484278.0,3段连消/续转 / 金色符号/百搭转换
连消/掉落,560.json,560,75,金色/百搭,https://fish-games.s3.amazonaws.com/MahjongWays2/index.html?env=ceshislot.osshaiwai.com&hasFloat=0&token=436475c81b51e6893c740657870f86b7&language=en&debug=1&debugDataPath=https://raw.githubusercontent.com/jygameclub/testdataapi/main/mahjong2date/0525_0523&debugStart=560,https://raw.githubusercontent.com/jygameclub/testdataapi/main/mahjong2date/0525_0523/560.json,https://raw.githubusercontent.com/jygameclub/testdataapi/main/mahjong2date/0525_0523,普通中奖,66.00,1.65,3,2,13,14,14,1,1,否,否,是,2,1,689895,689916,7621779684624958,9475850.0,9475876.0,3段连消/续转 / 金色符号/百搭转换
连消/掉落,058.json,58,75,金色/百搭,https://fish-games.s3.amazonaws.com/MahjongWays2/index.html?env=ceshislot.osshaiwai.com&hasFloat=0&token=436475c81b51e6893c740657870f86b7&language=en&debug=1&debugDataPath=https://raw.githubusercontent.com/jygameclub/testdataapi/main/mahjong2date/0525_0523&debugStart=58,https://raw.githubusercontent.com/jygameclub/testdataapi/main/mahjong2date/0525_0523/058.json,https://raw.githubusercontent.com/jygameclub/testdataapi/main/mahjong2date/0525_0523,普通中奖,64.00,1.60,2,1,10,11,11,1,1,否,否,是,2,0,684023,684024,3901779682654859,9484046.0,9484070.0,2段连消/续转 / 金色符号/百搭转换
连消/掉落,946.json,946,75,金色/百搭,https://fish-games.s3.amazonaws.com/MahjongWays2/index.html?env=ceshislot.osshaiwai.com&hasFloat=0&token=436475c81b51e6893c740657870f86b7&language=en&debug=1&debugDataPath=https://raw.githubusercontent.com/jygameclub/testdataapi/main/mahjong2date/0525_0523&debugStart=946,https://raw.githubusercontent.com/jygameclub/testdataapi/main/mahjong2date/0525_0523/946.json,https://raw.githubusercontent.com/jygameclub/testdataapi/main/mahjong2date/0525_0523,普通中奖,64.00,1.60,2,1,11,11,11,0,0,否,否,是,2,1,696362,696363,6451779685695136,9475544.0,9475568.0,2段连消/续转 / 金色符号/百搭转换
连消/掉落,305.json,305,75,金色/百搭,https://fish-games.s3.amazonaws.com/MahjongWays2/index.html?env=ceshislot.osshaiwai.com&hasFloat=0&token=436475c81b51e6893c740657870f86b7&language=en&debug=1&debugDataPath=https://raw.githubusercontent.com/jygameclub/testdataapi/main/mahjong2date/0525_0523&debugStart=305,https://raw.githubusercontent.com/jygameclub/testdataapi/main/mahjong2date/0525_0523/305.json,https://raw.githubusercontent.com/jygameclub/testdataapi/main/mahjong2date/0525_0523,普通中奖,60.00,1.50,2,1,6,6,6,0,0,否,否,是,1,0,684494,684495,2001779683128524,9477924.0,9477944.0,2段连消/续转 / 金色符号/百搭转换
连消/掉落,055.json,55,75,金色/百搭,https://fish-games.s3.amazonaws.com/MahjongWays2/index.html?env=ceshislot.osshaiwai.com&hasFloat=0&token=436475c81b51e6893c740657870f86b7&language=en&debug=1&debugDataPath=https://raw.githubusercontent.com/jygameclub/testdataapi/main/mahjong2date/0525_0523&debugStart=55,https://raw.githubusercontent.com/jygameclub/testdataapi/main/mahjong2date/0525_0523/055.json,https://raw.githubusercontent.com/jygameclub/testdataapi/main/mahjong2date/0525_0523,普通中奖,56.00,1.40,3,2,11,11,11,0,0,否,否,是,1,0,684015,684018,5351779682646511,9484106.0,9484122.0,3段连消/续转 / 金色符号/百搭转换
连消/掉落,649.json,649,75,金色/百搭,https://fish-games.s3.amazonaws.com/MahjongWays2/index.html?env=ceshislot.osshaiwai.com&hasFloat=0&token=436475c81b51e6893c740657870f86b7&language=en&debug=1&debugDataPath=https://raw.githubusercontent.com/jygameclub/testdataapi/main/mahjong2date/0525_0523&debugStart=649,https://raw.githubusercontent.com/jygameclub/testdataapi/main/mahjong2date/0525_0523/649.json,https://raw.githubusercontent.com/jygameclub/testdataapi/main/mahjong2date/0525_0523,普通中奖,56.00,1.40,3,2,10,11,11,1,1,否,否,是,1,1,691813,691834,9881779684933607,9479702.0,9479718.0,3段连消/续转 / 金色符号/百搭转换
连消/掉落,881.json,881,75,金色/百搭,https://fish-games.s3.amazonaws.com/MahjongWays2/index.html?env=ceshislot.osshaiwai.com&hasFloat=0&token=436475c81b51e6893c740657870f86b7&language=en&debug=1&debugDataPath=https://raw.githubusercontent.com/jygameclub/testdataapi/main/mahjong2date/0525_0523&debugStart=881,https://raw.githubusercontent.com/jygameclub/testdataapi/main/mahjong2date/0525_0523/881.json,https://raw.githubusercontent.com/jygameclub/testdataapi/main/mahjong2date/0525_0523,普通中奖,56.00,1.40,3,2,10,12,13,2,1,否,否,是,2,0,695819,695836,6401779685563005,9476306.0,9476322.0,3段连消/续转 / 金色符号/百搭转换
连消/掉落,880.json,880,75,金色/百搭,https://fish-games.s3.amazonaws.com/MahjongWays2/index.html?env=ceshislot.osshaiwai.com&hasFloat=0&token=436475c81b51e6893c740657870f86b7&language=en&debug=1&debugDataPath=https://raw.githubusercontent.com/jygameclub/testdataapi/main/mahjong2date/0525_0523&debugStart=880,https://raw.githubusercontent.com/jygameclub/testdataapi/main/mahjong2date/0525_0523/880.json,https://raw.githubusercontent.com/jygameclub/testdataapi/main/mahjong2date/0525_0523,普通中奖,56.00,1.40,2,1,12,12,12,0,0,否,否,是,2,1,695801,695805,4811779685560319,9476290.0,9476306.0,2段连消/续转 / 金色符号/百搭转换
连消/掉落,358.json,358,75,金色/百搭,https://fish-games.s3.amazonaws.com/MahjongWays2/index.html?env=ceshislot.osshaiwai.com&hasFloat=0&token=436475c81b51e6893c740657870f86b7&language=en&debug=1&debugDataPath=https://raw.githubusercontent.com/jygameclub/testdataapi/main/mahjong2date/0525_0523&debugStart=358,https://raw.githubusercontent.com/jygameclub/testdataapi/main/mahjong2date/0525_0523/358.json,https://raw.githubusercontent.com/jygameclub/testdataapi/main/mahjong2date/0525_0523,普通中奖,54.00,1.35,2,1,10,11,11,1,1,否,否,是,2,0,684668,684669,9071779683524491,9477424.0,9477438.0,2段连消/续转 / 金色符号/百搭转换
连消/掉落,113.json,113,75,金色/百搭,https://fish-games.s3.amazonaws.com/MahjongWays2/index.html?env=ceshislot.osshaiwai.com&hasFloat=0&token=436475c81b51e6893c740657870f86b7&language=en&debug=1&debugDataPath=https://raw.githubusercontent.com/jygameclub/testdataapi/main/mahjong2date/0525_0523&debugStart=113,https://raw.githubusercontent.com/jygameclub/testdataapi/main/mahjong2date/0525_0523/113.json,https://raw.githubusercontent.com/jygameclub/testdataapi/main/mahjong2date/0525_0523,普通中奖,52.00,1.30,3,2,12,12,12,0,0,否,否,是,2,1,684149,684151,7211779682783376,9483044.0,9483056.0,3段连消/续转 / 金色符号/百搭转换
连消/掉落,750.json,750,75,金色/百搭,https://fish-games.s3.amazonaws.com/MahjongWays2/index.html?env=ceshislot.osshaiwai.com&hasFloat=0&token=436475c81b51e6893c740657870f86b7&language=en&debug=1&debugDataPath=https://raw.githubusercontent.com/jygameclub/testdataapi/main/mahjong2date/0525_0523&debugStart=750,https://raw.githubusercontent.com/jygameclub/testdataapi/main/mahjong2date/0525_0523/750.json,https://raw.githubusercontent.com/jygameclub/testdataapi/main/mahjong2date/0525_0523,普通中奖,52.00,1.30,3,2,9,10,10,1,1,否,否,是,1,1,693475,693496,1801779685199523,9478546.0,9478558.0,3段连消/续转 / 金色符号/百搭转换
连消/掉落,590.json,590,75,金色/百搭,https://fish-games.s3.amazonaws.com/MahjongWays2/index.html?env=ceshislot.osshaiwai.com&hasFloat=0&token=436475c81b51e6893c740657870f86b7&language=en&debug=1&debugDataPath=https://raw.githubusercontent.com/jygameclub/testdataapi/main/mahjong2date/0525_0523&debugStart=590,https://raw.githubusercontent.com/jygameclub/testdataapi/main/mahjong2date/0525_0523/590.json,https://raw.githubusercontent.com/jygameclub/testdataapi/main/mahjong2date/0525_0523,普通中奖,50.00,1.25,2,1,9,10,10,1,1,否,否,是,2,0,690366,690370,1931779684700942,9476590.0,9476600.0,2段连消/续转 / 金色符号/百搭转换
连消/掉落,075.json,75,75,金色/百搭,https://fish-games.s3.amazonaws.com/MahjongWays2/index.html?env=ceshislot.osshaiwai.com&hasFloat=0&token=436475c81b51e6893c740657870f86b7&language=en&debug=1&debugDataPath=https://raw.githubusercontent.com/jygameclub/testdataapi/main/mahjong2date/0525_0523&debugStart=75,https://raw.githubusercontent.com/jygameclub/testdataapi/main/mahjong2date/0525_0523/075.json,https://raw.githubusercontent.com/jygameclub/testdataapi/main/mahjong2date/0525_0523,普通中奖,48.00,1.20,3,2,10,10,10,0,0,否,否,是,1,1,684071,684074,8101779682703843,9483920.0,9483928.0,3段连消/续转 / 金色符号/百搭转换
连消/掉落,428.json,428,75,金色/百搭,https://fish-games.s3.amazonaws.com/MahjongWays2/index.html?env=ceshislot.osshaiwai.com&hasFloat=0&token=436475c81b51e6893c740657870f86b7&language=en&debug=1&debugDataPath=https://raw.githubusercontent.com/jygameclub/testdataapi/main/mahjong2date/0525_0523&debugStart=428,https://raw.githubusercontent.com/jygameclub/testdataapi/main/mahjong2date/0525_0523/428.json,https://raw.githubusercontent.com/jygameclub/testdataapi/main/mahjong2date/0525_0523,普通中奖,48.00,1.20,3,2,11,12,13,1,1,否,否,是,2,2,684893,684913,3661779683739739,9476008.0,9476016.0,3段连消/续转 / 金色符号/百搭转换
连消/掉落,089.json,89,75,金色/百搭,https://fish-games.s3.amazonaws.com/MahjongWays2/index.html?env=ceshislot.osshaiwai.com&hasFloat=0&token=436475c81b51e6893c740657870f86b7&language=en&debug=1&debugDataPath=https://raw.githubusercontent.com/jygameclub/testdataapi/main/mahjong2date/0525_0523&debugStart=89,https://raw.githubusercontent.com/jygameclub/testdataapi/main/mahjong2date/0525_0523/089.json,https://raw.githubusercontent.com/jygameclub/testdataapi/main/mahjong2date/0525_0523,普通中奖,48.00,1.20,2,1,7,7,7,0,0,否,否,是,1,0,684109,684110,3261779682742909,9483846.0,9483854.0,2段连消/续转 / 金色符号/百搭转换
连消/掉落,187.json,187,75,金色/百搭,https://fish-games.s3.amazonaws.com/MahjongWays2/index.html?env=ceshislot.osshaiwai.com&hasFloat=0&token=436475c81b51e6893c740657870f86b7&language=en&debug=1&debugDataPath=https://raw.githubusercontent.com/jygameclub/testdataapi/main/mahjong2date/0525_0523&debugStart=187,https://raw.githubusercontent.com/jygameclub/testdataapi/main/mahjong2date/0525_0523/187.json,https://raw.githubusercontent.com/jygameclub/testdataapi/main/mahjong2date/0525_0523,普通中奖,48.00,1.20,2,1,7,7,7,0,0,否,否,是,1,1,684276,684277,5111779682921908,9481170.0,9481178.0,2段连消/续转 / 金色符号/百搭转换
连消/掉落,355.json,355,75,金色/百搭,https://fish-games.s3.amazonaws.com/MahjongWays2/index.html?env=ceshislot.osshaiwai.com&hasFloat=0&token=436475c81b51e6893c740657870f86b7&language=en&debug=1&debugDataPath=https://raw.githubusercontent.com/jygameclub/testdataapi/main/mahjong2date/0525_0523&debugStart=355,https://raw.githubusercontent.com/jygameclub/testdataapi/main/mahjong2date/0525_0523/355.json,https://raw.githubusercontent.com/jygameclub/testdataapi/main/mahjong2date/0525_0523,普通中奖,48.00,1.20,2,1,7,7,7,0,0,否,否,是,1,2,684663,684664,6811779683518292,9477496.0,9477504.0,2段连消/续转 / 金色符号/百搭转换
连消/掉落,435.json,435,75,金色/百搭,https://fish-games.s3.amazonaws.com/MahjongWays2/index.html?env=ceshislot.osshaiwai.com&hasFloat=0&token=436475c81b51e6893c740657870f86b7&language=en&debug=1&debugDataPath=https://raw.githubusercontent.com/jygameclub/testdataapi/main/mahjong2date/0525_0523&debugStart=435,https://raw.githubusercontent.com/jygameclub/testdataapi/main/mahjong2date/0525_0523/435.json,https://raw.githubusercontent.com/jygameclub/testdataapi/main/mahjong2date/0525_0523,普通中奖,48.00,1.20,2,1,7,7,7,0,0,否,否,是,1,0,684931,684932,5901779683762473,9476048.0,9476056.0,2段连消/续转 / 金色符号/百搭转换
连消/掉落,549.json,549,75,金色/百搭,https://fish-games.s3.amazonaws.com/MahjongWays2/index.html?env=ceshislot.osshaiwai.com&hasFloat=0&token=436475c81b51e6893c740657870f86b7&language=en&debug=1&debugDataPath=https://raw.githubusercontent.com/jygameclub/testdataapi/main/mahjong2date/0525_0523&debugStart=549,https://raw.githubusercontent.com/jygameclub/testdataapi/main/mahjong2date/0525_0523/549.json,https://raw.githubusercontent.com/jygameclub/testdataapi/main/mahjong2date/0525_0523,普通中奖,48.00,1.20,2,1,7,7,7,0,0,否,否,是,1,1,689746,689754,8641779684601525,9476168.0,9476176.0,2段连消/续转 / 金色符号/百搭转换
连消/掉落,632.json,632,75,金色/百搭,https://fish-games.s3.amazonaws.com/MahjongWays2/index.html?env=ceshislot.osshaiwai.com&hasFloat=0&token=436475c81b51e6893c740657870f86b7&language=en&debug=1&debugDataPath=https://raw.githubusercontent.com/jygameclub/testdataapi/main/mahjong2date/0525_0523&debugStart=632,https://raw.githubusercontent.com/jygameclub/testdataapi/main/mahjong2date/0525_0523/632.json,https://raw.githubusercontent.com/jygameclub/testdataapi/main/mahjong2date/0525_0523,普通中奖,48.00,1.20,2,1,12,13,13,1,1,否,否,是,2,0,691583,691585,5681779684898391,9479834.0,9479842.0,2段连消/续转 / 金色符号/百搭转换
连消/掉落,639.json,639,75,金色/百搭,https://fish-games.s3.amazonaws.com/MahjongWays2/index.html?env=ceshislot.osshaiwai.com&hasFloat=0&token=436475c81b51e6893c740657870f86b7&language=en&debug=1&debugDataPath=https://raw.githubusercontent.com/jygameclub/testdataapi/main/mahjong2date/0525_0523&debugStart=639,https://raw.githubusercontent.com/jygameclub/testdataapi/main/mahjong2date/0525_0523/639.json,https://raw.githubusercontent.com/jygameclub/testdataapi/main/mahjong2date/0525_0523,普通中奖,48.00,1.20,2,1,6,6,6,0,0,否,否,是,1,2,691701,691709,6351779684916824,9480018.0,9480026.0,2段连消/续转 / 金色符号/百搭转换
连消/掉落,754.json,754,75,金色/百搭,https://fish-games.s3.amazonaws.com/MahjongWays2/index.html?env=ceshislot.osshaiwai.com&hasFloat=0&token=436475c81b51e6893c740657870f86b7&language=en&debug=1&debugDataPath=https://raw.githubusercontent.com/jygameclub/testdataapi/main/mahjong2date/0525_0523&debugStart=754,https://raw.githubusercontent.com/jygameclub/testdataapi/main/mahjong2date/0525_0523/754.json,https://raw.githubusercontent.com/jygameclub/testdataapi/main/mahjong2date/0525_0523,普通中奖,48.00,1.20,2,1,7,7,7,0,0,否,否,是,1,1,693526,693535,4741779685207773,9478438.0,9478446.0,2段连消/续转 / 金色符号/百搭转换
连消/掉落,845.json,845,75,金色/百搭,https://fish-games.s3.amazonaws.com/MahjongWays2/index.html?env=ceshislot.osshaiwai.com&hasFloat=0&token=436475c81b51e6893c740657870f86b7&language=en&debug=1&debugDataPath=https://raw.githubusercontent.com/jygameclub/testdataapi/main/mahjong2date/0525_0523&debugStart=845,https://raw.githubusercontent.com/jygameclub/testdataapi/main/mahjong2date/0525_0523/845.json,https://raw.githubusercontent.com/jygameclub/testdataapi/main/mahjong2date/0525_0523,普通中奖,48.00,1.20,2,1,7,7,7,0,0,否,否,是,1,0,695415,695418,2191779685503804,9477206.0,9477214.0,2段连消/续转 / 金色符号/百搭转换
连消/掉落,821.json,821,75,金色/百搭,https://fish-games.s3.amazonaws.com/MahjongWays2/index.html?env=ceshislot.osshaiwai.com&hasFloat=0&token=436475c81b51e6893c740657870f86b7&language=en&debug=1&debugDataPath=https://raw.githubusercontent.com/jygameclub/testdataapi/main/mahjong2date/0525_0523&debugStart=821,https://raw.githubusercontent.com/jygameclub/testdataapi/main/mahjong2date/0525_0523/821.json,https://raw.githubusercontent.com/jygameclub/testdataapi/main/mahjong2date/0525_0523,普通中奖,46.00,1.15,4,3,13,13,13,0,0,否,否,是,1,0,695034,695063,2601779685447404,9477240.0,9477246.0,4段连消/续转 / 金色符号/百搭转换
连消/掉落,042.json,42,75,金色/百搭,https://fish-games.s3.amazonaws.com/MahjongWays2/index.html?env=ceshislot.osshaiwai.com&hasFloat=0&token=436475c81b51e6893c740657870f86b7&language=en&debug=1&debugDataPath=https://raw.githubusercontent.com/jygameclub/testdataapi/main/mahjong2date/0525_0523&debugStart=42,https://raw.githubusercontent.com/jygameclub/testdataapi/main/mahjong2date/0525_0523/042.json,https://raw.githubusercontent.com/jygameclub/testdataapi/main/mahjong2date/0525_0523,普通中奖,44.00,1.10,3,2,9,10,10,1,1,否,否,是,1,1,683989,683992,6451779682620876,9484482.0,9484486.0,3段连消/续转 / 金色符号/百搭转换
连消/掉落,246.json,246,75,金色/百搭,https://fish-games.s3.amazonaws.com/MahjongWays2/index.html?env=ceshislot.osshaiwai.com&hasFloat=0&token=436475c81b51e6893c740657870f86b7&language=en&debug=1&debugDataPath=https://raw.githubusercontent.com/jygameclub/testdataapi/main/mahjong2date/0525_0523&debugStart=246,https://raw.githubusercontent.com/jygameclub/testdataapi/main/mahjong2date/0525_0523/246.json,https://raw.githubusercontent.com/jygameclub/testdataapi/main/mahjong2date/0525_0523,普通中奖,44.00,1.10,3,2,9,9,9,0,0,否,否,是,1,1,684384,684387,2101779683024508,9479576.0,9479580.0,3段连消/续转 / 金色符号/百搭转换
连消/掉落,445.json,445,75,金色/百搭,https://fish-games.s3.amazonaws.com/MahjongWays2/index.html?env=ceshislot.osshaiwai.com&hasFloat=0&token=436475c81b51e6893c740657870f86b7&language=en&debug=1&debugDataPath=https://raw.githubusercontent.com/jygameclub/testdataapi/main/mahjong2date/0525_0523&debugStart=445,https://raw.githubusercontent.com/jygameclub/testdataapi/main/mahjong2date/0525_0523/445.json,https://raw.githubusercontent.com/jygameclub/testdataapi/main/mahjong2date/0525_0523,普通中奖,44.00,1.10,3,2,7,8,8,1,1,否,否,是,1,0,686173,686189,6771779683973921,9478770.0,9478774.0,3段连消/续转 / 金色符号/百搭转换
连消/掉落,755.json,755,75,金色/百搭,https://fish-games.s3.amazonaws.com/MahjongWays2/index.html?env=ceshislot.osshaiwai.com&hasFloat=0&token=436475c81b51e6893c740657870f86b7&language=en&debug=1&debugDataPath=https://raw.githubusercontent.com/jygameclub/testdataapi/main/mahjong2date/0525_0523&debugStart=755,https://raw.githubusercontent.com/jygameclub/testdataapi/main/mahjong2date/0525_0523/755.json,https://raw.githubusercontent.com/jygameclub/testdataapi/main/mahjong2date/0525_0523,普通中奖,44.00,1.10,3,2,7,8,8,1,1,否,否,是,1,1,693549,693570,2121779685211456,9478446.0,9478450.0,3段连消/续转 / 金色符号/百搭转换
连消/掉落,729.json,729,75,金色/百搭,https://fish-games.s3.amazonaws.com/MahjongWays2/index.html?env=ceshislot.osshaiwai.com&hasFloat=0&token=436475c81b51e6893c740657870f86b7&language=en&debug=1&debugDataPath=https://raw.githubusercontent.com/jygameclub/testdataapi/main/mahjong2date/0525_0523&debugStart=729,https://raw.githubusercontent.com/jygameclub/testdataapi/main/mahjong2date/0525_0523/729.json,https://raw.githubusercontent.com/jygameclub/testdataapi/main/mahjong2date/0525_0523,普通中奖,44.00,1.10,2,1,11,12,12,1,1,否,否,是,2,0,693219,693222,1531779685158405,9478746.0,9478750.0,2段连消/续转 / 金色符号/百搭转换
连消/掉落,614.json,614,75,金色/百搭,https://fish-games.s3.amazonaws.com/MahjongWays2/index.html?env=ceshislot.osshaiwai.com&hasFloat=0&token=436475c81b51e6893c740657870f86b7&language=en&debug=1&debugDataPath=https://raw.githubusercontent.com/jygameclub/testdataapi/main/mahjong2date/0525_0523&debugStart=614,https://raw.githubusercontent.com/jygameclub/testdataapi/main/mahjong2date/0525_0523/614.json,https://raw.githubusercontent.com/jygameclub/testdataapi/main/mahjong2date/0525_0523,普通中奖,42.00,1.05,3,2,11,11,11,0,0,否,否,是,1,1,690710,690726,1651779684756576,9476272.0,9476274.0,3段连消/续转 / 金色符号/百搭转换
连消/掉落,669.json,669,75,金色/百搭,https://fish-games.s3.amazonaws.com/MahjongWays2/index.html?env=ceshislot.osshaiwai.com&hasFloat=0&token=436475c81b51e6893c740657870f86b7&language=en&debug=1&debugDataPath=https://raw.githubusercontent.com/jygameclub/testdataapi/main/mahjong2date/0525_0523&debugStart=669,https://raw.githubusercontent.com/jygameclub/testdataapi/main/mahjong2date/0525_0523/669.json,https://raw.githubusercontent.com/jygameclub/testdataapi/main/mahjong2date/0525_0523,普通中奖,42.00,1.05,3,2,10,10,10,0,0,否,否,是,1,2,692470,692492,9191779685041507,9479784.0,9479786.0,3段连消/续转 / 金色符号/百搭转换
连消/掉落,689.json,689,75,金色/百搭,https://fish-games.s3.amazonaws.com/MahjongWays2/index.html?env=ceshislot.osshaiwai.com&hasFloat=0&token=436475c81b51e6893c740657870f86b7&language=en&debug=1&debugDataPath=https://raw.githubusercontent.com/jygameclub/testdataapi/main/mahjong2date/0525_0523&debugStart=689,https://raw.githubusercontent.com/jygameclub/testdataapi/main/mahjong2date/0525_0523/689.json,https://raw.githubusercontent.com/jygameclub/testdataapi/main/mahjong2date/0525_0523,普通中奖,42.00,1.05,3,2,8,8,8,0,0,否,否,是,1,0,692787,692802,2331779685091440,9479974.0,9479976.0,3段连消/续转 / 金色符号/百搭转换
连消/掉落,036.json,36,75,金色/百搭,https://fish-games.s3.amazonaws.com/MahjongWays2/index.html?env=ceshislot.osshaiwai.com&hasFloat=0&token=436475c81b51e6893c740657870f86b7&language=en&debug=1&debugDataPath=https://raw.githubusercontent.com/jygameclub/testdataapi/main/mahjong2date/0525_0523&debugStart=36,https://raw.githubusercontent.com/jygameclub/testdataapi/main/mahjong2date/0525_0523/036.json,https://raw.githubusercontent.com/jygameclub/testdataapi/main/mahjong2date/0525_0523,普通中奖,40.00,1.00,3,2,11,12,12,1,1,否,否,是,1,0,683977,683980,6391779682608793,9484678.0,9484678.0,3段连消/续转 / 金色符号/百搭转换
连消/掉落,480.json,480,75,金色/百搭,https://fish-games.s3.amazonaws.com/MahjongWays2/index.html?env=ceshislot.osshaiwai.com&hasFloat=0&token=436475c81b51e6893c740657870f86b7&language=en&debug=1&debugDataPath=https://raw.githubusercontent.com/jygameclub/testdataapi/main/mahjong2date/0525_0523&debugStart=480,https://raw.githubusercontent.com/jygameclub/testdataapi/main/mahjong2date/0525_0523/480.json,https://raw.githubusercontent.com/jygameclub/testdataapi/main/mahjong2date/0525_0523,普通中奖,40.00,1.00,3,2,10,11,12,1,1,否,否,是,2,1,686596,686616,5041779684039004,9477788.0,9477788.0,3段连消/续转 / 金色符号/百搭转换
连消/掉落,215.json,215,75,金色/百搭,https://fish-games.s3.amazonaws.com/MahjongWays2/index.html?env=ceshislot.osshaiwai.com&hasFloat=0&token=436475c81b51e6893c740657870f86b7&language=en&debug=1&debugDataPath=https://raw.githubusercontent.com/jygameclub/testdataapi/main/mahjong2date/0525_0523&debugStart=215,https://raw.githubusercontent.com/jygameclub/testdataapi/main/mahjong2date/0525_0523/215.json,https://raw.githubusercontent.com/jygameclub/testdataapi/main/mahjong2date/0525_0523,普通中奖,40.00,1.00,2,1,6,6,6,0,0,否,否,是,1,0,684328,684330,1341779682976924,9480630.0,9480630.0,2段连消/续转 / 金色符号/百搭转换
连消/掉落,381.json,381,75,金色/百搭,https://fish-games.s3.amazonaws.com/MahjongWays2/index.html?env=ceshislot.osshaiwai.com&hasFloat=0&token=436475c81b51e6893c740657870f86b7&language=en&debug=1&debugDataPath=https://raw.githubusercontent.com/jygameclub/testdataapi/main/mahjong2date/0525_0523&debugStart=381,https://raw.githubusercontent.com/jygameclub/testdataapi/main/mahjong2date/0525_0523/381.json,https://raw.githubusercontent.com/jygameclub/testdataapi/main/mahjong2date/0525_0523,普通中奖,40.00,1.00,2,1,6,6,6,0,0,否,否,是,1,0,684749,684750,6611779683650106,9477134.0,9477134.0,2段连消/续转 / 金色符号/百搭转换
连消/掉落,759.json,759,75,金色/百搭,https://fish-games.s3.amazonaws.com/MahjongWays2/index.html?env=ceshislot.osshaiwai.com&hasFloat=0&token=436475c81b51e6893c740657870f86b7&language=en&debug=1&debugDataPath=https://raw.githubusercontent.com/jygameclub/testdataapi/main/mahjong2date/0525_0523&debugStart=759,https://raw.githubusercontent.com/jygameclub/testdataapi/main/mahjong2date/0525_0523/759.json,https://raw.githubusercontent.com/jygameclub/testdataapi/main/mahjong2date/0525_0523,普通中奖,40.00,1.00,2,1,6,6,6,0,0,否,否,是,1,1,693635,693644,5671779685225373,9478368.0,9478368.0,2段连消/续转 / 金色符号/百搭转换
连消/掉落,999.json,999,75,金色/百搭,https://fish-games.s3.amazonaws.com/MahjongWays2/index.html?env=ceshislot.osshaiwai.com&hasFloat=0&token=436475c81b51e6893c740657870f86b7&language=en&debug=1&debugDataPath=https://raw.githubusercontent.com/jygameclub/testdataapi/main/mahjong2date/0525_0523&debugStart=999,https://raw.githubusercontent.com/jygameclub/testdataapi/main/mahjong2date/0525_0523/999.json,https://raw.githubusercontent.com/jygameclub/testdataapi/main/mahjong2date/0525_0523,普通中奖,40.00,1.00,2,1,5,5,5,0,0,否,否,是,1,0,696675,696676,1371779686142734,9477964.0,9477964.0,2段连消/续转 / 金色符号/百搭转换
连消/掉落,876.json,876,75,金色/百搭,https://fish-games.s3.amazonaws.com/MahjongWays2/index.html?env=ceshislot.osshaiwai.com&hasFloat=0&token=436475c81b51e6893c740657870f86b7&language=en&debug=1&debugDataPath=https://raw.githubusercontent.com/jygameclub/testdataapi/main/mahjong2date/0525_0523&debugStart=876,https://raw.githubusercontent.com/jygameclub/testdataapi/main/mahjong2date/0525_0523/876.json,https://raw.githubusercontent.com/jygameclub/testdataapi/main/mahjong2date/0525_0523,普通中奖,38.00,0.95,4,3,10,11,11,1,1,否,否,是,1,1,695729,695765,1081779685549487,9476412.0,9476410.0,4段连消/续转 / 金色符号/百搭转换
连消/掉落,024.json,24,75,金色/百搭,https://fish-games.s3.amazonaws.com/MahjongWays2/index.html?env=ceshislot.osshaiwai.com&hasFloat=0&token=436475c81b51e6893c740657870f86b7&language=en&debug=1&debugDataPath=https://raw.githubusercontent.com/jygameclub/testdataapi/main/mahjong2date/0525_0523&debugStart=24,https://raw.githubusercontent.com/jygameclub/testdataapi/main/mahjong2date/0525_0523/024.json,https://raw.githubusercontent.com/jygameclub/testdataapi/main/mahjong2date/0525_0523,普通中奖,36.00,0.90,3,2,7,8,8,1,1,否,否,是,1,0,683942,683945,7771779682574260,9484806.0,9484802.0,3段连消/续转 / 金色符号/百搭转换
连消/掉落,274.json,274,75,金色/百搭,https://fish-games.s3.amazonaws.com/MahjongWays2/index.html?env=ceshislot.osshaiwai.com&hasFloat=0&token=436475c81b51e6893c740657870f86b7&language=en&debug=1&debugDataPath=https://raw.githubusercontent.com/jygameclub/testdataapi/main/mahjong2date/0525_0523&debugStart=274,https://raw.githubusercontent.com/jygameclub/testdataapi/main/mahjong2date/0525_0523/274.json,https://raw.githubusercontent.com/jygameclub/testdataapi/main/mahjong2date/0525_0523,普通中奖,36.00,0.90,3,2,9,9,9,0,0,否,否,是,1,0,684436,684439,2541779683075225,9478732.0,9478728.0,3段连消/续转 / 金色符号/百搭转换
连消/掉落,293.json,293,75,金色/百搭,https://fish-games.s3.amazonaws.com/MahjongWays2/index.html?env=ceshislot.osshaiwai.com&hasFloat=0&token=436475c81b51e6893c740657870f86b7&language=en&debug=1&debugDataPath=https://raw.githubusercontent.com/jygameclub/testdataapi/main/mahjong2date/0525_0523&debugStart=293,https://raw.githubusercontent.com/jygameclub/testdataapi/main/mahjong2date/0525_0523/293.json,https://raw.githubusercontent.com/jygameclub/testdataapi/main/mahjong2date/0525_0523,普通中奖,36.00,0.90,2,1,7,7,7,0,0,否,否,是,1,1,684468,684469,2341779683101857,9478018.0,9478014.0,2段连消/续转 / 金色符号/百搭转换
连消/掉落,555.json,555,75,金色/百搭,https://fish-games.s3.amazonaws.com/MahjongWays2/index.html?env=ceshislot.osshaiwai.com&hasFloat=0&token=436475c81b51e6893c740657870f86b7&language=en&debug=1&debugDataPath=https://raw.githubusercontent.com/jygameclub/testdataapi/main/mahjong2date/0525_0523&debugStart=555,https://raw.githubusercontent.com/jygameclub/testdataapi/main/mahjong2date/0525_0523/555.json,https://raw.githubusercontent.com/jygameclub/testdataapi/main/mahjong2date/0525_0523,普通中奖,36.00,0.90,2,1,7,7,7,0,0,否,否,是,1,0,689851,689854,9841779684618308,9476014.0,9476010.0,2段连消/续转 / 金色符号/百搭转换
连消/掉落,577.json,577,75,金色/百搭,https://fish-games.s3.amazonaws.com/MahjongWays2/index.html?env=ceshislot.osshaiwai.com&hasFloat=0&token=436475c81b51e6893c740657870f86b7&language=en&debug=1&debugDataPath=https://raw.githubusercontent.com/jygameclub/testdataapi/main/mahjong2date/0525_0523&debugStart=577,https://raw.githubusercontent.com/jygameclub/testdataapi/main/mahjong2date/0525_0523/577.json,https://raw.githubusercontent.com/jygameclub/testdataapi/main/mahjong2date/0525_0523,普通中奖,36.00,0.90,2,1,7,7,7,0,0,否,否,是,1,2,690226,690235,5971779684679109,9476702.0,9476698.0,2段连消/续转 / 金色符号/百搭转换
连消/掉落,758.json,758,75,金色/百搭,https://fish-games.s3.amazonaws.com/MahjongWays2/index.html?env=ceshislot.osshaiwai.com&hasFloat=0&token=436475c81b51e6893c740657870f86b7&language=en&debug=1&debugDataPath=https://raw.githubusercontent.com/jygameclub/testdataapi/main/mahjong2date/0525_0523&debugStart=758,https://raw.githubusercontent.com/jygameclub/testdataapi/main/mahjong2date/0525_0523/758.json,https://raw.githubusercontent.com/jygameclub/testdataapi/main/mahjong2date/0525_0523,普通中奖,36.00,0.90,2,1,12,12,12,0,0,否,否,是,2,1,693613,693622,6291779685221688,9478372.0,9478368.0,2段连消/续转 / 金色符号/百搭转换
连消/掉落,088.json,88,75,金色/百搭,https://fish-games.s3.amazonaws.com/MahjongWays2/index.html?env=ceshislot.osshaiwai.com&hasFloat=0&token=436475c81b51e6893c740657870f86b7&language=en&debug=1&debugDataPath=https://raw.githubusercontent.com/jygameclub/testdataapi/main/mahjong2date/0525_0523&debugStart=88,https://raw.githubusercontent.com/jygameclub/testdataapi/main/mahjong2date/0525_0523/088.json,https://raw.githubusercontent.com/jygameclub/testdataapi/main/mahjong2date/0525_0523,普通中奖,32.00,0.80,3,2,10,10,10,0,0,否,否,是,1,0,684105,684107,4211779682738126,9483854.0,9483846.0,3段连消/续转 / 金色符号/百搭转换
连消/掉落,553.json,553,75,金色/百搭,https://fish-games.s3.amazonaws.com/MahjongWays2/index.html?env=ceshislot.osshaiwai.com&hasFloat=0&token=436475c81b51e6893c740657870f86b7&language=en&debug=1&debugDataPath=https://raw.githubusercontent.com/jygameclub/testdataapi/main/mahjong2date/0525_0523&debugStart=553,https://raw.githubusercontent.com/jygameclub/testdataapi/main/mahjong2date/0525_0523/553.json,https://raw.githubusercontent.com/jygameclub/testdataapi/main/mahjong2date/0525_0523,普通中奖,32.00,0.80,3,2,9,9,9,0,0,否,否,是,1,1,689809,689832,8031779684611692,9476062.0,9476054.0,3段连消/续转 / 金色符号/百搭转换
连消/掉落,793.json,793,75,金色/百搭,https://fish-games.s3.amazonaws.com/MahjongWays2/index.html?env=ceshislot.osshaiwai.com&hasFloat=0&token=436475c81b51e6893c740657870f86b7&language=en&debug=1&debugDataPath=https://raw.githubusercontent.com/jygameclub/testdataapi/main/mahjong2date/0525_0523&debugStart=793,https://raw.githubusercontent.com/jygameclub/testdataapi/main/mahjong2date/0525_0523/793.json,https://raw.githubusercontent.com/jygameclub/testdataapi/main/mahjong2date/0525_0523,普通中奖,32.00,0.80,3,2,10,10,10,0,0,否,否,是,1,0,694616,694631,2591779685385471,9477962.0,9477954.0,3段连消/续转 / 金色符号/百搭转换
连消/掉落,962.json,962,75,金色/百搭,https://fish-games.s3.amazonaws.com/MahjongWays2/index.html?env=ceshislot.osshaiwai.com&hasFloat=0&token=436475c81b51e6893c740657870f86b7&language=en&debug=1&debugDataPath=https://raw.githubusercontent.com/jygameclub/testdataapi/main/mahjong2date/0525_0523&debugStart=962,https://raw.githubusercontent.com/jygameclub/testdataapi/main/mahjong2date/0525_0523/962.json,https://raw.githubusercontent.com/jygameclub/testdataapi/main/mahjong2date/0525_0523,普通中奖,32.00,0.80,3,2,8,8,8,0,0,否,否,是,1,2,696479,696484,4041779685857003,9478196.0,9478188.0,3段连消/续转 / 金色符号/百搭转换
连消/掉落,923.json,923,75,金色/百搭,https://fish-games.s3.amazonaws.com/MahjongWays2/index.html?env=ceshislot.osshaiwai.com&hasFloat=0&token=436475c81b51e6893c740657870f86b7&language=en&debug=1&debugDataPath=https://raw.githubusercontent.com/jygameclub/testdataapi/main/mahjong2date/0525_0523&debugStart=923,https://raw.githubusercontent.com/jygameclub/testdataapi/main/mahjong2date/0525_0523/923.json,https://raw.githubusercontent.com/jygameclub/testdataapi/main/mahjong2date/0525_0523,普通中奖,32.00,0.80,2,1,7,8,8,1,1,否,否,是,1,0,696313,696314,6281779685649186,9475490.0,9475482.0,2段连消/续转 / 金色符号/百搭转换
连消/掉落,798.json,798,75,金色/百搭,https://fish-games.s3.amazonaws.com/MahjongWays2/index.html?env=ceshislot.osshaiwai.com&hasFloat=0&token=436475c81b51e6893c740657870f86b7&language=en&debug=1&debugDataPath=https://raw.githubusercontent.com/jygameclub/testdataapi/main/mahjong2date/0525_0523&debugStart=798,https://raw.githubusercontent.com/jygameclub/testdataapi/main/mahjong2date/0525_0523/798.json,https://raw.githubusercontent.com/jygameclub/testdataapi/main/mahjong2date/0525_0523,普通中奖,30.00,0.75,2,1,8,9,9,1,1,否,否,是,2,2,694746,694756,7141779685404771,9477950.0,9477940.0,2段连消/续转 / 金色符号/百搭转换
连消/掉落,052.json,52,75,金色/百搭,https://fish-games.s3.amazonaws.com/MahjongWays2/index.html?env=ceshislot.osshaiwai.com&hasFloat=0&token=436475c81b51e6893c740657870f86b7&language=en&debug=1&debugDataPath=https://raw.githubusercontent.com/jygameclub/testdataapi/main/mahjong2date/0525_0523&debugStart=52,https://raw.githubusercontent.com/jygameclub/testdataapi/main/mahjong2date/0525_0523/052.json,https://raw.githubusercontent.com/jygameclub/testdataapi/main/mahjong2date/0525_0523,普通中奖,28.00,0.70,2,1,10,10,10,0,0,否,否,是,2,2,684010,684011,7261779682641043,9484198.0,9484186.0,2段连消/续转 / 金色符号/百搭转换
连消/掉落,451.json,451,75,金色/百搭,https://fish-games.s3.amazonaws.com/MahjongWays2/index.html?env=ceshislot.osshaiwai.com&hasFloat=0&token=436475c81b51e6893c740657870f86b7&language=en&debug=1&debugDataPath=https://raw.githubusercontent.com/jygameclub/testdataapi/main/mahjong2date/0525_0523&debugStart=451,https://raw.githubusercontent.com/jygameclub/testdataapi/main/mahjong2date/0525_0523/451.json,https://raw.githubusercontent.com/jygameclub/testdataapi/main/mahjong2date/0525_0523,普通中奖,28.00,0.70,2,1,10,10,10,0,0,否,否,是,2,0,686286,686289,1811779683991805,9478710.0,9478698.0,2段连消/续转 / 金色符号/百搭转换
连消/掉落,379.json,379,75,金色/百搭,https://fish-games.s3.amazonaws.com/MahjongWays2/index.html?env=ceshislot.osshaiwai.com&hasFloat=0&token=436475c81b51e6893c740657870f86b7&language=en&debug=1&debugDataPath=https://raw.githubusercontent.com/jygameclub/testdataapi/main/mahjong2date/0525_0523&debugStart=379,https://raw.githubusercontent.com/jygameclub/testdataapi/main/mahjong2date/0525_0523/379.json,https://raw.githubusercontent.com/jygameclub/testdataapi/main/mahjong2date/0525_0523,普通中奖,24.00,0.60,3,2,7,8,8,1,1,否,否,是,1,0,684703,684706,7191779683562641,9476918.0,9476902.0,3段连消/续转 / 金色符号/百搭转换
连消/掉落,838.json,838,75,金色/百搭,https://fish-games.s3.amazonaws.com/MahjongWays2/index.html?env=ceshislot.osshaiwai.com&hasFloat=0&token=436475c81b51e6893c740657870f86b7&language=en&debug=1&debugDataPath=https://raw.githubusercontent.com/jygameclub/testdataapi/main/mahjong2date/0525_0523&debugStart=838,https://raw.githubusercontent.com/jygameclub/testdataapi/main/mahjong2date/0525_0523/838.json,https://raw.githubusercontent.com/jygameclub/testdataapi/main/mahjong2date/0525_0523,普通中奖,24.00,0.60,3,2,8,9,9,1,1,否,否,是,1,2,695288,695310,3561779685484189,9477216.0,9477200.0,3段连消/续转 / 金色符号/百搭转换
连消/掉落,090.json,90,75,金色/百搭,https://fish-games.s3.amazonaws.com/MahjongWays2/index.html?env=ceshislot.osshaiwai.com&hasFloat=0&token=436475c81b51e6893c740657870f86b7&language=en&debug=1&debugDataPath=https://raw.githubusercontent.com/jygameclub/testdataapi/main/mahjong2date/0525_0523&debugStart=90,https://raw.githubusercontent.com/jygameclub/testdataapi/main/mahjong2date/0525_0523/090.json,https://raw.githubusercontent.com/jygameclub/testdataapi/main/mahjong2date/0525_0523,普通中奖,24.00,0.60,2,1,5,5,5,0,0,否,否,是,1,0,684112,684113,8231779682745676,9483854.0,9483838.0,2段连消/续转 / 金色符号/百搭转换
连消/掉落,169.json,169,75,金色/百搭,https://fish-games.s3.amazonaws.com/MahjongWays2/index.html?env=ceshislot.osshaiwai.com&hasFloat=0&token=436475c81b51e6893c740657870f86b7&language=en&debug=1&debugDataPath=https://raw.githubusercontent.com/jygameclub/testdataapi/main/mahjong2date/0525_0523&debugStart=169,https://raw.githubusercontent.com/jygameclub/testdataapi/main/mahjong2date/0525_0523/169.json,https://raw.githubusercontent.com/jygameclub/testdataapi/main/mahjong2date/0525_0523,普通中奖,24.00,0.60,2,1,8,8,8,0,0,否,否,是,2,1,684248,684249,6831779682892643,9481826.0,9481810.0,2段连消/续转 / 金色符号/百搭转换
连消/掉落,350.json,350,75,金色/百搭,https://fish-games.s3.amazonaws.com/MahjongWays2/index.html?env=ceshislot.osshaiwai.com&hasFloat=0&token=436475c81b51e6893c740657870f86b7&language=en&debug=1&debugDataPath=https://raw.githubusercontent.com/jygameclub/testdataapi/main/mahjong2date/0525_0523&debugStart=350,https://raw.githubusercontent.com/jygameclub/testdataapi/main/mahjong2date/0525_0523/350.json,https://raw.githubusercontent.com/jygameclub/testdataapi/main/mahjong2date/0525_0523,普通中奖,24.00,0.60,2,1,7,7,7,0,0,否,否,是,1,0,684655,684656,9851779683511108,9477672.0,9477656.0,2段连消/续转 / 金色符号/百搭转换
连消/掉落,394.json,394,75,金色/百搭,https://fish-games.s3.amazonaws.com/MahjongWays2/index.html?env=ceshislot.osshaiwai.com&hasFloat=0&token=436475c81b51e6893c740657870f86b7&language=en&debug=1&debugDataPath=https://raw.githubusercontent.com/jygameclub/testdataapi/main/mahjong2date/0525_0523&debugStart=394,https://raw.githubusercontent.com/jygameclub/testdataapi/main/mahjong2date/0525_0523/394.json,https://raw.githubusercontent.com/jygameclub/testdataapi/main/mahjong2date/0525_0523,普通中奖,24.00,0.60,2,1,6,7,7,1,1,否,否,是,1,1,684772,684774,1871779683670756,9476766.0,9476750.0,2段连消/续转 / 金色符号/百搭转换
连消/掉落,479.json,479,75,金色/百搭,https://fish-games.s3.amazonaws.com/MahjongWays2/index.html?env=ceshislot.osshaiwai.com&hasFloat=0&token=436475c81b51e6893c740657870f86b7&language=en&debug=1&debugDataPath=https://raw.githubusercontent.com/jygameclub/testdataapi/main/mahjong2date/0525_0523&debugStart=479,https://raw.githubusercontent.com/jygameclub/testdataapi/main/mahjong2date/0525_0523/479.json,https://raw.githubusercontent.com/jygameclub/testdataapi/main/mahjong2date/0525_0523,普通中奖,24.00,0.60,2,1,6,6,6,0,0,否,否,是,1,1,686579,686582,1441779684036321,9477804.0,9477788.0,2段连消/续转 / 金色符号/百搭转换
连消/掉落,519.json,519,75,金色/百搭,https://fish-games.s3.amazonaws.com/MahjongWays2/index.html?env=ceshislot.osshaiwai.com&hasFloat=0&token=436475c81b51e6893c740657870f86b7&language=en&debug=1&debugDataPath=https://raw.githubusercontent.com/jygameclub/testdataapi/main/mahjong2date/0525_0523&debugStart=519,https://raw.githubusercontent.com/jygameclub/testdataapi/main/mahjong2date/0525_0523/519.json,https://raw.githubusercontent.com/jygameclub/testdataapi/main/mahjong2date/0525_0523,普通中奖,24.00,0.60,2,1,6,6,6,0,0,否,否,是,1,1,687478,687487,2361779684181920,9476474.0,9476458.0,2段连消/续转 / 金色符号/百搭转换
连消/掉落,568.json,568,75,金色/百搭,https://fish-games.s3.amazonaws.com/MahjongWays2/index.html?env=ceshislot.osshaiwai.com&hasFloat=0&token=436475c81b51e6893c740657870f86b7&language=en&debug=1&debugDataPath=https://raw.githubusercontent.com/jygameclub/testdataapi/main/mahjong2date/0525_0523&debugStart=568,https://raw.githubusercontent.com/jygameclub/testdataapi/main/mahjong2date/0525_0523/568.json,https://raw.githubusercontent.com/jygameclub/testdataapi/main/mahjong2date/0525_0523,普通中奖,24.00,0.60,2,1,7,7,7,0,0,否,否,是,1,0,690086,690089,9761779684656925,9476908.0,9476892.0,2段连消/续转 / 金色符号/百搭转换
连消/掉落,648.json,648,75,金色/百搭,https://fish-games.s3.amazonaws.com/MahjongWays2/index.html?env=ceshislot.osshaiwai.com&hasFloat=0&token=436475c81b51e6893c740657870f86b7&language=en&debug=1&debugDataPath=https://raw.githubusercontent.com/jygameclub/testdataapi/main/mahjong2date/0525_0523&debugStart=648,https://raw.githubusercontent.com/jygameclub/testdataapi/main/mahjong2date/0525_0523/648.json,https://raw.githubusercontent.com/jygameclub/testdataapi/main/mahjong2date/0525_0523,普通中奖,24.00,0.60,2,1,7,7,7,0,0,否,否,是,1,0,691795,691799,7521779684930874,9479718.0,9479702.0,2段连消/续转 / 金色符号/百搭转换
连消/掉落,678.json,678,75,金色/百搭,https://fish-games.s3.amazonaws.com/MahjongWays2/index.html?env=ceshislot.osshaiwai.com&hasFloat=0&token=436475c81b51e6893c740657870f86b7&language=en&debug=1&debugDataPath=https://raw.githubusercontent.com/jygameclub/testdataapi/main/mahjong2date/0525_0523&debugStart=678,https://raw.githubusercontent.com/jygameclub/testdataapi/main/mahjong2date/0525_0523/678.json,https://raw.githubusercontent.com/jygameclub/testdataapi/main/mahjong2date/0525_0523,普通中奖,24.00,0.60,2,1,6,6,6,0,0,否,否,是,1,0,692657,692660,6981779685071973,9480376.0,9480360.0,2段连消/续转 / 金色符号/百搭转换
连消/掉落,766.json,766,75,金色/百搭,https://fish-games.s3.amazonaws.com/MahjongWays2/index.html?env=ceshislot.osshaiwai.com&hasFloat=0&token=436475c81b51e6893c740657870f86b7&language=en&debug=1&debugDataPath=https://raw.githubusercontent.com/jygameclub/testdataapi/main/mahjong2date/0525_0523&debugStart=766,https://raw.githubusercontent.com/jygameclub/testdataapi/main/mahjong2date/0525_0523/766.json,https://raw.githubusercontent.com/jygameclub/testdataapi/main/mahjong2date/0525_0523,普通中奖,24.00,0.60,2,1,5,6,6,1,1,否,否,是,1,1,693701,693704,6441779685235907,9478128.0,9478112.0,2段连消/续转 / 金色符号/百搭转换
连消/掉落,829.json,829,75,金色/百搭,https://fish-games.s3.amazonaws.com/MahjongWays2/index.html?env=ceshislot.osshaiwai.com&hasFloat=0&token=436475c81b51e6893c740657870f86b7&language=en&debug=1&debugDataPath=https://raw.githubusercontent.com/jygameclub/testdataapi/main/mahjong2date/0525_0523&debugStart=829,https://raw.githubusercontent.com/jygameclub/testdataapi/main/mahjong2date/0525_0523/829.json,https://raw.githubusercontent.com/jygameclub/testdataapi/main/mahjong2date/0525_0523,普通中奖,24.00,0.60,2,1,6,6,6,0,0,否,否,是,1,0,695134,695137,2741779685461789,9476972.0,9476956.0,2段连消/续转 / 金色符号/百搭转换
连消/掉落,937.json,937,75,金色/百搭,https://fish-games.s3.amazonaws.com/MahjongWays2/index.html?env=ceshislot.osshaiwai.com&hasFloat=0&token=436475c81b51e6893c740657870f86b7&language=en&debug=1&debugDataPath=https://raw.githubusercontent.com/jygameclub/testdataapi/main/mahjong2date/0525_0523&debugStart=937,https://raw.githubusercontent.com/jygameclub/testdataapi/main/mahjong2date/0525_0523/937.json,https://raw.githubusercontent.com/jygameclub/testdataapi/main/mahjong2date/0525_0523,普通中奖,24.00,0.60,2,1,6,6,6,0,0,否,否,是,1,1,696341,696342,8831779685669253,9474972.0,9474956.0,2段连消/续转 / 金色符号/百搭转换
连消/掉落,941.json,941,75,金色/百搭,https://fish-games.s3.amazonaws.com/MahjongWays2/index.html?env=ceshislot.osshaiwai.com&hasFloat=0&token=436475c81b51e6893c740657870f86b7&language=en&debug=1&debugDataPath=https://raw.githubusercontent.com/jygameclub/testdataapi/main/mahjong2date/0525_0523&debugStart=941,https://raw.githubusercontent.com/jygameclub/testdataapi/main/mahjong2date/0525_0523/941.json,https://raw.githubusercontent.com/jygameclub/testdataapi/main/mahjong2date/0525_0523,普通中奖,24.00,0.60,2,1,8,8,8,0,0,否,否,是,1,0,696352,696353,7571779685686503,9475718.0,9475702.0,2段连消/续转 / 金色符号/百搭转换
连消/掉落,661.json,661,75,金色/百搭,https://fish-games.s3.amazonaws.com/MahjongWays2/index.html?env=ceshislot.osshaiwai.com&hasFloat=0&token=436475c81b51e6893c740657870f86b7&language=en&debug=1&debugDataPath=https://raw.githubusercontent.com/jygameclub/testdataapi/main/mahjong2date/0525_0523&debugStart=661,https://raw.githubusercontent.com/jygameclub/testdataapi/main/mahjong2date/0525_0523/661.json,https://raw.githubusercontent.com/jygameclub/testdataapi/main/mahjong2date/0525_0523,普通中奖,22.00,0.55,3,2,10,10,10,0,0,否,否,是,1,0,691922,691939,3581779684950590,9479278.0,9479260.0,3段连消/续转 / 金色符号/百搭转换
连消/掉落,792.json,792,75,金色/百搭,https://fish-games.s3.amazonaws.com/MahjongWays2/index.html?env=ceshislot.osshaiwai.com&hasFloat=0&token=436475c81b51e6893c740657870f86b7&language=en&debug=1&debugDataPath=https://raw.githubusercontent.com/jygameclub/testdataapi/main/mahjong2date/0525_0523&debugStart=792,https://raw.githubusercontent.com/jygameclub/testdataapi/main/mahjong2date/0525_0523/792.json,https://raw.githubusercontent.com/jygameclub/testdataapi/main/mahjong2date/0525_0523,普通中奖,20.00,0.50,3,2,8,9,9,1,1,否,否,是,1,0,694586,694602,2511779685380754,9477982.0,9477962.0,3段连消/续转 / 金色符号/百搭转换
连消/掉落,891.json,891,75,金色/百搭,https://fish-games.s3.amazonaws.com/MahjongWays2/index.html?env=ceshislot.osshaiwai.com&hasFloat=0&token=436475c81b51e6893c740657870f86b7&language=en&debug=1&debugDataPath=https://raw.githubusercontent.com/jygameclub/testdataapi/main/mahjong2date/0525_0523&debugStart=891,https://raw.githubusercontent.com/jygameclub/testdataapi/main/mahjong2date/0525_0523/891.json,https://raw.githubusercontent.com/jygameclub/testdataapi/main/mahjong2date/0525_0523,普通中奖,20.00,0.50,3,2,9,9,9,0,0,否,否,是,1,2,695941,695963,2821779685580270,9476144.0,9476124.0,3段连消/续转 / 金色符号/百搭转换
连消/掉落,074.json,74,75,金色/百搭,https://fish-games.s3.amazonaws.com/MahjongWays2/index.html?env=ceshislot.osshaiwai.com&hasFloat=0&token=436475c81b51e6893c740657870f86b7&language=en&debug=1&debugDataPath=https://raw.githubusercontent.com/jygameclub/testdataapi/main/mahjong2date/0525_0523&debugStart=74,https://raw.githubusercontent.com/jygameclub/testdataapi/main/mahjong2date/0525_0523/074.json,https://raw.githubusercontent.com/jygameclub/testdataapi/main/mahjong2date/0525_0523,普通中奖,20.00,0.50,2,1,4,4,4,0,0,否,否,是,1,0,684069,684070,1261779682701176,9483940.0,9483920.0,2段连消/续转 / 金色符号/百搭转换
连消/掉落,372.json,372,75,金色/百搭,https://fish-games.s3.amazonaws.com/MahjongWays2/index.html?env=ceshislot.osshaiwai.com&hasFloat=0&token=436475c81b51e6893c740657870f86b7&language=en&debug=1&debugDataPath=https://raw.githubusercontent.com/jygameclub/testdataapi/main/mahjong2date/0525_0523&debugStart=372,https://raw.githubusercontent.com/jygameclub/testdataapi/main/mahjong2date/0525_0523/372.json,https://raw.githubusercontent.com/jygameclub/testdataapi/main/mahjong2date/0525_0523,普通中奖,20.00,0.50,2,1,4,4,4,0,0,否,否,是,1,0,684690,684691,3911779683548557,9477090.0,9477070.0,2段连消/续转 / 金色符号/百搭转换
连消/掉落,459.json,459,75,金色/百搭,https://fish-games.s3.amazonaws.com/MahjongWays2/index.html?env=ceshislot.osshaiwai.com&hasFloat=0&token=436475c81b51e6893c740657870f86b7&language=en&debug=1&debugDataPath=https://raw.githubusercontent.com/jygameclub/testdataapi/main/mahjong2date/0525_0523&debugStart=459,https://raw.githubusercontent.com/jygameclub/testdataapi/main/mahjong2date/0525_0523/459.json,https://raw.githubusercontent.com/jygameclub/testdataapi/main/mahjong2date/0525_0523,普通中奖,20.00,0.50,2,1,5,5,5,0,0,否,否,是,1,0,686348,686350,9271779684001288,9478418.0,9478398.0,2段连消/续转 / 金色符号/百搭转换
连消/掉落,470.json,470,75,金色/百搭,https://fish-games.s3.amazonaws.com/MahjongWays2/index.html?env=ceshislot.osshaiwai.com&hasFloat=0&token=436475c81b51e6893c740657870f86b7&language=en&debug=1&debugDataPath=https://raw.githubusercontent.com/jygameclub/testdataapi/main/mahjong2date/0525_0523&debugStart=470,https://raw.githubusercontent.com/jygameclub/testdataapi/main/mahjong2date/0525_0523/470.json,https://raw.githubusercontent.com/jygameclub/testdataapi/main/mahjong2date/0525_0523,普通中奖,20.00,0.50,2,1,4,4,4,0,0,否,否,是,1,1,686479,686483,7041779684020771,9478128.0,9478108.0,2段连消/续转 / 金色符号/百搭转换
连消/掉落,541.json,541,75,金色/百搭,https://fish-games.s3.amazonaws.com/MahjongWays2/index.html?env=ceshislot.osshaiwai.com&hasFloat=0&token=436475c81b51e6893c740657870f86b7&language=en&debug=1&debugDataPath=https://raw.githubusercontent.com/jygameclub/testdataapi/main/mahjong2date/0525_0523&debugStart=541,https://raw.githubusercontent.com/jygameclub/testdataapi/main/mahjong2date/0525_0523/541.json,https://raw.githubusercontent.com/jygameclub/testdataapi/main/mahjong2date/0525_0523,普通中奖,20.00,0.50,2,1,5,5,5,0,0,否,否,是,1,0,689606,689609,4961779684577925,9475980.0,9475960.0,2段连消/续转 / 金色符号/百搭转换
连消/掉落,830.json,830,75,金色/百搭,https://fish-games.s3.amazonaws.com/MahjongWays2/index.html?env=ceshislot.osshaiwai.com&hasFloat=0&token=436475c81b51e6893c740657870f86b7&language=en&debug=1&debugDataPath=https://raw.githubusercontent.com/jygameclub/testdataapi/main/mahjong2date/0525_0523&debugStart=830,https://raw.githubusercontent.com/jygameclub/testdataapi/main/mahjong2date/0525_0523/830.json,https://raw.githubusercontent.com/jygameclub/testdataapi/main/mahjong2date/0525_0523,普通中奖,20.00,0.50,2,1,5,5,5,0,0,否,否,是,1,1,695153,695162,5071779685464472,9476956.0,9476936.0,2段连消/续转 / 金色符号/百搭转换
连消/掉落,396.json,396,75,金色/百搭,https://fish-games.s3.amazonaws.com/MahjongWays2/index.html?env=ceshislot.osshaiwai.com&hasFloat=0&token=436475c81b51e6893c740657870f86b7&language=en&debug=1&debugDataPath=https://raw.githubusercontent.com/jygameclub/testdataapi/main/mahjong2date/0525_0523&debugStart=396,https://raw.githubusercontent.com/jygameclub/testdataapi/main/mahjong2date/0525_0523/396.json,https://raw.githubusercontent.com/jygameclub/testdataapi/main/mahjong2date/0525_0523,普通中奖,18.00,0.45,3,2,6,6,6,0,0,否,否,是,1,2,684778,684780,5891779683678140,9476718.0,9476696.0,3段连消/续转 / 金色符号/百搭转换
连消/掉落,168.json,168,75,金色/百搭,https://fish-games.s3.amazonaws.com/MahjongWays2/index.html?env=ceshislot.osshaiwai.com&hasFloat=0&token=436475c81b51e6893c740657870f86b7&language=en&debug=1&debugDataPath=https://raw.githubusercontent.com/jygameclub/testdataapi/main/mahjong2date/0525_0523&debugStart=168,https://raw.githubusercontent.com/jygameclub/testdataapi/main/mahjong2date/0525_0523/168.json,https://raw.githubusercontent.com/jygameclub/testdataapi/main/mahjong2date/0525_0523,普通中奖,18.00,0.45,2,1,7,7,7,0,0,否,否,是,1,0,684245,684246,9961779682889974,9481848.0,9481826.0,2段连消/续转 / 金色符号/百搭转换
连消/掉落,690.json,690,75,金色/百搭,https://fish-games.s3.amazonaws.com/MahjongWays2/index.html?env=ceshislot.osshaiwai.com&hasFloat=0&token=436475c81b51e6893c740657870f86b7&language=en&debug=1&debugDataPath=https://raw.githubusercontent.com/jygameclub/testdataapi/main/mahjong2date/0525_0523&debugStart=690,https://raw.githubusercontent.com/jygameclub/testdataapi/main/mahjong2date/0525_0523/690.json,https://raw.githubusercontent.com/jygameclub/testdataapi/main/mahjong2date/0525_0523,普通中奖,18.00,0.45,2,1,8,8,8,0,0,否,否,是,2,0,692817,692820,6351779685096190,9479976.0,9479954.0,2段连消/续转 / 金色符号/百搭转换
连消/掉落,701.json,701,75,金色/百搭,https://fish-games.s3.amazonaws.com/MahjongWays2/index.html?env=ceshislot.osshaiwai.com&hasFloat=0&token=436475c81b51e6893c740657870f86b7&language=en&debug=1&debugDataPath=https://raw.githubusercontent.com/jygameclub/testdataapi/main/mahjong2date/0525_0523&debugStart=701,https://raw.githubusercontent.com/jygameclub/testdataapi/main/mahjong2date/0525_0523/701.json,https://raw.githubusercontent.com/jygameclub/testdataapi/main/mahjong2date/0525_0523,普通中奖,18.00,0.45,2,1,7,7,7,0,0,否,否,是,1,0,692993,692996,9701779685123889,9479820.0,9479798.0,2段连消/续转 / 金色符号/百搭转换
连消/掉落,134.json,134,75,金色/百搭,https://fish-games.s3.amazonaws.com/MahjongWays2/index.html?env=ceshislot.osshaiwai.com&hasFloat=0&token=436475c81b51e6893c740657870f86b7&language=en&debug=1&debugDataPath=https://raw.githubusercontent.com/jygameclub/testdataapi/main/mahjong2date/0525_0523&debugStart=134,https://raw.githubusercontent.com/jygameclub/testdataapi/main/mahjong2date/0525_0523/134.json,https://raw.githubusercontent.com/jygameclub/testdataapi/main/mahjong2date/0525_0523,普通中奖,16.00,0.40,3,2,10,10,10,0,0,否,否,是,2,1,684184,684186,6251779682818892,9482358.0,9482334.0,3段连消/续转 / 金色符号/百搭转换
连消/掉落,595.json,595,75,金色/百搭,https://fish-games.s3.amazonaws.com/MahjongWays2/index.html?env=ceshislot.osshaiwai.com&hasFloat=0&token=436475c81b51e6893c740657870f86b7&language=en&debug=1&debugDataPath=https://raw.githubusercontent.com/jygameclub/testdataapi/main/mahjong2date/0525_0523&debugStart=595,https://raw.githubusercontent.com/jygameclub/testdataapi/main/mahjong2date/0525_0523/595.json,https://raw.githubusercontent.com/jygameclub/testdataapi/main/mahjong2date/0525_0523,普通中奖,16.00,0.40,3,2,7,7,7,0,0,否,否,是,1,0,690475,690487,5341779684717992,9476820.0,9476796.0,3段连消/续转 / 金色符号/百搭转换
连消/掉落,773.json,773,75,金色/百搭,https://fish-games.s3.amazonaws.com/MahjongWays2/index.html?env=ceshislot.osshaiwai.com&hasFloat=0&token=436475c81b51e6893c740657870f86b7&language=en&debug=1&debugDataPath=https://raw.githubusercontent.com/jygameclub/testdataapi/main/mahjong2date/0525_0523&debugStart=773,https://raw.githubusercontent.com/jygameclub/testdataapi/main/mahjong2date/0525_0523/773.json,https://raw.githubusercontent.com/jygameclub/testdataapi/main/mahjong2date/0525_0523,普通中奖,16.00,0.40,3,2,9,9,9,0,0,否,否,是,1,2,693755,693771,5791779685244124,9477872.0,9477848.0,3段连消/续转 / 金色符号/百搭转换
连消/掉落,874.json,874,75,金色/百搭,https://fish-games.s3.amazonaws.com/MahjongWays2/index.html?env=ceshislot.osshaiwai.com&hasFloat=0&token=436475c81b51e6893c740657870f86b7&language=en&debug=1&debugDataPath=https://raw.githubusercontent.com/jygameclub/testdataapi/main/mahjong2date/0525_0523&debugStart=874,https://raw.githubusercontent.com/jygameclub/testdataapi/main/mahjong2date/0525_0523/874.json,https://raw.githubusercontent.com/jygameclub/testdataapi/main/mahjong2date/0525_0523,普通中奖,16.00,0.40,3,2,11,12,12,1,1,否,否,是,2,0,695679,695696,3091779685542070,9476464.0,9476440.0,3段连消/续转 / 金色符号/百搭转换
连消/掉落,185.json,185,75,金色/百搭,https://fish-games.s3.amazonaws.com/MahjongWays2/index.html?env=ceshislot.osshaiwai.com&hasFloat=0&token=436475c81b51e6893c740657870f86b7&language=en&debug=1&debugDataPath=https://raw.githubusercontent.com/jygameclub/testdataapi/main/mahjong2date/0525_0523&debugStart=185,https://raw.githubusercontent.com/jygameclub/testdataapi/main/mahjong2date/0525_0523/185.json,https://raw.githubusercontent.com/jygameclub/testdataapi/main/mahjong2date/0525_0523,普通中奖,16.00,0.40,2,1,6,6,6,0,0,否,否,是,1,0,684273,684274,8981779682918441,9481234.0,9481210.0,2段连消/续转 / 金色符号/百搭转换
连消/掉落,202.json,202,75,金色/百搭,https://fish-games.s3.amazonaws.com/MahjongWays2/index.html?env=ceshislot.osshaiwai.com&hasFloat=0&token=436475c81b51e6893c740657870f86b7&language=en&debug=1&debugDataPath=https://raw.githubusercontent.com/jygameclub/testdataapi/main/mahjong2date/0525_0523&debugStart=202,https://raw.githubusercontent.com/jygameclub/testdataapi/main/mahjong2date/0525_0523/202.json,https://raw.githubusercontent.com/jygameclub/testdataapi/main/mahjong2date/0525_0523,普通中奖,16.00,0.40,2,1,7,7,7,0,0,否,否,是,1,1,684296,684297,1101779682944458,9480624.0,9480600.0,2段连消/续转 / 金色符号/百搭转换
连消/掉落,533.json,533,75,金色/百搭,https://fish-games.s3.amazonaws.com/MahjongWays2/index.html?env=ceshislot.osshaiwai.com&hasFloat=0&token=436475c81b51e6893c740657870f86b7&language=en&debug=1&debugDataPath=https://raw.githubusercontent.com/jygameclub/testdataapi/main/mahjong2date/0525_0523&debugStart=533,https://raw.githubusercontent.com/jygameclub/testdataapi/main/mahjong2date/0525_0523/533.json,https://raw.githubusercontent.com/jygameclub/testdataapi/main/mahjong2date/0525_0523,普通中奖,16.00,0.40,2,1,5,5,5,0,0,否,否,是,1,2,687697,687706,3241779684215970,9476120.0,9476096.0,2段连消/续转 / 金色符号/百搭转换
连消/掉落,896.json,896,75,金色/百搭,https://fish-games.s3.amazonaws.com/MahjongWays2/index.html?env=ceshislot.osshaiwai.com&hasFloat=0&token=436475c81b51e6893c740657870f86b7&language=en&debug=1&debugDataPath=https://raw.githubusercontent.com/jygameclub/testdataapi/main/mahjong2date/0525_0523&debugStart=896,https://raw.githubusercontent.com/jygameclub/testdataapi/main/mahjong2date/0525_0523/896.json,https://raw.githubusercontent.com/jygameclub/testdataapi/main/mahjong2date/0525_0523,普通中奖,14.00,0.35,2,1,7,7,7,0,0,否,否,是,2,0,696028,696033,1471779685593321,9476142.0,9476116.0,2段连消/续转 / 金色符号/百搭转换
连消/掉落,987.json,987,75,金色/百搭,https://fish-games.s3.amazonaws.com/MahjongWays2/index.html?env=ceshislot.osshaiwai.com&hasFloat=0&token=436475c81b51e6893c740657870f86b7&language=en&debug=1&debugDataPath=https://raw.githubusercontent.com/jygameclub/testdataapi/main/mahjong2date/0525_0523&debugStart=987,https://raw.githubusercontent.com/jygameclub/testdataapi/main/mahjong2date/0525_0523/987.json,https://raw.githubusercontent.com/jygameclub/testdataapi/main/mahjong2date/0525_0523,普通中奖,14.00,0.35,2,1,7,8,8,1,1,否,否,是,2,1,696649,696651,5031779686119201,9478326.0,9478300.0,2段连消/续转 / 金色符号/百搭转换
连消/掉落,239.json,239,75,金色/百搭,https://fish-games.s3.amazonaws.com/MahjongWays2/index.html?env=ceshislot.osshaiwai.com&hasFloat=0&token=436475c81b51e6893c740657870f86b7&language=en&debug=1&debugDataPath=https://raw.githubusercontent.com/jygameclub/testdataapi/main/mahjong2date/0525_0523&debugStart=239,https://raw.githubusercontent.com/jygameclub/testdataapi/main/mahjong2date/0525_0523/239.json,https://raw.githubusercontent.com/jygameclub/testdataapi/main/mahjong2date/0525_0523,普通中奖,12.00,0.30,3,2,7,7,7,0,0,否,否,是,1,0,684368,684371,6321779683011157,9479828.0,9479800.0,3段连消/续转 / 金色符号/百搭转换
连消/掉落,968.json,968,75,金色/百搭,https://fish-games.s3.amazonaws.com/MahjongWays2/index.html?env=ceshislot.osshaiwai.com&hasFloat=0&token=436475c81b51e6893c740657870f86b7&language=en&debug=1&debugDataPath=https://raw.githubusercontent.com/jygameclub/testdataapi/main/mahjong2date/0525_0523&debugStart=968,https://raw.githubusercontent.com/jygameclub/testdataapi/main/mahjong2date/0525_0523/968.json,https://raw.githubusercontent.com/jygameclub/testdataapi/main/mahjong2date/0525_0523,普通中奖,12.00,0.30,3,2,6,7,7,1,1,否,否,是,1,1,696499,696503,2051779685870835,9478004.0,9477976.0,3段连消/续转 / 金色符号/百搭转换
连消/掉落,071.json,71,75,金色/百搭,https://fish-games.s3.amazonaws.com/MahjongWays2/index.html?env=ceshislot.osshaiwai.com&hasFloat=0&token=436475c81b51e6893c740657870f86b7&language=en&debug=1&debugDataPath=https://raw.githubusercontent.com/jygameclub/testdataapi/main/mahjong2date/0525_0523&debugStart=71,https://raw.githubusercontent.com/jygameclub/testdataapi/main/mahjong2date/0525_0523/071.json,https://raw.githubusercontent.com/jygameclub/testdataapi/main/mahjong2date/0525_0523,普通中奖,12.00,0.30,2,1,6,6,6,0,0,否,否,是,1,0,684059,684060,5671779682691026,9483936.0,9483908.0,2段连消/续转 / 金色符号/百搭转换
连消/掉落,084.json,84,75,金色/百搭,https://fish-games.s3.amazonaws.com/MahjongWays2/index.html?env=ceshislot.osshaiwai.com&hasFloat=0&token=436475c81b51e6893c740657870f86b7&language=en&debug=1&debugDataPath=https://raw.githubusercontent.com/jygameclub/testdataapi/main/mahjong2date/0525_0523&debugStart=84,https://raw.githubusercontent.com/jygameclub/testdataapi/main/mahjong2date/0525_0523/084.json,https://raw.githubusercontent.com/jygameclub/testdataapi/main/mahjong2date/0525_0523,普通中奖,12.00,0.30,2,1,4,5,5,1,1,否,否,是,1,2,684095,684096,1231779682728709,9483994.0,9483966.0,2段连消/续转 / 金色符号/百搭转换
连消/掉落,119.json,119,75,金色/百搭,https://fish-games.s3.amazonaws.com/MahjongWays2/index.html?env=ceshislot.osshaiwai.com&hasFloat=0&token=436475c81b51e6893c740657870f86b7&language=en&debug=1&debugDataPath=https://raw.githubusercontent.com/jygameclub/testdataapi/main/mahjong2date/0525_0523&debugStart=119,https://raw.githubusercontent.com/jygameclub/testdataapi/main/mahjong2date/0525_0523/119.json,https://raw.githubusercontent.com/jygameclub/testdataapi/main/mahjong2date/0525_0523,普通中奖,12.00,0.30,2,1,5,5,5,0,0,否,否,是,1,1,684158,684159,2611779682794258,9482856.0,9482828.0,2段连消/续转 / 金色符号/百搭转换
连消/掉落,138.json,138,75,金色/百搭,https://fish-games.s3.amazonaws.com/MahjongWays2/index.html?env=ceshislot.osshaiwai.com&hasFloat=0&token=436475c81b51e6893c740657870f86b7&language=en&debug=1&debugDataPath=https://raw.githubusercontent.com/jygameclub/testdataapi/main/mahjong2date/0525_0523&debugStart=138,https://raw.githubusercontent.com/jygameclub/testdataapi/main/mahjong2date/0525_0523/138.json,https://raw.githubusercontent.com/jygameclub/testdataapi/main/mahjong2date/0525_0523,普通中奖,12.00,0.30,2,1,6,6,6,0,0,否,否,是,1,0,684190,684191,3481779682827808,9482214.0,9482186.0,2段连消/续转 / 金色符号/百搭转换
连消/掉落,146.json,146,75,金色/百搭,https://fish-games.s3.amazonaws.com/MahjongWays2/index.html?env=ceshislot.osshaiwai.com&hasFloat=0&token=436475c81b51e6893c740657870f86b7&language=en&debug=1&debugDataPath=https://raw.githubusercontent.com/jygameclub/testdataapi/main/mahjong2date/0525_0523&debugStart=146,https://raw.githubusercontent.com/jygameclub/testdataapi/main/mahjong2date/0525_0523/146.json,https://raw.githubusercontent.com/jygameclub/testdataapi/main/mahjong2date/0525_0523,普通中奖,12.00,0.30,2,1,6,6,6,0,0,否,否,是,1,1,684213,684215,3431779682854909,9482626.0,9482598.0,2段连消/续转 / 金色符号/百搭转换
连消/掉落,172.json,172,75,金色/百搭,https://fish-games.s3.amazonaws.com/MahjongWays2/index.html?env=ceshislot.osshaiwai.com&hasFloat=0&token=436475c81b51e6893c740657870f86b7&language=en&debug=1&debugDataPath=https://raw.githubusercontent.com/jygameclub/testdataapi/main/mahjong2date/0525_0523&debugStart=172,https://raw.githubusercontent.com/jygameclub/testdataapi/main/mahjong2date/0525_0523/172.json,https://raw.githubusercontent.com/jygameclub/testdataapi/main/mahjong2date/0525_0523,普通中奖,12.00,0.30,2,1,6,6,6,0,0,否,否,是,1,0,684253,684254,2341779682897959,9481730.0,9481702.0,2段连消/续转 / 金色符号/百搭转换
连消/掉落,205.json,205,75,金色/百搭,https://fish-games.s3.amazonaws.com/MahjongWays2/index.html?env=ceshislot.osshaiwai.com&hasFloat=0&token=436475c81b51e6893c740657870f86b7&language=en&debug=1&debugDataPath=https://raw.githubusercontent.com/jygameclub/testdataapi/main/mahjong2date/0525_0523&debugStart=205,https://raw.githubusercontent.com/jygameclub/testdataapi/main/mahjong2date/0525_0523/205.json,https://raw.githubusercontent.com/jygameclub/testdataapi/main/mahjong2date/0525_0523,普通中奖,12.00,0.30,2,1,5,5,5,0,0,否,否,是,1,1,684304,684305,9111779682954926,9480630.0,9480602.0,2段连消/续转 / 金色符号/百搭转换
连消/掉落,241.json,241,75,金色/百搭,https://fish-games.s3.amazonaws.com/MahjongWays2/index.html?env=ceshislot.osshaiwai.com&hasFloat=0&token=436475c81b51e6893c740657870f86b7&language=en&debug=1&debugDataPath=https://raw.githubusercontent.com/jygameclub/testdataapi/main/mahjong2date/0525_0523&debugStart=241,https://raw.githubusercontent.com/jygameclub/testdataapi/main/mahjong2date/0525_0523/241.json,https://raw.githubusercontent.com/jygameclub/testdataapi/main/mahjong2date/0525_0523,普通中奖,12.00,0.30,2,1,5,6,6,1,1,否,否,是,1,0,684375,684376,1781779683016658,9479760.0,9479732.0,2段连消/续转 / 金色符号/百搭转换
连消/掉落,260.json,260,75,金色/百搭,https://fish-games.s3.amazonaws.com/MahjongWays2/index.html?env=ceshislot.osshaiwai.com&hasFloat=0&token=436475c81b51e6893c740657870f86b7&language=en&debug=1&debugDataPath=https://raw.githubusercontent.com/jygameclub/testdataapi/main/mahjong2date/0525_0523&debugStart=260,https://raw.githubusercontent.com/jygameclub/testdataapi/main/mahjong2date/0525_0523/260.json,https://raw.githubusercontent.com/jygameclub/testdataapi/main/mahjong2date/0525_0523,普通中奖,12.00,0.30,2,1,6,6,6,0,0,否,否,是,1,2,684410,684411,5241779683049424,9479068.0,9479040.0,2段连消/续转 / 金色符号/百搭转换
连消/掉落,265.json,265,75,金色/百搭,https://fish-games.s3.amazonaws.com/MahjongWays2/index.html?env=ceshislot.osshaiwai.com&hasFloat=0&token=436475c81b51e6893c740657870f86b7&language=en&debug=1&debugDataPath=https://raw.githubusercontent.com/jygameclub/testdataapi/main/mahjong2date/0525_0523&debugStart=265,https://raw.githubusercontent.com/jygameclub/testdataapi/main/mahjong2date/0525_0523/265.json,https://raw.githubusercontent.com/jygameclub/testdataapi/main/mahjong2date/0525_0523,普通中奖,12.00,0.30,2,1,6,6,6,0,0,否,否,是,1,1,684421,684423,7431779683061808,9479076.0,9479048.0,2段连消/续转 / 金色符号/百搭转换
连消/掉落,409.json,409,75,金色/百搭,https://fish-games.s3.amazonaws.com/MahjongWays2/index.html?env=ceshislot.osshaiwai.com&hasFloat=0&token=436475c81b51e6893c740657870f86b7&language=en&debug=1&debugDataPath=https://raw.githubusercontent.com/jygameclub/testdataapi/main/mahjong2date/0525_0523&debugStart=409,https://raw.githubusercontent.com/jygameclub/testdataapi/main/mahjong2date/0525_0523/409.json,https://raw.githubusercontent.com/jygameclub/testdataapi/main/mahjong2date/0525_0523,普通中奖,12.00,0.30,2,1,5,5,5,0,0,否,否,是,1,0,684805,684807,8851779683705640,9476576.0,9476548.0,2段连消/续转 / 金色符号/百搭转换
连消/掉落,472.json,472,75,金色/百搭,https://fish-games.s3.amazonaws.com/MahjongWays2/index.html?env=ceshislot.osshaiwai.com&hasFloat=0&token=436475c81b51e6893c740657870f86b7&language=en&debug=1&debugDataPath=https://raw.githubusercontent.com/jygameclub/testdataapi/main/mahjong2date/0525_0523&debugStart=472,https://raw.githubusercontent.com/jygameclub/testdataapi/main/mahjong2date/0525_0523/472.json,https://raw.githubusercontent.com/jygameclub/testdataapi/main/mahjong2date/0525_0523,普通中奖,12.00,0.30,2,1,6,6,6,0,0,否,否,是,1,1,686507,686515,2091779684025187,9478068.0,9478040.0,2段连消/续转 / 金色符号/百搭转换
连消/掉落,524.json,524,75,金色/百搭,https://fish-games.s3.amazonaws.com/MahjongWays2/index.html?env=ceshislot.osshaiwai.com&hasFloat=0&token=436475c81b51e6893c740657870f86b7&language=en&debug=1&debugDataPath=https://raw.githubusercontent.com/jygameclub/testdataapi/main/mahjong2date/0525_0523&debugStart=524,https://raw.githubusercontent.com/jygameclub/testdataapi/main/mahjong2date/0525_0523/524.json,https://raw.githubusercontent.com/jygameclub/testdataapi/main/mahjong2date/0525_0523,普通中奖,12.00,0.30,2,1,4,4,4,0,0,否,否,是,1,1,687535,687544,8851779684190803,9476298.0,9476270.0,2段连消/续转 / 金色符号/百搭转换
连消/掉落,571.json,571,75,金色/百搭,https://fish-games.s3.amazonaws.com/MahjongWays2/index.html?env=ceshislot.osshaiwai.com&hasFloat=0&token=436475c81b51e6893c740657870f86b7&language=en&debug=1&debugDataPath=https://raw.githubusercontent.com/jygameclub/testdataapi/main/mahjong2date/0525_0523&debugStart=571,https://raw.githubusercontent.com/jygameclub/testdataapi/main/mahjong2date/0525_0523/571.json,https://raw.githubusercontent.com/jygameclub/testdataapi/main/mahjong2date/0525_0523,普通中奖,12.00,0.30,2,1,6,6,6,0,0,否,否,是,1,1,690130,690139,4691779684664177,9476820.0,9476792.0,2段连消/续转 / 金色符号/百搭转换
连消/掉落,572.json,572,75,金色/百搭,https://fish-games.s3.amazonaws.com/MahjongWays2/index.html?env=ceshislot.osshaiwai.com&hasFloat=0&token=436475c81b51e6893c740657870f86b7&language=en&debug=1&debugDataPath=https://raw.githubusercontent.com/jygameclub/testdataapi/main/mahjong2date/0525_0523&debugStart=572,https://raw.githubusercontent.com/jygameclub/testdataapi/main/mahjong2date/0525_0523/572.json,https://raw.githubusercontent.com/jygameclub/testdataapi/main/mahjong2date/0525_0523,普通中奖,12.00,0.30,2,1,5,5,5,0,0,否,否,是,1,1,690153,690157,2611779684667943,9476792.0,9476764.0,2段连消/续转 / 金色符号/百搭转换
连消/掉落,599.json,599,75,金色/百搭,https://fish-games.s3.amazonaws.com/MahjongWays2/index.html?env=ceshislot.osshaiwai.com&hasFloat=0&token=436475c81b51e6893c740657870f86b7&language=en&debug=1&debugDataPath=https://raw.githubusercontent.com/jygameclub/testdataapi/main/mahjong2date/0525_0523&debugStart=599,https://raw.githubusercontent.com/jygameclub/testdataapi/main/mahjong2date/0525_0523/599.json,https://raw.githubusercontent.com/jygameclub/testdataapi/main/mahjong2date/0525_0523,普通中奖,12.00,0.30,2,1,4,4,4,0,0,否,否,是,1,0,690525,690528,9231779684727759,9476684.0,9476656.0,2段连消/续转 / 金色符号/百搭转换
连消/掉落,610.json,610,75,金色/百搭,https://fish-games.s3.amazonaws.com/MahjongWays2/index.html?env=ceshislot.osshaiwai.com&hasFloat=0&token=436475c81b51e6893c740657870f86b7&language=en&debug=1&debugDataPath=https://raw.githubusercontent.com/jygameclub/testdataapi/main/mahjong2date/0525_0523&debugStart=610,https://raw.githubusercontent.com/jygameclub/testdataapi/main/mahjong2date/0525_0523/610.json,https://raw.githubusercontent.com/jygameclub/testdataapi/main/mahjong2date/0525_0523,普通中奖,12.00,0.30,2,1,6,6,6,0,0,否,否,是,1,0,690623,690626,1141779684742475,9476262.0,9476234.0,2段连消/续转 / 金色符号/百搭转换
连消/掉落,612.json,612,75,金色/百搭,https://fish-games.s3.amazonaws.com/MahjongWays2/index.html?env=ceshislot.osshaiwai.com&hasFloat=0&token=436475c81b51e6893c740657870f86b7&language=en&debug=1&debugDataPath=https://raw.githubusercontent.com/jygameclub/testdataapi/main/mahjong2date/0525_0523&debugStart=612,https://raw.githubusercontent.com/jygameclub/testdataapi/main/mahjong2date/0525_0523/612.json,https://raw.githubusercontent.com/jygameclub/testdataapi/main/mahjong2date/0525_0523,普通中奖,12.00,0.30,2,1,4,6,6,2,2,否,否,是,1,1,690646,690654,3411779684746025,9476194.0,9476166.0,2段连消/续转 / 金色符号/百搭转换
连消/掉落,646.json,646,75,金色/百搭,https://fish-games.s3.amazonaws.com/MahjongWays2/index.html?env=ceshislot.osshaiwai.com&hasFloat=0&token=436475c81b51e6893c740657870f86b7&language=en&debug=1&debugDataPath=https://raw.githubusercontent.com/jygameclub/testdataapi/main/mahjong2date/0525_0523&debugStart=646,https://raw.githubusercontent.com/jygameclub/testdataapi/main/mahjong2date/0525_0523/646.json,https://raw.githubusercontent.com/jygameclub/testdataapi/main/mahjong2date/0525_0523,普通中奖,12.00,0.30,2,1,6,6,6,0,0,否,否,是,1,0,691771,691774,1671779684927391,9479786.0,9479758.0,2段连消/续转 / 金色符号/百搭转换
连消/掉落,722.json,722,75,金色/百搭,https://fish-games.s3.amazonaws.com/MahjongWays2/index.html?env=ceshislot.osshaiwai.com&hasFloat=0&token=436475c81b51e6893c740657870f86b7&language=en&debug=1&debugDataPath=https://raw.githubusercontent.com/jygameclub/testdataapi/main/mahjong2date/0525_0523&debugStart=722,https://raw.githubusercontent.com/jygameclub/testdataapi/main/mahjong2date/0525_0523/722.json,https://raw.githubusercontent.com/jygameclub/testdataapi/main/mahjong2date/0525_0523,普通中奖,12.00,0.30,2,1,6,6,6,0,0,否,否,是,1,0,693155,693158,4401779685148524,9479008.0,9478980.0,2段连消/续转 / 金色符号/百搭转换
连消/掉落,776.json,776,75,金色/百搭,https://fish-games.s3.amazonaws.com/MahjongWays2/index.html?env=ceshislot.osshaiwai.com&hasFloat=0&token=436475c81b51e6893c740657870f86b7&language=en&debug=1&debugDataPath=https://raw.githubusercontent.com/jygameclub/testdataapi/main/mahjong2date/0525_0523&debugStart=776,https://raw.githubusercontent.com/jygameclub/testdataapi/main/mahjong2date/0525_0523/776.json,https://raw.githubusercontent.com/jygameclub/testdataapi/main/mahjong2date/0525_0523,普通中奖,12.00,0.30,2,1,4,4,4,0,0,否,否,是,1,1,693800,693809,3351779685251273,9477768.0,9477740.0,2段连消/续转 / 金色符号/百搭转换
连消/掉落,875.json,875,75,金色/百搭,https://fish-games.s3.amazonaws.com/MahjongWays2/index.html?env=ceshislot.osshaiwai.com&hasFloat=0&token=436475c81b51e6893c740657870f86b7&language=en&debug=1&debugDataPath=https://raw.githubusercontent.com/jygameclub/testdataapi/main/mahjong2date/0525_0523&debugStart=875,https://raw.githubusercontent.com/jygameclub/testdataapi/main/mahjong2date/0525_0523/875.json,https://raw.githubusercontent.com/jygameclub/testdataapi/main/mahjong2date/0525_0523,普通中奖,12.00,0.30,2,1,5,5,5,0,0,否,否,是,1,0,695710,695714,3991779685546787,9476440.0,9476412.0,2段连消/续转 / 金色符号/百搭转换
连消/掉落,919.json,919,75,金色/百搭,https://fish-games.s3.amazonaws.com/MahjongWays2/index.html?env=ceshislot.osshaiwai.com&hasFloat=0&token=436475c81b51e6893c740657870f86b7&language=en&debug=1&debugDataPath=https://raw.githubusercontent.com/jygameclub/testdataapi/main/mahjong2date/0525_0523&debugStart=919,https://raw.githubusercontent.com/jygameclub/testdataapi/main/mahjong2date/0525_0523/919.json,https://raw.githubusercontent.com/jygameclub/testdataapi/main/mahjong2date/0525_0523,普通中奖,12.00,0.30,2,1,6,6,6,0,0,否,否,是,1,0,696303,696304,3991779685641454,9475632.0,9475604.0,2段连消/续转 / 金色符号/百搭转换
连消/掉落,960.json,960,75,金色/百搭,https://fish-games.s3.amazonaws.com/MahjongWays2/index.html?env=ceshislot.osshaiwai.com&hasFloat=0&token=436475c81b51e6893c740657870f86b7&language=en&debug=1&debugDataPath=https://raw.githubusercontent.com/jygameclub/testdataapi/main/mahjong2date/0525_0523&debugStart=960,https://raw.githubusercontent.com/jygameclub/testdataapi/main/mahjong2date/0525_0523/960.json,https://raw.githubusercontent.com/jygameclub/testdataapi/main/mahjong2date/0525_0523,普通中奖,12.00,0.30,2,1,6,6,6,0,0,否,否,是,1,2,696473,696475,6481779685849335,9478260.0,9478232.0,2段连消/续转 / 金色符号/百搭转换
连消/掉落,974.json,974,75,金色/百搭,https://fish-games.s3.amazonaws.com/MahjongWays2/index.html?env=ceshislot.osshaiwai.com&hasFloat=0&token=436475c81b51e6893c740657870f86b7&language=en&debug=1&debugDataPath=https://raw.githubusercontent.com/jygameclub/testdataapi/main/mahjong2date/0525_0523&debugStart=974,https://raw.githubusercontent.com/jygameclub/testdataapi/main/mahjong2date/0525_0523/974.json,https://raw.githubusercontent.com/jygameclub/testdataapi/main/mahjong2date/0525_0523,普通中奖,12.00,0.30,2,1,5,5,5,0,0,否,否,是,1,1,696541,696564,5121779685929379,9477784.0,9477756.0,2段连消/续转 / 金色符号/百搭转换
连消/掉落,008.json,8,75,金色/百搭,https://fish-games.s3.amazonaws.com/MahjongWays2/index.html?env=ceshislot.osshaiwai.com&hasFloat=0&token=436475c81b51e6893c740657870f86b7&language=en&debug=1&debugDataPath=https://raw.githubusercontent.com/jygameclub/testdataapi/main/mahjong2date/0525_0523&debugStart=8,https://raw.githubusercontent.com/jygameclub/testdataapi/main/mahjong2date/0525_0523/008.json,https://raw.githubusercontent.com/jygameclub/testdataapi/main/mahjong2date/0525_0523,普通中奖,10.00,0.25,3,2,6,6,6,0,0,否,否,是,1,0,683910,683913,7241779682543394,9484540.0,9484510.0,3段连消/续转 / 金色符号/百搭转换
连消/掉落,120.json,120,75,金色/百搭,https://fish-games.s3.amazonaws.com/MahjongWays2/index.html?env=ceshislot.osshaiwai.com&hasFloat=0&token=436475c81b51e6893c740657870f86b7&language=en&debug=1&debugDataPath=https://raw.githubusercontent.com/jygameclub/testdataapi/main/mahjong2date/0525_0523&debugStart=120,https://raw.githubusercontent.com/jygameclub/testdataapi/main/mahjong2date/0525_0523/120.json,https://raw.githubusercontent.com/jygameclub/testdataapi/main/mahjong2date/0525_0523,普通中奖,10.00,0.25,2,1,7,7,7,0,0,否,否,是,2,1,684161,684162,8451779682797943,9482828.0,9482798.0,2段连消/续转 / 金色符号/百搭转换
连消/掉落,315.json,315,75,金色/百搭,https://fish-games.s3.amazonaws.com/MahjongWays2/index.html?env=ceshislot.osshaiwai.com&hasFloat=0&token=436475c81b51e6893c740657870f86b7&language=en&debug=1&debugDataPath=https://raw.githubusercontent.com/jygameclub/testdataapi/main/mahjong2date/0525_0523&debugStart=315,https://raw.githubusercontent.com/jygameclub/testdataapi/main/mahjong2date/0525_0523/315.json,https://raw.githubusercontent.com/jygameclub/testdataapi/main/mahjong2date/0525_0523,普通中奖,10.00,0.25,2,1,3,3,3,0,0,否,否,是,1,0,684514,684515,3651779683149890,9478040.0,9478010.0,2段连消/续转 / 金色符号/百搭转换
连消/掉落,512.json,512,75,金色/百搭,https://fish-games.s3.amazonaws.com/MahjongWays2/index.html?env=ceshislot.osshaiwai.com&hasFloat=0&token=436475c81b51e6893c740657870f86b7&language=en&debug=1&debugDataPath=https://raw.githubusercontent.com/jygameclub/testdataapi/main/mahjong2date/0525_0523&debugStart=512,https://raw.githubusercontent.com/jygameclub/testdataapi/main/mahjong2date/0525_0523/512.json,https://raw.githubusercontent.com/jygameclub/testdataapi/main/mahjong2date/0525_0523,普通中奖,10.00,0.25,2,1,3,3,3,0,0,否,否,是,1,0,687419,687422,7761779684173271,9476744.0,9476714.0,2段连消/续转 / 金色符号/百搭转换
连消/掉落,938.json,938,75,金色/百搭,https://fish-games.s3.amazonaws.com/MahjongWays2/index.html?env=ceshislot.osshaiwai.com&hasFloat=0&token=436475c81b51e6893c740657870f86b7&language=en&debug=1&debugDataPath=https://raw.githubusercontent.com/jygameclub/testdataapi/main/mahjong2date/0525_0523&debugStart=938,https://raw.githubusercontent.com/jygameclub/testdataapi/main/mahjong2date/0525_0523/938.json,https://raw.githubusercontent.com/jygameclub/testdataapi/main/mahjong2date/0525_0523,普通中奖,10.00,0.25,2,1,8,8,8,0,0,否,否,是,2,0,696343,696344,5141779685671920,9474956.0,9474926.0,2段连消/续转 / 金色符号/百搭转换
连消/掉落,688.json,688,75,金色/百搭,https://fish-games.s3.amazonaws.com/MahjongWays2/index.html?env=ceshislot.osshaiwai.com&hasFloat=0&token=436475c81b51e6893c740657870f86b7&language=en&debug=1&debugDataPath=https://raw.githubusercontent.com/jygameclub/testdataapi/main/mahjong2date/0525_0523&debugStart=688,https://raw.githubusercontent.com/jygameclub/testdataapi/main/mahjong2date/0525_0523/688.json,https://raw.githubusercontent.com/jygameclub/testdataapi/main/mahjong2date/0525_0523,普通中奖,8.00,0.20,3,2,6,7,7,1,1,否,否,是,1,1,692750,692772,9911779685085675,9480006.0,9479974.0,3段连消/续转 / 金色符号/百搭转换
连消/掉落,973.json,973,75,金色/百搭,https://fish-games.s3.amazonaws.com/MahjongWays2/index.html?env=ceshislot.osshaiwai.com&hasFloat=0&token=436475c81b51e6893c740657870f86b7&language=en&debug=1&debugDataPath=https://raw.githubusercontent.com/jygameclub/testdataapi/main/mahjong2date/0525_0523&debugStart=973,https://raw.githubusercontent.com/jygameclub/testdataapi/main/mahjong2date/0525_0523/973.json,https://raw.githubusercontent.com/jygameclub/testdataapi/main/mahjong2date/0525_0523,普通中奖,8.00,0.20,3,2,7,7,7,0,0,否,否,是,1,1,696520,696533,5031779685893378,9477816.0,9477784.0,3段连消/续转 / 金色符号/百搭转换
连消/掉落,070.json,70,75,金色/百搭,https://fish-games.s3.amazonaws.com/MahjongWays2/index.html?env=ceshislot.osshaiwai.com&hasFloat=0&token=436475c81b51e6893c740657870f86b7&language=en&debug=1&debugDataPath=https://raw.githubusercontent.com/jygameclub/testdataapi/main/mahjong2date/0525_0523&debugStart=70,https://raw.githubusercontent.com/jygameclub/testdataapi/main/mahjong2date/0525_0523/070.json,https://raw.githubusercontent.com/jygameclub/testdataapi/main/mahjong2date/0525_0523,普通中奖,8.00,0.20,2,1,5,5,5,0,0,否,否,是,1,1,684056,684057,1731779682688359,9483968.0,9483936.0,2段连消/续转 / 金色符号/百搭转换
连消/掉落,072.json,72,75,金色/百搭,https://fish-games.s3.amazonaws.com/MahjongWays2/index.html?env=ceshislot.osshaiwai.com&hasFloat=0&token=436475c81b51e6893c740657870f86b7&language=en&debug=1&debugDataPath=https://raw.githubusercontent.com/jygameclub/testdataapi/main/mahjong2date/0525_0523&debugStart=72,https://raw.githubusercontent.com/jygameclub/testdataapi/main/mahjong2date/0525_0523/072.json,https://raw.githubusercontent.com/jygameclub/testdataapi/main/mahjong2date/0525_0523,普通中奖,8.00,0.20,2,1,5,5,5,0,0,否,否,是,1,1,684061,684063,3171779682693693,9483908.0,9483876.0,2段连消/续转 / 金色符号/百搭转换
连消/掉落,086.json,86,75,金色/百搭,https://fish-games.s3.amazonaws.com/MahjongWays2/index.html?env=ceshislot.osshaiwai.com&hasFloat=0&token=436475c81b51e6893c740657870f86b7&language=en&debug=1&debugDataPath=https://raw.githubusercontent.com/jygameclub/testdataapi/main/mahjong2date/0525_0523&debugStart=86,https://raw.githubusercontent.com/jygameclub/testdataapi/main/mahjong2date/0525_0523/086.json,https://raw.githubusercontent.com/jygameclub/testdataapi/main/mahjong2date/0525_0523,普通中奖,8.00,0.20,2,1,5,5,5,0,0,否,否,是,1,0,684100,684101,6211779682733943,9483926.0,9483894.0,2段连消/续转 / 金色符号/百搭转换
连消/掉落,095.json,95,75,金色/百搭,https://fish-games.s3.amazonaws.com/MahjongWays2/index.html?env=ceshislot.osshaiwai.com&hasFloat=0&token=436475c81b51e6893c740657870f86b7&language=en&debug=1&debugDataPath=https://raw.githubusercontent.com/jygameclub/testdataapi/main/mahjong2date/0525_0523&debugStart=95,https://raw.githubusercontent.com/jygameclub/testdataapi/main/mahjong2date/0525_0523/095.json,https://raw.githubusercontent.com/jygameclub/testdataapi/main/mahjong2date/0525_0523,普通中奖,8.00,0.20,2,1,5,5,5,0,0,否,否,是,1,0,684121,684122,4961779682754509,9483680.0,9483648.0,2段连消/续转 / 金色符号/百搭转换
连消/掉落,129.json,129,75,金色/百搭,https://fish-games.s3.amazonaws.com/MahjongWays2/index.html?env=ceshislot.osshaiwai.com&hasFloat=0&token=436475c81b51e6893c740657870f86b7&language=en&debug=1&debugDataPath=https://raw.githubusercontent.com/jygameclub/testdataapi/main/mahjong2date/0525_0523&debugStart=129,https://raw.githubusercontent.com/jygameclub/testdataapi/main/mahjong2date/0525_0523/129.json,https://raw.githubusercontent.com/jygameclub/testdataapi/main/mahjong2date/0525_0523,普通中奖,8.00,0.20,2,1,5,5,5,0,0,否,否,是,1,0,684176,684177,4061779682812125,9482550.0,9482518.0,2段连消/续转 / 金色符号/百搭转换
连消/掉落,145.json,145,75,金色/百搭,https://fish-games.s3.amazonaws.com/MahjongWays2/index.html?env=ceshislot.osshaiwai.com&hasFloat=0&token=436475c81b51e6893c740657870f86b7&language=en&debug=1&debugDataPath=https://raw.githubusercontent.com/jygameclub/testdataapi/main/mahjong2date/0525_0523&debugStart=145,https://raw.githubusercontent.com/jygameclub/testdataapi/main/mahjong2date/0525_0523/145.json,https://raw.githubusercontent.com/jygameclub/testdataapi/main/mahjong2date/0525_0523,普通中奖,8.00,0.20,2,1,4,4,4,0,0,否,否,是,1,0,684211,684212,8401779682852258,9482658.0,9482626.0,2段连消/续转 / 金色符号/百搭转换
连消/掉落,157.json,157,75,金色/百搭,https://fish-games.s3.amazonaws.com/MahjongWays2/index.html?env=ceshislot.osshaiwai.com&hasFloat=0&token=436475c81b51e6893c740657870f86b7&language=en&debug=1&debugDataPath=https://raw.githubusercontent.com/jygameclub/testdataapi/main/mahjong2date/0525_0523&debugStart=157,https://raw.githubusercontent.com/jygameclub/testdataapi/main/mahjong2date/0525_0523/157.json,https://raw.githubusercontent.com/jygameclub/testdataapi/main/mahjong2date/0525_0523,普通中奖,8.00,0.20,2,1,5,5,5,0,0,否,否,是,1,1,684228,684229,5021779682872325,9482204.0,9482172.0,2段连消/续转 / 金色符号/百搭转换
连消/掉落,180.json,180,75,金色/百搭,https://fish-games.s3.amazonaws.com/MahjongWays2/index.html?env=ceshislot.osshaiwai.com&hasFloat=0&token=436475c81b51e6893c740657870f86b7&language=en&debug=1&debugDataPath=https://raw.githubusercontent.com/jygameclub/testdataapi/main/mahjong2date/0525_0523&debugStart=180,https://raw.githubusercontent.com/jygameclub/testdataapi/main/mahjong2date/0525_0523/180.json,https://raw.githubusercontent.com/jygameclub/testdataapi/main/mahjong2date/0525_0523,普通中奖,8.00,0.20,2,1,5,5,5,0,0,否,否,是,1,0,684265,684266,7431779682908942,9481422.0,9481390.0,2段连消/续转 / 金色符号/百搭转换
连消/掉落,210.json,210,75,金色/百搭,https://fish-games.s3.amazonaws.com/MahjongWays2/index.html?env=ceshislot.osshaiwai.com&hasFloat=0&token=436475c81b51e6893c740657870f86b7&language=en&debug=1&debugDataPath=https://raw.githubusercontent.com/jygameclub/testdataapi/main/mahjong2date/0525_0523&debugStart=210,https://raw.githubusercontent.com/jygameclub/testdataapi/main/mahjong2date/0525_0523/210.json,https://raw.githubusercontent.com/jygameclub/testdataapi/main/mahjong2date/0525_0523,普通中奖,8.00,0.20,2,1,4,4,4,0,0,否,否,是,1,1,684317,684319,3621779682967358,9480820.0,9480788.0,2段连消/续转 / 金色符号/百搭转换
连消/掉落,298.json,298,75,金色/百搭,https://fish-games.s3.amazonaws.com/MahjongWays2/index.html?env=ceshislot.osshaiwai.com&hasFloat=0&token=436475c81b51e6893c740657870f86b7&language=en&debug=1&debugDataPath=https://raw.githubusercontent.com/jygameclub/testdataapi/main/mahjong2date/0525_0523&debugStart=298,https://raw.githubusercontent.com/jygameclub/testdataapi/main/mahjong2date/0525_0523/298.json,https://raw.githubusercontent.com/jygameclub/testdataapi/main/mahjong2date/0525_0523,普通中奖,8.00,0.20,2,1,6,6,6,0,0,否,否,是,1,0,684478,684480,5701779683111290,9477856.0,9477824.0,2段连消/续转 / 金色符号/百搭转换
连消/掉落,319.json,319,75,金色/百搭,https://fish-games.s3.amazonaws.com/MahjongWays2/index.html?env=ceshislot.osshaiwai.com&hasFloat=0&token=436475c81b51e6893c740657870f86b7&language=en&debug=1&debugDataPath=https://raw.githubusercontent.com/jygameclub/testdataapi/main/mahjong2date/0525_0523&debugStart=319,https://raw.githubusercontent.com/jygameclub/testdataapi/main/mahjong2date/0525_0523/319.json,https://raw.githubusercontent.com/jygameclub/testdataapi/main/mahjong2date/0525_0523,普通中奖,8.00,0.20,2,1,5,5,5,0,0,否,否,是,1,0,684520,684521,6051779683156840,9477890.0,9477858.0,2段连消/续转 / 金色符号/百搭转换
连消/掉落,384.json,384,75,金色/百搭,https://fish-games.s3.amazonaws.com/MahjongWays2/index.html?env=ceshislot.osshaiwai.com&hasFloat=0&token=436475c81b51e6893c740657870f86b7&language=en&debug=1&debugDataPath=https://raw.githubusercontent.com/jygameclub/testdataapi/main/mahjong2date/0525_0523&debugStart=384,https://raw.githubusercontent.com/jygameclub/testdataapi/main/mahjong2date/0525_0523/384.json,https://raw.githubusercontent.com/jygameclub/testdataapi/main/mahjong2date/0525_0523,普通中奖,8.00,0.20,2,1,5,5,5,0,0,否,否,是,1,1,684756,684758,4881779683654957,9477054.0,9477022.0,2段连消/续转 / 金色符号/百搭转换
连消/掉落,395.json,395,75,金色/百搭,https://fish-games.s3.amazonaws.com/MahjongWays2/index.html?env=ceshislot.osshaiwai.com&hasFloat=0&token=436475c81b51e6893c740657870f86b7&language=en&debug=1&debugDataPath=https://raw.githubusercontent.com/jygameclub/testdataapi/main/mahjong2date/0525_0523&debugStart=395,https://raw.githubusercontent.com/jygameclub/testdataapi/main/mahjong2date/0525_0523/395.json,https://raw.githubusercontent.com/jygameclub/testdataapi/main/mahjong2date/0525_0523,普通中奖,8.00,0.20,2,1,4,4,4,0,0,否,否,是,1,1,684775,684776,3861779683674473,9476750.0,9476718.0,2段连消/续转 / 金色符号/百搭转换
连消/掉落,424.json,424,75,金色/百搭,https://fish-games.s3.amazonaws.com/MahjongWays2/index.html?env=ceshislot.osshaiwai.com&hasFloat=0&token=436475c81b51e6893c740657870f86b7&language=en&debug=1&debugDataPath=https://raw.githubusercontent.com/jygameclub/testdataapi/main/mahjong2date/0525_0523&debugStart=424,https://raw.githubusercontent.com/jygameclub/testdataapi/main/mahjong2date/0525_0523/424.json,https://raw.githubusercontent.com/jygameclub/testdataapi/main/mahjong2date/0525_0523,普通中奖,8.00,0.20,2,1,5,5,5,0,0,否,否,是,1,2,684856,684864,9081779683733506,9476160.0,9476128.0,2段连消/续转 / 金色符号/百搭转换
连消/掉落,429.json,429,75,金色/百搭,https://fish-games.s3.amazonaws.com/MahjongWays2/index.html?env=ceshislot.osshaiwai.com&hasFloat=0&token=436475c81b51e6893c740657870f86b7&language=en&debug=1&debugDataPath=https://raw.githubusercontent.com/jygameclub/testdataapi/main/mahjong2date/0525_0523&debugStart=429,https://raw.githubusercontent.com/jygameclub/testdataapi/main/mahjong2date/0525_0523/429.json,https://raw.githubusercontent.com/jygameclub/testdataapi/main/mahjong2date/0525_0523,普通中奖,8.00,0.20,2,1,4,5,5,1,1,否,否,是,1,0,684918,684919,5751779683745574,9476016.0,9475984.0,2段连消/续转 / 金色符号/百搭转换
连消/掉落,441.json,441,75,金色/百搭,https://fish-games.s3.amazonaws.com/MahjongWays2/index.html?env=ceshislot.osshaiwai.com&hasFloat=0&token=436475c81b51e6893c740657870f86b7&language=en&debug=1&debugDataPath=https://raw.githubusercontent.com/jygameclub/testdataapi/main/mahjong2date/0525_0523&debugStart=441,https://raw.githubusercontent.com/jygameclub/testdataapi/main/mahjong2date/0525_0523/441.json,https://raw.githubusercontent.com/jygameclub/testdataapi/main/mahjong2date/0525_0523,普通中奖,8.00,0.20,2,1,3,4,4,1,1,否,否,是,1,1,685489,685498,8361779683860072,9476550.0,9476518.0,2段连消/续转 / 金色符号/百搭转换
连消/掉落,502.json,502,75,金色/百搭,https://fish-games.s3.amazonaws.com/MahjongWays2/index.html?env=ceshislot.osshaiwai.com&hasFloat=0&token=436475c81b51e6893c740657870f86b7&language=en&debug=1&debugDataPath=https://raw.githubusercontent.com/jygameclub/testdataapi/main/mahjong2date/0525_0523&debugStart=502,https://raw.githubusercontent.com/jygameclub/testdataapi/main/mahjong2date/0525_0523/502.json,https://raw.githubusercontent.com/jygameclub/testdataapi/main/mahjong2date/0525_0523,普通中奖,8.00,0.20,2,1,5,5,5,0,0,否,否,是,1,0,687302,687305,6531779684153837,9477122.0,9477090.0,2段连消/续转 / 金色符号/百搭转换
连消/掉落,504.json,504,75,金色/百搭,https://fish-games.s3.amazonaws.com/MahjongWays2/index.html?env=ceshislot.osshaiwai.com&hasFloat=0&token=436475c81b51e6893c740657870f86b7&language=en&debug=1&debugDataPath=https://raw.githubusercontent.com/jygameclub/testdataapi/main/mahjong2date/0525_0523&debugStart=504,https://raw.githubusercontent.com/jygameclub/testdataapi/main/mahjong2date/0525_0523/504.json,https://raw.githubusercontent.com/jygameclub/testdataapi/main/mahjong2date/0525_0523,普通中奖,8.00,0.20,2,1,5,5,5,0,0,否,否,是,1,1,687328,687337,2481779684157920,9477050.0,9477018.0,2段连消/续转 / 金色符号/百搭转换
连消/掉落,527.json,527,75,金色/百搭,https://fish-games.s3.amazonaws.com/MahjongWays2/index.html?env=ceshislot.osshaiwai.com&hasFloat=0&token=436475c81b51e6893c740657870f86b7&language=en&debug=1&debugDataPath=https://raw.githubusercontent.com/jygameclub/testdataapi/main/mahjong2date/0525_0523&debugStart=527,https://raw.githubusercontent.com/jygameclub/testdataapi/main/mahjong2date/0525_0523/527.json,https://raw.githubusercontent.com/jygameclub/testdataapi/main/mahjong2date/0525_0523,普通中奖,8.00,0.20,2,1,5,5,5,0,0,否,否,是,1,0,687588,687591,1931779684198737,9476196.0,9476164.0,2段连消/续转 / 金色符号/百搭转换
连消/掉落,537.json,537,75,金色/百搭,https://fish-games.s3.amazonaws.com/MahjongWays2/index.html?env=ceshislot.osshaiwai.com&hasFloat=0&token=436475c81b51e6893c740657870f86b7&language=en&debug=1&debugDataPath=https://raw.githubusercontent.com/jygameclub/testdataapi/main/mahjong2date/0525_0523&debugStart=537,https://raw.githubusercontent.com/jygameclub/testdataapi/main/mahjong2date/0525_0523/537.json,https://raw.githubusercontent.com/jygameclub/testdataapi/main/mahjong2date/0525_0523,普通中奖,8.00,0.20,2,1,5,5,5,0,0,否,否,是,1,2,689544,689551,4621779684566659,9476122.0,9476090.0,2段连消/续转 / 金色符号/百搭转换
连消/掉落,569.json,569,75,金色/百搭,https://fish-games.s3.amazonaws.com/MahjongWays2/index.html?env=ceshislot.osshaiwai.com&hasFloat=0&token=436475c81b51e6893c740657870f86b7&language=en&debug=1&debugDataPath=https://raw.githubusercontent.com/jygameclub/testdataapi/main/mahjong2date/0525_0523&debugStart=569,https://raw.githubusercontent.com/jygameclub/testdataapi/main/mahjong2date/0525_0523/569.json,https://raw.githubusercontent.com/jygameclub/testdataapi/main/mahjong2date/0525_0523,普通中奖,8.00,0.20,2,1,5,5,5,0,0,否,否,是,1,1,690102,690111,4511779684659592,9476892.0,9476860.0,2段连消/续转 / 金色符号/百搭转换
连消/掉落,596.json,596,75,金色/百搭,https://fish-games.s3.amazonaws.com/MahjongWays2/index.html?env=ceshislot.osshaiwai.com&hasFloat=0&token=436475c81b51e6893c740657870f86b7&language=en&debug=1&debugDataPath=https://raw.githubusercontent.com/jygameclub/testdataapi/main/mahjong2date/0525_0523&debugStart=596,https://raw.githubusercontent.com/jygameclub/testdataapi/main/mahjong2date/0525_0523/596.json,https://raw.githubusercontent.com/jygameclub/testdataapi/main/mahjong2date/0525_0523,普通中奖,8.00,0.20,2,1,5,5,5,0,0,否,否,是,1,0,690497,690501,2011779684722726,9476796.0,9476764.0,2段连消/续转 / 金色符号/百搭转换
连消/掉落,668.json,668,75,金色/百搭,https://fish-games.s3.amazonaws.com/MahjongWays2/index.html?env=ceshislot.osshaiwai.com&hasFloat=0&token=436475c81b51e6893c740657870f86b7&language=en&debug=1&debugDataPath=https://raw.githubusercontent.com/jygameclub/testdataapi/main/mahjong2date/0525_0523&debugStart=668,https://raw.githubusercontent.com/jygameclub/testdataapi/main/mahjong2date/0525_0523/668.json,https://raw.githubusercontent.com/jygameclub/testdataapi/main/mahjong2date/0525_0523,普通中奖,8.00,0.20,2,1,5,5,5,0,0,否,否,是,1,0,692453,692456,7421779685038840,9479816.0,9479784.0,2段连消/续转 / 金色符号/百搭转换
连消/掉落,694.json,694,75,金色/百搭,https://fish-games.s3.amazonaws.com/MahjongWays2/index.html?env=ceshislot.osshaiwai.com&hasFloat=0&token=436475c81b51e6893c740657870f86b7&language=en&debug=1&debugDataPath=https://raw.githubusercontent.com/jygameclub/testdataapi/main/mahjong2date/0525_0523&debugStart=694,https://raw.githubusercontent.com/jygameclub/testdataapi/main/mahjong2date/0525_0523/694.json,https://raw.githubusercontent.com/jygameclub/testdataapi/main/mahjong2date/0525_0523,普通中奖,8.00,0.20,2,1,4,4,4,0,0,否,否,是,1,1,692863,692871,7401779685103173,9479978.0,9479946.0,2段连消/续转 / 金色符号/百搭转换
连消/掉落,782.json,782,75,金色/百搭,https://fish-games.s3.amazonaws.com/MahjongWays2/index.html?env=ceshislot.osshaiwai.com&hasFloat=0&token=436475c81b51e6893c740657870f86b7&language=en&debug=1&debugDataPath=https://raw.githubusercontent.com/jygameclub/testdataapi/main/mahjong2date/0525_0523&debugStart=782,https://raw.githubusercontent.com/jygameclub/testdataapi/main/mahjong2date/0525_0523/782.json,https://raw.githubusercontent.com/jygameclub/testdataapi/main/mahjong2date/0525_0523,普通中奖,8.00,0.20,2,1,5,5,5,0,0,否,否,是,1,1,693851,693860,4721779685259040,9477540.0,9477508.0,2段连消/续转 / 金色符号/百搭转换
连消/掉落,900.json,900,75,金色/百搭,https://fish-games.s3.amazonaws.com/MahjongWays2/index.html?env=ceshislot.osshaiwai.com&hasFloat=0&token=436475c81b51e6893c740657870f86b7&language=en&debug=1&debugDataPath=https://raw.githubusercontent.com/jygameclub/testdataapi/main/mahjong2date/0525_0523&debugStart=900,https://raw.githubusercontent.com/jygameclub/testdataapi/main/mahjong2date/0525_0523/900.json,https://raw.githubusercontent.com/jygameclub/testdataapi/main/mahjong2date/0525_0523,普通中奖,8.00,0.20,2,1,4,4,4,0,0,否,否,是,1,1,696098,696101,6471779685603537,9476100.0,9476068.0,2段连消/续转 / 金色符号/百搭转换
连消/掉落,917.json,917,75,金色/百搭,https://fish-games.s3.amazonaws.com/MahjongWays2/index.html?env=ceshislot.osshaiwai.com&hasFloat=0&token=436475c81b51e6893c740657870f86b7&language=en&debug=1&debugDataPath=https://raw.githubusercontent.com/jygameclub/testdataapi/main/mahjong2date/0525_0523&debugStart=917,https://raw.githubusercontent.com/jygameclub/testdataapi/main/mahjong2date/0525_0523/917.json,https://raw.githubusercontent.com/jygameclub/testdataapi/main/mahjong2date/0525_0523,普通中奖,8.00,0.20,2,1,5,5,5,0,0,否,否,是,1,0,696298,696299,9181779685637371,9475704.0,9475672.0,2段连消/续转 / 金色符号/百搭转换
连消/掉落,965.json,965,75,金色/百搭,https://fish-games.s3.amazonaws.com/MahjongWays2/index.html?env=ceshislot.osshaiwai.com&hasFloat=0&token=436475c81b51e6893c740657870f86b7&language=en&debug=1&debugDataPath=https://raw.githubusercontent.com/jygameclub/testdataapi/main/mahjong2date/0525_0523&debugStart=965,https://raw.githubusercontent.com/jygameclub/testdataapi/main/mahjong2date/0525_0523/965.json,https://raw.githubusercontent.com/jygameclub/testdataapi/main/mahjong2date/0525_0523,普通中奖,8.00,0.20,2,1,4,4,4,0,0,否,否,是,1,1,696490,696493,9921779685863602,9478108.0,9478076.0,2段连消/续转 / 金色符号/百搭转换
连消/掉落,966.json,966,75,金色/百搭,https://fish-games.s3.amazonaws.com/MahjongWays2/index.html?env=ceshislot.osshaiwai.com&hasFloat=0&token=436475c81b51e6893c740657870f86b7&language=en&debug=1&debugDataPath=https://raw.githubusercontent.com/jygameclub/testdataapi/main/mahjong2date/0525_0523&debugStart=966,https://raw.githubusercontent.com/jygameclub/testdataapi/main/mahjong2date/0525_0523/966.json,https://raw.githubusercontent.com/jygameclub/testdataapi/main/mahjong2date/0525_0523,普通中奖,8.00,0.20,2,1,5,5,5,0,0,否,否,是,1,0,696495,696496,8171779685867352,9478076.0,9478044.0,2段连消/续转 / 金色符号/百搭转换
连消/掉落,1000.json,1000,75,金色/百搭,https://fish-games.s3.amazonaws.com/MahjongWays2/index.html?env=ceshislot.osshaiwai.com&hasFloat=0&token=436475c81b51e6893c740657870f86b7&language=en&debug=1&debugDataPath=https://raw.githubusercontent.com/jygameclub/testdataapi/main/mahjong2date/0525_0523&debugStart=1000,https://raw.githubusercontent.com/jygameclub/testdataapi/main/mahjong2date/0525_0523/1000.json,https://raw.githubusercontent.com/jygameclub/testdataapi/main/mahjong2date/0525_0523,普通中奖,8.00,0.20,2,1,5,5,5,0,0,否,否,是,1,0,696679,696680,7981779686145400,9477964.0,9477932.0,2段连消/续转 / 金色符号/百搭转换
连消/掉落,154.json,154,75,金色/百搭,https://fish-games.s3.amazonaws.com/MahjongWays2/index.html?env=ceshislot.osshaiwai.com&hasFloat=0&token=436475c81b51e6893c740657870f86b7&language=en&debug=1&debugDataPath=https://raw.githubusercontent.com/jygameclub/testdataapi/main/mahjong2date/0525_0523&debugStart=154,https://raw.githubusercontent.com/jygameclub/testdataapi/main/mahjong2date/0525_0523/154.json,https://raw.githubusercontent.com/jygameclub/testdataapi/main/mahjong2date/0525_0523,普通中奖,6.00,0.15,2,1,5,5,5,0,0,否,否,是,1,1,684224,684225,8461779682865725,9482318.0,9482284.0,2段连消/续转 / 金色符号/百搭转换
连消/掉落,197.json,197,75,金色/百搭,https://fish-games.s3.amazonaws.com/MahjongWays2/index.html?env=ceshislot.osshaiwai.com&hasFloat=0&token=436475c81b51e6893c740657870f86b7&language=en&debug=1&debugDataPath=https://raw.githubusercontent.com/jygameclub/testdataapi/main/mahjong2date/0525_0523&debugStart=197,https://raw.githubusercontent.com/jygameclub/testdataapi/main/mahjong2date/0525_0523/197.json,https://raw.githubusercontent.com/jygameclub/testdataapi/main/mahjong2date/0525_0523,普通中奖,6.00,0.15,2,1,5,5,5,0,0,否,否,是,1,2,684290,684291,4611779682936108,9480818.0,9480784.0,2段连消/续转 / 金色符号/百搭转换
连消/掉落,220.json,220,75,金色/百搭,https://fish-games.s3.amazonaws.com/MahjongWays2/index.html?env=ceshislot.osshaiwai.com&hasFloat=0&token=436475c81b51e6893c740657870f86b7&language=en&debug=1&debugDataPath=https://raw.githubusercontent.com/jygameclub/testdataapi/main/mahjong2date/0525_0523&debugStart=220,https://raw.githubusercontent.com/jygameclub/testdataapi/main/mahjong2date/0525_0523/220.json,https://raw.githubusercontent.com/jygameclub/testdataapi/main/mahjong2date/0525_0523,普通中奖,6.00,0.15,2,1,2,3,3,1,1,否,否,是,1,0,684340,684341,2161779682987574,9480578.0,9480544.0,2段连消/续转 / 金色符号/百搭转换
连消/掉落,249.json,249,75,金色/百搭,https://fish-games.s3.amazonaws.com/MahjongWays2/index.html?env=ceshislot.osshaiwai.com&hasFloat=0&token=436475c81b51e6893c740657870f86b7&language=en&debug=1&debugDataPath=https://raw.githubusercontent.com/jygameclub/testdataapi/main/mahjong2date/0525_0523&debugStart=249,https://raw.githubusercontent.com/jygameclub/testdataapi/main/mahjong2date/0525_0523/249.json,https://raw.githubusercontent.com/jygameclub/testdataapi/main/mahjong2date/0525_0523,普通中奖,6.00,0.15,2,1,3,3,3,0,0,否,否,是,1,2,684392,684394,9581779683032457,9479500.0,9479466.0,2段连消/续转 / 金色符号/百搭转换
连消/掉落,283.json,283,75,金色/百搭,https://fish-games.s3.amazonaws.com/MahjongWays2/index.html?env=ceshislot.osshaiwai.com&hasFloat=0&token=436475c81b51e6893c740657870f86b7&language=en&debug=1&debugDataPath=https://raw.githubusercontent.com/jygameclub/testdataapi/main/mahjong2date/0525_0523&debugStart=283,https://raw.githubusercontent.com/jygameclub/testdataapi/main/mahjong2date/0525_0523/283.json,https://raw.githubusercontent.com/jygameclub/testdataapi/main/mahjong2date/0525_0523,普通中奖,6.00,0.15,2,1,5,5,5,0,0,否,否,是,1,0,684453,684454,5151779683090025,9478412.0,9478378.0,2段连消/续转 / 金色符号/百搭转换
连消/掉落,525.json,525,75,金色/百搭,https://fish-games.s3.amazonaws.com/MahjongWays2/index.html?env=ceshislot.osshaiwai.com&hasFloat=0&token=436475c81b51e6893c740657870f86b7&language=en&debug=1&debugDataPath=https://raw.githubusercontent.com/jygameclub/testdataapi/main/mahjong2date/0525_0523&debugStart=525,https://raw.githubusercontent.com/jygameclub/testdataapi/main/mahjong2date/0525_0523/525.json,https://raw.githubusercontent.com/jygameclub/testdataapi/main/mahjong2date/0525_0523,普通中奖,6.00,0.15,2,1,4,4,4,0,0,否,否,是,1,0,687559,687562,4751779684194505,9476270.0,9476236.0,2段连消/续转 / 金色符号/百搭转换
连消/掉落,538.json,538,75,金色/百搭,https://fish-games.s3.amazonaws.com/MahjongWays2/index.html?env=ceshislot.osshaiwai.com&hasFloat=0&token=436475c81b51e6893c740657870f86b7&language=en&debug=1&debugDataPath=https://raw.githubusercontent.com/jygameclub/testdataapi/main/mahjong2date/0525_0523&debugStart=538,https://raw.githubusercontent.com/jygameclub/testdataapi/main/mahjong2date/0525_0523/538.json,https://raw.githubusercontent.com/jygameclub/testdataapi/main/mahjong2date/0525_0523,普通中奖,6.00,0.15,2,1,5,5,5,0,0,否,否,是,1,2,689562,689564,9401779684570592,9476090.0,9476056.0,2段连消/续转 / 金色符号/百搭转换
连消/掉落,551.json,551,75,金色/百搭,https://fish-games.s3.amazonaws.com/MahjongWays2/index.html?env=ceshislot.osshaiwai.com&hasFloat=0&token=436475c81b51e6893c740657870f86b7&language=en&debug=1&debugDataPath=https://raw.githubusercontent.com/jygameclub/testdataapi/main/mahjong2date/0525_0523&debugStart=551,https://raw.githubusercontent.com/jygameclub/testdataapi/main/mahjong2date/0525_0523/551.json,https://raw.githubusercontent.com/jygameclub/testdataapi/main/mahjong2date/0525_0523,普通中奖,6.00,0.15,2,1,3,3,3,0,0,否,否,是,1,1,689777,689786,2351779684606609,9476136.0,9476102.0,2段连消/续转 / 金色符号/百搭转换
连消/掉落,604.json,604,75,金色/百搭,https://fish-games.s3.amazonaws.com/MahjongWays2/index.html?env=ceshislot.osshaiwai.com&hasFloat=0&token=436475c81b51e6893c740657870f86b7&language=en&debug=1&debugDataPath=https://raw.githubusercontent.com/jygameclub/testdataapi/main/mahjong2date/0525_0523&debugStart=604,https://raw.githubusercontent.com/jygameclub/testdataapi/main/mahjong2date/0525_0523/604.json,https://raw.githubusercontent.com/jygameclub/testdataapi/main/mahjong2date/0525_0523,普通中奖,6.00,0.15,2,1,4,4,4,0,0,否,否,是,1,0,690570,690573,8941779684734377,9476496.0,9476462.0,2段连消/续转 / 金色符号/百搭转换
连消/掉落,681.json,681,75,金色/百搭,https://fish-games.s3.amazonaws.com/MahjongWays2/index.html?env=ceshislot.osshaiwai.com&hasFloat=0&token=436475c81b51e6893c740657870f86b7&language=en&debug=1&debugDataPath=https://raw.githubusercontent.com/jygameclub/testdataapi/main/mahjong2date/0525_0523&debugStart=681,https://raw.githubusercontent.com/jygameclub/testdataapi/main/mahjong2date/0525_0523/681.json,https://raw.githubusercontent.com/jygameclub/testdataapi/main/mahjong2date/0525_0523,普通中奖,6.00,0.15,2,1,5,5,5,0,0,否,否,是,1,2,692692,692701,6841779685076906,9480280.0,9480246.0,2段连消/续转 / 金色符号/百搭转换
连消/掉落,714.json,714,75,金色/百搭,https://fish-games.s3.amazonaws.com/MahjongWays2/index.html?env=ceshislot.osshaiwai.com&hasFloat=0&token=436475c81b51e6893c740657870f86b7&language=en&debug=1&debugDataPath=https://raw.githubusercontent.com/jygameclub/testdataapi/main/mahjong2date/0525_0523&debugStart=714,https://raw.githubusercontent.com/jygameclub/testdataapi/main/mahjong2date/0525_0523/714.json,https://raw.githubusercontent.com/jygameclub/testdataapi/main/mahjong2date/0525_0523,普通中奖,6.00,0.15,2,1,5,5,5,0,0,否,否,是,1,0,693080,693083,5091779685136806,9479318.0,9479284.0,2段连消/续转 / 金色符号/百搭转换
连消/掉落,725.json,725,75,金色/百搭,https://fish-games.s3.amazonaws.com/MahjongWays2/index.html?env=ceshislot.osshaiwai.com&hasFloat=0&token=436475c81b51e6893c740657870f86b7&language=en&debug=1&debugDataPath=https://raw.githubusercontent.com/jygameclub/testdataapi/main/mahjong2date/0525_0523&debugStart=725,https://raw.githubusercontent.com/jygameclub/testdataapi/main/mahjong2date/0525_0523/725.json,https://raw.githubusercontent.com/jygameclub/testdataapi/main/mahjong2date/0525_0523,普通中奖,6.00,0.15,2,1,4,4,4,0,0,否,否,是,1,0,693183,693186,8521779685152740,9478900.0,9478866.0,2段连消/续转 / 金色符号/百搭转换
连消/掉落,814.json,814,75,金色/百搭,https://fish-games.s3.amazonaws.com/MahjongWays2/index.html?env=ceshislot.osshaiwai.com&hasFloat=0&token=436475c81b51e6893c740657870f86b7&language=en&debug=1&debugDataPath=https://raw.githubusercontent.com/jygameclub/testdataapi/main/mahjong2date/0525_0523&debugStart=814,https://raw.githubusercontent.com/jygameclub/testdataapi/main/mahjong2date/0525_0523/814.json,https://raw.githubusercontent.com/jygameclub/testdataapi/main/mahjong2date/0525_0523,普通中奖,6.00,0.15,2,1,7,7,7,0,0,否,否,是,2,0,694960,694964,8451779685436687,9477508.0,9477474.0,2段连消/续转 / 金色符号/百搭转换
连消/掉落,816.json,816,75,金色/百搭,https://fish-games.s3.amazonaws.com/MahjongWays2/index.html?env=ceshislot.osshaiwai.com&hasFloat=0&token=436475c81b51e6893c740657870f86b7&language=en&debug=1&debugDataPath=https://raw.githubusercontent.com/jygameclub/testdataapi/main/mahjong2date/0525_0523&debugStart=816,https://raw.githubusercontent.com/jygameclub/testdataapi/main/mahjong2date/0525_0523/816.json,https://raw.githubusercontent.com/jygameclub/testdataapi/main/mahjong2date/0525_0523,普通中奖,6.00,0.15,2,1,3,3,3,0,0,否,否,是,1,0,694988,694991,2711779685440754,9477434.0,9477400.0,2段连消/续转 / 金色符号/百搭转换
连消/掉落,826.json,826,75,金色/百搭,https://fish-games.s3.amazonaws.com/MahjongWays2/index.html?env=ceshislot.osshaiwai.com&hasFloat=0&token=436475c81b51e6893c740657870f86b7&language=en&debug=1&debugDataPath=https://raw.githubusercontent.com/jygameclub/testdataapi/main/mahjong2date/0525_0523&debugStart=826,https://raw.githubusercontent.com/jygameclub/testdataapi/main/mahjong2date/0525_0523/826.json,https://raw.githubusercontent.com/jygameclub/testdataapi/main/mahjong2date/0525_0523,普通中奖,6.00,0.15,2,1,5,5,5,0,0,否,否,是,1,0,695103,695106,1781779685457438,9477086.0,9477052.0,2段连消/续转 / 金色符号/百搭转换
连消/掉落,862.json,862,75,金色/百搭,https://fish-games.s3.amazonaws.com/MahjongWays2/index.html?env=ceshislot.osshaiwai.com&hasFloat=0&token=436475c81b51e6893c740657870f86b7&language=en&debug=1&debugDataPath=https://raw.githubusercontent.com/jygameclub/testdataapi/main/mahjong2date/0525_0523&debugStart=862,https://raw.githubusercontent.com/jygameclub/testdataapi/main/mahjong2date/0525_0523/862.json,https://raw.githubusercontent.com/jygameclub/testdataapi/main/mahjong2date/0525_0523,普通中奖,6.00,0.15,2,1,5,5,5,0,0,否,否,是,1,0,695555,695559,3701779685524103,9476578.0,9476544.0,2段连消/续转 / 金色符号/百搭转换
连消/掉落,909.json,909,75,金色/百搭,https://fish-games.s3.amazonaws.com/MahjongWays2/index.html?env=ceshislot.osshaiwai.com&hasFloat=0&token=436475c81b51e6893c740657870f86b7&language=en&debug=1&debugDataPath=https://raw.githubusercontent.com/jygameclub/testdataapi/main/mahjong2date/0525_0523&debugStart=909,https://raw.githubusercontent.com/jygameclub/testdataapi/main/mahjong2date/0525_0523/909.json,https://raw.githubusercontent.com/jygameclub/testdataapi/main/mahjong2date/0525_0523,普通中奖,6.00,0.15,2,1,5,5,5,0,0,否,否,是,1,1,696216,696225,3791779685621320,9475930.0,9475896.0,2段连消/续转 / 金色符号/百搭转换
连消/掉落,920.json,920,75,金色/百搭,https://fish-games.s3.amazonaws.com/MahjongWays2/index.html?env=ceshislot.osshaiwai.com&hasFloat=0&token=436475c81b51e6893c740657870f86b7&language=en&debug=1&debugDataPath=https://raw.githubusercontent.com/jygameclub/testdataapi/main/mahjong2date/0525_0523&debugStart=920,https://raw.githubusercontent.com/jygameclub/testdataapi/main/mahjong2date/0525_0523/920.json,https://raw.githubusercontent.com/jygameclub/testdataapi/main/mahjong2date/0525_0523,普通中奖,6.00,0.15,2,1,5,5,5,0,0,否,否,是,1,0,696305,696306,1941779685644170,9475604.0,9475570.0,2段连消/续转 / 金色符号/百搭转换
连消/掉落,925.json,925,75,金色/百搭,https://fish-games.s3.amazonaws.com/MahjongWays2/index.html?env=ceshislot.osshaiwai.com&hasFloat=0&token=436475c81b51e6893c740657870f86b7&language=en&debug=1&debugDataPath=https://raw.githubusercontent.com/jygameclub/testdataapi/main/mahjong2date/0525_0523&debugStart=925,https://raw.githubusercontent.com/jygameclub/testdataapi/main/mahjong2date/0525_0523/925.json,https://raw.githubusercontent.com/jygameclub/testdataapi/main/mahjong2date/0525_0523,普通中奖,6.00,0.15,2,1,4,5,5,1,1,否,否,是,1,1,696318,696320,4871779685652720,9475442.0,9475408.0,2段连消/续转 / 金色符号/百搭转换
连消/掉落,993.json,993,75,金色/百搭,https://fish-games.s3.amazonaws.com/MahjongWays2/index.html?env=ceshislot.osshaiwai.com&hasFloat=0&token=436475c81b51e6893c740657870f86b7&language=en&debug=1&debugDataPath=https://raw.githubusercontent.com/jygameclub/testdataapi/main/mahjong2date/0525_0523&debugStart=993,https://raw.githubusercontent.com/jygameclub/testdataapi/main/mahjong2date/0525_0523/993.json,https://raw.githubusercontent.com/jygameclub/testdataapi/main/mahjong2date/0525_0523,普通中奖,6.00,0.15,2,1,3,3,3,0,0,否,否,是,1,1,696664,696665,2271779686132585,9478194.0,9478160.0,2段连消/续转 / 金色符号/百搭转换
连消/掉落,006.json,6,75,金色/百搭,https://fish-games.s3.amazonaws.com/MahjongWays2/index.html?env=ceshislot.osshaiwai.com&hasFloat=0&token=436475c81b51e6893c740657870f86b7&language=en&debug=1&debugDataPath=https://raw.githubusercontent.com/jygameclub/testdataapi/main/mahjong2date/0525_0523&debugStart=6,https://raw.githubusercontent.com/jygameclub/testdataapi/main/mahjong2date/0525_0523/006.json,https://raw.githubusercontent.com/jygameclub/testdataapi/main/mahjong2date/0525_0523,普通中奖,4.00,0.10,2,1,4,4,4,0,0,否,否,是,1,0,683907,683908,8251779682539872,9484616.0,9484580.0,2段连消/续转 / 金色符号/百搭转换
连消/掉落,030.json,30,75,金色/百搭,https://fish-games.s3.amazonaws.com/MahjongWays2/index.html?env=ceshislot.osshaiwai.com&hasFloat=0&token=436475c81b51e6893c740657870f86b7&language=en&debug=1&debugDataPath=https://raw.githubusercontent.com/jygameclub/testdataapi/main/mahjong2date/0525_0523&debugStart=30,https://raw.githubusercontent.com/jygameclub/testdataapi/main/mahjong2date/0525_0523/030.json,https://raw.githubusercontent.com/jygameclub/testdataapi/main/mahjong2date/0525_0523,普通中奖,4.00,0.10,2,1,4,4,4,0,0,否,否,是,1,0,683959,683960,1771779682591693,9484678.0,9484642.0,2段连消/续转 / 金色符号/百搭转换
连消/掉落,031.json,31,75,金色/百搭,https://fish-games.s3.amazonaws.com/MahjongWays2/index.html?env=ceshislot.osshaiwai.com&hasFloat=0&token=436475c81b51e6893c740657870f86b7&language=en&debug=1&debugDataPath=https://raw.githubusercontent.com/jygameclub/testdataapi/main/mahjong2date/0525_0523&debugStart=31,https://raw.githubusercontent.com/jygameclub/testdataapi/main/mahjong2date/0525_0523/031.json,https://raw.githubusercontent.com/jygameclub/testdataapi/main/mahjong2date/0525_0523,普通中奖,4.00,0.10,2,1,3,3,3,0,0,否,否,是,1,1,683962,683963,7211779682594343,9484642.0,9484606.0,2段连消/续转 / 金色符号/百搭转换
连消/掉落,038.json,38,75,金色/百搭,https://fish-games.s3.amazonaws.com/MahjongWays2/index.html?env=ceshislot.osshaiwai.com&hasFloat=0&token=436475c81b51e6893c740657870f86b7&language=en&debug=1&debugDataPath=https://raw.githubusercontent.com/jygameclub/testdataapi/main/mahjong2date/0525_0523&debugStart=38,https://raw.githubusercontent.com/jygameclub/testdataapi/main/mahjong2date/0525_0523/038.json,https://raw.githubusercontent.com/jygameclub/testdataapi/main/mahjong2date/0525_0523,普通中奖,4.00,0.10,2,1,4,4,4,0,0,否,否,是,1,0,683982,683984,5231779682614360,9484638.0,9484602.0,2段连消/续转 / 金色符号/百搭转换
连消/掉落,048.json,48,75,金色/百搭,https://fish-games.s3.amazonaws.com/MahjongWays2/index.html?env=ceshislot.osshaiwai.com&hasFloat=0&token=436475c81b51e6893c740657870f86b7&language=en&debug=1&debugDataPath=https://raw.githubusercontent.com/jygameclub/testdataapi/main/mahjong2date/0525_0523&debugStart=48,https://raw.githubusercontent.com/jygameclub/testdataapi/main/mahjong2date/0525_0523/048.json,https://raw.githubusercontent.com/jygameclub/testdataapi/main/mahjong2date/0525_0523,普通中奖,4.00,0.10,2,1,4,4,4,0,0,否,否,是,1,0,684000,684001,2451779682630761,9484286.0,9484250.0,2段连消/续转 / 金色符号/百搭转换
连消/掉落,057.json,57,75,金色/百搭,https://fish-games.s3.amazonaws.com/MahjongWays2/index.html?env=ceshislot.osshaiwai.com&hasFloat=0&token=436475c81b51e6893c740657870f86b7&language=en&debug=1&debugDataPath=https://raw.githubusercontent.com/jygameclub/testdataapi/main/mahjong2date/0525_0523&debugStart=57,https://raw.githubusercontent.com/jygameclub/testdataapi/main/mahjong2date/0525_0523/057.json,https://raw.githubusercontent.com/jygameclub/testdataapi/main/mahjong2date/0525_0523,普通中奖,4.00,0.10,2,1,4,4,4,0,0,否,否,是,1,0,684020,684021,7541779682652109,9484082.0,9484046.0,2段连消/续转 / 金色符号/百搭转换
连消/掉落,078.json,78,75,金色/百搭,https://fish-games.s3.amazonaws.com/MahjongWays2/index.html?env=ceshislot.osshaiwai.com&hasFloat=0&token=436475c81b51e6893c740657870f86b7&language=en&debug=1&debugDataPath=https://raw.githubusercontent.com/jygameclub/testdataapi/main/mahjong2date/0525_0523&debugStart=78,https://raw.githubusercontent.com/jygameclub/testdataapi/main/mahjong2date/0525_0523/078.json,https://raw.githubusercontent.com/jygameclub/testdataapi/main/mahjong2date/0525_0523,普通中奖,4.00,0.10,2,1,4,4,4,0,0,否,否,是,1,1,684078,684080,6811779682711843,9483848.0,9483812.0,2段连消/续转 / 金色符号/百搭转换
连消/掉落,139.json,139,75,金色/百搭,https://fish-games.s3.amazonaws.com/MahjongWays2/index.html?env=ceshislot.osshaiwai.com&hasFloat=0&token=436475c81b51e6893c740657870f86b7&language=en&debug=1&debugDataPath=https://raw.githubusercontent.com/jygameclub/testdataapi/main/mahjong2date/0525_0523&debugStart=139,https://raw.githubusercontent.com/jygameclub/testdataapi/main/mahjong2date/0525_0523/139.json,https://raw.githubusercontent.com/jygameclub/testdataapi/main/mahjong2date/0525_0523,普通中奖,4.00,0.10,2,1,4,4,4,0,0,否,否,是,1,1,684192,684193,8321779682830475,9482186.0,9482150.0,2段连消/续转 / 金色符号/百搭转换
连消/掉落,165.json,165,75,金色/百搭,https://fish-games.s3.amazonaws.com/MahjongWays2/index.html?env=ceshislot.osshaiwai.com&hasFloat=0&token=436475c81b51e6893c740657870f86b7&language=en&debug=1&debugDataPath=https://raw.githubusercontent.com/jygameclub/testdataapi/main/mahjong2date/0525_0523&debugStart=165,https://raw.githubusercontent.com/jygameclub/testdataapi/main/mahjong2date/0525_0523/165.json,https://raw.githubusercontent.com/jygameclub/testdataapi/main/mahjong2date/0525_0523,普通中奖,4.00,0.10,2,1,4,4,4,0,0,否,否,是,1,0,684239,684240,9361779682884960,9481964.0,9481928.0,2段连消/续转 / 金色符号/百搭转换
连消/掉落,181.json,181,75,金色/百搭,https://fish-games.s3.amazonaws.com/MahjongWays2/index.html?env=ceshislot.osshaiwai.com&hasFloat=0&token=436475c81b51e6893c740657870f86b7&language=en&debug=1&debugDataPath=https://raw.githubusercontent.com/jygameclub/testdataapi/main/mahjong2date/0525_0523&debugStart=181,https://raw.githubusercontent.com/jygameclub/testdataapi/main/mahjong2date/0525_0523/181.json,https://raw.githubusercontent.com/jygameclub/testdataapi/main/mahjong2date/0525_0523,普通中奖,4.00,0.10,2,1,4,4,4,0,0,否,否,是,1,2,684268,684269,8191779682911659,9481390.0,9481354.0,2段连消/续转 / 金色符号/百搭转换
连消/掉落,224.json,224,75,金色/百搭,https://fish-games.s3.amazonaws.com/MahjongWays2/index.html?env=ceshislot.osshaiwai.com&hasFloat=0&token=436475c81b51e6893c740657870f86b7&language=en&debug=1&debugDataPath=https://raw.githubusercontent.com/jygameclub/testdataapi/main/mahjong2date/0525_0523&debugStart=224,https://raw.githubusercontent.com/jygameclub/testdataapi/main/mahjong2date/0525_0523/224.json,https://raw.githubusercontent.com/jygameclub/testdataapi/main/mahjong2date/0525_0523,普通中奖,4.00,0.10,2,1,4,4,4,0,0,否,否,是,1,0,684347,684348,1901779682993874,9480424.0,9480388.0,2段连消/续转 / 金色符号/百搭转换
连消/掉落,245.json,245,75,金色/百搭,https://fish-games.s3.amazonaws.com/MahjongWays2/index.html?env=ceshislot.osshaiwai.com&hasFloat=0&token=436475c81b51e6893c740657870f86b7&language=en&debug=1&debugDataPath=https://raw.githubusercontent.com/jygameclub/testdataapi/main/mahjong2date/0525_0523&debugStart=245,https://raw.githubusercontent.com/jygameclub/testdataapi/main/mahjong2date/0525_0523/245.json,https://raw.githubusercontent.com/jygameclub/testdataapi/main/mahjong2date/0525_0523,普通中奖,4.00,0.10,2,1,4,4,4,0,0,否,否,是,1,0,684381,684382,1911779683021742,9479612.0,9479576.0,2段连消/续转 / 金色符号/百搭转换
连消/掉落,269.json,269,75,金色/百搭,https://fish-games.s3.amazonaws.com/MahjongWays2/index.html?env=ceshislot.osshaiwai.com&hasFloat=0&token=436475c81b51e6893c740657870f86b7&language=en&debug=1&debugDataPath=https://raw.githubusercontent.com/jygameclub/testdataapi/main/mahjong2date/0525_0523&debugStart=269,https://raw.githubusercontent.com/jygameclub/testdataapi/main/mahjong2date/0525_0523/269.json,https://raw.githubusercontent.com/jygameclub/testdataapi/main/mahjong2date/0525_0523,普通中奖,4.00,0.10,2,1,3,3,3,0,0,否,否,是,1,0,684428,684429,6881779683068575,9478928.0,9478892.0,2段连消/续转 / 金色符号/百搭转换
连消/掉落,277.json,277,75,金色/百搭,https://fish-games.s3.amazonaws.com/MahjongWays2/index.html?env=ceshislot.osshaiwai.com&hasFloat=0&token=436475c81b51e6893c740657870f86b7&language=en&debug=1&debugDataPath=https://raw.githubusercontent.com/jygameclub/testdataapi/main/mahjong2date/0525_0523&debugStart=277,https://raw.githubusercontent.com/jygameclub/testdataapi/main/mahjong2date/0525_0523/277.json,https://raw.githubusercontent.com/jygameclub/testdataapi/main/mahjong2date/0525_0523,普通中奖,4.00,0.10,2,1,3,3,3,0,0,否,否,是,1,1,684443,684444,4021779683081607,9478648.0,9478612.0,2段连消/续转 / 金色符号/百搭转换
连消/掉落,328.json,328,75,金色/百搭,https://fish-games.s3.amazonaws.com/MahjongWays2/index.html?env=ceshislot.osshaiwai.com&hasFloat=0&token=436475c81b51e6893c740657870f86b7&language=en&debug=1&debugDataPath=https://raw.githubusercontent.com/jygameclub/testdataapi/main/mahjong2date/0525_0523&debugStart=328,https://raw.githubusercontent.com/jygameclub/testdataapi/main/mahjong2date/0525_0523/328.json,https://raw.githubusercontent.com/jygameclub/testdataapi/main/mahjong2date/0525_0523,普通中奖,4.00,0.10,2,1,4,4,4,0,0,否,否,是,1,1,684533,684534,8671779683167790,9477538.0,9477502.0,2段连消/续转 / 金色符号/百搭转换
连消/掉落,377.json,377,75,金色/百搭,https://fish-games.s3.amazonaws.com/MahjongWays2/index.html?env=ceshislot.osshaiwai.com&hasFloat=0&token=436475c81b51e6893c740657870f86b7&language=en&debug=1&debugDataPath=https://raw.githubusercontent.com/jygameclub/testdataapi/main/mahjong2date/0525_0523&debugStart=377,https://raw.githubusercontent.com/jygameclub/testdataapi/main/mahjong2date/0525_0523/377.json,https://raw.githubusercontent.com/jygameclub/testdataapi/main/mahjong2date/0525_0523,普通中奖,4.00,0.10,2,1,4,4,4,0,0,否,否,是,1,0,684699,684700,2841779683559124,9476994.0,9476958.0,2段连消/续转 / 金色符号/百搭转换
连消/掉落,432.json,432,75,金色/百搭,https://fish-games.s3.amazonaws.com/MahjongWays2/index.html?env=ceshislot.osshaiwai.com&hasFloat=0&token=436475c81b51e6893c740657870f86b7&language=en&debug=1&debugDataPath=https://raw.githubusercontent.com/jygameclub/testdataapi/main/mahjong2date/0525_0523&debugStart=432,https://raw.githubusercontent.com/jygameclub/testdataapi/main/mahjong2date/0525_0523/432.json,https://raw.githubusercontent.com/jygameclub/testdataapi/main/mahjong2date/0525_0523,普通中奖,4.00,0.10,2,1,4,4,4,0,0,否,否,是,1,1,684927,684928,3861779683755974,9476164.0,9476128.0,2段连消/续转 / 金色符号/百搭转换
连消/掉落,449.json,449,75,金色/百搭,https://fish-games.s3.amazonaws.com/MahjongWays2/index.html?env=ceshislot.osshaiwai.com&hasFloat=0&token=436475c81b51e6893c740657870f86b7&language=en&debug=1&debugDataPath=https://raw.githubusercontent.com/jygameclub/testdataapi/main/mahjong2date/0525_0523&debugStart=449,https://raw.githubusercontent.com/jygameclub/testdataapi/main/mahjong2date/0525_0523/449.json,https://raw.githubusercontent.com/jygameclub/testdataapi/main/mahjong2date/0525_0523,普通中奖,4.00,0.10,2,1,4,4,4,0,0,否,否,是,1,0,686226,686230,1731779683982338,9478654.0,9478618.0,2段连消/续转 / 金色符号/百搭转换
连消/掉落,474.json,474,75,金色/百搭,https://fish-games.s3.amazonaws.com/MahjongWays2/index.html?env=ceshislot.osshaiwai.com&hasFloat=0&token=436475c81b51e6893c740657870f86b7&language=en&debug=1&debugDataPath=https://raw.githubusercontent.com/jygameclub/testdataapi/main/mahjong2date/0525_0523&debugStart=474,https://raw.githubusercontent.com/jygameclub/testdataapi/main/mahjong2date/0525_0523/474.json,https://raw.githubusercontent.com/jygameclub/testdataapi/main/mahjong2date/0525_0523,普通中奖,4.00,0.10,2,1,4,4,4,0,0,否,否,是,1,0,686536,686539,7391779684029754,9478000.0,9477964.0,2段连消/续转 / 金色符号/百搭转换
连消/掉落,505.json,505,75,金色/百搭,https://fish-games.s3.amazonaws.com/MahjongWays2/index.html?env=ceshislot.osshaiwai.com&hasFloat=0&token=436475c81b51e6893c740657870f86b7&language=en&debug=1&debugDataPath=https://raw.githubusercontent.com/jygameclub/testdataapi/main/mahjong2date/0525_0523&debugStart=505,https://raw.githubusercontent.com/jygameclub/testdataapi/main/mahjong2date/0525_0523/505.json,https://raw.githubusercontent.com/jygameclub/testdataapi/main/mahjong2date/0525_0523,普通中奖,4.00,0.10,2,1,4,4,4,0,0,否,否,是,1,1,687343,687352,2671779684161603,9477018.0,9476982.0,2段连消/续转 / 金色符号/百搭转换
连消/掉落,539.json,539,75,金色/百搭,https://fish-games.s3.amazonaws.com/MahjongWays2/index.html?env=ceshislot.osshaiwai.com&hasFloat=0&token=436475c81b51e6893c740657870f86b7&language=en&debug=1&debugDataPath=https://raw.githubusercontent.com/jygameclub/testdataapi/main/mahjong2date/0525_0523&debugStart=539,https://raw.githubusercontent.com/jygameclub/testdataapi/main/mahjong2date/0525_0523/539.json,https://raw.githubusercontent.com/jygameclub/testdataapi/main/mahjong2date/0525_0523,普通中奖,4.00,0.10,2,1,4,4,4,0,0,否,否,是,1,1,689576,689584,2421779684573359,9476056.0,9476020.0,2段连消/续转 / 金色符号/百搭转换
连消/掉落,635.json,635,75,金色/百搭,https://fish-games.s3.amazonaws.com/MahjongWays2/index.html?env=ceshislot.osshaiwai.com&hasFloat=0&token=436475c81b51e6893c740657870f86b7&language=en&debug=1&debugDataPath=https://raw.githubusercontent.com/jygameclub/testdataapi/main/mahjong2date/0525_0523&debugStart=635,https://raw.githubusercontent.com/jygameclub/testdataapi/main/mahjong2date/0525_0523/635.json,https://raw.githubusercontent.com/jygameclub/testdataapi/main/mahjong2date/0525_0523,普通中奖,4.00,0.10,2,1,4,4,4,0,0,否,否,是,1,0,691639,691642,7511779684907191,9479884.0,9479848.0,2段连消/续转 / 金色符号/百搭转换
连消/掉落,698.json,698,75,金色/百搭,https://fish-games.s3.amazonaws.com/MahjongWays2/index.html?env=ceshislot.osshaiwai.com&hasFloat=0&token=436475c81b51e6893c740657870f86b7&language=en&debug=1&debugDataPath=https://raw.githubusercontent.com/jygameclub/testdataapi/main/mahjong2date/0525_0523&debugStart=698,https://raw.githubusercontent.com/jygameclub/testdataapi/main/mahjong2date/0525_0523/698.json,https://raw.githubusercontent.com/jygameclub/testdataapi/main/mahjong2date/0525_0523,普通中奖,4.00,0.10,2,1,4,4,4,0,0,否,否,是,1,0,692964,692967,2891779685119606,9479936.0,9479900.0,2段连消/续转 / 金色符号/百搭转换
连消/掉落,715.json,715,75,金色/百搭,https://fish-games.s3.amazonaws.com/MahjongWays2/index.html?env=ceshislot.osshaiwai.com&hasFloat=0&token=436475c81b51e6893c740657870f86b7&language=en&debug=1&debugDataPath=https://raw.githubusercontent.com/jygameclub/testdataapi/main/mahjong2date/0525_0523&debugStart=715,https://raw.githubusercontent.com/jygameclub/testdataapi/main/mahjong2date/0525_0523/715.json,https://raw.githubusercontent.com/jygameclub/testdataapi/main/mahjong2date/0525_0523,普通中奖,4.00,0.10,2,1,4,4,4,0,0,否,否,是,1,1,693099,693107,8761779685139472,9479284.0,9479248.0,2段连消/续转 / 金色符号/百搭转换
连消/掉落,747.json,747,75,金色/百搭,https://fish-games.s3.amazonaws.com/MahjongWays2/index.html?env=ceshislot.osshaiwai.com&hasFloat=0&token=436475c81b51e6893c740657870f86b7&language=en&debug=1&debugDataPath=https://raw.githubusercontent.com/jygameclub/testdataapi/main/mahjong2date/0525_0523&debugStart=747,https://raw.githubusercontent.com/jygameclub/testdataapi/main/mahjong2date/0525_0523/747.json,https://raw.githubusercontent.com/jygameclub/testdataapi/main/mahjong2date/0525_0523,普通中奖,4.00,0.10,2,1,3,3,3,0,0,否,否,是,1,0,693450,693453,2631779685195223,9478662.0,9478626.0,2段连消/续转 / 金色符号/百搭转换
连消/掉落,790.json,790,75,金色/百搭,https://fish-games.s3.amazonaws.com/MahjongWays2/index.html?env=ceshislot.osshaiwai.com&hasFloat=0&token=436475c81b51e6893c740657870f86b7&language=en&debug=1&debugDataPath=https://raw.githubusercontent.com/jygameclub/testdataapi/main/mahjong2date/0525_0523&debugStart=790,https://raw.githubusercontent.com/jygameclub/testdataapi/main/mahjong2date/0525_0523/790.json,https://raw.githubusercontent.com/jygameclub/testdataapi/main/mahjong2date/0525_0523,普通中奖,4.00,0.10,2,1,4,4,4,0,0,否,否,是,1,1,694553,694562,2771779685375672,9478058.0,9478022.0,2段连消/续转 / 金色符号/百搭转换
连消/掉落,794.json,794,75,金色/百搭,https://fish-games.s3.amazonaws.com/MahjongWays2/index.html?env=ceshislot.osshaiwai.com&hasFloat=0&token=436475c81b51e6893c740657870f86b7&language=en&debug=1&debugDataPath=https://raw.githubusercontent.com/jygameclub/testdataapi/main/mahjong2date/0525_0523&debugStart=794,https://raw.githubusercontent.com/jygameclub/testdataapi/main/mahjong2date/0525_0523/794.json,https://raw.githubusercontent.com/jygameclub/testdataapi/main/mahjong2date/0525_0523,普通中奖,4.00,0.10,2,1,4,4,4,0,0,否,否,是,1,0,694648,694651,2071779685390238,9477954.0,9477918.0,2段连消/续转 / 金色符号/百搭转换
连消/掉落,796.json,796,75,金色/百搭,https://fish-games.s3.amazonaws.com/MahjongWays2/index.html?env=ceshislot.osshaiwai.com&hasFloat=0&token=436475c81b51e6893c740657870f86b7&language=en&debug=1&debugDataPath=https://raw.githubusercontent.com/jygameclub/testdataapi/main/mahjong2date/0525_0523&debugStart=796,https://raw.githubusercontent.com/jygameclub/testdataapi/main/mahjong2date/0525_0523/796.json,https://raw.githubusercontent.com/jygameclub/testdataapi/main/mahjong2date/0525_0523,普通中奖,4.00,0.10,2,1,4,4,4,0,0,否,否,是,1,1,694675,694685,4251779685394305,9477878.0,9477842.0,2段连消/续转 / 金色符号/百搭转换
连消/掉落,834.json,834,75,金色/百搭,https://fish-games.s3.amazonaws.com/MahjongWays2/index.html?env=ceshislot.osshaiwai.com&hasFloat=0&token=436475c81b51e6893c740657870f86b7&language=en&debug=1&debugDataPath=https://raw.githubusercontent.com/jygameclub/testdataapi/main/mahjong2date/0525_0523&debugStart=834,https://raw.githubusercontent.com/jygameclub/testdataapi/main/mahjong2date/0525_0523/834.json,https://raw.githubusercontent.com/jygameclub/testdataapi/main/mahjong2date/0525_0523,普通中奖,4.00,0.10,2,1,3,4,4,1,1,否,否,是,1,0,695236,695239,9631779685476637,9477370.0,9477334.0,2段连消/续转 / 金色符号/百搭转换
连消/掉落,851.json,851,75,金色/百搭,https://fish-games.s3.amazonaws.com/MahjongWays2/index.html?env=ceshislot.osshaiwai.com&hasFloat=0&token=436475c81b51e6893c740657870f86b7&language=en&debug=1&debugDataPath=https://raw.githubusercontent.com/jygameclub/testdataapi/main/mahjong2date/0525_0523&debugStart=851,https://raw.githubusercontent.com/jygameclub/testdataapi/main/mahjong2date/0525_0523/851.json,https://raw.githubusercontent.com/jygameclub/testdataapi/main/mahjong2date/0525_0523,普通中奖,4.00,0.10,2,1,4,4,4,0,0,否,否,是,1,1,695466,695475,6911779685511070,9477014.0,9476978.0,2段连消/续转 / 金色符号/百搭转换
连消/掉落,910.json,910,75,金色/百搭,https://fish-games.s3.amazonaws.com/MahjongWays2/index.html?env=ceshislot.osshaiwai.com&hasFloat=0&token=436475c81b51e6893c740657870f86b7&language=en&debug=1&debugDataPath=https://raw.githubusercontent.com/jygameclub/testdataapi/main/mahjong2date/0525_0523&debugStart=910,https://raw.githubusercontent.com/jygameclub/testdataapi/main/mahjong2date/0525_0523/910.json,https://raw.githubusercontent.com/jygameclub/testdataapi/main/mahjong2date/0525_0523,普通中奖,4.00,0.10,2,1,4,4,4,0,0,否,否,是,1,0,696241,696244,8061779685625020,9475896.0,9475860.0,2段连消/续转 / 金色符号/百搭转换
连消/掉落,915.json,915,75,金色/百搭,https://fish-games.s3.amazonaws.com/MahjongWays2/index.html?env=ceshislot.osshaiwai.com&hasFloat=0&token=436475c81b51e6893c740657870f86b7&language=en&debug=1&debugDataPath=https://raw.githubusercontent.com/jygameclub/testdataapi/main/mahjong2date/0525_0523&debugStart=915,https://raw.githubusercontent.com/jygameclub/testdataapi/main/mahjong2date/0525_0523/915.json,https://raw.githubusercontent.com/jygameclub/testdataapi/main/mahjong2date/0525_0523,普通中奖,4.00,0.10,2,1,4,4,4,0,0,否,否,是,1,1,696294,696295,9761779685633820,9475780.0,9475744.0,2段连消/续转 / 金色符号/百搭转换
连消/掉落,933.json,933,75,金色/百搭,https://fish-games.s3.amazonaws.com/MahjongWays2/index.html?env=ceshislot.osshaiwai.com&hasFloat=0&token=436475c81b51e6893c740657870f86b7&language=en&debug=1&debugDataPath=https://raw.githubusercontent.com/jygameclub/testdataapi/main/mahjong2date/0525_0523&debugStart=933,https://raw.githubusercontent.com/jygameclub/testdataapi/main/mahjong2date/0525_0523/933.json,https://raw.githubusercontent.com/jygameclub/testdataapi/main/mahjong2date/0525_0523,普通中奖,4.00,0.10,2,1,4,4,4,0,0,否,否,是,1,0,696334,696335,2531779685662803,9475128.0,9475092.0,2段连消/续转 / 金色符号/百搭转换
连消/掉落,961.json,961,75,金色/百搭,https://fish-games.s3.amazonaws.com/MahjongWays2/index.html?env=ceshislot.osshaiwai.com&hasFloat=0&token=436475c81b51e6893c740657870f86b7&language=en&debug=1&debugDataPath=https://raw.githubusercontent.com/jygameclub/testdataapi/main/mahjong2date/0525_0523&debugStart=961,https://raw.githubusercontent.com/jygameclub/testdataapi/main/mahjong2date/0525_0523/961.json,https://raw.githubusercontent.com/jygameclub/testdataapi/main/mahjong2date/0525_0523,普通中奖,4.00,0.10,2,1,4,4,4,0,0,否,否,是,1,1,696476,696478,3511779685853236,9478232.0,9478196.0,2段连消/续转 / 金色符号/百搭转换
连消/掉落,994.json,994,75,金色/百搭,https://fish-games.s3.amazonaws.com/MahjongWays2/index.html?env=ceshislot.osshaiwai.com&hasFloat=0&token=436475c81b51e6893c740657870f86b7&language=en&debug=1&debugDataPath=https://raw.githubusercontent.com/jygameclub/testdataapi/main/mahjong2date/0525_0523&debugStart=994,https://raw.githubusercontent.com/jygameclub/testdataapi/main/mahjong2date/0525_0523/994.json,https://raw.githubusercontent.com/jygameclub/testdataapi/main/mahjong2date/0525_0523,普通中奖,4.00,0.10,2,1,4,4,4,0,0,否,否,是,1,0,696666,696667,9841779686136268,9478160.0,9478124.0,2段连消/续转 / 金色符号/百搭转换
连消/掉落,064.json,64,75,金色/百搭,https://fish-games.s3.amazonaws.com/MahjongWays2/index.html?env=ceshislot.osshaiwai.com&hasFloat=0&token=436475c81b51e6893c740657870f86b7&language=en&debug=1&debugDataPath=https://raw.githubusercontent.com/jygameclub/testdataapi/main/mahjong2date/0525_0523&debugStart=64,https://raw.githubusercontent.com/jygameclub/testdataapi/main/mahjong2date/0525_0523/064.json,https://raw.githubusercontent.com/jygameclub/testdataapi/main/mahjong2date/0525_0523,普通中奖,2.00,0.05,2,1,3,3,3,0,0,否,否,是,1,0,684040,684042,6931779682672943,9484048.0,9484010.0,2段连消/续转 / 金色符号/百搭转换
连消/掉落,092.json,92,75,金色/百搭,https://fish-games.s3.amazonaws.com/MahjongWays2/index.html?env=ceshislot.osshaiwai.com&hasFloat=0&token=436475c81b51e6893c740657870f86b7&language=en&debug=1&debugDataPath=https://raw.githubusercontent.com/jygameclub/testdataapi/main/mahjong2date/0525_0523&debugStart=92,https://raw.githubusercontent.com/jygameclub/testdataapi/main/mahjong2date/0525_0523/092.json,https://raw.githubusercontent.com/jygameclub/testdataapi/main/mahjong2date/0525_0523,普通中奖,2.00,0.05,2,1,3,3,3,0,0,否,否,是,1,1,684116,684117,6781779682749192,9483798.0,9483760.0,2段连消/续转 / 金色符号/百搭转换
连消/掉落,099.json,99,75,金色/百搭,https://fish-games.s3.amazonaws.com/MahjongWays2/index.html?env=ceshislot.osshaiwai.com&hasFloat=0&token=436475c81b51e6893c740657870f86b7&language=en&debug=1&debugDataPath=https://raw.githubusercontent.com/jygameclub/testdataapi/main/mahjong2date/0525_0523&debugStart=99,https://raw.githubusercontent.com/jygameclub/testdataapi/main/mahjong2date/0525_0523/099.json,https://raw.githubusercontent.com/jygameclub/testdataapi/main/mahjong2date/0525_0523,普通中奖,2.00,0.05,2,1,3,3,3,0,0,否,否,是,1,0,684130,684131,8421779682764709,9483600.0,9483562.0,2段连消/续转 / 金色符号/百搭转换
连消/掉落,101.json,101,75,金色/百搭,https://fish-games.s3.amazonaws.com/MahjongWays2/index.html?env=ceshislot.osshaiwai.com&hasFloat=0&token=436475c81b51e6893c740657870f86b7&language=en&debug=1&debugDataPath=https://raw.githubusercontent.com/jygameclub/testdataapi/main/mahjong2date/0525_0523&debugStart=101,https://raw.githubusercontent.com/jygameclub/testdataapi/main/mahjong2date/0525_0523/101.json,https://raw.githubusercontent.com/jygameclub/testdataapi/main/mahjong2date/0525_0523,普通中奖,2.00,0.05,2,1,3,3,3,0,0,否,否,是,1,2,684133,684134,2211779682768892,9483522.0,9483484.0,2段连消/续转 / 金色符号/百搭转换
连消/掉落,214.json,214,75,金色/百搭,https://fish-games.s3.amazonaws.com/MahjongWays2/index.html?env=ceshislot.osshaiwai.com&hasFloat=0&token=436475c81b51e6893c740657870f86b7&language=en&debug=1&debugDataPath=https://raw.githubusercontent.com/jygameclub/testdataapi/main/mahjong2date/0525_0523&debugStart=214,https://raw.githubusercontent.com/jygameclub/testdataapi/main/mahjong2date/0525_0523/214.json,https://raw.githubusercontent.com/jygameclub/testdataapi/main/mahjong2date/0525_0523,普通中奖,2.00,0.05,2,1,3,3,3,0,0,否,否,是,1,0,684325,684326,1821779682974208,9480668.0,9480630.0,2段连消/续转 / 金色符号/百搭转换
连消/掉落,257.json,257,75,金色/百搭,https://fish-games.s3.amazonaws.com/MahjongWays2/index.html?env=ceshislot.osshaiwai.com&hasFloat=0&token=436475c81b51e6893c740657870f86b7&language=en&debug=1&debugDataPath=https://raw.githubusercontent.com/jygameclub/testdataapi/main/mahjong2date/0525_0523&debugStart=257,https://raw.githubusercontent.com/jygameclub/testdataapi/main/mahjong2date/0525_0523/257.json,https://raw.githubusercontent.com/jygameclub/testdataapi/main/mahjong2date/0525_0523,普通中奖,2.00,0.05,2,1,3,3,3,0,0,否,否,是,1,0,684405,684406,7671779683043791,9479186.0,9479148.0,2段连消/续转 / 金色符号/百搭转换
连消/掉落,296.json,296,75,金色/百搭,https://fish-games.s3.amazonaws.com/MahjongWays2/index.html?env=ceshislot.osshaiwai.com&hasFloat=0&token=436475c81b51e6893c740657870f86b7&language=en&debug=1&debugDataPath=https://raw.githubusercontent.com/jygameclub/testdataapi/main/mahjong2date/0525_0523&debugStart=296,https://raw.githubusercontent.com/jygameclub/testdataapi/main/mahjong2date/0525_0523/296.json,https://raw.githubusercontent.com/jygameclub/testdataapi/main/mahjong2date/0525_0523,普通中奖,2.00,0.05,2,1,3,3,3,0,0,否,否,是,1,1,684474,684475,8421779683106723,9477934.0,9477896.0,2段连消/续转 / 金色符号/百搭转换
连消/掉落,361.json,361,75,金色/百搭,https://fish-games.s3.amazonaws.com/MahjongWays2/index.html?env=ceshislot.osshaiwai.com&hasFloat=0&token=436475c81b51e6893c740657870f86b7&language=en&debug=1&debugDataPath=https://raw.githubusercontent.com/jygameclub/testdataapi/main/mahjong2date/0525_0523&debugStart=361,https://raw.githubusercontent.com/jygameclub/testdataapi/main/mahjong2date/0525_0523/361.json,https://raw.githubusercontent.com/jygameclub/testdataapi/main/mahjong2date/0525_0523,普通中奖,2.00,0.05,2,1,3,3,3,0,0,否,否,是,1,0,684673,684674,3181779683530024,9477358.0,9477320.0,2段连消/续转 / 金色符号/百搭转换
连消/掉落,460.json,460,75,金色/百搭,https://fish-games.s3.amazonaws.com/MahjongWays2/index.html?env=ceshislot.osshaiwai.com&hasFloat=0&token=436475c81b51e6893c740657870f86b7&language=en&debug=1&debugDataPath=https://raw.githubusercontent.com/jygameclub/testdataapi/main/mahjong2date/0525_0523&debugStart=460,https://raw.githubusercontent.com/jygameclub/testdataapi/main/mahjong2date/0525_0523/460.json,https://raw.githubusercontent.com/jygameclub/testdataapi/main/mahjong2date/0525_0523,普通中奖,2.00,0.05,2,1,3,3,3,0,0,否,否,是,1,0,686365,686368,9211779684003971,9478398.0,9478360.0,2段连消/续转 / 金色符号/百搭转换
连消/掉落,495.json,495,75,金色/百搭,https://fish-games.s3.amazonaws.com/MahjongWays2/index.html?env=ceshislot.osshaiwai.com&hasFloat=0&token=436475c81b51e6893c740657870f86b7&language=en&debug=1&debugDataPath=https://raw.githubusercontent.com/jygameclub/testdataapi/main/mahjong2date/0525_0523&debugStart=495,https://raw.githubusercontent.com/jygameclub/testdataapi/main/mahjong2date/0525_0523/495.json,https://raw.githubusercontent.com/jygameclub/testdataapi/main/mahjong2date/0525_0523,普通中奖,2.00,0.05,2,1,3,3,3,0,0,否,否,是,1,1,686762,686772,3121779684064720,9477312.0,9477274.0,2段连消/续转 / 金色符号/百搭转换
连消/掉落,506.json,506,75,金色/百搭,https://fish-games.s3.amazonaws.com/MahjongWays2/index.html?env=ceshislot.osshaiwai.com&hasFloat=0&token=436475c81b51e6893c740657870f86b7&language=en&debug=1&debugDataPath=https://raw.githubusercontent.com/jygameclub/testdataapi/main/mahjong2date/0525_0523&debugStart=506,https://raw.githubusercontent.com/jygameclub/testdataapi/main/mahjong2date/0525_0523/506.json,https://raw.githubusercontent.com/jygameclub/testdataapi/main/mahjong2date/0525_0523,普通中奖,2.00,0.05,2,1,3,3,3,0,0,否,否,是,1,0,687367,687370,9141779684165303,9476982.0,9476944.0,2段连消/续转 / 金色符号/百搭转换
连消/掉落,757.json,757,75,金色/百搭,https://fish-games.s3.amazonaws.com/MahjongWays2/index.html?env=ceshislot.osshaiwai.com&hasFloat=0&token=436475c81b51e6893c740657870f86b7&language=en&debug=1&debugDataPath=https://raw.githubusercontent.com/jygameclub/testdataapi/main/mahjong2date/0525_0523&debugStart=757,https://raw.githubusercontent.com/jygameclub/testdataapi/main/mahjong2date/0525_0523/757.json,https://raw.githubusercontent.com/jygameclub/testdataapi/main/mahjong2date/0525_0523,普通中奖,2.00,0.05,2,1,3,3,3,0,0,否,否,是,1,1,693590,693598,9681779685218006,9478410.0,9478372.0,2段连消/续转 / 金色符号/百搭转换
连消/掉落,835.json,835,75,金色/百搭,https://fish-games.s3.amazonaws.com/MahjongWays2/index.html?env=ceshislot.osshaiwai.com&hasFloat=0&token=436475c81b51e6893c740657870f86b7&language=en&debug=1&debugDataPath=https://raw.githubusercontent.com/jygameclub/testdataapi/main/mahjong2date/0525_0523&debugStart=835,https://raw.githubusercontent.com/jygameclub/testdataapi/main/mahjong2date/0525_0523/835.json,https://raw.githubusercontent.com/jygameclub/testdataapi/main/mahjong2date/0525_0523,普通中奖,2.00,0.05,2,1,3,3,3,0,0,否,否,是,1,0,695253,695257,9301779685479304,9477334.0,9477296.0,2段连消/续转 / 金色符号/百搭转换
连消/掉落,943.json,943,75,金色/百搭,https://fish-games.s3.amazonaws.com/MahjongWays2/index.html?env=ceshislot.osshaiwai.com&hasFloat=0&token=436475c81b51e6893c740657870f86b7&language=en&debug=1&debugDataPath=https://raw.githubusercontent.com/jygameclub/testdataapi/main/mahjong2date/0525_0523&debugStart=943,https://raw.githubusercontent.com/jygameclub/testdataapi/main/mahjong2date/0525_0523/943.json,https://raw.githubusercontent.com/jygameclub/testdataapi/main/mahjong2date/0525_0523,普通中奖,2.00,0.05,2,1,2,3,3,1,1,否,否,是,1,0,696356,696358,2591779685690703,9475662.0,9475624.0,2段连消/续转 / 金色符号/百搭转换
普通空转,002.json,2,0,,https://fish-games.s3.amazonaws.com/MahjongWays2/index.html?env=ceshislot.osshaiwai.com&hasFloat=0&token=436475c81b51e6893c740657870f86b7&language=en&debug=1&debugDataPath=https://raw.githubusercontent.com/jygameclub/testdataapi/main/mahjong2date/0525_0523&debugStart=2,https://raw.githubusercontent.com/jygameclub/testdataapi/main/mahjong2date/0525_0523/002.json,https://raw.githubusercontent.com/jygameclub/testdataapi/main/mahjong2date/0525_0523,未中奖,0.00,0.00,1,0,0,0,0,0,0,否,否,否,0,0,683883,683883,7331779682474366,9484776.0,9484736.0,
普通空转,003.json,3,0,,https://fish-games.s3.amazonaws.com/MahjongWays2/index.html?env=ceshislot.osshaiwai.com&hasFloat=0&token=436475c81b51e6893c740657870f86b7&language=en&debug=1&debugDataPath=https://raw.githubusercontent.com/jygameclub/testdataapi/main/mahjong2date/0525_0523&debugStart=3,https://raw.githubusercontent.com/jygameclub/testdataapi/main/mahjong2date/0525_0523/003.json,https://raw.githubusercontent.com/jygameclub/testdataapi/main/mahjong2date/0525_0523,未中奖,0.00,0.00,1,0,0,0,0,0,0,否,否,否,0,1,683887,683887,9811779682484364,9484736.0,9484696.0,
普通空转,004.json,4,0,,https://fish-games.s3.amazonaws.com/MahjongWays2/index.html?env=ceshislot.osshaiwai.com&hasFloat=0&token=436475c81b51e6893c740657870f86b7&language=en&debug=1&debugDataPath=https://raw.githubusercontent.com/jygameclub/testdataapi/main/mahjong2date/0525_0523&debugStart=4,https://raw.githubusercontent.com/jygameclub/testdataapi/main/mahjong2date/0525_0523/004.json,https://raw.githubusercontent.com/jygameclub/testdataapi/main/mahjong2date/0525_0523,未中奖,0.00,0.00,1,0,0,0,0,0,0,否,否,否,0,1,683891,683891,4841779682496366,9484696.0,9484656.0,
普通空转,005.json,5,0,,https://fish-games.s3.amazonaws.com/MahjongWays2/index.html?env=ceshislot.osshaiwai.com&hasFloat=0&token=436475c81b51e6893c740657870f86b7&language=en&debug=1&debugDataPath=https://raw.githubusercontent.com/jygameclub/testdataapi/main/mahjong2date/0525_0523&debugStart=5,https://raw.githubusercontent.com/jygameclub/testdataapi/main/mahjong2date/0525_0523/005.json,https://raw.githubusercontent.com/jygameclub/testdataapi/main/mahjong2date/0525_0523,未中奖,0.00,0.00,1,0,0,0,0,0,0,否,否,否,0,0,683895,683895,2011779682508367,9484656.0,9484616.0,
普通空转,007.json,7,0,,https://fish-games.s3.amazonaws.com/MahjongWays2/index.html?env=ceshislot.osshaiwai.com&hasFloat=0&token=436475c81b51e6893c740657870f86b7&language=en&debug=1&debugDataPath=https://raw.githubusercontent.com/jygameclub/testdataapi/main/mahjong2date/0525_0523&debugStart=7,https://raw.githubusercontent.com/jygameclub/testdataapi/main/mahjong2date/0525_0523/007.json,https://raw.githubusercontent.com/jygameclub/testdataapi/main/mahjong2date/0525_0523,未中奖,0.00,0.00,1,0,0,0,0,0,0,否,否,否,0,0,683909,683909,5091779682542610,9484580.0,9484540.0,
普通空转,009.json,9,0,,https://fish-games.s3.amazonaws.com/MahjongWays2/index.html?env=ceshislot.osshaiwai.com&hasFloat=0&token=436475c81b51e6893c740657870f86b7&language=en&debug=1&debugDataPath=https://raw.githubusercontent.com/jygameclub/testdataapi/main/mahjong2date/0525_0523&debugStart=9,https://raw.githubusercontent.com/jygameclub/testdataapi/main/mahjong2date/0525_0523/009.json,https://raw.githubusercontent.com/jygameclub/testdataapi/main/mahjong2date/0525_0523,未中奖,0.00,0.00,1,0,0,0,0,0,0,否,否,否,0,1,683915,683915,7281779682548127,9484510.0,9484470.0,
普通空转,010.json,10,0,,https://fish-games.s3.amazonaws.com/MahjongWays2/index.html?env=ceshislot.osshaiwai.com&hasFloat=0&token=436475c81b51e6893c740657870f86b7&language=en&debug=1&debugDataPath=https://raw.githubusercontent.com/jygameclub/testdataapi/main/mahjong2date/0525_0523&debugStart=10,https://raw.githubusercontent.com/jygameclub/testdataapi/main/mahjong2date/0525_0523/010.json,https://raw.githubusercontent.com/jygameclub/testdataapi/main/mahjong2date/0525_0523,未中奖,0.00,0.00,1,0,0,0,0,0,0,否,否,否,0,0,683916,683916,3091779682549594,9484470.0,9484430.0,
普通空转,011.json,11,0,,https://fish-games.s3.amazonaws.com/MahjongWays2/index.html?env=ceshislot.osshaiwai.com&hasFloat=0&token=436475c81b51e6893c740657870f86b7&language=en&debug=1&debugDataPath=https://raw.githubusercontent.com/jygameclub/testdataapi/main/mahjong2date/0525_0523&debugStart=11,https://raw.githubusercontent.com/jygameclub/testdataapi/main/mahjong2date/0525_0523/011.json,https://raw.githubusercontent.com/jygameclub/testdataapi/main/mahjong2date/0525_0523,未中奖,0.00,0.00,1,0,0,0,0,0,0,否,否,否,0,1,683917,683917,9711779682550445,9484430.0,9484390.0,
普通空转,013.json,13,0,,https://fish-games.s3.amazonaws.com/MahjongWays2/index.html?env=ceshislot.osshaiwai.com&hasFloat=0&token=436475c81b51e6893c740657870f86b7&language=en&debug=1&debugDataPath=https://raw.githubusercontent.com/jygameclub/testdataapi/main/mahjong2date/0525_0523&debugStart=13,https://raw.githubusercontent.com/jygameclub/testdataapi/main/mahjong2date/0525_0523/013.json,https://raw.githubusercontent.com/jygameclub/testdataapi/main/mahjong2date/0525_0523,未中奖,0.00,0.00,1,0,0,0,0,0,0,否,否,否,0,0,683924,683924,8521779682558794,9485026.0,9484986.0,
普通空转,014.json,14,0,,https://fish-games.s3.amazonaws.com/MahjongWays2/index.html?env=ceshislot.osshaiwai.com&hasFloat=0&token=436475c81b51e6893c740657870f86b7&language=en&debug=1&debugDataPath=https://raw.githubusercontent.com/jygameclub/testdataapi/main/mahjong2date/0525_0523&debugStart=14,https://raw.githubusercontent.com/jygameclub/testdataapi/main/mahjong2date/0525_0523/014.json,https://raw.githubusercontent.com/jygameclub/testdataapi/main/mahjong2date/0525_0523,未中奖,0.00,0.00,1,0,0,0,0,0,0,否,否,否,0,0,683925,683925,7111779682559660,9484986.0,9484946.0,
普通空转,016.json,16,0,,https://fish-games.s3.amazonaws.com/MahjongWays2/index.html?env=ceshislot.osshaiwai.com&hasFloat=0&token=436475c81b51e6893c740657870f86b7&language=en&debug=1&debugDataPath=https://raw.githubusercontent.com/jygameclub/testdataapi/main/mahjong2date/0525_0523&debugStart=16,https://raw.githubusercontent.com/jygameclub/testdataapi/main/mahjong2date/0525_0523/016.json,https://raw.githubusercontent.com/jygameclub/testdataapi/main/mahjong2date/0525_0523,未中奖,0.00,0.00,1,0,0,0,0,0,0,否,否,否,0,0,683929,683929,2131779682563145,9485050.0,9485010.0,
普通空转,017.json,17,0,,https://fish-games.s3.amazonaws.com/MahjongWays2/index.html?env=ceshislot.osshaiwai.com&hasFloat=0&token=436475c81b51e6893c740657870f86b7&language=en&debug=1&debugDataPath=https://raw.githubusercontent.com/jygameclub/testdataapi/main/mahjong2date/0525_0523&debugStart=17,https://raw.githubusercontent.com/jygameclub/testdataapi/main/mahjong2date/0525_0523/017.json,https://raw.githubusercontent.com/jygameclub/testdataapi/main/mahjong2date/0525_0523,未中奖,0.00,0.00,1,0,0,0,0,0,0,否,否,否,0,0,683930,683930,6781779682563943,9485010.0,9484970.0,
普通空转,018.json,18,0,,https://fish-games.s3.amazonaws.com/MahjongWays2/index.html?env=ceshislot.osshaiwai.com&hasFloat=0&token=436475c81b51e6893c740657870f86b7&language=en&debug=1&debugDataPath=https://raw.githubusercontent.com/jygameclub/testdataapi/main/mahjong2date/0525_0523&debugStart=18,https://raw.githubusercontent.com/jygameclub/testdataapi/main/mahjong2date/0525_0523/018.json,https://raw.githubusercontent.com/jygameclub/testdataapi/main/mahjong2date/0525_0523,未中奖,0.00,0.00,1,0,0,0,0,0,0,否,否,否,0,0,683931,683931,6211779682564728,9484970.0,9484930.0,
普通空转,019.json,19,0,,https://fish-games.s3.amazonaws.com/MahjongWays2/index.html?env=ceshislot.osshaiwai.com&hasFloat=0&token=436475c81b51e6893c740657870f86b7&language=en&debug=1&debugDataPath=https://raw.githubusercontent.com/jygameclub/testdataapi/main/mahjong2date/0525_0523&debugStart=19,https://raw.githubusercontent.com/jygameclub/testdataapi/main/mahjong2date/0525_0523/019.json,https://raw.githubusercontent.com/jygameclub/testdataapi/main/mahjong2date/0525_0523,未中奖,0.00,0.00,1,0,0,0,0,0,0,否,否,否,0,0,683932,683932,3791779682565510,9484930.0,9484890.0,
普通空转,020.json,20,0,,https://fish-games.s3.amazonaws.com/MahjongWays2/index.html?env=ceshislot.osshaiwai.com&hasFloat=0&token=436475c81b51e6893c740657870f86b7&language=en&debug=1&debugDataPath=https://raw.githubusercontent.com/jygameclub/testdataapi/main/mahjong2date/0525_0523&debugStart=20,https://raw.githubusercontent.com/jygameclub/testdataapi/main/mahjong2date/0525_0523/020.json,https://raw.githubusercontent.com/jygameclub/testdataapi/main/mahjong2date/0525_0523,未中奖,0.00,0.00,1,0,0,0,0,0,0,否,否,否,0,0,683933,683933,7491779682566311,9484890.0,9484850.0,
普通空转,022.json,22,0,,https://fish-games.s3.amazonaws.com/MahjongWays2/index.html?env=ceshislot.osshaiwai.com&hasFloat=0&token=436475c81b51e6893c740657870f86b7&language=en&debug=1&debugDataPath=https://raw.githubusercontent.com/jygameclub/testdataapi/main/mahjong2date/0525_0523&debugStart=22,https://raw.githubusercontent.com/jygameclub/testdataapi/main/mahjong2date/0525_0523/022.json,https://raw.githubusercontent.com/jygameclub/testdataapi/main/mahjong2date/0525_0523,未中奖,0.00,0.00,1,0,0,0,0,0,0,否,否,否,0,0,683939,683939,4661779682571910,9484886.0,9484846.0,
普通空转,023.json,23,0,,https://fish-games.s3.amazonaws.com/MahjongWays2/index.html?env=ceshislot.osshaiwai.com&hasFloat=0&token=436475c81b51e6893c740657870f86b7&language=en&debug=1&debugDataPath=https://raw.githubusercontent.com/jygameclub/testdataapi/main/mahjong2date/0525_0523&debugStart=23,https://raw.githubusercontent.com/jygameclub/testdataapi/main/mahjong2date/0525_0523/023.json,https://raw.githubusercontent.com/jygameclub/testdataapi/main/mahjong2date/0525_0523,未中奖,0.00,0.00,1,0,0,0,0,0,0,否,否,否,0,2,683941,683941,2041779682572761,9484846.0,9484806.0,
普通空转,025.json,25,0,,https://fish-games.s3.amazonaws.com/MahjongWays2/index.html?env=ceshislot.osshaiwai.com&hasFloat=0&token=436475c81b51e6893c740657870f86b7&language=en&debug=1&debugDataPath=https://raw.githubusercontent.com/jygameclub/testdataapi/main/mahjong2date/0525_0523&debugStart=25,https://raw.githubusercontent.com/jygameclub/testdataapi/main/mahjong2date/0525_0523/025.json,https://raw.githubusercontent.com/jygameclub/testdataapi/main/mahjong2date/0525_0523,未中奖,0.00,0.00,1,0,0,0,0,0,0,否,否,否,0,0,683946,683946,8941779682578977,9484802.0,9484762.0,
普通空转,026.json,26,0,,https://fish-games.s3.amazonaws.com/MahjongWays2/index.html?env=ceshislot.osshaiwai.com&hasFloat=0&token=436475c81b51e6893c740657870f86b7&language=en&debug=1&debugDataPath=https://raw.githubusercontent.com/jygameclub/testdataapi/main/mahjong2date/0525_0523&debugStart=26,https://raw.githubusercontent.com/jygameclub/testdataapi/main/mahjong2date/0525_0523/026.json,https://raw.githubusercontent.com/jygameclub/testdataapi/main/mahjong2date/0525_0523,未中奖,0.00,0.00,1,0,0,0,0,0,0,否,否,否,0,0,683947,683947,8451779682579761,9484762.0,9484722.0,
普通空转,027.json,27,0,,https://fish-games.s3.amazonaws.com/MahjongWays2/index.html?env=ceshislot.osshaiwai.com&hasFloat=0&token=436475c81b51e6893c740657870f86b7&language=en&debug=1&debugDataPath=https://raw.githubusercontent.com/jygameclub/testdataapi/main/mahjong2date/0525_0523&debugStart=27,https://raw.githubusercontent.com/jygameclub/testdataapi/main/mahjong2date/0525_0523/027.json,https://raw.githubusercontent.com/jygameclub/testdataapi/main/mahjong2date/0525_0523,未中奖,0.00,0.00,1,0,0,0,0,0,0,否,否,否,0,2,683949,683949,9661779682580544,9484722.0,9484682.0,
普通空转,028.json,28,0,,https://fish-games.s3.amazonaws.com/MahjongWays2/index.html?env=ceshislot.osshaiwai.com&hasFloat=0&token=436475c81b51e6893c740657870f86b7&language=en&debug=1&debugDataPath=https://raw.githubusercontent.com/jygameclub/testdataapi/main/mahjong2date/0525_0523&debugStart=28,https://raw.githubusercontent.com/jygameclub/testdataapi/main/mahjong2date/0525_0523/028.json,https://raw.githubusercontent.com/jygameclub/testdataapi/main/mahjong2date/0525_0523,未中奖,0.00,0.00,1,0,0,0,0,0,0,否,否,否,0,0,683950,683950,5361779682582061,9484682.0,9484642.0,
普通空转,032.json,32,0,,https://fish-games.s3.amazonaws.com/MahjongWays2/index.html?env=ceshislot.osshaiwai.com&hasFloat=0&token=436475c81b51e6893c740657870f86b7&language=en&debug=1&debugDataPath=https://raw.githubusercontent.com/jygameclub/testdataapi/main/mahjong2date/0525_0523&debugStart=32,https://raw.githubusercontent.com/jygameclub/testdataapi/main/mahjong2date/0525_0523/032.json,https://raw.githubusercontent.com/jygameclub/testdataapi/main/mahjong2date/0525_0523,未中奖,0.00,0.00,1,0,0,0,0,0,0,否,否,否,0,2,683965,683965,5781779682598043,9484606.0,9484566.0,
普通空转,033.json,33,0,,https://fish-games.s3.amazonaws.com/MahjongWays2/index.html?env=ceshislot.osshaiwai.com&hasFloat=0&token=436475c81b51e6893c740657870f86b7&language=en&debug=1&debugDataPath=https://raw.githubusercontent.com/jygameclub/testdataapi/main/mahjong2date/0525_0523&debugStart=33,https://raw.githubusercontent.com/jygameclub/testdataapi/main/mahjong2date/0525_0523/033.json,https://raw.githubusercontent.com/jygameclub/testdataapi/main/mahjong2date/0525_0523,未中奖,0.00,0.00,1,0,0,0,0,0,0,否,否,否,0,0,683966,683966,7061779682599643,9484566.0,9484526.0,
普通空转,034.json,34,0,,https://fish-games.s3.amazonaws.com/MahjongWays2/index.html?env=ceshislot.osshaiwai.com&hasFloat=0&token=436475c81b51e6893c740657870f86b7&language=en&debug=1&debugDataPath=https://raw.githubusercontent.com/jygameclub/testdataapi/main/mahjong2date/0525_0523&debugStart=34,https://raw.githubusercontent.com/jygameclub/testdataapi/main/mahjong2date/0525_0523/034.json,https://raw.githubusercontent.com/jygameclub/testdataapi/main/mahjong2date/0525_0523,未中奖,0.00,0.00,1,0,0,0,0,0,0,否,否,否,0,1,683968,683968,1621779682600510,9484526.0,9484486.0,
普通空转,037.json,37,0,,https://fish-games.s3.amazonaws.com/MahjongWays2/index.html?env=ceshislot.osshaiwai.com&hasFloat=0&token=436475c81b51e6893c740657870f86b7&language=en&debug=1&debugDataPath=https://raw.githubusercontent.com/jygameclub/testdataapi/main/mahjong2date/0525_0523&debugStart=37,https://raw.githubusercontent.com/jygameclub/testdataapi/main/mahjong2date/0525_0523/037.json,https://raw.githubusercontent.com/jygameclub/testdataapi/main/mahjong2date/0525_0523,未中奖,0.00,0.00,1,0,0,0,0,0,0,否,否,否,0,0,683981,683981,7701779682613577,9484678.0,9484638.0,
普通空转,039.json,39,0,,https://fish-games.s3.amazonaws.com/MahjongWays2/index.html?env=ceshislot.osshaiwai.com&hasFloat=0&token=436475c81b51e6893c740657870f86b7&language=en&debug=1&debugDataPath=https://raw.githubusercontent.com/jygameclub/testdataapi/main/mahjong2date/0525_0523&debugStart=39,https://raw.githubusercontent.com/jygameclub/testdataapi/main/mahjong2date/0525_0523/039.json,https://raw.githubusercontent.com/jygameclub/testdataapi/main/mahjong2date/0525_0523,未中奖,0.00,0.00,1,0,0,0,0,0,0,否,否,否,0,2,683985,683985,4521779682617094,9484602.0,9484562.0,
普通空转,040.json,40,0,,https://fish-games.s3.amazonaws.com/MahjongWays2/index.html?env=ceshislot.osshaiwai.com&hasFloat=0&token=436475c81b51e6893c740657870f86b7&language=en&debug=1&debugDataPath=https://raw.githubusercontent.com/jygameclub/testdataapi/main/mahjong2date/0525_0523&debugStart=40,https://raw.githubusercontent.com/jygameclub/testdataapi/main/mahjong2date/0525_0523/040.json,https://raw.githubusercontent.com/jygameclub/testdataapi/main/mahjong2date/0525_0523,未中奖,0.00,0.00,1,0,0,0,0,0,0,否,否,否,0,1,683987,683987,5921779682618612,9484562.0,9484522.0,
普通空转,041.json,41,0,,https://fish-games.s3.amazonaws.com/MahjongWays2/index.html?env=ceshislot.osshaiwai.com&hasFloat=0&token=436475c81b51e6893c740657870f86b7&language=en&debug=1&debugDataPath=https://raw.githubusercontent.com/jygameclub/testdataapi/main/mahjong2date/0525_0523&debugStart=41,https://raw.githubusercontent.com/jygameclub/testdataapi/main/mahjong2date/0525_0523/041.json,https://raw.githubusercontent.com/jygameclub/testdataapi/main/mahjong2date/0525_0523,未中奖,0.00,0.00,1,0,0,0,0,0,0,否,否,否,0,0,683988,683988,6931779682620010,9484522.0,9484482.0,
普通空转,043.json,43,0,,https://fish-games.s3.amazonaws.com/MahjongWays2/index.html?env=ceshislot.osshaiwai.com&hasFloat=0&token=436475c81b51e6893c740657870f86b7&language=en&debug=1&debugDataPath=https://raw.githubusercontent.com/jygameclub/testdataapi/main/mahjong2date/0525_0523&debugStart=43,https://raw.githubusercontent.com/jygameclub/testdataapi/main/mahjong2date/0525_0523/043.json,https://raw.githubusercontent.com/jygameclub/testdataapi/main/mahjong2date/0525_0523,未中奖,0.00,0.00,1,0,0,0,0,0,0,否,否,否,0,0,683994,683994,9521779682626676,9484486.0,9484446.0,
普通空转,044.json,44,0,,https://fish-games.s3.amazonaws.com/MahjongWays2/index.html?env=ceshislot.osshaiwai.com&hasFloat=0&token=436475c81b51e6893c740657870f86b7&language=en&debug=1&debugDataPath=https://raw.githubusercontent.com/jygameclub/testdataapi/main/mahjong2date/0525_0523&debugStart=44,https://raw.githubusercontent.com/jygameclub/testdataapi/main/mahjong2date/0525_0523/044.json,https://raw.githubusercontent.com/jygameclub/testdataapi/main/mahjong2date/0525_0523,未中奖,0.00,0.00,1,0,0,0,0,0,0,否,否,否,0,0,683995,683995,4611779682627543,9484446.0,9484406.0,
普通空转,045.json,45,0,,https://fish-games.s3.amazonaws.com/MahjongWays2/index.html?env=ceshislot.osshaiwai.com&hasFloat=0&token=436475c81b51e6893c740657870f86b7&language=en&debug=1&debugDataPath=https://raw.githubusercontent.com/jygameclub/testdataapi/main/mahjong2date/0525_0523&debugStart=45,https://raw.githubusercontent.com/jygameclub/testdataapi/main/mahjong2date/0525_0523/045.json,https://raw.githubusercontent.com/jygameclub/testdataapi/main/mahjong2date/0525_0523,未中奖,0.00,0.00,1,0,0,0,0,0,0,否,否,否,0,0,683996,683996,9251779682628326,9484406.0,9484366.0,
普通空转,046.json,46,0,,https://fish-games.s3.amazonaws.com/MahjongWays2/index.html?env=ceshislot.osshaiwai.com&hasFloat=0&token=436475c81b51e6893c740657870f86b7&language=en&debug=1&debugDataPath=https://raw.githubusercontent.com/jygameclub/testdataapi/main/mahjong2date/0525_0523&debugStart=46,https://raw.githubusercontent.com/jygameclub/testdataapi/main/mahjong2date/0525_0523/046.json,https://raw.githubusercontent.com/jygameclub/testdataapi/main/mahjong2date/0525_0523,未中奖,0.00,0.00,1,0,0,0,0,0,0,否,否,否,0,0,683997,683997,3951779682629178,9484366.0,9484326.0,
普通空转,047.json,47,0,,https://fish-games.s3.amazonaws.com/MahjongWays2/index.html?env=ceshislot.osshaiwai.com&hasFloat=0&token=436475c81b51e6893c740657870f86b7&language=en&debug=1&debugDataPath=https://raw.githubusercontent.com/jygameclub/testdataapi/main/mahjong2date/0525_0523&debugStart=47,https://raw.githubusercontent.com/jygameclub/testdataapi/main/mahjong2date/0525_0523/047.json,https://raw.githubusercontent.com/jygameclub/testdataapi/main/mahjong2date/0525_0523,未中奖,0.00,0.00,1,0,0,0,0,0,0,否,否,否,0,0,683998,683998,7641779682629976,9484326.0,9484286.0,
普通空转,050.json,50,0,,https://fish-games.s3.amazonaws.com/MahjongWays2/index.html?env=ceshislot.osshaiwai.com&hasFloat=0&token=436475c81b51e6893c740657870f86b7&language=en&debug=1&debugDataPath=https://raw.githubusercontent.com/jygameclub/testdataapi/main/mahjong2date/0525_0523&debugStart=50,https://raw.githubusercontent.com/jygameclub/testdataapi/main/mahjong2date/0525_0523/050.json,https://raw.githubusercontent.com/jygameclub/testdataapi/main/mahjong2date/0525_0523,未中奖,0.00,0.00,1,0,0,0,0,0,0,否,否,否,0,0,684007,684007,1861779682639393,9484278.0,9484238.0,
普通空转,051.json,51,0,,https://fish-games.s3.amazonaws.com/MahjongWays2/index.html?env=ceshislot.osshaiwai.com&hasFloat=0&token=436475c81b51e6893c740657870f86b7&language=en&debug=1&debugDataPath=https://raw.githubusercontent.com/jygameclub/testdataapi/main/mahjong2date/0525_0523&debugStart=51,https://raw.githubusercontent.com/jygameclub/testdataapi/main/mahjong2date/0525_0523/051.json,https://raw.githubusercontent.com/jygameclub/testdataapi/main/mahjong2date/0525_0523,未中奖,0.00,0.00,1,0,0,0,0,0,0,否,否,否,0,0,684008,684008,6181779682640244,9484238.0,9484198.0,
普通空转,053.json,53,0,,https://fish-games.s3.amazonaws.com/MahjongWays2/index.html?env=ceshislot.osshaiwai.com&hasFloat=0&token=436475c81b51e6893c740657870f86b7&language=en&debug=1&debugDataPath=https://raw.githubusercontent.com/jygameclub/testdataapi/main/mahjong2date/0525_0523&debugStart=53,https://raw.githubusercontent.com/jygameclub/testdataapi/main/mahjong2date/0525_0523/053.json,https://raw.githubusercontent.com/jygameclub/testdataapi/main/mahjong2date/0525_0523,未中奖,0.00,0.00,1,0,0,0,0,0,0,否,否,否,0,0,684013,684013,8911779682644859,9484186.0,9484146.0,
普通空转,054.json,54,0,,https://fish-games.s3.amazonaws.com/MahjongWays2/index.html?env=ceshislot.osshaiwai.com&hasFloat=0&token=436475c81b51e6893c740657870f86b7&language=en&debug=1&debugDataPath=https://raw.githubusercontent.com/jygameclub/testdataapi/main/mahjong2date/0525_0523&debugStart=54,https://raw.githubusercontent.com/jygameclub/testdataapi/main/mahjong2date/0525_0523/054.json,https://raw.githubusercontent.com/jygameclub/testdataapi/main/mahjong2date/0525_0523,未中奖,0.00,0.00,1,0,0,0,0,0,0,否,否,否,0,0,684014,684014,4961779682645643,9484146.0,9484106.0,
普通空转,056.json,56,0,,https://fish-games.s3.amazonaws.com/MahjongWays2/index.html?env=ceshislot.osshaiwai.com&hasFloat=0&token=436475c81b51e6893c740657870f86b7&language=en&debug=1&debugDataPath=https://raw.githubusercontent.com/jygameclub/testdataapi/main/mahjong2date/0525_0523&debugStart=56,https://raw.githubusercontent.com/jygameclub/testdataapi/main/mahjong2date/0525_0523/056.json,https://raw.githubusercontent.com/jygameclub/testdataapi/main/mahjong2date/0525_0523,未中奖,0.00,0.00,1,0,0,0,0,0,0,否,否,否,0,0,684019,684019,5961779682651259,9484122.0,9484082.0,
普通空转,061.json,61,0,,https://fish-games.s3.amazonaws.com/MahjongWays2/index.html?env=ceshislot.osshaiwai.com&hasFloat=0&token=436475c81b51e6893c740657870f86b7&language=en&debug=1&debugDataPath=https://raw.githubusercontent.com/jygameclub/testdataapi/main/mahjong2date/0525_0523&debugStart=61,https://raw.githubusercontent.com/jygameclub/testdataapi/main/mahjong2date/0525_0523/061.json,https://raw.githubusercontent.com/jygameclub/testdataapi/main/mahjong2date/0525_0523,未中奖,0.00,0.00,1,0,0,0,0,0,0,否,否,否,0,0,684036,684036,9621779682669193,9484168.0,9484128.0,
普通空转,062.json,62,0,,https://fish-games.s3.amazonaws.com/MahjongWays2/index.html?env=ceshislot.osshaiwai.com&hasFloat=0&token=436475c81b51e6893c740657870f86b7&language=en&debug=1&debugDataPath=https://raw.githubusercontent.com/jygameclub/testdataapi/main/mahjong2date/0525_0523&debugStart=62,https://raw.githubusercontent.com/jygameclub/testdataapi/main/mahjong2date/0525_0523/062.json,https://raw.githubusercontent.com/jygameclub/testdataapi/main/mahjong2date/0525_0523,未中奖,0.00,0.00,1,0,0,0,0,0,0,否,否,否,0,1,684038,684038,8321779682670059,9484128.0,9484088.0,
普通空转,063.json,63,0,,https://fish-games.s3.amazonaws.com/MahjongWays2/index.html?env=ceshislot.osshaiwai.com&hasFloat=0&token=436475c81b51e6893c740657870f86b7&language=en&debug=1&debugDataPath=https://raw.githubusercontent.com/jygameclub/testdataapi/main/mahjong2date/0525_0523&debugStart=63,https://raw.githubusercontent.com/jygameclub/testdataapi/main/mahjong2date/0525_0523/063.json,https://raw.githubusercontent.com/jygameclub/testdataapi/main/mahjong2date/0525_0523,未中奖,0.00,0.00,1,0,0,0,0,0,0,否,否,否,0,1,684039,684039,3761779682671543,9484088.0,9484048.0,
普通空转,065.json,65,0,,https://fish-games.s3.amazonaws.com/MahjongWays2/index.html?env=ceshislot.osshaiwai.com&hasFloat=0&token=436475c81b51e6893c740657870f86b7&language=en&debug=1&debugDataPath=https://raw.githubusercontent.com/jygameclub/testdataapi/main/mahjong2date/0525_0523&debugStart=65,https://raw.githubusercontent.com/jygameclub/testdataapi/main/mahjong2date/0525_0523/065.json,https://raw.githubusercontent.com/jygameclub/testdataapi/main/mahjong2date/0525_0523,未中奖,0.00,0.00,1,0,0,0,0,0,0,否,否,否,0,0,684043,684043,5791779682675610,9484010.0,9483970.0,
普通空转,067.json,67,0,,https://fish-games.s3.amazonaws.com/MahjongWays2/index.html?env=ceshislot.osshaiwai.com&hasFloat=0&token=436475c81b51e6893c740657870f86b7&language=en&debug=1&debugDataPath=https://raw.githubusercontent.com/jygameclub/testdataapi/main/mahjong2date/0525_0523&debugStart=67,https://raw.githubusercontent.com/jygameclub/testdataapi/main/mahjong2date/0525_0523/067.json,https://raw.githubusercontent.com/jygameclub/testdataapi/main/mahjong2date/0525_0523,未中奖,0.00,0.00,1,0,0,0,0,0,0,否,否,否,0,2,684049,684049,3161779682681144,9484010.0,9483970.0,
普通空转,069.json,69,0,,https://fish-games.s3.amazonaws.com/MahjongWays2/index.html?env=ceshislot.osshaiwai.com&hasFloat=0&token=436475c81b51e6893c740657870f86b7&language=en&debug=1&debugDataPath=https://raw.githubusercontent.com/jygameclub/testdataapi/main/mahjong2date/0525_0523&debugStart=69,https://raw.githubusercontent.com/jygameclub/testdataapi/main/mahjong2date/0525_0523/069.json,https://raw.githubusercontent.com/jygameclub/testdataapi/main/mahjong2date/0525_0523,未中奖,0.00,0.00,1,0,0,0,0,0,0,否,否,否,0,0,684055,684055,8541779682687493,9484008.0,9483968.0,
普通空转,076.json,76,0,,https://fish-games.s3.amazonaws.com/MahjongWays2/index.html?env=ceshislot.osshaiwai.com&hasFloat=0&token=436475c81b51e6893c740657870f86b7&language=en&debug=1&debugDataPath=https://raw.githubusercontent.com/jygameclub/testdataapi/main/mahjong2date/0525_0523&debugStart=76,https://raw.githubusercontent.com/jygameclub/testdataapi/main/mahjong2date/0525_0523/076.json,https://raw.githubusercontent.com/jygameclub/testdataapi/main/mahjong2date/0525_0523,未中奖,0.00,0.00,1,0,0,0,0,0,0,否,否,否,0,0,684076,684076,5711779682709576,9483928.0,9483888.0,
普通空转,077.json,77,0,,https://fish-games.s3.amazonaws.com/MahjongWays2/index.html?env=ceshislot.osshaiwai.com&hasFloat=0&token=436475c81b51e6893c740657870f86b7&language=en&debug=1&debugDataPath=https://raw.githubusercontent.com/jygameclub/testdataapi/main/mahjong2date/0525_0523&debugStart=77,https://raw.githubusercontent.com/jygameclub/testdataapi/main/mahjong2date/0525_0523/077.json,https://raw.githubusercontent.com/jygameclub/testdataapi/main/mahjong2date/0525_0523,未中奖,0.00,0.00,1,0,0,0,0,0,0,否,否,否,0,1,684077,684077,9401779682710443,9483888.0,9483848.0,
普通空转,080.json,80,0,,https://fish-games.s3.amazonaws.com/MahjongWays2/index.html?env=ceshislot.osshaiwai.com&hasFloat=0&token=436475c81b51e6893c740657870f86b7&language=en&debug=1&debugDataPath=https://raw.githubusercontent.com/jygameclub/testdataapi/main/mahjong2date/0525_0523&debugStart=80,https://raw.githubusercontent.com/jygameclub/testdataapi/main/mahjong2date/0525_0523/080.json,https://raw.githubusercontent.com/jygameclub/testdataapi/main/mahjong2date/0525_0523,未中奖,0.00,0.00,1,0,0,0,0,0,0,否,否,否,0,1,684086,684086,3461779682720276,9484048.0,9484008.0,
普通空转,082.json,82,0,,https://fish-games.s3.amazonaws.com/MahjongWays2/index.html?env=ceshislot.osshaiwai.com&hasFloat=0&token=436475c81b51e6893c740657870f86b7&language=en&debug=1&debugDataPath=https://raw.githubusercontent.com/jygameclub/testdataapi/main/mahjong2date/0525_0523&debugStart=82,https://raw.githubusercontent.com/jygameclub/testdataapi/main/mahjong2date/0525_0523/082.json,https://raw.githubusercontent.com/jygameclub/testdataapi/main/mahjong2date/0525_0523,未中奖,0.00,0.00,1,0,0,0,0,0,0,否,否,否,0,1,684092,684092,1491779682726509,9484074.0,9484034.0,
普通空转,083.json,83,0,,https://fish-games.s3.amazonaws.com/MahjongWays2/index.html?env=ceshislot.osshaiwai.com&hasFloat=0&token=436475c81b51e6893c740657870f86b7&language=en&debug=1&debugDataPath=https://raw.githubusercontent.com/jygameclub/testdataapi/main/mahjong2date/0525_0523&debugStart=83,https://raw.githubusercontent.com/jygameclub/testdataapi/main/mahjong2date/0525_0523/083.json,https://raw.githubusercontent.com/jygameclub/testdataapi/main/mahjong2date/0525_0523,未中奖,0.00,0.00,1,0,0,0,0,0,0,否,否,否,0,0,684093,684093,6981779682727909,9484034.0,9483994.0,
普通空转,085.json,85,0,,https://fish-games.s3.amazonaws.com/MahjongWays2/index.html?env=ceshislot.osshaiwai.com&hasFloat=0&token=436475c81b51e6893c740657870f86b7&language=en&debug=1&debugDataPath=https://raw.githubusercontent.com/jygameclub/testdataapi/main/mahjong2date/0525_0523&debugStart=85,https://raw.githubusercontent.com/jygameclub/testdataapi/main/mahjong2date/0525_0523/085.json,https://raw.githubusercontent.com/jygameclub/testdataapi/main/mahjong2date/0525_0523,未中奖,0.00,0.00,1,0,0,0,0,0,0,否,否,否,0,1,684098,684098,2391779682732542,9483966.0,9483926.0,
普通空转,087.json,87,0,,https://fish-games.s3.amazonaws.com/MahjongWays2/index.html?env=ceshislot.osshaiwai.com&hasFloat=0&token=436475c81b51e6893c740657870f86b7&language=en&debug=1&debugDataPath=https://raw.githubusercontent.com/jygameclub/testdataapi/main/mahjong2date/0525_0523&debugStart=87,https://raw.githubusercontent.com/jygameclub/testdataapi/main/mahjong2date/0525_0523/087.json,https://raw.githubusercontent.com/jygameclub/testdataapi/main/mahjong2date/0525_0523,未中奖,0.00,0.00,1,0,0,0,0,0,0,否,否,否,0,2,684103,684103,3521779682736626,9483894.0,9483854.0,
普通空转,091.json,91,0,,https://fish-games.s3.amazonaws.com/MahjongWays2/index.html?env=ceshislot.osshaiwai.com&hasFloat=0&token=436475c81b51e6893c740657870f86b7&language=en&debug=1&debugDataPath=https://raw.githubusercontent.com/jygameclub/testdataapi/main/mahjong2date/0525_0523&debugStart=91,https://raw.githubusercontent.com/jygameclub/testdataapi/main/mahjong2date/0525_0523/091.json,https://raw.githubusercontent.com/jygameclub/testdataapi/main/mahjong2date/0525_0523,未中奖,0.00,0.00,1,0,0,0,0,0,0,否,否,否,0,0,684115,684115,2371779682748392,9483838.0,9483798.0,
普通空转,093.json,93,0,,https://fish-games.s3.amazonaws.com/MahjongWays2/index.html?env=ceshislot.osshaiwai.com&hasFloat=0&token=436475c81b51e6893c740657870f86b7&language=en&debug=1&debugDataPath=https://raw.githubusercontent.com/jygameclub/testdataapi/main/mahjong2date/0525_0523&debugStart=93,https://raw.githubusercontent.com/jygameclub/testdataapi/main/mahjong2date/0525_0523/093.json,https://raw.githubusercontent.com/jygameclub/testdataapi/main/mahjong2date/0525_0523,未中奖,0.00,0.00,1,0,0,0,0,0,0,否,否,否,0,0,684118,684118,2141779682752875,9483760.0,9483720.0,
普通空转,094.json,94,0,,https://fish-games.s3.amazonaws.com/MahjongWays2/index.html?env=ceshislot.osshaiwai.com&hasFloat=0&token=436475c81b51e6893c740657870f86b7&language=en&debug=1&debugDataPath=https://raw.githubusercontent.com/jygameclub/testdataapi/main/mahjong2date/0525_0523&debugStart=94,https://raw.githubusercontent.com/jygameclub/testdataapi/main/mahjong2date/0525_0523/094.json,https://raw.githubusercontent.com/jygameclub/testdataapi/main/mahjong2date/0525_0523,未中奖,0.00,0.00,1,0,0,0,0,0,0,否,否,否,0,0,684120,684120,9891779682753726,9483720.0,9483680.0,
普通空转,096.json,96,0,,https://fish-games.s3.amazonaws.com/MahjongWays2/index.html?env=ceshislot.osshaiwai.com&hasFloat=0&token=436475c81b51e6893c740657870f86b7&language=en&debug=1&debugDataPath=https://raw.githubusercontent.com/jygameclub/testdataapi/main/mahjong2date/0525_0523&debugStart=96,https://raw.githubusercontent.com/jygameclub/testdataapi/main/mahjong2date/0525_0523/096.json,https://raw.githubusercontent.com/jygameclub/testdataapi/main/mahjong2date/0525_0523,未中奖,0.00,0.00,1,0,0,0,0,0,0,否,否,否,0,0,684124,684124,3081779682757226,9483648.0,9483608.0,
普通空转,097.json,97,0,,https://fish-games.s3.amazonaws.com/MahjongWays2/index.html?env=ceshislot.osshaiwai.com&hasFloat=0&token=436475c81b51e6893c740657870f86b7&language=en&debug=1&debugDataPath=https://raw.githubusercontent.com/jygameclub/testdataapi/main/mahjong2date/0525_0523&debugStart=97,https://raw.githubusercontent.com/jygameclub/testdataapi/main/mahjong2date/0525_0523/097.json,https://raw.githubusercontent.com/jygameclub/testdataapi/main/mahjong2date/0525_0523,未中奖,0.00,0.00,1,0,0,0,0,0,0,否,否,否,0,0,684125,684125,1101779682758092,9483608.0,9483568.0,
普通空转,100.json,100,0,,https://fish-games.s3.amazonaws.com/MahjongWays2/index.html?env=ceshislot.osshaiwai.com&hasFloat=0&token=436475c81b51e6893c740657870f86b7&language=en&debug=1&debugDataPath=https://raw.githubusercontent.com/jygameclub/testdataapi/main/mahjong2date/0525_0523&debugStart=100,https://raw.githubusercontent.com/jygameclub/testdataapi/main/mahjong2date/0525_0523/100.json,https://raw.githubusercontent.com/jygameclub/testdataapi/main/mahjong2date/0525_0523,未中奖,0.00,0.00,1,0,0,0,0,0,0,否,否,否,0,1,684132,684132,7461779682767409,9483562.0,9483522.0,
普通空转,102.json,102,0,,https://fish-games.s3.amazonaws.com/MahjongWays2/index.html?env=ceshislot.osshaiwai.com&hasFloat=0&token=436475c81b51e6893c740657870f86b7&language=en&debug=1&debugDataPath=https://raw.githubusercontent.com/jygameclub/testdataapi/main/mahjong2date/0525_0523&debugStart=102,https://raw.githubusercontent.com/jygameclub/testdataapi/main/mahjong2date/0525_0523/102.json,https://raw.githubusercontent.com/jygameclub/testdataapi/main/mahjong2date/0525_0523,未中奖,0.00,0.00,1,0,0,0,0,0,0,否,否,否,0,0,684136,684136,9211779682772744,9483484.0,9483444.0,
普通空转,103.json,103,0,,https://fish-games.s3.amazonaws.com/MahjongWays2/index.html?env=ceshislot.osshaiwai.com&hasFloat=0&token=436475c81b51e6893c740657870f86b7&language=en&debug=1&debugDataPath=https://raw.githubusercontent.com/jygameclub/testdataapi/main/mahjong2date/0525_0523&debugStart=103,https://raw.githubusercontent.com/jygameclub/testdataapi/main/mahjong2date/0525_0523/103.json,https://raw.githubusercontent.com/jygameclub/testdataapi/main/mahjong2date/0525_0523,未中奖,0.00,0.00,1,0,0,0,0,0,0,否,否,否,0,0,684137,684137,5181779682773542,9483444.0,9483404.0,
普通空转,104.json,104,0,,https://fish-games.s3.amazonaws.com/MahjongWays2/index.html?env=ceshislot.osshaiwai.com&hasFloat=0&token=436475c81b51e6893c740657870f86b7&language=en&debug=1&debugDataPath=https://raw.githubusercontent.com/jygameclub/testdataapi/main/mahjong2date/0525_0523&debugStart=104,https://raw.githubusercontent.com/jygameclub/testdataapi/main/mahjong2date/0525_0523/104.json,https://raw.githubusercontent.com/jygameclub/testdataapi/main/mahjong2date/0525_0523,未中奖,0.00,0.00,1,0,0,0,0,0,0,否,否,否,0,0,684138,684138,4051779682774342,9483404.0,9483364.0,
普通空转,105.json,105,0,,https://fish-games.s3.amazonaws.com/MahjongWays2/index.html?env=ceshislot.osshaiwai.com&hasFloat=0&token=436475c81b51e6893c740657870f86b7&language=en&debug=1&debugDataPath=https://raw.githubusercontent.com/jygameclub/testdataapi/main/mahjong2date/0525_0523&debugStart=105,https://raw.githubusercontent.com/jygameclub/testdataapi/main/mahjong2date/0525_0523/105.json,https://raw.githubusercontent.com/jygameclub/testdataapi/main/mahjong2date/0525_0523,未中奖,0.00,0.00,1,0,0,0,0,0,0,否,否,否,0,1,684139,684139,3041779682775125,9483364.0,9483324.0,
普通空转,106.json,106,0,,https://fish-games.s3.amazonaws.com/MahjongWays2/index.html?env=ceshislot.osshaiwai.com&hasFloat=0&token=436475c81b51e6893c740657870f86b7&language=en&debug=1&debugDataPath=https://raw.githubusercontent.com/jygameclub/testdataapi/main/mahjong2date/0525_0523&debugStart=106,https://raw.githubusercontent.com/jygameclub/testdataapi/main/mahjong2date/0525_0523/106.json,https://raw.githubusercontent.com/jygameclub/testdataapi/main/mahjong2date/0525_0523,未中奖,0.00,0.00,1,0,0,0,0,0,0,否,否,否,0,1,684141,684141,4701779682776525,9483324.0,9483284.0,
普通空转,107.json,107,0,,https://fish-games.s3.amazonaws.com/MahjongWays2/index.html?env=ceshislot.osshaiwai.com&hasFloat=0&token=436475c81b51e6893c740657870f86b7&language=en&debug=1&debugDataPath=https://raw.githubusercontent.com/jygameclub/testdataapi/main/mahjong2date/0525_0523&debugStart=107,https://raw.githubusercontent.com/jygameclub/testdataapi/main/mahjong2date/0525_0523/107.json,https://raw.githubusercontent.com/jygameclub/testdataapi/main/mahjong2date/0525_0523,未中奖,0.00,0.00,1,0,0,0,0,0,0,否,否,否,0,0,684142,684142,9291779682777925,9483284.0,9483244.0,
普通空转,108.json,108,0,,https://fish-games.s3.amazonaws.com/MahjongWays2/index.html?env=ceshislot.osshaiwai.com&hasFloat=0&token=436475c81b51e6893c740657870f86b7&language=en&debug=1&debugDataPath=https://raw.githubusercontent.com/jygameclub/testdataapi/main/mahjong2date/0525_0523&debugStart=108,https://raw.githubusercontent.com/jygameclub/testdataapi/main/mahjong2date/0525_0523/108.json,https://raw.githubusercontent.com/jygameclub/testdataapi/main/mahjong2date/0525_0523,未中奖,0.00,0.00,1,0,0,0,0,0,0,否,否,否,0,0,684143,684143,7881779682778792,9483244.0,9483204.0,
普通空转,109.json,109,0,,https://fish-games.s3.amazonaws.com/MahjongWays2/index.html?env=ceshislot.osshaiwai.com&hasFloat=0&token=436475c81b51e6893c740657870f86b7&language=en&debug=1&debugDataPath=https://raw.githubusercontent.com/jygameclub/testdataapi/main/mahjong2date/0525_0523&debugStart=109,https://raw.githubusercontent.com/jygameclub/testdataapi/main/mahjong2date/0525_0523/109.json,https://raw.githubusercontent.com/jygameclub/testdataapi/main/mahjong2date/0525_0523,未中奖,0.00,0.00,1,0,0,0,0,0,0,否,否,否,0,0,684145,684145,2621779682779592,9483204.0,9483164.0,
普通空转,110.json,110,0,,https://fish-games.s3.amazonaws.com/MahjongWays2/index.html?env=ceshislot.osshaiwai.com&hasFloat=0&token=436475c81b51e6893c740657870f86b7&language=en&debug=1&debugDataPath=https://raw.githubusercontent.com/jygameclub/testdataapi/main/mahjong2date/0525_0523&debugStart=110,https://raw.githubusercontent.com/jygameclub/testdataapi/main/mahjong2date/0525_0523/110.json,https://raw.githubusercontent.com/jygameclub/testdataapi/main/mahjong2date/0525_0523,未中奖,0.00,0.00,1,0,0,0,0,0,0,否,否,否,0,0,684146,684146,1911779682780391,9483164.0,9483124.0,
普通空转,111.json,111,0,,https://fish-games.s3.amazonaws.com/MahjongWays2/index.html?env=ceshislot.osshaiwai.com&hasFloat=0&token=436475c81b51e6893c740657870f86b7&language=en&debug=1&debugDataPath=https://raw.githubusercontent.com/jygameclub/testdataapi/main/mahjong2date/0525_0523&debugStart=111,https://raw.githubusercontent.com/jygameclub/testdataapi/main/mahjong2date/0525_0523/111.json,https://raw.githubusercontent.com/jygameclub/testdataapi/main/mahjong2date/0525_0523,未中奖,0.00,0.00,1,0,0,0,0,0,0,否,否,否,0,1,684147,684147,1241779682781192,9483124.0,9483084.0,
普通空转,112.json,112,0,,https://fish-games.s3.amazonaws.com/MahjongWays2/index.html?env=ceshislot.osshaiwai.com&hasFloat=0&token=436475c81b51e6893c740657870f86b7&language=en&debug=1&debugDataPath=https://raw.githubusercontent.com/jygameclub/testdataapi/main/mahjong2date/0525_0523&debugStart=112,https://raw.githubusercontent.com/jygameclub/testdataapi/main/mahjong2date/0525_0523/112.json,https://raw.githubusercontent.com/jygameclub/testdataapi/main/mahjong2date/0525_0523,未中奖,0.00,0.00,1,0,0,0,0,0,0,否,否,否,0,0,684148,684148,3041779682782592,9483084.0,9483044.0,
普通空转,114.json,114,0,,https://fish-games.s3.amazonaws.com/MahjongWays2/index.html?env=ceshislot.osshaiwai.com&hasFloat=0&token=436475c81b51e6893c740657870f86b7&language=en&debug=1&debugDataPath=https://raw.githubusercontent.com/jygameclub/testdataapi/main/mahjong2date/0525_0523&debugStart=114,https://raw.githubusercontent.com/jygameclub/testdataapi/main/mahjong2date/0525_0523/114.json,https://raw.githubusercontent.com/jygameclub/testdataapi/main/mahjong2date/0525_0523,未中奖,0.00,0.00,1,0,0,0,0,0,0,否,否,否,0,1,684152,684152,1591779682788109,9483056.0,9483016.0,
普通空转,115.json,115,0,,https://fish-games.s3.amazonaws.com/MahjongWays2/index.html?env=ceshislot.osshaiwai.com&hasFloat=0&token=436475c81b51e6893c740657870f86b7&language=en&debug=1&debugDataPath=https://raw.githubusercontent.com/jygameclub/testdataapi/main/mahjong2date/0525_0523&debugStart=115,https://raw.githubusercontent.com/jygameclub/testdataapi/main/mahjong2date/0525_0523/115.json,https://raw.githubusercontent.com/jygameclub/testdataapi/main/mahjong2date/0525_0523,未中奖,0.00,0.00,1,0,0,0,0,0,0,否,否,否,0,2,684153,684153,6331779682789508,9483016.0,9482976.0,
普通空转,116.json,116,0,,https://fish-games.s3.amazonaws.com/MahjongWays2/index.html?env=ceshislot.osshaiwai.com&hasFloat=0&token=436475c81b51e6893c740657870f86b7&language=en&debug=1&debugDataPath=https://raw.githubusercontent.com/jygameclub/testdataapi/main/mahjong2date/0525_0523&debugStart=116,https://raw.githubusercontent.com/jygameclub/testdataapi/main/mahjong2date/0525_0523/116.json,https://raw.githubusercontent.com/jygameclub/testdataapi/main/mahjong2date/0525_0523,未中奖,0.00,0.00,1,0,0,0,0,0,0,否,否,否,0,0,684154,684154,2701779682791075,9482976.0,9482936.0,
普通空转,117.json,117,0,,https://fish-games.s3.amazonaws.com/MahjongWays2/index.html?env=ceshislot.osshaiwai.com&hasFloat=0&token=436475c81b51e6893c740657870f86b7&language=en&debug=1&debugDataPath=https://raw.githubusercontent.com/jygameclub/testdataapi/main/mahjong2date/0525_0523&debugStart=117,https://raw.githubusercontent.com/jygameclub/testdataapi/main/mahjong2date/0525_0523/117.json,https://raw.githubusercontent.com/jygameclub/testdataapi/main/mahjong2date/0525_0523,未中奖,0.00,0.00,1,0,0,0,0,0,0,否,否,否,0,2,684155,684155,8131779682791875,9482936.0,9482896.0,
普通空转,118.json,118,0,,https://fish-games.s3.amazonaws.com/MahjongWays2/index.html?env=ceshislot.osshaiwai.com&hasFloat=0&token=436475c81b51e6893c740657870f86b7&language=en&debug=1&debugDataPath=https://raw.githubusercontent.com/jygameclub/testdataapi/main/mahjong2date/0525_0523&debugStart=118,https://raw.githubusercontent.com/jygameclub/testdataapi/main/mahjong2date/0525_0523/118.json,https://raw.githubusercontent.com/jygameclub/testdataapi/main/mahjong2date/0525_0523,未中奖,0.00,0.00,1,0,0,0,0,0,0,否,否,否,0,0,684157,684157,4331779682793459,9482896.0,9482856.0,
普通空转,121.json,121,0,,https://fish-games.s3.amazonaws.com/MahjongWays2/index.html?env=ceshislot.osshaiwai.com&hasFloat=0&token=436475c81b51e6893c740657870f86b7&language=en&debug=1&debugDataPath=https://raw.githubusercontent.com/jygameclub/testdataapi/main/mahjong2date/0525_0523&debugStart=121,https://raw.githubusercontent.com/jygameclub/testdataapi/main/mahjong2date/0525_0523/121.json,https://raw.githubusercontent.com/jygameclub/testdataapi/main/mahjong2date/0525_0523,未中奖,0.00,0.00,1,0,0,0,0,0,0,否,否,否,0,1,684164,684164,2521779682800693,9482798.0,9482758.0,
普通空转,122.json,122,0,,https://fish-games.s3.amazonaws.com/MahjongWays2/index.html?env=ceshislot.osshaiwai.com&hasFloat=0&token=436475c81b51e6893c740657870f86b7&language=en&debug=1&debugDataPath=https://raw.githubusercontent.com/jygameclub/testdataapi/main/mahjong2date/0525_0523&debugStart=122,https://raw.githubusercontent.com/jygameclub/testdataapi/main/mahjong2date/0525_0523/122.json,https://raw.githubusercontent.com/jygameclub/testdataapi/main/mahjong2date/0525_0523,未中奖,0.00,0.00,1,0,0,0,0,0,0,否,否,否,0,0,684165,684165,1241779682802160,9482758.0,9482718.0,
普通空转,123.json,123,0,,https://fish-games.s3.amazonaws.com/MahjongWays2/index.html?env=ceshislot.osshaiwai.com&hasFloat=0&token=436475c81b51e6893c740657870f86b7&language=en&debug=1&debugDataPath=https://raw.githubusercontent.com/jygameclub/testdataapi/main/mahjong2date/0525_0523&debugStart=123,https://raw.githubusercontent.com/jygameclub/testdataapi/main/mahjong2date/0525_0523/123.json,https://raw.githubusercontent.com/jygameclub/testdataapi/main/mahjong2date/0525_0523,未中奖,0.00,0.00,1,0,0,0,0,0,0,否,否,否,0,1,684166,684166,9381779682803010,9482718.0,9482678.0,
普通空转,124.json,124,0,,https://fish-games.s3.amazonaws.com/MahjongWays2/index.html?env=ceshislot.osshaiwai.com&hasFloat=0&token=436475c81b51e6893c740657870f86b7&language=en&debug=1&debugDataPath=https://raw.githubusercontent.com/jygameclub/testdataapi/main/mahjong2date/0525_0523&debugStart=124,https://raw.githubusercontent.com/jygameclub/testdataapi/main/mahjong2date/0525_0523/124.json,https://raw.githubusercontent.com/jygameclub/testdataapi/main/mahjong2date/0525_0523,未中奖,0.00,0.00,1,0,0,0,0,0,0,否,否,否,0,0,684168,684168,5831779682804475,9482678.0,9482638.0,
普通空转,125.json,125,0,,https://fish-games.s3.amazonaws.com/MahjongWays2/index.html?env=ceshislot.osshaiwai.com&hasFloat=0&token=436475c81b51e6893c740657870f86b7&language=en&debug=1&debugDataPath=https://raw.githubusercontent.com/jygameclub/testdataapi/main/mahjong2date/0525_0523&debugStart=125,https://raw.githubusercontent.com/jygameclub/testdataapi/main/mahjong2date/0525_0523/125.json,https://raw.githubusercontent.com/jygameclub/testdataapi/main/mahjong2date/0525_0523,未中奖,0.00,0.00,1,0,0,0,0,0,0,否,否,否,0,0,684169,684169,4501779682805278,9482638.0,9482598.0,
普通空转,126.json,126,0,,https://fish-games.s3.amazonaws.com/MahjongWays2/index.html?env=ceshislot.osshaiwai.com&hasFloat=0&token=436475c81b51e6893c740657870f86b7&language=en&debug=1&debugDataPath=https://raw.githubusercontent.com/jygameclub/testdataapi/main/mahjong2date/0525_0523&debugStart=126,https://raw.githubusercontent.com/jygameclub/testdataapi/main/mahjong2date/0525_0523/126.json,https://raw.githubusercontent.com/jygameclub/testdataapi/main/mahjong2date/0525_0523,未中奖,0.00,0.00,1,0,0,0,0,0,0,否,否,否,0,0,684170,684170,7471779682806125,9482598.0,9482558.0,
普通空转,127.json,127,0,,https://fish-games.s3.amazonaws.com/MahjongWays2/index.html?env=ceshislot.osshaiwai.com&hasFloat=0&token=436475c81b51e6893c740657870f86b7&language=en&debug=1&debugDataPath=https://raw.githubusercontent.com/jygameclub/testdataapi/main/mahjong2date/0525_0523&debugStart=127,https://raw.githubusercontent.com/jygameclub/testdataapi/main/mahjong2date/0525_0523/127.json,https://raw.githubusercontent.com/jygameclub/testdataapi/main/mahjong2date/0525_0523,未中奖,0.00,0.00,1,0,0,0,0,0,0,否,否,否,0,1,684172,684172,8421779682806975,9482558.0,9482518.0,
普通空转,130.json,130,0,,https://fish-games.s3.amazonaws.com/MahjongWays2/index.html?env=ceshislot.osshaiwai.com&hasFloat=0&token=436475c81b51e6893c740657870f86b7&language=en&debug=1&debugDataPath=https://raw.githubusercontent.com/jygameclub/testdataapi/main/mahjong2date/0525_0523&debugStart=130,https://raw.githubusercontent.com/jygameclub/testdataapi/main/mahjong2date/0525_0523/130.json,https://raw.githubusercontent.com/jygameclub/testdataapi/main/mahjong2date/0525_0523,未中奖,0.00,0.00,1,0,0,0,0,0,0,否,否,否,0,0,684179,684179,8031779682814875,9482518.0,9482478.0,
普通空转,131.json,131,0,,https://fish-games.s3.amazonaws.com/MahjongWays2/index.html?env=ceshislot.osshaiwai.com&hasFloat=0&token=436475c81b51e6893c740657870f86b7&language=en&debug=1&debugDataPath=https://raw.githubusercontent.com/jygameclub/testdataapi/main/mahjong2date/0525_0523&debugStart=131,https://raw.githubusercontent.com/jygameclub/testdataapi/main/mahjong2date/0525_0523/131.json,https://raw.githubusercontent.com/jygameclub/testdataapi/main/mahjong2date/0525_0523,未中奖,0.00,0.00,1,0,0,0,0,0,0,否,否,否,0,0,684180,684180,8381779682815742,9482478.0,9482438.0,
普通空转,132.json,132,0,,https://fish-games.s3.amazonaws.com/MahjongWays2/index.html?env=ceshislot.osshaiwai.com&hasFloat=0&token=436475c81b51e6893c740657870f86b7&language=en&debug=1&debugDataPath=https://raw.githubusercontent.com/jygameclub/testdataapi/main/mahjong2date/0525_0523&debugStart=132,https://raw.githubusercontent.com/jygameclub/testdataapi/main/mahjong2date/0525_0523/132.json,https://raw.githubusercontent.com/jygameclub/testdataapi/main/mahjong2date/0525_0523,未中奖,0.00,0.00,1,0,0,0,0,0,0,否,否,否,0,0,684181,684181,3811779682816609,9482438.0,9482398.0,
普通空转,133.json,133,0,,https://fish-games.s3.amazonaws.com/MahjongWays2/index.html?env=ceshislot.osshaiwai.com&hasFloat=0&token=436475c81b51e6893c740657870f86b7&language=en&debug=1&debugDataPath=https://raw.githubusercontent.com/jygameclub/testdataapi/main/mahjong2date/0525_0523&debugStart=133,https://raw.githubusercontent.com/jygameclub/testdataapi/main/mahjong2date/0525_0523/133.json,https://raw.githubusercontent.com/jygameclub/testdataapi/main/mahjong2date/0525_0523,未中奖,0.00,0.00,1,0,0,0,0,0,0,否,否,否,0,1,684183,684183,6781779682817475,9482398.0,9482358.0,
普通空转,135.json,135,0,,https://fish-games.s3.amazonaws.com/MahjongWays2/index.html?env=ceshislot.osshaiwai.com&hasFloat=0&token=436475c81b51e6893c740657870f86b7&language=en&debug=1&debugDataPath=https://raw.githubusercontent.com/jygameclub/testdataapi/main/mahjong2date/0525_0523&debugStart=135,https://raw.githubusercontent.com/jygameclub/testdataapi/main/mahjong2date/0525_0523/135.json,https://raw.githubusercontent.com/jygameclub/testdataapi/main/mahjong2date/0525_0523,未中奖,0.00,0.00,1,0,0,0,0,0,0,否,否,否,0,1,684187,684187,4041779682824675,9482334.0,9482294.0,
普通空转,136.json,136,0,,https://fish-games.s3.amazonaws.com/MahjongWays2/index.html?env=ceshislot.osshaiwai.com&hasFloat=0&token=436475c81b51e6893c740657870f86b7&language=en&debug=1&debugDataPath=https://raw.githubusercontent.com/jygameclub/testdataapi/main/mahjong2date/0525_0523&debugStart=136,https://raw.githubusercontent.com/jygameclub/testdataapi/main/mahjong2date/0525_0523/136.json,https://raw.githubusercontent.com/jygameclub/testdataapi/main/mahjong2date/0525_0523,未中奖,0.00,0.00,1,0,0,0,0,0,0,否,否,否,0,0,684188,684188,8261779682826075,9482294.0,9482254.0,
普通空转,137.json,137,0,,https://fish-games.s3.amazonaws.com/MahjongWays2/index.html?env=ceshislot.osshaiwai.com&hasFloat=0&token=436475c81b51e6893c740657870f86b7&language=en&debug=1&debugDataPath=https://raw.githubusercontent.com/jygameclub/testdataapi/main/mahjong2date/0525_0523&debugStart=137,https://raw.githubusercontent.com/jygameclub/testdataapi/main/mahjong2date/0525_0523/137.json,https://raw.githubusercontent.com/jygameclub/testdataapi/main/mahjong2date/0525_0523,未中奖,0.00,0.00,1,0,0,0,0,0,0,否,否,否,0,0,684189,684189,1021779682826942,9482254.0,9482214.0,
普通空转,141.json,141,0,,https://fish-games.s3.amazonaws.com/MahjongWays2/index.html?env=ceshislot.osshaiwai.com&hasFloat=0&token=436475c81b51e6893c740657870f86b7&language=en&debug=1&debugDataPath=https://raw.githubusercontent.com/jygameclub/testdataapi/main/mahjong2date/0525_0523&debugStart=141,https://raw.githubusercontent.com/jygameclub/testdataapi/main/mahjong2date/0525_0523/141.json,https://raw.githubusercontent.com/jygameclub/testdataapi/main/mahjong2date/0525_0523,未中奖,0.00,0.00,1,0,0,0,0,0,0,否,否,否,0,0,684202,684202,2601779682841958,9482722.0,9482682.0,
普通空转,142.json,142,0,,https://fish-games.s3.amazonaws.com/MahjongWays2/index.html?env=ceshislot.osshaiwai.com&hasFloat=0&token=436475c81b51e6893c740657870f86b7&language=en&debug=1&debugDataPath=https://raw.githubusercontent.com/jygameclub/testdataapi/main/mahjong2date/0525_0523&debugStart=142,https://raw.githubusercontent.com/jygameclub/testdataapi/main/mahjong2date/0525_0523/142.json,https://raw.githubusercontent.com/jygameclub/testdataapi/main/mahjong2date/0525_0523,未中奖,0.00,0.00,1,0,0,0,0,0,0,否,否,否,0,0,684203,684203,2851779682842758,9482682.0,9482642.0,
普通空转,143.json,143,0,,https://fish-games.s3.amazonaws.com/MahjongWays2/index.html?env=ceshislot.osshaiwai.com&hasFloat=0&token=436475c81b51e6893c740657870f86b7&language=en&debug=1&debugDataPath=https://raw.githubusercontent.com/jygameclub/testdataapi/main/mahjong2date/0525_0523&debugStart=143,https://raw.githubusercontent.com/jygameclub/testdataapi/main/mahjong2date/0525_0523/143.json,https://raw.githubusercontent.com/jygameclub/testdataapi/main/mahjong2date/0525_0523,未中奖,0.00,0.00,1,0,0,0,0,0,0,否,否,否,0,0,684204,684204,2911779682843558,9482642.0,9482602.0,
普通空转,147.json,147,0,,https://fish-games.s3.amazonaws.com/MahjongWays2/index.html?env=ceshislot.osshaiwai.com&hasFloat=0&token=436475c81b51e6893c740657870f86b7&language=en&debug=1&debugDataPath=https://raw.githubusercontent.com/jygameclub/testdataapi/main/mahjong2date/0525_0523&debugStart=147,https://raw.githubusercontent.com/jygameclub/testdataapi/main/mahjong2date/0525_0523/147.json,https://raw.githubusercontent.com/jygameclub/testdataapi/main/mahjong2date/0525_0523,未中奖,0.00,0.00,1,0,0,0,0,0,0,否,否,否,0,0,684216,684216,1411779682858675,9482598.0,9482558.0,
普通空转,148.json,148,0,,https://fish-games.s3.amazonaws.com/MahjongWays2/index.html?env=ceshislot.osshaiwai.com&hasFloat=0&token=436475c81b51e6893c740657870f86b7&language=en&debug=1&debugDataPath=https://raw.githubusercontent.com/jygameclub/testdataapi/main/mahjong2date/0525_0523&debugStart=148,https://raw.githubusercontent.com/jygameclub/testdataapi/main/mahjong2date/0525_0523/148.json,https://raw.githubusercontent.com/jygameclub/testdataapi/main/mahjong2date/0525_0523,未中奖,0.00,0.00,1,0,0,0,0,0,0,否,否,否,0,0,684217,684217,8251779682859542,9482558.0,9482518.0,
普通空转,149.json,149,0,,https://fish-games.s3.amazonaws.com/MahjongWays2/index.html?env=ceshislot.osshaiwai.com&hasFloat=0&token=436475c81b51e6893c740657870f86b7&language=en&debug=1&debugDataPath=https://raw.githubusercontent.com/jygameclub/testdataapi/main/mahjong2date/0525_0523&debugStart=149,https://raw.githubusercontent.com/jygameclub/testdataapi/main/mahjong2date/0525_0523/149.json,https://raw.githubusercontent.com/jygameclub/testdataapi/main/mahjong2date/0525_0523,未中奖,0.00,0.00,1,0,0,0,0,0,0,否,否,否,0,0,684218,684218,7551779682860392,9482518.0,9482478.0,
普通空转,150.json,150,0,,https://fish-games.s3.amazonaws.com/MahjongWays2/index.html?env=ceshislot.osshaiwai.com&hasFloat=0&token=436475c81b51e6893c740657870f86b7&language=en&debug=1&debugDataPath=https://raw.githubusercontent.com/jygameclub/testdataapi/main/mahjong2date/0525_0523&debugStart=150,https://raw.githubusercontent.com/jygameclub/testdataapi/main/mahjong2date/0525_0523/150.json,https://raw.githubusercontent.com/jygameclub/testdataapi/main/mahjong2date/0525_0523,未中奖,0.00,0.00,1,0,0,0,0,0,0,否,否,否,0,1,684220,684220,5871779682861257,9482478.0,9482438.0,
普通空转,151.json,151,0,,https://fish-games.s3.amazonaws.com/MahjongWays2/index.html?env=ceshislot.osshaiwai.com&hasFloat=0&token=436475c81b51e6893c740657870f86b7&language=en&debug=1&debugDataPath=https://raw.githubusercontent.com/jygameclub/testdataapi/main/mahjong2date/0525_0523&debugStart=151,https://raw.githubusercontent.com/jygameclub/testdataapi/main/mahjong2date/0525_0523/151.json,https://raw.githubusercontent.com/jygameclub/testdataapi/main/mahjong2date/0525_0523,未中奖,0.00,0.00,1,0,0,0,0,0,0,否,否,否,0,0,684221,684221,1711779682862725,9482438.0,9482398.0,
普通空转,152.json,152,0,,https://fish-games.s3.amazonaws.com/MahjongWays2/index.html?env=ceshislot.osshaiwai.com&hasFloat=0&token=436475c81b51e6893c740657870f86b7&language=en&debug=1&debugDataPath=https://raw.githubusercontent.com/jygameclub/testdataapi/main/mahjong2date/0525_0523&debugStart=152,https://raw.githubusercontent.com/jygameclub/testdataapi/main/mahjong2date/0525_0523/152.json,https://raw.githubusercontent.com/jygameclub/testdataapi/main/mahjong2date/0525_0523,未中奖,0.00,0.00,1,0,0,0,0,0,0,否,否,否,0,1,684222,684222,1421779682863510,9482398.0,9482358.0,
普通空转,153.json,153,0,,https://fish-games.s3.amazonaws.com/MahjongWays2/index.html?env=ceshislot.osshaiwai.com&hasFloat=0&token=436475c81b51e6893c740657870f86b7&language=en&debug=1&debugDataPath=https://raw.githubusercontent.com/jygameclub/testdataapi/main/mahjong2date/0525_0523&debugStart=153,https://raw.githubusercontent.com/jygameclub/testdataapi/main/mahjong2date/0525_0523/153.json,https://raw.githubusercontent.com/jygameclub/testdataapi/main/mahjong2date/0525_0523,未中奖,0.00,0.00,1,0,0,0,0,0,0,否,否,否,0,0,684223,684223,2251779682864925,9482358.0,9482318.0,
普通空转,155.json,155,0,,https://fish-games.s3.amazonaws.com/MahjongWays2/index.html?env=ceshislot.osshaiwai.com&hasFloat=0&token=436475c81b51e6893c740657870f86b7&language=en&debug=1&debugDataPath=https://raw.githubusercontent.com/jygameclub/testdataapi/main/mahjong2date/0525_0523&debugStart=155,https://raw.githubusercontent.com/jygameclub/testdataapi/main/mahjong2date/0525_0523/155.json,https://raw.githubusercontent.com/jygameclub/testdataapi/main/mahjong2date/0525_0523,未中奖,0.00,0.00,1,0,0,0,0,0,0,否,否,否,0,1,684226,684226,9011779682869442,9482284.0,9482244.0,
普通空转,156.json,156,0,,https://fish-games.s3.amazonaws.com/MahjongWays2/index.html?env=ceshislot.osshaiwai.com&hasFloat=0&token=436475c81b51e6893c740657870f86b7&language=en&debug=1&debugDataPath=https://raw.githubusercontent.com/jygameclub/testdataapi/main/mahjong2date/0525_0523&debugStart=156,https://raw.githubusercontent.com/jygameclub/testdataapi/main/mahjong2date/0525_0523/156.json,https://raw.githubusercontent.com/jygameclub/testdataapi/main/mahjong2date/0525_0523,未中奖,0.00,0.00,1,0,0,0,0,0,0,否,否,否,0,1,684227,684227,8631779682870842,9482244.0,9482204.0,
普通空转,158.json,158,0,,https://fish-games.s3.amazonaws.com/MahjongWays2/index.html?env=ceshislot.osshaiwai.com&hasFloat=0&token=436475c81b51e6893c740657870f86b7&language=en&debug=1&debugDataPath=https://raw.githubusercontent.com/jygameclub/testdataapi/main/mahjong2date/0525_0523&debugStart=158,https://raw.githubusercontent.com/jygameclub/testdataapi/main/mahjong2date/0525_0523/158.json,https://raw.githubusercontent.com/jygameclub/testdataapi/main/mahjong2date/0525_0523,未中奖,0.00,0.00,1,0,0,0,0,0,0,否,否,否,0,0,684231,684231,9571779682876009,9482172.0,9482132.0,
普通空转,159.json,159,0,,https://fish-games.s3.amazonaws.com/MahjongWays2/index.html?env=ceshislot.osshaiwai.com&hasFloat=0&token=436475c81b51e6893c740657870f86b7&language=en&debug=1&debugDataPath=https://raw.githubusercontent.com/jygameclub/testdataapi/main/mahjong2date/0525_0523&debugStart=159,https://raw.githubusercontent.com/jygameclub/testdataapi/main/mahjong2date/0525_0523/159.json,https://raw.githubusercontent.com/jygameclub/testdataapi/main/mahjong2date/0525_0523,未中奖,0.00,0.00,1,0,0,0,0,0,0,否,否,否,0,1,684232,684232,3391779682876858,9482132.0,9482092.0,
普通空转,161.json,161,0,,https://fish-games.s3.amazonaws.com/MahjongWays2/index.html?env=ceshislot.osshaiwai.com&hasFloat=0&token=436475c81b51e6893c740657870f86b7&language=en&debug=1&debugDataPath=https://raw.githubusercontent.com/jygameclub/testdataapi/main/mahjong2date/0525_0523&debugStart=161,https://raw.githubusercontent.com/jygameclub/testdataapi/main/mahjong2date/0525_0523/161.json,https://raw.githubusercontent.com/jygameclub/testdataapi/main/mahjong2date/0525_0523,未中奖,0.00,0.00,1,0,0,0,0,0,0,否,否,否,0,1,684235,684235,3621779682881175,9482124.0,9482084.0,
普通空转,162.json,162,0,,https://fish-games.s3.amazonaws.com/MahjongWays2/index.html?env=ceshislot.osshaiwai.com&hasFloat=0&token=436475c81b51e6893c740657870f86b7&language=en&debug=1&debugDataPath=https://raw.githubusercontent.com/jygameclub/testdataapi/main/mahjong2date/0525_0523&debugStart=162,https://raw.githubusercontent.com/jygameclub/testdataapi/main/mahjong2date/0525_0523/162.json,https://raw.githubusercontent.com/jygameclub/testdataapi/main/mahjong2date/0525_0523,未中奖,0.00,0.00,1,0,0,0,0,0,0,否,否,否,0,0,684236,684236,4271779682882575,9482084.0,9482044.0,
普通空转,163.json,163,0,,https://fish-games.s3.amazonaws.com/MahjongWays2/index.html?env=ceshislot.osshaiwai.com&hasFloat=0&token=436475c81b51e6893c740657870f86b7&language=en&debug=1&debugDataPath=https://raw.githubusercontent.com/jygameclub/testdataapi/main/mahjong2date/0525_0523&debugStart=163,https://raw.githubusercontent.com/jygameclub/testdataapi/main/mahjong2date/0525_0523/163.json,https://raw.githubusercontent.com/jygameclub/testdataapi/main/mahjong2date/0525_0523,未中奖,0.00,0.00,1,0,0,0,0,0,0,否,否,否,0,0,684237,684237,7761779682883376,9482044.0,9482004.0,
普通空转,164.json,164,0,,https://fish-games.s3.amazonaws.com/MahjongWays2/index.html?env=ceshislot.osshaiwai.com&hasFloat=0&token=436475c81b51e6893c740657870f86b7&language=en&debug=1&debugDataPath=https://raw.githubusercontent.com/jygameclub/testdataapi/main/mahjong2date/0525_0523&debugStart=164,https://raw.githubusercontent.com/jygameclub/testdataapi/main/mahjong2date/0525_0523/164.json,https://raw.githubusercontent.com/jygameclub/testdataapi/main/mahjong2date/0525_0523,未中奖,0.00,0.00,1,0,0,0,0,0,0,否,否,否,0,0,684238,684238,7251779682884176,9482004.0,9481964.0,
普通空转,166.json,166,0,,https://fish-games.s3.amazonaws.com/MahjongWays2/index.html?env=ceshislot.osshaiwai.com&hasFloat=0&token=436475c81b51e6893c740657870f86b7&language=en&debug=1&debugDataPath=https://raw.githubusercontent.com/jygameclub/testdataapi/main/mahjong2date/0525_0523&debugStart=166,https://raw.githubusercontent.com/jygameclub/testdataapi/main/mahjong2date/0525_0523/166.json,https://raw.githubusercontent.com/jygameclub/testdataapi/main/mahjong2date/0525_0523,未中奖,0.00,0.00,1,0,0,0,0,0,0,否,否,否,0,2,684242,684242,9031779682887658,9481928.0,9481888.0,
普通空转,167.json,167,0,,https://fish-games.s3.amazonaws.com/MahjongWays2/index.html?env=ceshislot.osshaiwai.com&hasFloat=0&token=436475c81b51e6893c740657870f86b7&language=en&debug=1&debugDataPath=https://raw.githubusercontent.com/jygameclub/testdataapi/main/mahjong2date/0525_0523&debugStart=167,https://raw.githubusercontent.com/jygameclub/testdataapi/main/mahjong2date/0525_0523/167.json,https://raw.githubusercontent.com/jygameclub/testdataapi/main/mahjong2date/0525_0523,未中奖,0.00,0.00,1,0,0,0,0,0,0,否,否,否,0,0,684243,684243,5201779682889175,9481888.0,9481848.0,
普通空转,170.json,170,0,,https://fish-games.s3.amazonaws.com/MahjongWays2/index.html?env=ceshislot.osshaiwai.com&hasFloat=0&token=436475c81b51e6893c740657870f86b7&language=en&debug=1&debugDataPath=https://raw.githubusercontent.com/jygameclub/testdataapi/main/mahjong2date/0525_0523&debugStart=170,https://raw.githubusercontent.com/jygameclub/testdataapi/main/mahjong2date/0525_0523/170.json,https://raw.githubusercontent.com/jygameclub/testdataapi/main/mahjong2date/0525_0523,未中奖,0.00,0.00,1,0,0,0,0,0,0,否,否,否,0,0,684251,684251,6531779682896358,9481810.0,9481770.0,
普通空转,171.json,171,0,,https://fish-games.s3.amazonaws.com/MahjongWays2/index.html?env=ceshislot.osshaiwai.com&hasFloat=0&token=436475c81b51e6893c740657870f86b7&language=en&debug=1&debugDataPath=https://raw.githubusercontent.com/jygameclub/testdataapi/main/mahjong2date/0525_0523&debugStart=171,https://raw.githubusercontent.com/jygameclub/testdataapi/main/mahjong2date/0525_0523/171.json,https://raw.githubusercontent.com/jygameclub/testdataapi/main/mahjong2date/0525_0523,未中奖,0.00,0.00,1,0,0,0,0,0,0,否,否,否,0,0,684252,684252,7881779682897159,9481770.0,9481730.0,
普通空转,173.json,173,0,,https://fish-games.s3.amazonaws.com/MahjongWays2/index.html?env=ceshislot.osshaiwai.com&hasFloat=0&token=436475c81b51e6893c740657870f86b7&language=en&debug=1&debugDataPath=https://raw.githubusercontent.com/jygameclub/testdataapi/main/mahjong2date/0525_0523&debugStart=173,https://raw.githubusercontent.com/jygameclub/testdataapi/main/mahjong2date/0525_0523/173.json,https://raw.githubusercontent.com/jygameclub/testdataapi/main/mahjong2date/0525_0523,未中奖,0.00,0.00,1,0,0,0,0,0,0,否,否,否,0,1,684256,684256,7031779682900642,9481702.0,9481662.0,
普通空转,174.json,174,0,,https://fish-games.s3.amazonaws.com/MahjongWays2/index.html?env=ceshislot.osshaiwai.com&hasFloat=0&token=436475c81b51e6893c740657870f86b7&language=en&debug=1&debugDataPath=https://raw.githubusercontent.com/jygameclub/testdataapi/main/mahjong2date/0525_0523&debugStart=174,https://raw.githubusercontent.com/jygameclub/testdataapi/main/mahjong2date/0525_0523/174.json,https://raw.githubusercontent.com/jygameclub/testdataapi/main/mahjong2date/0525_0523,未中奖,0.00,0.00,1,0,0,0,0,0,0,否,否,否,0,0,684257,684257,6591779682902058,9481662.0,9481622.0,
普通空转,175.json,175,0,,https://fish-games.s3.amazonaws.com/MahjongWays2/index.html?env=ceshislot.osshaiwai.com&hasFloat=0&token=436475c81b51e6893c740657870f86b7&language=en&debug=1&debugDataPath=https://raw.githubusercontent.com/jygameclub/testdataapi/main/mahjong2date/0525_0523&debugStart=175,https://raw.githubusercontent.com/jygameclub/testdataapi/main/mahjong2date/0525_0523/175.json,https://raw.githubusercontent.com/jygameclub/testdataapi/main/mahjong2date/0525_0523,未中奖,0.00,0.00,1,0,0,0,0,0,0,否,否,否,0,1,684259,684259,5361779682902925,9481622.0,9481582.0,
普通空转,176.json,176,0,,https://fish-games.s3.amazonaws.com/MahjongWays2/index.html?env=ceshislot.osshaiwai.com&hasFloat=0&token=436475c81b51e6893c740657870f86b7&language=en&debug=1&debugDataPath=https://raw.githubusercontent.com/jygameclub/testdataapi/main/mahjong2date/0525_0523&debugStart=176,https://raw.githubusercontent.com/jygameclub/testdataapi/main/mahjong2date/0525_0523/176.json,https://raw.githubusercontent.com/jygameclub/testdataapi/main/mahjong2date/0525_0523,未中奖,0.00,0.00,1,0,0,0,0,0,0,否,否,否,0,0,684260,684260,7651779682904325,9481582.0,9481542.0,
普通空转,177.json,177,0,,https://fish-games.s3.amazonaws.com/MahjongWays2/index.html?env=ceshislot.osshaiwai.com&hasFloat=0&token=436475c81b51e6893c740657870f86b7&language=en&debug=1&debugDataPath=https://raw.githubusercontent.com/jygameclub/testdataapi/main/mahjong2date/0525_0523&debugStart=177,https://raw.githubusercontent.com/jygameclub/testdataapi/main/mahjong2date/0525_0523/177.json,https://raw.githubusercontent.com/jygameclub/testdataapi/main/mahjong2date/0525_0523,未中奖,0.00,0.00,1,0,0,0,0,0,0,否,否,否,0,1,684261,684261,9531779682905176,9481542.0,9481502.0,
普通空转,178.json,178,0,,https://fish-games.s3.amazonaws.com/MahjongWays2/index.html?env=ceshislot.osshaiwai.com&hasFloat=0&token=436475c81b51e6893c740657870f86b7&language=en&debug=1&debugDataPath=https://raw.githubusercontent.com/jygameclub/testdataapi/main/mahjong2date/0525_0523&debugStart=178,https://raw.githubusercontent.com/jygameclub/testdataapi/main/mahjong2date/0525_0523/178.json,https://raw.githubusercontent.com/jygameclub/testdataapi/main/mahjong2date/0525_0523,未中奖,0.00,0.00,1,0,0,0,0,0,0,否,否,否,0,0,684263,684263,4221779682906575,9481502.0,9481462.0,
普通空转,179.json,179,0,,https://fish-games.s3.amazonaws.com/MahjongWays2/index.html?env=ceshislot.osshaiwai.com&hasFloat=0&token=436475c81b51e6893c740657870f86b7&language=en&debug=1&debugDataPath=https://raw.githubusercontent.com/jygameclub/testdataapi/main/mahjong2date/0525_0523&debugStart=179,https://raw.githubusercontent.com/jygameclub/testdataapi/main/mahjong2date/0525_0523/179.json,https://raw.githubusercontent.com/jygameclub/testdataapi/main/mahjong2date/0525_0523,未中奖,0.00,0.00,1,0,0,0,0,0,0,否,否,否,0,2,684264,684264,7111779682907358,9481462.0,9481422.0,
普通空转,182.json,182,0,,https://fish-games.s3.amazonaws.com/MahjongWays2/index.html?env=ceshislot.osshaiwai.com&hasFloat=0&token=436475c81b51e6893c740657870f86b7&language=en&debug=1&debugDataPath=https://raw.githubusercontent.com/jygameclub/testdataapi/main/mahjong2date/0525_0523&debugStart=182,https://raw.githubusercontent.com/jygameclub/testdataapi/main/mahjong2date/0525_0523/182.json,https://raw.githubusercontent.com/jygameclub/testdataapi/main/mahjong2date/0525_0523,未中奖,0.00,0.00,1,0,0,0,0,0,0,否,否,否,0,1,684270,684270,1561779682915458,9481354.0,9481314.0,
普通空转,183.json,183,0,,https://fish-games.s3.amazonaws.com/MahjongWays2/index.html?env=ceshislot.osshaiwai.com&hasFloat=0&token=436475c81b51e6893c740657870f86b7&language=en&debug=1&debugDataPath=https://raw.githubusercontent.com/jygameclub/testdataapi/main/mahjong2date/0525_0523&debugStart=183,https://raw.githubusercontent.com/jygameclub/testdataapi/main/mahjong2date/0525_0523/183.json,https://raw.githubusercontent.com/jygameclub/testdataapi/main/mahjong2date/0525_0523,未中奖,0.00,0.00,1,0,0,0,0,0,0,否,否,否,0,0,684271,684271,3881779682916875,9481314.0,9481274.0,
普通空转,184.json,184,0,,https://fish-games.s3.amazonaws.com/MahjongWays2/index.html?env=ceshislot.osshaiwai.com&hasFloat=0&token=436475c81b51e6893c740657870f86b7&language=en&debug=1&debugDataPath=https://raw.githubusercontent.com/jygameclub/testdataapi/main/mahjong2date/0525_0523&debugStart=184,https://raw.githubusercontent.com/jygameclub/testdataapi/main/mahjong2date/0525_0523/184.json,https://raw.githubusercontent.com/jygameclub/testdataapi/main/mahjong2date/0525_0523,未中奖,0.00,0.00,1,0,0,0,0,0,0,否,否,否,0,0,684272,684272,5531779682917660,9481274.0,9481234.0,
普通空转,186.json,186,0,,https://fish-games.s3.amazonaws.com/MahjongWays2/index.html?env=ceshislot.osshaiwai.com&hasFloat=0&token=436475c81b51e6893c740657870f86b7&language=en&debug=1&debugDataPath=https://raw.githubusercontent.com/jygameclub/testdataapi/main/mahjong2date/0525_0523&debugStart=186,https://raw.githubusercontent.com/jygameclub/testdataapi/main/mahjong2date/0525_0523/186.json,https://raw.githubusercontent.com/jygameclub/testdataapi/main/mahjong2date/0525_0523,未中奖,0.00,0.00,1,0,0,0,0,0,0,否,否,否,0,0,684275,684275,7351779682921125,9481210.0,9481170.0,
普通空转,188.json,188,0,,https://fish-games.s3.amazonaws.com/MahjongWays2/index.html?env=ceshislot.osshaiwai.com&hasFloat=0&token=436475c81b51e6893c740657870f86b7&language=en&debug=1&debugDataPath=https://raw.githubusercontent.com/jygameclub/testdataapi/main/mahjong2date/0525_0523&debugStart=188,https://raw.githubusercontent.com/jygameclub/testdataapi/main/mahjong2date/0525_0523/188.json,https://raw.githubusercontent.com/jygameclub/testdataapi/main/mahjong2date/0525_0523,未中奖,0.00,0.00,1,0,0,0,0,0,0,否,否,否,0,0,684279,684279,9481779682925676,9481178.0,9481138.0,
普通空转,189.json,189,0,,https://fish-games.s3.amazonaws.com/MahjongWays2/index.html?env=ceshislot.osshaiwai.com&hasFloat=0&token=436475c81b51e6893c740657870f86b7&language=en&debug=1&debugDataPath=https://raw.githubusercontent.com/jygameclub/testdataapi/main/mahjong2date/0525_0523&debugStart=189,https://raw.githubusercontent.com/jygameclub/testdataapi/main/mahjong2date/0525_0523/189.json,https://raw.githubusercontent.com/jygameclub/testdataapi/main/mahjong2date/0525_0523,未中奖,0.00,0.00,1,0,0,0,0,0,0,否,否,否,0,0,684280,684280,7841779682926476,9481138.0,9481098.0,
普通空转,190.json,190,0,,https://fish-games.s3.amazonaws.com/MahjongWays2/index.html?env=ceshislot.osshaiwai.com&hasFloat=0&token=436475c81b51e6893c740657870f86b7&language=en&debug=1&debugDataPath=https://raw.githubusercontent.com/jygameclub/testdataapi/main/mahjong2date/0525_0523&debugStart=190,https://raw.githubusercontent.com/jygameclub/testdataapi/main/mahjong2date/0525_0523/190.json,https://raw.githubusercontent.com/jygameclub/testdataapi/main/mahjong2date/0525_0523,未中奖,0.00,0.00,1,0,0,0,0,0,0,否,否,否,0,1,684282,684282,1811779682927259,9481098.0,9481058.0,
普通空转,191.json,191,0,,https://fish-games.s3.amazonaws.com/MahjongWays2/index.html?env=ceshislot.osshaiwai.com&hasFloat=0&token=436475c81b51e6893c740657870f86b7&language=en&debug=1&debugDataPath=https://raw.githubusercontent.com/jygameclub/testdataapi/main/mahjong2date/0525_0523&debugStart=191,https://raw.githubusercontent.com/jygameclub/testdataapi/main/mahjong2date/0525_0523/191.json,https://raw.githubusercontent.com/jygameclub/testdataapi/main/mahjong2date/0525_0523,未中奖,0.00,0.00,1,0,0,0,0,0,0,否,否,否,0,0,684283,684283,2041779682928659,9481058.0,9481018.0,
普通空转,192.json,192,0,,https://fish-games.s3.amazonaws.com/MahjongWays2/index.html?env=ceshislot.osshaiwai.com&hasFloat=0&token=436475c81b51e6893c740657870f86b7&language=en&debug=1&debugDataPath=https://raw.githubusercontent.com/jygameclub/testdataapi/main/mahjong2date/0525_0523&debugStart=192,https://raw.githubusercontent.com/jygameclub/testdataapi/main/mahjong2date/0525_0523/192.json,https://raw.githubusercontent.com/jygameclub/testdataapi/main/mahjong2date/0525_0523,未中奖,0.00,0.00,1,0,0,0,0,0,0,否,否,否,0,1,684284,684284,5251779682929441,9481018.0,9480978.0,
普通空转,193.json,193,0,,https://fish-games.s3.amazonaws.com/MahjongWays2/index.html?env=ceshislot.osshaiwai.com&hasFloat=0&token=436475c81b51e6893c740657870f86b7&language=en&debug=1&debugDataPath=https://raw.githubusercontent.com/jygameclub/testdataapi/main/mahjong2date/0525_0523&debugStart=193,https://raw.githubusercontent.com/jygameclub/testdataapi/main/mahjong2date/0525_0523/193.json,https://raw.githubusercontent.com/jygameclub/testdataapi/main/mahjong2date/0525_0523,未中奖,0.00,0.00,1,0,0,0,0,0,0,否,否,否,0,2,684286,684286,9001779682930841,9480978.0,9480938.0,
普通空转,194.json,194,0,,https://fish-games.s3.amazonaws.com/MahjongWays2/index.html?env=ceshislot.osshaiwai.com&hasFloat=0&token=436475c81b51e6893c740657870f86b7&language=en&debug=1&debugDataPath=https://raw.githubusercontent.com/jygameclub/testdataapi/main/mahjong2date/0525_0523&debugStart=194,https://raw.githubusercontent.com/jygameclub/testdataapi/main/mahjong2date/0525_0523/194.json,https://raw.githubusercontent.com/jygameclub/testdataapi/main/mahjong2date/0525_0523,未中奖,0.00,0.00,1,0,0,0,0,0,0,否,否,否,0,1,684287,684287,8931779682932341,9480938.0,9480898.0,
普通空转,195.json,195,0,,https://fish-games.s3.amazonaws.com/MahjongWays2/index.html?env=ceshislot.osshaiwai.com&hasFloat=0&token=436475c81b51e6893c740657870f86b7&language=en&debug=1&debugDataPath=https://raw.githubusercontent.com/jygameclub/testdataapi/main/mahjong2date/0525_0523&debugStart=195,https://raw.githubusercontent.com/jygameclub/testdataapi/main/mahjong2date/0525_0523/195.json,https://raw.githubusercontent.com/jygameclub/testdataapi/main/mahjong2date/0525_0523,未中奖,0.00,0.00,1,0,0,0,0,0,0,否,否,否,0,2,684288,684288,5231779682933808,9480898.0,9480858.0,
普通空转,196.json,196,0,,https://fish-games.s3.amazonaws.com/MahjongWays2/index.html?env=ceshislot.osshaiwai.com&hasFloat=0&token=436475c81b51e6893c740657870f86b7&language=en&debug=1&debugDataPath=https://raw.githubusercontent.com/jygameclub/testdataapi/main/mahjong2date/0525_0523&debugStart=196,https://raw.githubusercontent.com/jygameclub/testdataapi/main/mahjong2date/0525_0523/196.json,https://raw.githubusercontent.com/jygameclub/testdataapi/main/mahjong2date/0525_0523,未中奖,0.00,0.00,1,0,0,0,0,0,0,否,否,否,0,0,684289,684289,9721779682935309,9480858.0,9480818.0,
普通空转,198.json,198,0,,https://fish-games.s3.amazonaws.com/MahjongWays2/index.html?env=ceshislot.osshaiwai.com&hasFloat=0&token=436475c81b51e6893c740657870f86b7&language=en&debug=1&debugDataPath=https://raw.githubusercontent.com/jygameclub/testdataapi/main/mahjong2date/0525_0523&debugStart=198,https://raw.githubusercontent.com/jygameclub/testdataapi/main/mahjong2date/0525_0523/198.json,https://raw.githubusercontent.com/jygameclub/testdataapi/main/mahjong2date/0525_0523,未中奖,0.00,0.00,1,0,0,0,0,0,0,否,否,否,0,0,684292,684292,5011779682939926,9480784.0,9480744.0,
普通空转,199.json,199,0,,https://fish-games.s3.amazonaws.com/MahjongWays2/index.html?env=ceshislot.osshaiwai.com&hasFloat=0&token=436475c81b51e6893c740657870f86b7&language=en&debug=1&debugDataPath=https://raw.githubusercontent.com/jygameclub/testdataapi/main/mahjong2date/0525_0523&debugStart=199,https://raw.githubusercontent.com/jygameclub/testdataapi/main/mahjong2date/0525_0523/199.json,https://raw.githubusercontent.com/jygameclub/testdataapi/main/mahjong2date/0525_0523,未中奖,0.00,0.00,1,0,0,0,0,0,0,否,否,否,0,1,684293,684293,8081779682940726,9480744.0,9480704.0,
普通空转,200.json,200,0,,https://fish-games.s3.amazonaws.com/MahjongWays2/index.html?env=ceshislot.osshaiwai.com&hasFloat=0&token=436475c81b51e6893c740657870f86b7&language=en&debug=1&debugDataPath=https://raw.githubusercontent.com/jygameclub/testdataapi/main/mahjong2date/0525_0523&debugStart=200,https://raw.githubusercontent.com/jygameclub/testdataapi/main/mahjong2date/0525_0523/200.json,https://raw.githubusercontent.com/jygameclub/testdataapi/main/mahjong2date/0525_0523,未中奖,0.00,0.00,1,0,0,0,0,0,0,否,否,否,0,0,684294,684294,7141779682942192,9480704.0,9480664.0,
普通空转,201.json,201,0,,https://fish-games.s3.amazonaws.com/MahjongWays2/index.html?env=ceshislot.osshaiwai.com&hasFloat=0&token=436475c81b51e6893c740657870f86b7&language=en&debug=1&debugDataPath=https://raw.githubusercontent.com/jygameclub/testdataapi/main/mahjong2date/0525_0523&debugStart=201,https://raw.githubusercontent.com/jygameclub/testdataapi/main/mahjong2date/0525_0523/201.json,https://raw.githubusercontent.com/jygameclub/testdataapi/main/mahjong2date/0525_0523,未中奖,0.00,0.00,1,0,0,0,0,0,0,否,否,否,0,1,684295,684295,1161779682943042,9480664.0,9480624.0,
普通空转,204.json,204,0,,https://fish-games.s3.amazonaws.com/MahjongWays2/index.html?env=ceshislot.osshaiwai.com&hasFloat=0&token=436475c81b51e6893c740657870f86b7&language=en&debug=1&debugDataPath=https://raw.githubusercontent.com/jygameclub/testdataapi/main/mahjong2date/0525_0523&debugStart=204,https://raw.githubusercontent.com/jygameclub/testdataapi/main/mahjong2date/0525_0523/204.json,https://raw.githubusercontent.com/jygameclub/testdataapi/main/mahjong2date/0525_0523,未中奖,0.00,0.00,1,0,0,0,0,0,0,否,否,否,0,0,684303,684303,9331779682954126,9480670.0,9480630.0,
普通空转,207.json,207,0,,https://fish-games.s3.amazonaws.com/MahjongWays2/index.html?env=ceshislot.osshaiwai.com&hasFloat=0&token=436475c81b51e6893c740657870f86b7&language=en&debug=1&debugDataPath=https://raw.githubusercontent.com/jygameclub/testdataapi/main/mahjong2date/0525_0523&debugStart=207,https://raw.githubusercontent.com/jygameclub/testdataapi/main/mahjong2date/0525_0523/207.json,https://raw.githubusercontent.com/jygameclub/testdataapi/main/mahjong2date/0525_0523,未中奖,0.00,0.00,1,0,0,0,0,0,0,否,否,否,0,0,684310,684310,6081779682960308,9480634.0,9480594.0,
普通空转,209.json,209,0,,https://fish-games.s3.amazonaws.com/MahjongWays2/index.html?env=ceshislot.osshaiwai.com&hasFloat=0&token=436475c81b51e6893c740657870f86b7&language=en&debug=1&debugDataPath=https://raw.githubusercontent.com/jygameclub/testdataapi/main/mahjong2date/0525_0523&debugStart=209,https://raw.githubusercontent.com/jygameclub/testdataapi/main/mahjong2date/0525_0523/209.json,https://raw.githubusercontent.com/jygameclub/testdataapi/main/mahjong2date/0525_0523,未中奖,0.00,0.00,1,0,0,0,0,0,0,否,否,否,0,1,684316,684316,3091779682965891,9480860.0,9480820.0,
普通空转,211.json,211,0,,https://fish-games.s3.amazonaws.com/MahjongWays2/index.html?env=ceshislot.osshaiwai.com&hasFloat=0&token=436475c81b51e6893c740657870f86b7&language=en&debug=1&debugDataPath=https://raw.githubusercontent.com/jygameclub/testdataapi/main/mahjong2date/0525_0523&debugStart=211,https://raw.githubusercontent.com/jygameclub/testdataapi/main/mahjong2date/0525_0523/211.json,https://raw.githubusercontent.com/jygameclub/testdataapi/main/mahjong2date/0525_0523,未中奖,0.00,0.00,1,0,0,0,0,0,0,否,否,否,0,2,684321,684321,7661779682971058,9480788.0,9480748.0,
普通空转,212.json,212,0,,https://fish-games.s3.amazonaws.com/MahjongWays2/index.html?env=ceshislot.osshaiwai.com&hasFloat=0&token=436475c81b51e6893c740657870f86b7&language=en&debug=1&debugDataPath=https://raw.githubusercontent.com/jygameclub/testdataapi/main/mahjong2date/0525_0523&debugStart=212,https://raw.githubusercontent.com/jygameclub/testdataapi/main/mahjong2date/0525_0523/212.json,https://raw.githubusercontent.com/jygameclub/testdataapi/main/mahjong2date/0525_0523,未中奖,0.00,0.00,1,0,0,0,0,0,0,否,否,否,0,0,684322,684322,3211779682972559,9480748.0,9480708.0,
普通空转,213.json,213,0,,https://fish-games.s3.amazonaws.com/MahjongWays2/index.html?env=ceshislot.osshaiwai.com&hasFloat=0&token=436475c81b51e6893c740657870f86b7&language=en&debug=1&debugDataPath=https://raw.githubusercontent.com/jygameclub/testdataapi/main/mahjong2date/0525_0523&debugStart=213,https://raw.githubusercontent.com/jygameclub/testdataapi/main/mahjong2date/0525_0523/213.json,https://raw.githubusercontent.com/jygameclub/testdataapi/main/mahjong2date/0525_0523,未中奖,0.00,0.00,1,0,0,0,0,0,0,否,否,否,0,0,684324,684324,6831779682973407,9480708.0,9480668.0,
普通空转,216.json,216,0,,https://fish-games.s3.amazonaws.com/MahjongWays2/index.html?env=ceshislot.osshaiwai.com&hasFloat=0&token=436475c81b51e6893c740657870f86b7&language=en&debug=1&debugDataPath=https://raw.githubusercontent.com/jygameclub/testdataapi/main/mahjong2date/0525_0523&debugStart=216,https://raw.githubusercontent.com/jygameclub/testdataapi/main/mahjong2date/0525_0523/216.json,https://raw.githubusercontent.com/jygameclub/testdataapi/main/mahjong2date/0525_0523,未中奖,0.00,0.00,1,0,0,0,0,0,0,否,否,否,0,0,684332,684332,1431779682979608,9480630.0,9480590.0,
普通空转,218.json,218,0,,https://fish-games.s3.amazonaws.com/MahjongWays2/index.html?env=ceshislot.osshaiwai.com&hasFloat=0&token=436475c81b51e6893c740657870f86b7&language=en&debug=1&debugDataPath=https://raw.githubusercontent.com/jygameclub/testdataapi/main/mahjong2date/0525_0523&debugStart=218,https://raw.githubusercontent.com/jygameclub/testdataapi/main/mahjong2date/0525_0523/218.json,https://raw.githubusercontent.com/jygameclub/testdataapi/main/mahjong2date/0525_0523,未中奖,0.00,0.00,1,0,0,0,0,0,0,否,否,否,0,1,684337,684337,2031779682985308,9480658.0,9480618.0,
普通空转,219.json,219,0,,https://fish-games.s3.amazonaws.com/MahjongWays2/index.html?env=ceshislot.osshaiwai.com&hasFloat=0&token=436475c81b51e6893c740657870f86b7&language=en&debug=1&debugDataPath=https://raw.githubusercontent.com/jygameclub/testdataapi/main/mahjong2date/0525_0523&debugStart=219,https://raw.githubusercontent.com/jygameclub/testdataapi/main/mahjong2date/0525_0523/219.json,https://raw.githubusercontent.com/jygameclub/testdataapi/main/mahjong2date/0525_0523,未中奖,0.00,0.00,1,0,0,0,0,0,0,否,否,否,0,0,684339,684339,1991779682986708,9480618.0,9480578.0,
普通空转,221.json,221,0,,https://fish-games.s3.amazonaws.com/MahjongWays2/index.html?env=ceshislot.osshaiwai.com&hasFloat=0&token=436475c81b51e6893c740657870f86b7&language=en&debug=1&debugDataPath=https://raw.githubusercontent.com/jygameclub/testdataapi/main/mahjong2date/0525_0523&debugStart=221,https://raw.githubusercontent.com/jygameclub/testdataapi/main/mahjong2date/0525_0523/221.json,https://raw.githubusercontent.com/jygameclub/testdataapi/main/mahjong2date/0525_0523,未中奖,0.00,0.00,1,0,0,0,0,0,0,否,否,否,0,1,684343,684343,3071779682990224,9480544.0,9480504.0,
普通空转,222.json,222,0,,https://fish-games.s3.amazonaws.com/MahjongWays2/index.html?env=ceshislot.osshaiwai.com&hasFloat=0&token=436475c81b51e6893c740657870f86b7&language=en&debug=1&debugDataPath=https://raw.githubusercontent.com/jygameclub/testdataapi/main/mahjong2date/0525_0523&debugStart=222,https://raw.githubusercontent.com/jygameclub/testdataapi/main/mahjong2date/0525_0523/222.json,https://raw.githubusercontent.com/jygameclub/testdataapi/main/mahjong2date/0525_0523,未中奖,0.00,0.00,1,0,0,0,0,0,0,否,否,否,0,0,684345,684345,8611779682991624,9480504.0,9480464.0,
普通空转,223.json,223,0,,https://fish-games.s3.amazonaws.com/MahjongWays2/index.html?env=ceshislot.osshaiwai.com&hasFloat=0&token=436475c81b51e6893c740657870f86b7&language=en&debug=1&debugDataPath=https://raw.githubusercontent.com/jygameclub/testdataapi/main/mahjong2date/0525_0523&debugStart=223,https://raw.githubusercontent.com/jygameclub/testdataapi/main/mahjong2date/0525_0523/223.json,https://raw.githubusercontent.com/jygameclub/testdataapi/main/mahjong2date/0525_0523,未中奖,0.00,0.00,1,0,0,0,0,0,0,否,否,否,0,1,684346,684346,5871779682992407,9480464.0,9480424.0,
普通空转,225.json,225,0,,https://fish-games.s3.amazonaws.com/MahjongWays2/index.html?env=ceshislot.osshaiwai.com&hasFloat=0&token=436475c81b51e6893c740657870f86b7&language=en&debug=1&debugDataPath=https://raw.githubusercontent.com/jygameclub/testdataapi/main/mahjong2date/0525_0523&debugStart=225,https://raw.githubusercontent.com/jygameclub/testdataapi/main/mahjong2date/0525_0523/225.json,https://raw.githubusercontent.com/jygameclub/testdataapi/main/mahjong2date/0525_0523,未中奖,0.00,0.00,1,0,0,0,0,0,0,否,否,否,0,1,684350,684350,7651779682996541,9480388.0,9480348.0,
普通空转,226.json,226,0,,https://fish-games.s3.amazonaws.com/MahjongWays2/index.html?env=ceshislot.osshaiwai.com&hasFloat=0&token=436475c81b51e6893c740657870f86b7&language=en&debug=1&debugDataPath=https://raw.githubusercontent.com/jygameclub/testdataapi/main/mahjong2date/0525_0523&debugStart=226,https://raw.githubusercontent.com/jygameclub/testdataapi/main/mahjong2date/0525_0523/226.json,https://raw.githubusercontent.com/jygameclub/testdataapi/main/mahjong2date/0525_0523,未中奖,0.00,0.00,1,0,0,0,0,0,0,否,否,否,0,0,684352,684352,2391779682997942,9480348.0,9480308.0,
普通空转,227.json,227,0,,https://fish-games.s3.amazonaws.com/MahjongWays2/index.html?env=ceshislot.osshaiwai.com&hasFloat=0&token=436475c81b51e6893c740657870f86b7&language=en&debug=1&debugDataPath=https://raw.githubusercontent.com/jygameclub/testdataapi/main/mahjong2date/0525_0523&debugStart=227,https://raw.githubusercontent.com/jygameclub/testdataapi/main/mahjong2date/0525_0523/227.json,https://raw.githubusercontent.com/jygameclub/testdataapi/main/mahjong2date/0525_0523,未中奖,0.00,0.00,1,0,0,0,0,0,0,否,否,否,0,0,684353,684353,3131779682998742,9480308.0,9480268.0,
普通空转,228.json,228,0,,https://fish-games.s3.amazonaws.com/MahjongWays2/index.html?env=ceshislot.osshaiwai.com&hasFloat=0&token=436475c81b51e6893c740657870f86b7&language=en&debug=1&debugDataPath=https://raw.githubusercontent.com/jygameclub/testdataapi/main/mahjong2date/0525_0523&debugStart=228,https://raw.githubusercontent.com/jygameclub/testdataapi/main/mahjong2date/0525_0523/228.json,https://raw.githubusercontent.com/jygameclub/testdataapi/main/mahjong2date/0525_0523,未中奖,0.00,0.00,1,0,0,0,0,0,0,否,否,否,0,0,684354,684354,3061779682999541,9480268.0,9480228.0,
普通空转,229.json,229,0,,https://fish-games.s3.amazonaws.com/MahjongWays2/index.html?env=ceshislot.osshaiwai.com&hasFloat=0&token=436475c81b51e6893c740657870f86b7&language=en&debug=1&debugDataPath=https://raw.githubusercontent.com/jygameclub/testdataapi/main/mahjong2date/0525_0523&debugStart=229,https://raw.githubusercontent.com/jygameclub/testdataapi/main/mahjong2date/0525_0523/229.json,https://raw.githubusercontent.com/jygameclub/testdataapi/main/mahjong2date/0525_0523,未中奖,0.00,0.00,1,0,0,0,0,0,0,否,否,否,0,0,684355,684355,7291779683000390,9480228.0,9480188.0,
普通空转,230.json,230,0,,https://fish-games.s3.amazonaws.com/MahjongWays2/index.html?env=ceshislot.osshaiwai.com&hasFloat=0&token=436475c81b51e6893c740657870f86b7&language=en&debug=1&debugDataPath=https://raw.githubusercontent.com/jygameclub/testdataapi/main/mahjong2date/0525_0523&debugStart=230,https://raw.githubusercontent.com/jygameclub/testdataapi/main/mahjong2date/0525_0523/230.json,https://raw.githubusercontent.com/jygameclub/testdataapi/main/mahjong2date/0525_0523,未中奖,0.00,0.00,1,0,0,0,0,0,0,否,否,否,0,0,684357,684357,7601779683001175,9480188.0,9480148.0,
普通空转,231.json,231,0,,https://fish-games.s3.amazonaws.com/MahjongWays2/index.html?env=ceshislot.osshaiwai.com&hasFloat=0&token=436475c81b51e6893c740657870f86b7&language=en&debug=1&debugDataPath=https://raw.githubusercontent.com/jygameclub/testdataapi/main/mahjong2date/0525_0523&debugStart=231,https://raw.githubusercontent.com/jygameclub/testdataapi/main/mahjong2date/0525_0523/231.json,https://raw.githubusercontent.com/jygameclub/testdataapi/main/mahjong2date/0525_0523,未中奖,0.00,0.00,1,0,0,0,0,0,0,否,否,否,0,0,684358,684358,5001779683002025,9480148.0,9480108.0,
普通空转,232.json,232,0,,https://fish-games.s3.amazonaws.com/MahjongWays2/index.html?env=ceshislot.osshaiwai.com&hasFloat=0&token=436475c81b51e6893c740657870f86b7&language=en&debug=1&debugDataPath=https://raw.githubusercontent.com/jygameclub/testdataapi/main/mahjong2date/0525_0523&debugStart=232,https://raw.githubusercontent.com/jygameclub/testdataapi/main/mahjong2date/0525_0523/232.json,https://raw.githubusercontent.com/jygameclub/testdataapi/main/mahjong2date/0525_0523,未中奖,0.00,0.00,1,0,0,0,0,0,0,否,否,否,0,1,684359,684359,2251779683002892,9480108.0,9480068.0,
普通空转,233.json,233,0,,https://fish-games.s3.amazonaws.com/MahjongWays2/index.html?env=ceshislot.osshaiwai.com&hasFloat=0&token=436475c81b51e6893c740657870f86b7&language=en&debug=1&debugDataPath=https://raw.githubusercontent.com/jygameclub/testdataapi/main/mahjong2date/0525_0523&debugStart=233,https://raw.githubusercontent.com/jygameclub/testdataapi/main/mahjong2date/0525_0523/233.json,https://raw.githubusercontent.com/jygameclub/testdataapi/main/mahjong2date/0525_0523,未中奖,0.00,0.00,1,0,0,0,0,0,0,否,否,否,0,0,684360,684360,2001779683004308,9480068.0,9480028.0,
普通空转,234.json,234,0,,https://fish-games.s3.amazonaws.com/MahjongWays2/index.html?env=ceshislot.osshaiwai.com&hasFloat=0&token=436475c81b51e6893c740657870f86b7&language=en&debug=1&debugDataPath=https://raw.githubusercontent.com/jygameclub/testdataapi/main/mahjong2date/0525_0523&debugStart=234,https://raw.githubusercontent.com/jygameclub/testdataapi/main/mahjong2date/0525_0523/234.json,https://raw.githubusercontent.com/jygameclub/testdataapi/main/mahjong2date/0525_0523,未中奖,0.00,0.00,1,0,0,0,0,0,0,否,否,否,0,1,684362,684362,9741779683005091,9480028.0,9479988.0,
普通空转,235.json,235,0,,https://fish-games.s3.amazonaws.com/MahjongWays2/index.html?env=ceshislot.osshaiwai.com&hasFloat=0&token=436475c81b51e6893c740657870f86b7&language=en&debug=1&debugDataPath=https://raw.githubusercontent.com/jygameclub/testdataapi/main/mahjong2date/0525_0523&debugStart=235,https://raw.githubusercontent.com/jygameclub/testdataapi/main/mahjong2date/0525_0523/235.json,https://raw.githubusercontent.com/jygameclub/testdataapi/main/mahjong2date/0525_0523,未中奖,0.00,0.00,1,0,0,0,0,0,0,否,否,否,0,1,684363,684363,2651779683006491,9479988.0,9479948.0,
普通空转,236.json,236,0,,https://fish-games.s3.amazonaws.com/MahjongWays2/index.html?env=ceshislot.osshaiwai.com&hasFloat=0&token=436475c81b51e6893c740657870f86b7&language=en&debug=1&debugDataPath=https://raw.githubusercontent.com/jygameclub/testdataapi/main/mahjong2date/0525_0523&debugStart=236,https://raw.githubusercontent.com/jygameclub/testdataapi/main/mahjong2date/0525_0523/236.json,https://raw.githubusercontent.com/jygameclub/testdataapi/main/mahjong2date/0525_0523,未中奖,0.00,0.00,1,0,0,0,0,0,0,否,否,否,0,0,684365,684365,3551779683007958,9479948.0,9479908.0,
普通空转,237.json,237,0,,https://fish-games.s3.amazonaws.com/MahjongWays2/index.html?env=ceshislot.osshaiwai.com&hasFloat=0&token=436475c81b51e6893c740657870f86b7&language=en&debug=1&debugDataPath=https://raw.githubusercontent.com/jygameclub/testdataapi/main/mahjong2date/0525_0523&debugStart=237,https://raw.githubusercontent.com/jygameclub/testdataapi/main/mahjong2date/0525_0523/237.json,https://raw.githubusercontent.com/jygameclub/testdataapi/main/mahjong2date/0525_0523,未中奖,0.00,0.00,1,0,0,0,0,0,0,否,否,否,0,1,684366,684366,1761779683008808,9479908.0,9479868.0,
普通空转,238.json,238,0,,https://fish-games.s3.amazonaws.com/MahjongWays2/index.html?env=ceshislot.osshaiwai.com&hasFloat=0&token=436475c81b51e6893c740657870f86b7&language=en&debug=1&debugDataPath=https://raw.githubusercontent.com/jygameclub/testdataapi/main/mahjong2date/0525_0523&debugStart=238,https://raw.githubusercontent.com/jygameclub/testdataapi/main/mahjong2date/0525_0523/238.json,https://raw.githubusercontent.com/jygameclub/testdataapi/main/mahjong2date/0525_0523,未中奖,0.00,0.00,1,0,0,0,0,0,0,否,否,否,0,0,684367,684367,4251779683010291,9479868.0,9479828.0,
普通空转,240.json,240,0,,https://fish-games.s3.amazonaws.com/MahjongWays2/index.html?env=ceshislot.osshaiwai.com&hasFloat=0&token=436475c81b51e6893c740657870f86b7&language=en&debug=1&debugDataPath=https://raw.githubusercontent.com/jygameclub/testdataapi/main/mahjong2date/0525_0523&debugStart=240,https://raw.githubusercontent.com/jygameclub/testdataapi/main/mahjong2date/0525_0523/240.json,https://raw.githubusercontent.com/jygameclub/testdataapi/main/mahjong2date/0525_0523,未中奖,0.00,0.00,1,0,0,0,0,0,0,否,否,否,0,0,684373,684373,4571779683015858,9479800.0,9479760.0,
普通空转,242.json,242,0,,https://fish-games.s3.amazonaws.com/MahjongWays2/index.html?env=ceshislot.osshaiwai.com&hasFloat=0&token=436475c81b51e6893c740657870f86b7&language=en&debug=1&debugDataPath=https://raw.githubusercontent.com/jygameclub/testdataapi/main/mahjong2date/0525_0523&debugStart=242,https://raw.githubusercontent.com/jygameclub/testdataapi/main/mahjong2date/0525_0523/242.json,https://raw.githubusercontent.com/jygameclub/testdataapi/main/mahjong2date/0525_0523,未中奖,0.00,0.00,1,0,0,0,0,0,0,否,否,否,0,0,684378,684378,8861779683019325,9479732.0,9479692.0,
普通空转,243.json,243,0,,https://fish-games.s3.amazonaws.com/MahjongWays2/index.html?env=ceshislot.osshaiwai.com&hasFloat=0&token=436475c81b51e6893c740657870f86b7&language=en&debug=1&debugDataPath=https://raw.githubusercontent.com/jygameclub/testdataapi/main/mahjong2date/0525_0523&debugStart=243,https://raw.githubusercontent.com/jygameclub/testdataapi/main/mahjong2date/0525_0523/243.json,https://raw.githubusercontent.com/jygameclub/testdataapi/main/mahjong2date/0525_0523,未中奖,0.00,0.00,1,0,0,0,0,0,0,否,否,否,0,0,684379,684379,1261779683020108,9479692.0,9479652.0,
普通空转,244.json,244,0,,https://fish-games.s3.amazonaws.com/MahjongWays2/index.html?env=ceshislot.osshaiwai.com&hasFloat=0&token=436475c81b51e6893c740657870f86b7&language=en&debug=1&debugDataPath=https://raw.githubusercontent.com/jygameclub/testdataapi/main/mahjong2date/0525_0523&debugStart=244,https://raw.githubusercontent.com/jygameclub/testdataapi/main/mahjong2date/0525_0523/244.json,https://raw.githubusercontent.com/jygameclub/testdataapi/main/mahjong2date/0525_0523,未中奖,0.00,0.00,1,0,0,0,0,0,0,否,否,否,0,0,684380,684380,4481779683020891,9479652.0,9479612.0,
普通空转,247.json,247,0,,https://fish-games.s3.amazonaws.com/MahjongWays2/index.html?env=ceshislot.osshaiwai.com&hasFloat=0&token=436475c81b51e6893c740657870f86b7&language=en&debug=1&debugDataPath=https://raw.githubusercontent.com/jygameclub/testdataapi/main/mahjong2date/0525_0523&debugStart=247,https://raw.githubusercontent.com/jygameclub/testdataapi/main/mahjong2date/0525_0523/247.json,https://raw.githubusercontent.com/jygameclub/testdataapi/main/mahjong2date/0525_0523,未中奖,0.00,0.00,1,0,0,0,0,0,0,否,否,否,0,0,684389,684389,9121779683030258,9479580.0,9479540.0,
普通空转,248.json,248,0,,https://fish-games.s3.amazonaws.com/MahjongWays2/index.html?env=ceshislot.osshaiwai.com&hasFloat=0&token=436475c81b51e6893c740657870f86b7&language=en&debug=1&debugDataPath=https://raw.githubusercontent.com/jygameclub/testdataapi/main/mahjong2date/0525_0523&debugStart=248,https://raw.githubusercontent.com/jygameclub/testdataapi/main/mahjong2date/0525_0523/248.json,https://raw.githubusercontent.com/jygameclub/testdataapi/main/mahjong2date/0525_0523,未中奖,0.00,0.00,1,0,0,0,0,0,0,否,否,否,0,1,684391,684391,5381779683031058,9479540.0,9479500.0,
普通空转,250.json,250,0,,https://fish-games.s3.amazonaws.com/MahjongWays2/index.html?env=ceshislot.osshaiwai.com&hasFloat=0&token=436475c81b51e6893c740657870f86b7&language=en&debug=1&debugDataPath=https://raw.githubusercontent.com/jygameclub/testdataapi/main/mahjong2date/0525_0523&debugStart=250,https://raw.githubusercontent.com/jygameclub/testdataapi/main/mahjong2date/0525_0523/250.json,https://raw.githubusercontent.com/jygameclub/testdataapi/main/mahjong2date/0525_0523,未中奖,0.00,0.00,1,0,0,0,0,0,0,否,否,否,0,1,684396,684396,8761779683036291,9479466.0,9479426.0,
普通空转,251.json,251,0,,https://fish-games.s3.amazonaws.com/MahjongWays2/index.html?env=ceshislot.osshaiwai.com&hasFloat=0&token=436475c81b51e6893c740657870f86b7&language=en&debug=1&debugDataPath=https://raw.githubusercontent.com/jygameclub/testdataapi/main/mahjong2date/0525_0523&debugStart=251,https://raw.githubusercontent.com/jygameclub/testdataapi/main/mahjong2date/0525_0523/251.json,https://raw.githubusercontent.com/jygameclub/testdataapi/main/mahjong2date/0525_0523,未中奖,0.00,0.00,1,0,0,0,0,0,0,否,否,否,0,0,684397,684397,3381779683037708,9479426.0,9479386.0,
普通空转,252.json,252,0,,https://fish-games.s3.amazonaws.com/MahjongWays2/index.html?env=ceshislot.osshaiwai.com&hasFloat=0&token=436475c81b51e6893c740657870f86b7&language=en&debug=1&debugDataPath=https://raw.githubusercontent.com/jygameclub/testdataapi/main/mahjong2date/0525_0523&debugStart=252,https://raw.githubusercontent.com/jygameclub/testdataapi/main/mahjong2date/0525_0523/252.json,https://raw.githubusercontent.com/jygameclub/testdataapi/main/mahjong2date/0525_0523,未中奖,0.00,0.00,1,0,0,0,0,0,0,否,否,否,0,0,684398,684398,5591779683038491,9479386.0,9479346.0,
普通空转,253.json,253,0,,https://fish-games.s3.amazonaws.com/MahjongWays2/index.html?env=ceshislot.osshaiwai.com&hasFloat=0&token=436475c81b51e6893c740657870f86b7&language=en&debug=1&debugDataPath=https://raw.githubusercontent.com/jygameclub/testdataapi/main/mahjong2date/0525_0523&debugStart=253,https://raw.githubusercontent.com/jygameclub/testdataapi/main/mahjong2date/0525_0523/253.json,https://raw.githubusercontent.com/jygameclub/testdataapi/main/mahjong2date/0525_0523,未中奖,0.00,0.00,1,0,0,0,0,0,0,否,否,否,0,0,684399,684399,1431779683039274,9479346.0,9479306.0,
普通空转,254.json,254,0,,https://fish-games.s3.amazonaws.com/MahjongWays2/index.html?env=ceshislot.osshaiwai.com&hasFloat=0&token=436475c81b51e6893c740657870f86b7&language=en&debug=1&debugDataPath=https://raw.githubusercontent.com/jygameclub/testdataapi/main/mahjong2date/0525_0523&debugStart=254,https://raw.githubusercontent.com/jygameclub/testdataapi/main/mahjong2date/0525_0523/254.json,https://raw.githubusercontent.com/jygameclub/testdataapi/main/mahjong2date/0525_0523,未中奖,0.00,0.00,1,0,0,0,0,0,0,否,否,否,0,0,684401,684401,5811779683040058,9479306.0,9479266.0,
普通空转,255.json,255,0,,https://fish-games.s3.amazonaws.com/MahjongWays2/index.html?env=ceshislot.osshaiwai.com&hasFloat=0&token=436475c81b51e6893c740657870f86b7&language=en&debug=1&debugDataPath=https://raw.githubusercontent.com/jygameclub/testdataapi/main/mahjong2date/0525_0523&debugStart=255,https://raw.githubusercontent.com/jygameclub/testdataapi/main/mahjong2date/0525_0523/255.json,https://raw.githubusercontent.com/jygameclub/testdataapi/main/mahjong2date/0525_0523,未中奖,0.00,0.00,1,0,0,0,0,0,0,否,否,否,0,1,684402,684402,8391779683040991,9479266.0,9479226.0,
普通空转,256.json,256,0,,https://fish-games.s3.amazonaws.com/MahjongWays2/index.html?env=ceshislot.osshaiwai.com&hasFloat=0&token=436475c81b51e6893c740657870f86b7&language=en&debug=1&debugDataPath=https://raw.githubusercontent.com/jygameclub/testdataapi/main/mahjong2date/0525_0523&debugStart=256,https://raw.githubusercontent.com/jygameclub/testdataapi/main/mahjong2date/0525_0523/256.json,https://raw.githubusercontent.com/jygameclub/testdataapi/main/mahjong2date/0525_0523,未中奖,0.00,0.00,1,0,0,0,0,0,0,否,否,否,0,1,684403,684403,2891779683042390,9479226.0,9479186.0,
普通空转,258.json,258,0,,https://fish-games.s3.amazonaws.com/MahjongWays2/index.html?env=ceshislot.osshaiwai.com&hasFloat=0&token=436475c81b51e6893c740657870f86b7&language=en&debug=1&debugDataPath=https://raw.githubusercontent.com/jygameclub/testdataapi/main/mahjong2date/0525_0523&debugStart=258,https://raw.githubusercontent.com/jygameclub/testdataapi/main/mahjong2date/0525_0523/258.json,https://raw.githubusercontent.com/jygameclub/testdataapi/main/mahjong2date/0525_0523,未中奖,0.00,0.00,1,0,0,0,0,0,0,否,否,否,0,2,684407,684407,2441779683046457,9479148.0,9479108.0,
普通空转,259.json,259,0,,https://fish-games.s3.amazonaws.com/MahjongWays2/index.html?env=ceshislot.osshaiwai.com&hasFloat=0&token=436475c81b51e6893c740657870f86b7&language=en&debug=1&debugDataPath=https://raw.githubusercontent.com/jygameclub/testdataapi/main/mahjong2date/0525_0523&debugStart=259,https://raw.githubusercontent.com/jygameclub/testdataapi/main/mahjong2date/0525_0523/259.json,https://raw.githubusercontent.com/jygameclub/testdataapi/main/mahjong2date/0525_0523,未中奖,0.00,0.00,1,0,0,0,0,0,0,否,否,否,0,1,684409,684409,1321779683047958,9479108.0,9479068.0,
普通空转,261.json,261,0,,https://fish-games.s3.amazonaws.com/MahjongWays2/index.html?env=ceshislot.osshaiwai.com&hasFloat=0&token=436475c81b51e6893c740657870f86b7&language=en&debug=1&debugDataPath=https://raw.githubusercontent.com/jygameclub/testdataapi/main/mahjong2date/0525_0523&debugStart=261,https://raw.githubusercontent.com/jygameclub/testdataapi/main/mahjong2date/0525_0523/261.json,https://raw.githubusercontent.com/jygameclub/testdataapi/main/mahjong2date/0525_0523,未中奖,0.00,0.00,1,0,0,0,0,0,0,否,否,否,0,1,684413,684413,9351779683052208,9479040.0,9479000.0,
普通空转,262.json,262,0,,https://fish-games.s3.amazonaws.com/MahjongWays2/index.html?env=ceshislot.osshaiwai.com&hasFloat=0&token=436475c81b51e6893c740657870f86b7&language=en&debug=1&debugDataPath=https://raw.githubusercontent.com/jygameclub/testdataapi/main/mahjong2date/0525_0523&debugStart=262,https://raw.githubusercontent.com/jygameclub/testdataapi/main/mahjong2date/0525_0523/262.json,https://raw.githubusercontent.com/jygameclub/testdataapi/main/mahjong2date/0525_0523,未中奖,0.00,0.00,1,0,0,0,0,0,0,否,否,否,0,0,684414,684414,3001779683053690,9479000.0,9478960.0,
普通空转,264.json,264,0,,https://fish-games.s3.amazonaws.com/MahjongWays2/index.html?env=ceshislot.osshaiwai.com&hasFloat=0&token=436475c81b51e6893c740657870f86b7&language=en&debug=1&debugDataPath=https://raw.githubusercontent.com/jygameclub/testdataapi/main/mahjong2date/0525_0523&debugStart=264,https://raw.githubusercontent.com/jygameclub/testdataapi/main/mahjong2date/0525_0523/264.json,https://raw.githubusercontent.com/jygameclub/testdataapi/main/mahjong2date/0525_0523,未中奖,0.00,0.00,1,0,0,0,0,0,0,否,否,否,0,1,684420,684420,1291779683060324,9479116.0,9479076.0,
普通空转,266.json,266,0,,https://fish-games.s3.amazonaws.com/MahjongWays2/index.html?env=ceshislot.osshaiwai.com&hasFloat=0&token=436475c81b51e6893c740657870f86b7&language=en&debug=1&debugDataPath=https://raw.githubusercontent.com/jygameclub/testdataapi/main/mahjong2date/0525_0523&debugStart=266,https://raw.githubusercontent.com/jygameclub/testdataapi/main/mahjong2date/0525_0523/266.json,https://raw.githubusercontent.com/jygameclub/testdataapi/main/mahjong2date/0525_0523,未中奖,0.00,0.00,1,0,0,0,0,0,0,否,否,否,0,0,684424,684424,9361779683065491,9479048.0,9479008.0,
普通空转,267.json,267,0,,https://fish-games.s3.amazonaws.com/MahjongWays2/index.html?env=ceshislot.osshaiwai.com&hasFloat=0&token=436475c81b51e6893c740657870f86b7&language=en&debug=1&debugDataPath=https://raw.githubusercontent.com/jygameclub/testdataapi/main/mahjong2date/0525_0523&debugStart=267,https://raw.githubusercontent.com/jygameclub/testdataapi/main/mahjong2date/0525_0523/267.json,https://raw.githubusercontent.com/jygameclub/testdataapi/main/mahjong2date/0525_0523,未中奖,0.00,0.00,1,0,0,0,0,0,0,否,否,否,0,0,684426,684426,9921779683066274,9479008.0,9478968.0,
普通空转,268.json,268,0,,https://fish-games.s3.amazonaws.com/MahjongWays2/index.html?env=ceshislot.osshaiwai.com&hasFloat=0&token=436475c81b51e6893c740657870f86b7&language=en&debug=1&debugDataPath=https://raw.githubusercontent.com/jygameclub/testdataapi/main/mahjong2date/0525_0523&debugStart=268,https://raw.githubusercontent.com/jygameclub/testdataapi/main/mahjong2date/0525_0523/268.json,https://raw.githubusercontent.com/jygameclub/testdataapi/main/mahjong2date/0525_0523,未中奖,0.00,0.00,1,0,0,0,0,0,0,否,否,否,0,2,684427,684427,7031779683067057,9478968.0,9478928.0,
普通空转,270.json,270,0,,https://fish-games.s3.amazonaws.com/MahjongWays2/index.html?env=ceshislot.osshaiwai.com&hasFloat=0&token=436475c81b51e6893c740657870f86b7&language=en&debug=1&debugDataPath=https://raw.githubusercontent.com/jygameclub/testdataapi/main/mahjong2date/0525_0523&debugStart=270,https://raw.githubusercontent.com/jygameclub/testdataapi/main/mahjong2date/0525_0523/270.json,https://raw.githubusercontent.com/jygameclub/testdataapi/main/mahjong2date/0525_0523,未中奖,0.00,0.00,1,0,0,0,0,0,0,否,否,否,0,0,684431,684431,6031779683071224,9478892.0,9478852.0,
普通空转,271.json,271,0,,https://fish-games.s3.amazonaws.com/MahjongWays2/index.html?env=ceshislot.osshaiwai.com&hasFloat=0&token=436475c81b51e6893c740657870f86b7&language=en&debug=1&debugDataPath=https://raw.githubusercontent.com/jygameclub/testdataapi/main/mahjong2date/0525_0523&debugStart=271,https://raw.githubusercontent.com/jygameclub/testdataapi/main/mahjong2date/0525_0523/271.json,https://raw.githubusercontent.com/jygameclub/testdataapi/main/mahjong2date/0525_0523,未中奖,0.00,0.00,1,0,0,0,0,0,0,否,否,否,0,0,684432,684432,6501779683072024,9478852.0,9478812.0,
普通空转,272.json,272,0,,https://fish-games.s3.amazonaws.com/MahjongWays2/index.html?env=ceshislot.osshaiwai.com&hasFloat=0&token=436475c81b51e6893c740657870f86b7&language=en&debug=1&debugDataPath=https://raw.githubusercontent.com/jygameclub/testdataapi/main/mahjong2date/0525_0523&debugStart=272,https://raw.githubusercontent.com/jygameclub/testdataapi/main/mahjong2date/0525_0523/272.json,https://raw.githubusercontent.com/jygameclub/testdataapi/main/mahjong2date/0525_0523,未中奖,0.00,0.00,1,0,0,0,0,0,0,否,否,否,0,0,684433,684433,4441779683072807,9478812.0,9478772.0,
普通空转,273.json,273,0,,https://fish-games.s3.amazonaws.com/MahjongWays2/index.html?env=ceshislot.osshaiwai.com&hasFloat=0&token=436475c81b51e6893c740657870f86b7&language=en&debug=1&debugDataPath=https://raw.githubusercontent.com/jygameclub/testdataapi/main/mahjong2date/0525_0523&debugStart=273,https://raw.githubusercontent.com/jygameclub/testdataapi/main/mahjong2date/0525_0523/273.json,https://raw.githubusercontent.com/jygameclub/testdataapi/main/mahjong2date/0525_0523,未中奖,0.00,0.00,1,0,0,0,0,0,0,否,否,否,0,2,684435,684435,3071779683073658,9478772.0,9478732.0,
普通空转,275.json,275,0,,https://fish-games.s3.amazonaws.com/MahjongWays2/index.html?env=ceshislot.osshaiwai.com&hasFloat=0&token=436475c81b51e6893c740657870f86b7&language=en&debug=1&debugDataPath=https://raw.githubusercontent.com/jygameclub/testdataapi/main/mahjong2date/0525_0523&debugStart=275,https://raw.githubusercontent.com/jygameclub/testdataapi/main/mahjong2date/0525_0523/275.json,https://raw.githubusercontent.com/jygameclub/testdataapi/main/mahjong2date/0525_0523,未中奖,0.00,0.00,1,0,0,0,0,0,0,否,否,否,0,0,684441,684441,3681779683080042,9478728.0,9478688.0,
普通空转,276.json,276,0,,https://fish-games.s3.amazonaws.com/MahjongWays2/index.html?env=ceshislot.osshaiwai.com&hasFloat=0&token=436475c81b51e6893c740657870f86b7&language=en&debug=1&debugDataPath=https://raw.githubusercontent.com/jygameclub/testdataapi/main/mahjong2date/0525_0523&debugStart=276,https://raw.githubusercontent.com/jygameclub/testdataapi/main/mahjong2date/0525_0523/276.json,https://raw.githubusercontent.com/jygameclub/testdataapi/main/mahjong2date/0525_0523,未中奖,0.00,0.00,1,0,0,0,0,0,0,否,否,否,0,0,684442,684442,5681779683080825,9478688.0,9478648.0,
普通空转,278.json,278,0,,https://fish-games.s3.amazonaws.com/MahjongWays2/index.html?env=ceshislot.osshaiwai.com&hasFloat=0&token=436475c81b51e6893c740657870f86b7&language=en&debug=1&debugDataPath=https://raw.githubusercontent.com/jygameclub/testdataapi/main/mahjong2date/0525_0523&debugStart=278,https://raw.githubusercontent.com/jygameclub/testdataapi/main/mahjong2date/0525_0523/278.json,https://raw.githubusercontent.com/jygameclub/testdataapi/main/mahjong2date/0525_0523,未中奖,0.00,0.00,1,0,0,0,0,0,0,否,否,否,0,0,684446,684446,2401779683085307,9478612.0,9478572.0,
普通空转,279.json,279,0,,https://fish-games.s3.amazonaws.com/MahjongWays2/index.html?env=ceshislot.osshaiwai.com&hasFloat=0&token=436475c81b51e6893c740657870f86b7&language=en&debug=1&debugDataPath=https://raw.githubusercontent.com/jygameclub/testdataapi/main/mahjong2date/0525_0523&debugStart=279,https://raw.githubusercontent.com/jygameclub/testdataapi/main/mahjong2date/0525_0523/279.json,https://raw.githubusercontent.com/jygameclub/testdataapi/main/mahjong2date/0525_0523,未中奖,0.00,0.00,1,0,0,0,0,0,0,否,否,否,0,0,684447,684447,5901779683086091,9478572.0,9478532.0,
普通空转,280.json,280,0,,https://fish-games.s3.amazonaws.com/MahjongWays2/index.html?env=ceshislot.osshaiwai.com&hasFloat=0&token=436475c81b51e6893c740657870f86b7&language=en&debug=1&debugDataPath=https://raw.githubusercontent.com/jygameclub/testdataapi/main/mahjong2date/0525_0523&debugStart=280,https://raw.githubusercontent.com/jygameclub/testdataapi/main/mahjong2date/0525_0523/280.json,https://raw.githubusercontent.com/jygameclub/testdataapi/main/mahjong2date/0525_0523,未中奖,0.00,0.00,1,0,0,0,0,0,0,否,否,否,0,0,684449,684449,2431779683086874,9478532.0,9478492.0,
普通空转,281.json,281,0,,https://fish-games.s3.amazonaws.com/MahjongWays2/index.html?env=ceshislot.osshaiwai.com&hasFloat=0&token=436475c81b51e6893c740657870f86b7&language=en&debug=1&debugDataPath=https://raw.githubusercontent.com/jygameclub/testdataapi/main/mahjong2date/0525_0523&debugStart=281,https://raw.githubusercontent.com/jygameclub/testdataapi/main/mahjong2date/0525_0523/281.json,https://raw.githubusercontent.com/jygameclub/testdataapi/main/mahjong2date/0525_0523,未中奖,0.00,0.00,1,0,0,0,0,0,0,否,否,否,0,2,684450,684450,7421779683087658,9478492.0,9478452.0,
普通空转,282.json,282,0,,https://fish-games.s3.amazonaws.com/MahjongWays2/index.html?env=ceshislot.osshaiwai.com&hasFloat=0&token=436475c81b51e6893c740657870f86b7&language=en&debug=1&debugDataPath=https://raw.githubusercontent.com/jygameclub/testdataapi/main/mahjong2date/0525_0523&debugStart=282,https://raw.githubusercontent.com/jygameclub/testdataapi/main/mahjong2date/0525_0523/282.json,https://raw.githubusercontent.com/jygameclub/testdataapi/main/mahjong2date/0525_0523,未中奖,0.00,0.00,1,0,0,0,0,0,0,否,否,否,0,0,684451,684451,4531779683089174,9478452.0,9478412.0,
普通空转,284.json,284,0,,https://fish-games.s3.amazonaws.com/MahjongWays2/index.html?env=ceshislot.osshaiwai.com&hasFloat=0&token=436475c81b51e6893c740657870f86b7&language=en&debug=1&debugDataPath=https://raw.githubusercontent.com/jygameclub/testdataapi/main/mahjong2date/0525_0523&debugStart=284,https://raw.githubusercontent.com/jygameclub/testdataapi/main/mahjong2date/0525_0523/284.json,https://raw.githubusercontent.com/jygameclub/testdataapi/main/mahjong2date/0525_0523,未中奖,0.00,0.00,1,0,0,0,0,0,0,否,否,否,0,0,684455,684455,3431779683092674,9478378.0,9478338.0,
普通空转,285.json,285,0,,https://fish-games.s3.amazonaws.com/MahjongWays2/index.html?env=ceshislot.osshaiwai.com&hasFloat=0&token=436475c81b51e6893c740657870f86b7&language=en&debug=1&debugDataPath=https://raw.githubusercontent.com/jygameclub/testdataapi/main/mahjong2date/0525_0523&debugStart=285,https://raw.githubusercontent.com/jygameclub/testdataapi/main/mahjong2date/0525_0523/285.json,https://raw.githubusercontent.com/jygameclub/testdataapi/main/mahjong2date/0525_0523,未中奖,0.00,0.00,1,0,0,0,0,0,0,否,否,否,0,0,684457,684457,2231779683093457,9478338.0,9478298.0,
普通空转,286.json,286,0,,https://fish-games.s3.amazonaws.com/MahjongWays2/index.html?env=ceshislot.osshaiwai.com&hasFloat=0&token=436475c81b51e6893c740657870f86b7&language=en&debug=1&debugDataPath=https://raw.githubusercontent.com/jygameclub/testdataapi/main/mahjong2date/0525_0523&debugStart=286,https://raw.githubusercontent.com/jygameclub/testdataapi/main/mahjong2date/0525_0523/286.json,https://raw.githubusercontent.com/jygameclub/testdataapi/main/mahjong2date/0525_0523,未中奖,0.00,0.00,1,0,0,0,0,0,0,否,否,否,0,1,684458,684458,7451779683094240,9478298.0,9478258.0,
普通空转,287.json,287,0,,https://fish-games.s3.amazonaws.com/MahjongWays2/index.html?env=ceshislot.osshaiwai.com&hasFloat=0&token=436475c81b51e6893c740657870f86b7&language=en&debug=1&debugDataPath=https://raw.githubusercontent.com/jygameclub/testdataapi/main/mahjong2date/0525_0523&debugStart=287,https://raw.githubusercontent.com/jygameclub/testdataapi/main/mahjong2date/0525_0523/287.json,https://raw.githubusercontent.com/jygameclub/testdataapi/main/mahjong2date/0525_0523,未中奖,0.00,0.00,1,0,0,0,0,0,0,否,否,否,0,0,684459,684459,2031779683095707,9478258.0,9478218.0,
普通空转,288.json,288,0,,https://fish-games.s3.amazonaws.com/MahjongWays2/index.html?env=ceshislot.osshaiwai.com&hasFloat=0&token=436475c81b51e6893c740657870f86b7&language=en&debug=1&debugDataPath=https://raw.githubusercontent.com/jygameclub/testdataapi/main/mahjong2date/0525_0523&debugStart=288,https://raw.githubusercontent.com/jygameclub/testdataapi/main/mahjong2date/0525_0523/288.json,https://raw.githubusercontent.com/jygameclub/testdataapi/main/mahjong2date/0525_0523,未中奖,0.00,0.00,1,0,0,0,0,0,0,否,否,否,0,2,684460,684460,5711779683096490,9478218.0,9478178.0,
普通空转,289.json,289,0,,https://fish-games.s3.amazonaws.com/MahjongWays2/index.html?env=ceshislot.osshaiwai.com&hasFloat=0&token=436475c81b51e6893c740657870f86b7&language=en&debug=1&debugDataPath=https://raw.githubusercontent.com/jygameclub/testdataapi/main/mahjong2date/0525_0523&debugStart=289,https://raw.githubusercontent.com/jygameclub/testdataapi/main/mahjong2date/0525_0523/289.json,https://raw.githubusercontent.com/jygameclub/testdataapi/main/mahjong2date/0525_0523,未中奖,0.00,0.00,1,0,0,0,0,0,0,否,否,否,0,0,684462,684462,4431779683097991,9478178.0,9478138.0,
普通空转,290.json,290,0,,https://fish-games.s3.amazonaws.com/MahjongWays2/index.html?env=ceshislot.osshaiwai.com&hasFloat=0&token=436475c81b51e6893c740657870f86b7&language=en&debug=1&debugDataPath=https://raw.githubusercontent.com/jygameclub/testdataapi/main/mahjong2date/0525_0523&debugStart=290,https://raw.githubusercontent.com/jygameclub/testdataapi/main/mahjong2date/0525_0523/290.json,https://raw.githubusercontent.com/jygameclub/testdataapi/main/mahjong2date/0525_0523,未中奖,0.00,0.00,1,0,0,0,0,0,0,否,否,否,0,0,684463,684463,5301779683098774,9478138.0,9478098.0,
普通空转,291.json,291,0,,https://fish-games.s3.amazonaws.com/MahjongWays2/index.html?env=ceshislot.osshaiwai.com&hasFloat=0&token=436475c81b51e6893c740657870f86b7&language=en&debug=1&debugDataPath=https://raw.githubusercontent.com/jygameclub/testdataapi/main/mahjong2date/0525_0523&debugStart=291,https://raw.githubusercontent.com/jygameclub/testdataapi/main/mahjong2date/0525_0523/291.json,https://raw.githubusercontent.com/jygameclub/testdataapi/main/mahjong2date/0525_0523,未中奖,0.00,0.00,1,0,0,0,0,0,0,否,否,否,0,2,684465,684465,9251779683099574,9478098.0,9478058.0,
普通空转,292.json,292,0,,https://fish-games.s3.amazonaws.com/MahjongWays2/index.html?env=ceshislot.osshaiwai.com&hasFloat=0&token=436475c81b51e6893c740657870f86b7&language=en&debug=1&debugDataPath=https://raw.githubusercontent.com/jygameclub/testdataapi/main/mahjong2date/0525_0523&debugStart=292,https://raw.githubusercontent.com/jygameclub/testdataapi/main/mahjong2date/0525_0523/292.json,https://raw.githubusercontent.com/jygameclub/testdataapi/main/mahjong2date/0525_0523,未中奖,0.00,0.00,1,0,0,0,0,0,0,否,否,否,0,0,684466,684466,7101779683101073,9478058.0,9478018.0,
普通空转,294.json,294,0,,https://fish-games.s3.amazonaws.com/MahjongWays2/index.html?env=ceshislot.osshaiwai.com&hasFloat=0&token=436475c81b51e6893c740657870f86b7&language=en&debug=1&debugDataPath=https://raw.githubusercontent.com/jygameclub/testdataapi/main/mahjong2date/0525_0523&debugStart=294,https://raw.githubusercontent.com/jygameclub/testdataapi/main/mahjong2date/0525_0523/294.json,https://raw.githubusercontent.com/jygameclub/testdataapi/main/mahjong2date/0525_0523,未中奖,0.00,0.00,1,0,0,0,0,0,0,否,否,否,0,0,684471,684471,1811779683104524,9478014.0,9477974.0,
普通空转,295.json,295,0,,https://fish-games.s3.amazonaws.com/MahjongWays2/index.html?env=ceshislot.osshaiwai.com&hasFloat=0&token=436475c81b51e6893c740657870f86b7&language=en&debug=1&debugDataPath=https://raw.githubusercontent.com/jygameclub/testdataapi/main/mahjong2date/0525_0523&debugStart=295,https://raw.githubusercontent.com/jygameclub/testdataapi/main/mahjong2date/0525_0523/295.json,https://raw.githubusercontent.com/jygameclub/testdataapi/main/mahjong2date/0525_0523,未中奖,0.00,0.00,1,0,0,0,0,0,0,否,否,否,0,1,684472,684472,7751779683105308,9477974.0,9477934.0,
普通空转,297.json,297,0,,https://fish-games.s3.amazonaws.com/MahjongWays2/index.html?env=ceshislot.osshaiwai.com&hasFloat=0&token=436475c81b51e6893c740657870f86b7&language=en&debug=1&debugDataPath=https://raw.githubusercontent.com/jygameclub/testdataapi/main/mahjong2date/0525_0523&debugStart=297,https://raw.githubusercontent.com/jygameclub/testdataapi/main/mahjong2date/0525_0523/297.json,https://raw.githubusercontent.com/jygameclub/testdataapi/main/mahjong2date/0525_0523,未中奖,0.00,0.00,1,0,0,0,0,0,0,否,否,否,0,0,684477,684477,9261779683110424,9477896.0,9477856.0,
普通空转,299.json,299,0,,https://fish-games.s3.amazonaws.com/MahjongWays2/index.html?env=ceshislot.osshaiwai.com&hasFloat=0&token=436475c81b51e6893c740657870f86b7&language=en&debug=1&debugDataPath=https://raw.githubusercontent.com/jygameclub/testdataapi/main/mahjong2date/0525_0523&debugStart=299,https://raw.githubusercontent.com/jygameclub/testdataapi/main/mahjong2date/0525_0523/299.json,https://raw.githubusercontent.com/jygameclub/testdataapi/main/mahjong2date/0525_0523,未中奖,0.00,0.00,1,0,0,0,0,0,0,否,否,否,0,1,684481,684481,6991779683113941,9477824.0,9477784.0,
普通空转,301.json,301,0,,https://fish-games.s3.amazonaws.com/MahjongWays2/index.html?env=ceshislot.osshaiwai.com&hasFloat=0&token=436475c81b51e6893c740657870f86b7&language=en&debug=1&debugDataPath=https://raw.githubusercontent.com/jygameclub/testdataapi/main/mahjong2date/0525_0523&debugStart=301,https://raw.githubusercontent.com/jygameclub/testdataapi/main/mahjong2date/0525_0523/301.json,https://raw.githubusercontent.com/jygameclub/testdataapi/main/mahjong2date/0525_0523,未中奖,0.00,0.00,1,0,0,0,0,0,0,否,否,否,0,1,684487,684487,7661779683120090,9477904.0,9477864.0,
普通空转,302.json,302,0,,https://fish-games.s3.amazonaws.com/MahjongWays2/index.html?env=ceshislot.osshaiwai.com&hasFloat=0&token=436475c81b51e6893c740657870f86b7&language=en&debug=1&debugDataPath=https://raw.githubusercontent.com/jygameclub/testdataapi/main/mahjong2date/0525_0523&debugStart=302,https://raw.githubusercontent.com/jygameclub/testdataapi/main/mahjong2date/0525_0523/302.json,https://raw.githubusercontent.com/jygameclub/testdataapi/main/mahjong2date/0525_0523,未中奖,0.00,0.00,1,0,0,0,0,0,0,否,否,否,0,1,684489,684489,8651779683121557,9477864.0,9477824.0,
普通空转,303.json,303,0,,https://fish-games.s3.amazonaws.com/MahjongWays2/index.html?env=ceshislot.osshaiwai.com&hasFloat=0&token=436475c81b51e6893c740657870f86b7&language=en&debug=1&debugDataPath=https://raw.githubusercontent.com/jygameclub/testdataapi/main/mahjong2date/0525_0523&debugStart=303,https://raw.githubusercontent.com/jygameclub/testdataapi/main/mahjong2date/0525_0523/303.json,https://raw.githubusercontent.com/jygameclub/testdataapi/main/mahjong2date/0525_0523,未中奖,0.00,0.00,1,0,0,0,0,0,0,否,否,否,0,0,684490,684490,6001779683122957,9477824.0,9477784.0,
普通空转,306.json,306,0,,https://fish-games.s3.amazonaws.com/MahjongWays2/index.html?env=ceshislot.osshaiwai.com&hasFloat=0&token=436475c81b51e6893c740657870f86b7&language=en&debug=1&debugDataPath=https://raw.githubusercontent.com/jygameclub/testdataapi/main/mahjong2date/0525_0523&debugStart=306,https://raw.githubusercontent.com/jygameclub/testdataapi/main/mahjong2date/0525_0523/306.json,https://raw.githubusercontent.com/jygameclub/testdataapi/main/mahjong2date/0525_0523,未中奖,0.00,0.00,1,0,0,0,0,0,0,否,否,否,0,0,684496,684496,5841779683131207,9477944.0,9477904.0,
普通空转,307.json,307,0,,https://fish-games.s3.amazonaws.com/MahjongWays2/index.html?env=ceshislot.osshaiwai.com&hasFloat=0&token=436475c81b51e6893c740657870f86b7&language=en&debug=1&debugDataPath=https://raw.githubusercontent.com/jygameclub/testdataapi/main/mahjong2date/0525_0523&debugStart=307,https://raw.githubusercontent.com/jygameclub/testdataapi/main/mahjong2date/0525_0523/307.json,https://raw.githubusercontent.com/jygameclub/testdataapi/main/mahjong2date/0525_0523,未中奖,0.00,0.00,1,0,0,0,0,0,0,否,否,否,0,0,684497,684497,9681779683132007,9477904.0,9477864.0,
普通空转,308.json,308,0,,https://fish-games.s3.amazonaws.com/MahjongWays2/index.html?env=ceshislot.osshaiwai.com&hasFloat=0&token=436475c81b51e6893c740657870f86b7&language=en&debug=1&debugDataPath=https://raw.githubusercontent.com/jygameclub/testdataapi/main/mahjong2date/0525_0523&debugStart=308,https://raw.githubusercontent.com/jygameclub/testdataapi/main/mahjong2date/0525_0523/308.json,https://raw.githubusercontent.com/jygameclub/testdataapi/main/mahjong2date/0525_0523,未中奖,0.00,0.00,1,0,0,0,0,0,0,否,否,否,0,0,684499,684499,9611779683132806,9477864.0,9477824.0,
普通空转,309.json,309,0,,https://fish-games.s3.amazonaws.com/MahjongWays2/index.html?env=ceshislot.osshaiwai.com&hasFloat=0&token=436475c81b51e6893c740657870f86b7&language=en&debug=1&debugDataPath=https://raw.githubusercontent.com/jygameclub/testdataapi/main/mahjong2date/0525_0523&debugStart=309,https://raw.githubusercontent.com/jygameclub/testdataapi/main/mahjong2date/0525_0523/309.json,https://raw.githubusercontent.com/jygameclub/testdataapi/main/mahjong2date/0525_0523,未中奖,0.00,0.00,1,0,0,0,0,0,0,否,否,否,0,1,684500,684500,8281779683133658,9477824.0,9477784.0,
普通空转,312.json,312,0,,https://fish-games.s3.amazonaws.com/MahjongWays2/index.html?env=ceshislot.osshaiwai.com&hasFloat=0&token=436475c81b51e6893c740657870f86b7&language=en&debug=1&debugDataPath=https://raw.githubusercontent.com/jygameclub/testdataapi/main/mahjong2date/0525_0523&debugStart=312,https://raw.githubusercontent.com/jygameclub/testdataapi/main/mahjong2date/0525_0523/312.json,https://raw.githubusercontent.com/jygameclub/testdataapi/main/mahjong2date/0525_0523,未中奖,0.00,0.00,1,0,0,0,0,0,0,否,否,否,0,1,684511,684511,2521779683146841,9478160.0,9478120.0,
普通空转,313.json,313,0,,https://fish-games.s3.amazonaws.com/MahjongWays2/index.html?env=ceshislot.osshaiwai.com&hasFloat=0&token=436475c81b51e6893c740657870f86b7&language=en&debug=1&debugDataPath=https://raw.githubusercontent.com/jygameclub/testdataapi/main/mahjong2date/0525_0523&debugStart=313,https://raw.githubusercontent.com/jygameclub/testdataapi/main/mahjong2date/0525_0523/313.json,https://raw.githubusercontent.com/jygameclub/testdataapi/main/mahjong2date/0525_0523,未中奖,0.00,0.00,1,0,0,0,0,0,0,否,否,否,0,0,684512,684512,9481779683148307,9478120.0,9478080.0,
普通空转,314.json,314,0,,https://fish-games.s3.amazonaws.com/MahjongWays2/index.html?env=ceshislot.osshaiwai.com&hasFloat=0&token=436475c81b51e6893c740657870f86b7&language=en&debug=1&debugDataPath=https://raw.githubusercontent.com/jygameclub/testdataapi/main/mahjong2date/0525_0523&debugStart=314,https://raw.githubusercontent.com/jygameclub/testdataapi/main/mahjong2date/0525_0523/314.json,https://raw.githubusercontent.com/jygameclub/testdataapi/main/mahjong2date/0525_0523,未中奖,0.00,0.00,1,0,0,0,0,0,0,否,否,否,0,0,684513,684513,8091779683149092,9478080.0,9478040.0,
普通空转,316.json,316,0,,https://fish-games.s3.amazonaws.com/MahjongWays2/index.html?env=ceshislot.osshaiwai.com&hasFloat=0&token=436475c81b51e6893c740657870f86b7&language=en&debug=1&debugDataPath=https://raw.githubusercontent.com/jygameclub/testdataapi/main/mahjong2date/0525_0523&debugStart=316,https://raw.githubusercontent.com/jygameclub/testdataapi/main/mahjong2date/0525_0523/316.json,https://raw.githubusercontent.com/jygameclub/testdataapi/main/mahjong2date/0525_0523,未中奖,0.00,0.00,1,0,0,0,0,0,0,否,否,否,0,1,684516,684516,9271779683152558,9478010.0,9477970.0,
普通空转,317.json,317,0,,https://fish-games.s3.amazonaws.com/MahjongWays2/index.html?env=ceshislot.osshaiwai.com&hasFloat=0&token=436475c81b51e6893c740657870f86b7&language=en&debug=1&debugDataPath=https://raw.githubusercontent.com/jygameclub/testdataapi/main/mahjong2date/0525_0523&debugStart=317,https://raw.githubusercontent.com/jygameclub/testdataapi/main/mahjong2date/0525_0523/317.json,https://raw.githubusercontent.com/jygameclub/testdataapi/main/mahjong2date/0525_0523,未中奖,0.00,0.00,1,0,0,0,0,0,0,否,否,否,0,1,684517,684517,3531779683154024,9477970.0,9477930.0,
普通空转,318.json,318,0,,https://fish-games.s3.amazonaws.com/MahjongWays2/index.html?env=ceshislot.osshaiwai.com&hasFloat=0&token=436475c81b51e6893c740657870f86b7&language=en&debug=1&debugDataPath=https://raw.githubusercontent.com/jygameclub/testdataapi/main/mahjong2date/0525_0523&debugStart=318,https://raw.githubusercontent.com/jygameclub/testdataapi/main/mahjong2date/0525_0523/318.json,https://raw.githubusercontent.com/jygameclub/testdataapi/main/mahjong2date/0525_0523,未中奖,0.00,0.00,1,0,0,0,0,0,0,否,否,否,0,1,684518,684518,7191779683155440,9477930.0,9477890.0,
普通空转,320.json,320,0,,https://fish-games.s3.amazonaws.com/MahjongWays2/index.html?env=ceshislot.osshaiwai.com&hasFloat=0&token=436475c81b51e6893c740657870f86b7&language=en&debug=1&debugDataPath=https://raw.githubusercontent.com/jygameclub/testdataapi/main/mahjong2date/0525_0523&debugStart=320,https://raw.githubusercontent.com/jygameclub/testdataapi/main/mahjong2date/0525_0523/320.json,https://raw.githubusercontent.com/jygameclub/testdataapi/main/mahjong2date/0525_0523,未中奖,0.00,0.00,1,0,0,0,0,0,0,否,否,否,0,1,684522,684522,8151779683159490,9477858.0,9477818.0,
普通空转,321.json,321,0,,https://fish-games.s3.amazonaws.com/MahjongWays2/index.html?env=ceshislot.osshaiwai.com&hasFloat=0&token=436475c81b51e6893c740657870f86b7&language=en&debug=1&debugDataPath=https://raw.githubusercontent.com/jygameclub/testdataapi/main/mahjong2date/0525_0523&debugStart=321,https://raw.githubusercontent.com/jygameclub/testdataapi/main/mahjong2date/0525_0523/321.json,https://raw.githubusercontent.com/jygameclub/testdataapi/main/mahjong2date/0525_0523,未中奖,0.00,0.00,1,0,0,0,0,0,0,否,否,否,0,0,684524,684524,9751779683160956,9477818.0,9477778.0,
普通空转,322.json,322,0,,https://fish-games.s3.amazonaws.com/MahjongWays2/index.html?env=ceshislot.osshaiwai.com&hasFloat=0&token=436475c81b51e6893c740657870f86b7&language=en&debug=1&debugDataPath=https://raw.githubusercontent.com/jygameclub/testdataapi/main/mahjong2date/0525_0523&debugStart=322,https://raw.githubusercontent.com/jygameclub/testdataapi/main/mahjong2date/0525_0523/322.json,https://raw.githubusercontent.com/jygameclub/testdataapi/main/mahjong2date/0525_0523,未中奖,0.00,0.00,1,0,0,0,0,0,0,否,否,否,0,0,684525,684525,1421779683161740,9477778.0,9477738.0,
普通空转,323.json,323,0,,https://fish-games.s3.amazonaws.com/MahjongWays2/index.html?env=ceshislot.osshaiwai.com&hasFloat=0&token=436475c81b51e6893c740657870f86b7&language=en&debug=1&debugDataPath=https://raw.githubusercontent.com/jygameclub/testdataapi/main/mahjong2date/0525_0523&debugStart=323,https://raw.githubusercontent.com/jygameclub/testdataapi/main/mahjong2date/0525_0523/323.json,https://raw.githubusercontent.com/jygameclub/testdataapi/main/mahjong2date/0525_0523,未中奖,0.00,0.00,1,0,0,0,0,0,0,否,否,否,0,0,684526,684526,8901779683162541,9477738.0,9477698.0,
普通空转,324.json,324,0,,https://fish-games.s3.amazonaws.com/MahjongWays2/index.html?env=ceshislot.osshaiwai.com&hasFloat=0&token=436475c81b51e6893c740657870f86b7&language=en&debug=1&debugDataPath=https://raw.githubusercontent.com/jygameclub/testdataapi/main/mahjong2date/0525_0523&debugStart=324,https://raw.githubusercontent.com/jygameclub/testdataapi/main/mahjong2date/0525_0523/324.json,https://raw.githubusercontent.com/jygameclub/testdataapi/main/mahjong2date/0525_0523,未中奖,0.00,0.00,1,0,0,0,0,0,0,否,否,否,0,1,684528,684528,2371779683163323,9477698.0,9477658.0,
普通空转,325.json,325,0,,https://fish-games.s3.amazonaws.com/MahjongWays2/index.html?env=ceshislot.osshaiwai.com&hasFloat=0&token=436475c81b51e6893c740657870f86b7&language=en&debug=1&debugDataPath=https://raw.githubusercontent.com/jygameclub/testdataapi/main/mahjong2date/0525_0523&debugStart=325,https://raw.githubusercontent.com/jygameclub/testdataapi/main/mahjong2date/0525_0523/325.json,https://raw.githubusercontent.com/jygameclub/testdataapi/main/mahjong2date/0525_0523,未中奖,0.00,0.00,1,0,0,0,0,0,0,否,否,否,0,2,684529,684529,4151779683164723,9477658.0,9477618.0,
普通空转,326.json,326,0,,https://fish-games.s3.amazonaws.com/MahjongWays2/index.html?env=ceshislot.osshaiwai.com&hasFloat=0&token=436475c81b51e6893c740657870f86b7&language=en&debug=1&debugDataPath=https://raw.githubusercontent.com/jygameclub/testdataapi/main/mahjong2date/0525_0523&debugStart=326,https://raw.githubusercontent.com/jygameclub/testdataapi/main/mahjong2date/0525_0523/326.json,https://raw.githubusercontent.com/jygameclub/testdataapi/main/mahjong2date/0525_0523,未中奖,0.00,0.00,1,0,0,0,0,0,0,否,否,否,0,0,684530,684530,7551779683166225,9477618.0,9477578.0,
普通空转,327.json,327,0,,https://fish-games.s3.amazonaws.com/MahjongWays2/index.html?env=ceshislot.osshaiwai.com&hasFloat=0&token=436475c81b51e6893c740657870f86b7&language=en&debug=1&debugDataPath=https://raw.githubusercontent.com/jygameclub/testdataapi/main/mahjong2date/0525_0523&debugStart=327,https://raw.githubusercontent.com/jygameclub/testdataapi/main/mahjong2date/0525_0523/327.json,https://raw.githubusercontent.com/jygameclub/testdataapi/main/mahjong2date/0525_0523,未中奖,0.00,0.00,1,0,0,0,0,0,0,否,否,否,0,0,684532,684532,2901779683167007,9477578.0,9477538.0,
普通空转,329.json,329,0,,https://fish-games.s3.amazonaws.com/MahjongWays2/index.html?env=ceshislot.osshaiwai.com&hasFloat=0&token=436475c81b51e6893c740657870f86b7&language=en&debug=1&debugDataPath=https://raw.githubusercontent.com/jygameclub/testdataapi/main/mahjong2date/0525_0523&debugStart=329,https://raw.githubusercontent.com/jygameclub/testdataapi/main/mahjong2date/0525_0523/329.json,https://raw.githubusercontent.com/jygameclub/testdataapi/main/mahjong2date/0525_0523,未中奖,0.00,0.00,1,0,0,0,0,0,0,否,否,否,0,0,684536,684536,1181779683171506,9477502.0,9477462.0,
普通空转,330.json,330,0,,https://fish-games.s3.amazonaws.com/MahjongWays2/index.html?env=ceshislot.osshaiwai.com&hasFloat=0&token=436475c81b51e6893c740657870f86b7&language=en&debug=1&debugDataPath=https://raw.githubusercontent.com/jygameclub/testdataapi/main/mahjong2date/0525_0523&debugStart=330,https://raw.githubusercontent.com/jygameclub/testdataapi/main/mahjong2date/0525_0523/330.json,https://raw.githubusercontent.com/jygameclub/testdataapi/main/mahjong2date/0525_0523,未中奖,0.00,0.00,1,0,0,0,0,0,0,否,否,否,0,0,684537,684537,8451779683172307,9477462.0,9477422.0,
普通空转,331.json,331,0,,https://fish-games.s3.amazonaws.com/MahjongWays2/index.html?env=ceshislot.osshaiwai.com&hasFloat=0&token=436475c81b51e6893c740657870f86b7&language=en&debug=1&debugDataPath=https://raw.githubusercontent.com/jygameclub/testdataapi/main/mahjong2date/0525_0523&debugStart=331,https://raw.githubusercontent.com/jygameclub/testdataapi/main/mahjong2date/0525_0523/331.json,https://raw.githubusercontent.com/jygameclub/testdataapi/main/mahjong2date/0525_0523,未中奖,0.00,0.00,1,0,0,0,0,0,0,否,否,否,0,0,684538,684538,1711779683173106,9477422.0,9477382.0,
普通空转,332.json,332,0,,https://fish-games.s3.amazonaws.com/MahjongWays2/index.html?env=ceshislot.osshaiwai.com&hasFloat=0&token=436475c81b51e6893c740657870f86b7&language=en&debug=1&debugDataPath=https://raw.githubusercontent.com/jygameclub/testdataapi/main/mahjong2date/0525_0523&debugStart=332,https://raw.githubusercontent.com/jygameclub/testdataapi/main/mahjong2date/0525_0523/332.json,https://raw.githubusercontent.com/jygameclub/testdataapi/main/mahjong2date/0525_0523,未中奖,0.00,0.00,1,0,0,0,0,0,0,否,否,否,0,0,684540,684540,2871779683173974,9477382.0,9477342.0,
普通空转,333.json,333,0,,https://fish-games.s3.amazonaws.com/MahjongWays2/index.html?env=ceshislot.osshaiwai.com&hasFloat=0&token=436475c81b51e6893c740657870f86b7&language=en&debug=1&debugDataPath=https://raw.githubusercontent.com/jygameclub/testdataapi/main/mahjong2date/0525_0523&debugStart=333,https://raw.githubusercontent.com/jygameclub/testdataapi/main/mahjong2date/0525_0523/333.json,https://raw.githubusercontent.com/jygameclub/testdataapi/main/mahjong2date/0525_0523,未中奖,0.00,0.00,1,0,0,0,0,0,0,否,否,否,0,1,684541,684541,4691779683174756,9477342.0,9477302.0,
普通空转,336.json,336,0,,https://fish-games.s3.amazonaws.com/MahjongWays2/index.html?env=ceshislot.osshaiwai.com&hasFloat=0&token=436475c81b51e6893c740657870f86b7&language=en&debug=1&debugDataPath=https://raw.githubusercontent.com/jygameclub/testdataapi/main/mahjong2date/0525_0523&debugStart=336,https://raw.githubusercontent.com/jygameclub/testdataapi/main/mahjong2date/0525_0523/336.json,https://raw.githubusercontent.com/jygameclub/testdataapi/main/mahjong2date/0525_0523,未中奖,0.00,0.00,1,0,0,0,0,0,0,否,否,否,0,0,684584,684584,1001779683286370,9477848.0,9477808.0,
普通空转,337.json,337,0,,https://fish-games.s3.amazonaws.com/MahjongWays2/index.html?env=ceshislot.osshaiwai.com&hasFloat=0&token=436475c81b51e6893c740657870f86b7&language=en&debug=1&debugDataPath=https://raw.githubusercontent.com/jygameclub/testdataapi/main/mahjong2date/0525_0523&debugStart=337,https://raw.githubusercontent.com/jygameclub/testdataapi/main/mahjong2date/0525_0523/337.json,https://raw.githubusercontent.com/jygameclub/testdataapi/main/mahjong2date/0525_0523,未中奖,0.00,0.00,1,0,0,0,0,0,0,否,否,否,0,0,684589,684589,7821779683296368,9477808.0,9477768.0,
普通空转,338.json,338,0,,https://fish-games.s3.amazonaws.com/MahjongWays2/index.html?env=ceshislot.osshaiwai.com&hasFloat=0&token=436475c81b51e6893c740657870f86b7&language=en&debug=1&debugDataPath=https://raw.githubusercontent.com/jygameclub/testdataapi/main/mahjong2date/0525_0523&debugStart=338,https://raw.githubusercontent.com/jygameclub/testdataapi/main/mahjong2date/0525_0523/338.json,https://raw.githubusercontent.com/jygameclub/testdataapi/main/mahjong2date/0525_0523,未中奖,0.00,0.00,1,0,0,0,0,0,0,否,否,否,0,0,684628,684628,1691779683483490,9477768.0,9477728.0,
普通空转,339.json,339,0,,https://fish-games.s3.amazonaws.com/MahjongWays2/index.html?env=ceshislot.osshaiwai.com&hasFloat=0&token=436475c81b51e6893c740657870f86b7&language=en&debug=1&debugDataPath=https://raw.githubusercontent.com/jygameclub/testdataapi/main/mahjong2date/0525_0523&debugStart=339,https://raw.githubusercontent.com/jygameclub/testdataapi/main/mahjong2date/0525_0523/339.json,https://raw.githubusercontent.com/jygameclub/testdataapi/main/mahjong2date/0525_0523,未中奖,0.00,0.00,1,0,0,0,0,0,0,否,否,否,0,0,684630,684630,8441779683485075,9477728.0,9477688.0,
普通空转,341.json,341,0,,https://fish-games.s3.amazonaws.com/MahjongWays2/index.html?env=ceshislot.osshaiwai.com&hasFloat=0&token=436475c81b51e6893c740657870f86b7&language=en&debug=1&debugDataPath=https://raw.githubusercontent.com/jygameclub/testdataapi/main/mahjong2date/0525_0523&debugStart=341,https://raw.githubusercontent.com/jygameclub/testdataapi/main/mahjong2date/0525_0523/341.json,https://raw.githubusercontent.com/jygameclub/testdataapi/main/mahjong2date/0525_0523,未中奖,0.00,0.00,1,0,0,0,0,0,0,否,否,否,0,1,684638,684638,1261779683493975,9477800.0,9477760.0,
普通空转,342.json,342,0,,https://fish-games.s3.amazonaws.com/MahjongWays2/index.html?env=ceshislot.osshaiwai.com&hasFloat=0&token=436475c81b51e6893c740657870f86b7&language=en&debug=1&debugDataPath=https://raw.githubusercontent.com/jygameclub/testdataapi/main/mahjong2date/0525_0523&debugStart=342,https://raw.githubusercontent.com/jygameclub/testdataapi/main/mahjong2date/0525_0523/342.json,https://raw.githubusercontent.com/jygameclub/testdataapi/main/mahjong2date/0525_0523,未中奖,0.00,0.00,1,0,0,0,0,0,0,否,否,否,0,0,684640,684640,6131779683495458,9477760.0,9477720.0,
普通空转,343.json,343,0,,https://fish-games.s3.amazonaws.com/MahjongWays2/index.html?env=ceshislot.osshaiwai.com&hasFloat=0&token=436475c81b51e6893c740657870f86b7&language=en&debug=1&debugDataPath=https://raw.githubusercontent.com/jygameclub/testdataapi/main/mahjong2date/0525_0523&debugStart=343,https://raw.githubusercontent.com/jygameclub/testdataapi/main/mahjong2date/0525_0523/343.json,https://raw.githubusercontent.com/jygameclub/testdataapi/main/mahjong2date/0525_0523,未中奖,0.00,0.00,1,0,0,0,0,0,0,否,否,否,0,1,684641,684641,2481779683496308,9477720.0,9477680.0,
普通空转,344.json,344,0,,https://fish-games.s3.amazonaws.com/MahjongWays2/index.html?env=ceshislot.osshaiwai.com&hasFloat=0&token=436475c81b51e6893c740657870f86b7&language=en&debug=1&debugDataPath=https://raw.githubusercontent.com/jygameclub/testdataapi/main/mahjong2date/0525_0523&debugStart=344,https://raw.githubusercontent.com/jygameclub/testdataapi/main/mahjong2date/0525_0523/344.json,https://raw.githubusercontent.com/jygameclub/testdataapi/main/mahjong2date/0525_0523,未中奖,0.00,0.00,1,0,0,0,0,0,0,否,否,否,0,2,684642,684642,9081779683497708,9477680.0,9477640.0,
普通空转,346.json,346,0,,https://fish-games.s3.amazonaws.com/MahjongWays2/index.html?env=ceshislot.osshaiwai.com&hasFloat=0&token=436475c81b51e6893c740657870f86b7&language=en&debug=1&debugDataPath=https://raw.githubusercontent.com/jygameclub/testdataapi/main/mahjong2date/0525_0523&debugStart=346,https://raw.githubusercontent.com/jygameclub/testdataapi/main/mahjong2date/0525_0523/346.json,https://raw.githubusercontent.com/jygameclub/testdataapi/main/mahjong2date/0525_0523,未中奖,0.00,0.00,1,0,0,0,0,0,0,否,否,否,0,0,684650,684650,5181779683507125,9477832.0,9477792.0,
普通空转,347.json,347,0,,https://fish-games.s3.amazonaws.com/MahjongWays2/index.html?env=ceshislot.osshaiwai.com&hasFloat=0&token=436475c81b51e6893c740657870f86b7&language=en&debug=1&debugDataPath=https://raw.githubusercontent.com/jygameclub/testdataapi/main/mahjong2date/0525_0523&debugStart=347,https://raw.githubusercontent.com/jygameclub/testdataapi/main/mahjong2date/0525_0523/347.json,https://raw.githubusercontent.com/jygameclub/testdataapi/main/mahjong2date/0525_0523,未中奖,0.00,0.00,1,0,0,0,0,0,0,否,否,否,0,0,684651,684651,2721779683507907,9477792.0,9477752.0,
普通空转,348.json,348,0,,https://fish-games.s3.amazonaws.com/MahjongWays2/index.html?env=ceshislot.osshaiwai.com&hasFloat=0&token=436475c81b51e6893c740657870f86b7&language=en&debug=1&debugDataPath=https://raw.githubusercontent.com/jygameclub/testdataapi/main/mahjong2date/0525_0523&debugStart=348,https://raw.githubusercontent.com/jygameclub/testdataapi/main/mahjong2date/0525_0523/348.json,https://raw.githubusercontent.com/jygameclub/testdataapi/main/mahjong2date/0525_0523,未中奖,0.00,0.00,1,0,0,0,0,0,0,否,否,否,0,0,684653,684653,2021779683508775,9477752.0,9477712.0,
普通空转,349.json,349,0,,https://fish-games.s3.amazonaws.com/MahjongWays2/index.html?env=ceshislot.osshaiwai.com&hasFloat=0&token=436475c81b51e6893c740657870f86b7&language=en&debug=1&debugDataPath=https://raw.githubusercontent.com/jygameclub/testdataapi/main/mahjong2date/0525_0523&debugStart=349,https://raw.githubusercontent.com/jygameclub/testdataapi/main/mahjong2date/0525_0523/349.json,https://raw.githubusercontent.com/jygameclub/testdataapi/main/mahjong2date/0525_0523,未中奖,0.00,0.00,1,0,0,0,0,0,0,否,否,否,0,1,684654,684654,1561779683509641,9477712.0,9477672.0,
普通空转,351.json,351,0,,https://fish-games.s3.amazonaws.com/MahjongWays2/index.html?env=ceshislot.osshaiwai.com&hasFloat=0&token=436475c81b51e6893c740657870f86b7&language=en&debug=1&debugDataPath=https://raw.githubusercontent.com/jygameclub/testdataapi/main/mahjong2date/0525_0523&debugStart=351,https://raw.githubusercontent.com/jygameclub/testdataapi/main/mahjong2date/0525_0523/351.json,https://raw.githubusercontent.com/jygameclub/testdataapi/main/mahjong2date/0525_0523,未中奖,0.00,0.00,1,0,0,0,0,0,0,否,否,否,0,0,684658,684658,9221779683513790,9477656.0,9477616.0,
普通空转,352.json,352,0,,https://fish-games.s3.amazonaws.com/MahjongWays2/index.html?env=ceshislot.osshaiwai.com&hasFloat=0&token=436475c81b51e6893c740657870f86b7&language=en&debug=1&debugDataPath=https://raw.githubusercontent.com/jygameclub/testdataapi/main/mahjong2date/0525_0523&debugStart=352,https://raw.githubusercontent.com/jygameclub/testdataapi/main/mahjong2date/0525_0523/352.json,https://raw.githubusercontent.com/jygameclub/testdataapi/main/mahjong2date/0525_0523,未中奖,0.00,0.00,1,0,0,0,0,0,0,否,否,否,0,1,684659,684659,3201779683514641,9477616.0,9477576.0,
普通空转,353.json,353,0,,https://fish-games.s3.amazonaws.com/MahjongWays2/index.html?env=ceshislot.osshaiwai.com&hasFloat=0&token=436475c81b51e6893c740657870f86b7&language=en&debug=1&debugDataPath=https://raw.githubusercontent.com/jygameclub/testdataapi/main/mahjong2date/0525_0523&debugStart=353,https://raw.githubusercontent.com/jygameclub/testdataapi/main/mahjong2date/0525_0523/353.json,https://raw.githubusercontent.com/jygameclub/testdataapi/main/mahjong2date/0525_0523,未中奖,0.00,0.00,1,0,0,0,0,0,0,否,否,否,0,1,684660,684660,9481779683516041,9477576.0,9477536.0,
普通空转,354.json,354,0,,https://fish-games.s3.amazonaws.com/MahjongWays2/index.html?env=ceshislot.osshaiwai.com&hasFloat=0&token=436475c81b51e6893c740657870f86b7&language=en&debug=1&debugDataPath=https://raw.githubusercontent.com/jygameclub/testdataapi/main/mahjong2date/0525_0523&debugStart=354,https://raw.githubusercontent.com/jygameclub/testdataapi/main/mahjong2date/0525_0523/354.json,https://raw.githubusercontent.com/jygameclub/testdataapi/main/mahjong2date/0525_0523,未中奖,0.00,0.00,1,0,0,0,0,0,0,否,否,否,0,0,684662,684662,4771779683517508,9477536.0,9477496.0,
普通空转,356.json,356,0,,https://fish-games.s3.amazonaws.com/MahjongWays2/index.html?env=ceshislot.osshaiwai.com&hasFloat=0&token=436475c81b51e6893c740657870f86b7&language=en&debug=1&debugDataPath=https://raw.githubusercontent.com/jygameclub/testdataapi/main/mahjong2date/0525_0523&debugStart=356,https://raw.githubusercontent.com/jygameclub/testdataapi/main/mahjong2date/0525_0523/356.json,https://raw.githubusercontent.com/jygameclub/testdataapi/main/mahjong2date/0525_0523,未中奖,0.00,0.00,1,0,0,0,0,0,0,否,否,否,0,0,684665,684665,7951779683522142,9477504.0,9477464.0,
普通空转,357.json,357,0,,https://fish-games.s3.amazonaws.com/MahjongWays2/index.html?env=ceshislot.osshaiwai.com&hasFloat=0&token=436475c81b51e6893c740657870f86b7&language=en&debug=1&debugDataPath=https://raw.githubusercontent.com/jygameclub/testdataapi/main/mahjong2date/0525_0523&debugStart=357,https://raw.githubusercontent.com/jygameclub/testdataapi/main/mahjong2date/0525_0523/357.json,https://raw.githubusercontent.com/jygameclub/testdataapi/main/mahjong2date/0525_0523,未中奖,0.00,0.00,1,0,0,0,0,0,0,否,否,否,0,1,684667,684667,6691779683523007,9477464.0,9477424.0,
普通空转,359.json,359,0,,https://fish-games.s3.amazonaws.com/MahjongWays2/index.html?env=ceshislot.osshaiwai.com&hasFloat=0&token=436475c81b51e6893c740657870f86b7&language=en&debug=1&debugDataPath=https://raw.githubusercontent.com/jygameclub/testdataapi/main/mahjong2date/0525_0523&debugStart=359,https://raw.githubusercontent.com/jygameclub/testdataapi/main/mahjong2date/0525_0523/359.json,https://raw.githubusercontent.com/jygameclub/testdataapi/main/mahjong2date/0525_0523,未中奖,0.00,0.00,1,0,0,0,0,0,0,否,否,否,0,1,684671,684671,7391779683527157,9477438.0,9477398.0,
普通空转,360.json,360,0,,https://fish-games.s3.amazonaws.com/MahjongWays2/index.html?env=ceshislot.osshaiwai.com&hasFloat=0&token=436475c81b51e6893c740657870f86b7&language=en&debug=1&debugDataPath=https://raw.githubusercontent.com/jygameclub/testdataapi/main/mahjong2date/0525_0523&debugStart=360,https://raw.githubusercontent.com/jygameclub/testdataapi/main/mahjong2date/0525_0523/360.json,https://raw.githubusercontent.com/jygameclub/testdataapi/main/mahjong2date/0525_0523,未中奖,0.00,0.00,1,0,0,0,0,0,0,否,否,否,0,1,684672,684672,4441779683528557,9477398.0,9477358.0,
普通空转,362.json,362,0,,https://fish-games.s3.amazonaws.com/MahjongWays2/index.html?env=ceshislot.osshaiwai.com&hasFloat=0&token=436475c81b51e6893c740657870f86b7&language=en&debug=1&debugDataPath=https://raw.githubusercontent.com/jygameclub/testdataapi/main/mahjong2date/0525_0523&debugStart=362,https://raw.githubusercontent.com/jygameclub/testdataapi/main/mahjong2date/0525_0523/362.json,https://raw.githubusercontent.com/jygameclub/testdataapi/main/mahjong2date/0525_0523,未中奖,0.00,0.00,1,0,0,0,0,0,0,否,否,否,0,0,684675,684675,6441779683532724,9477320.0,9477280.0,
普通空转,363.json,363,0,,https://fish-games.s3.amazonaws.com/MahjongWays2/index.html?env=ceshislot.osshaiwai.com&hasFloat=0&token=436475c81b51e6893c740657870f86b7&language=en&debug=1&debugDataPath=https://raw.githubusercontent.com/jygameclub/testdataapi/main/mahjong2date/0525_0523&debugStart=363,https://raw.githubusercontent.com/jygameclub/testdataapi/main/mahjong2date/0525_0523/363.json,https://raw.githubusercontent.com/jygameclub/testdataapi/main/mahjong2date/0525_0523,未中奖,0.00,0.00,1,0,0,0,0,0,0,否,否,否,0,1,684676,684676,3491779683533507,9477280.0,9477240.0,
普通空转,364.json,364,0,,https://fish-games.s3.amazonaws.com/MahjongWays2/index.html?env=ceshislot.osshaiwai.com&hasFloat=0&token=436475c81b51e6893c740657870f86b7&language=en&debug=1&debugDataPath=https://raw.githubusercontent.com/jygameclub/testdataapi/main/mahjong2date/0525_0523&debugStart=364,https://raw.githubusercontent.com/jygameclub/testdataapi/main/mahjong2date/0525_0523/364.json,https://raw.githubusercontent.com/jygameclub/testdataapi/main/mahjong2date/0525_0523,未中奖,0.00,0.00,1,0,0,0,0,0,0,否,否,否,0,0,684677,684677,6921779683534974,9477240.0,9477200.0,
普通空转,366.json,366,0,,https://fish-games.s3.amazonaws.com/MahjongWays2/index.html?env=ceshislot.osshaiwai.com&hasFloat=0&token=436475c81b51e6893c740657870f86b7&language=en&debug=1&debugDataPath=https://raw.githubusercontent.com/jygameclub/testdataapi/main/mahjong2date/0525_0523&debugStart=366,https://raw.githubusercontent.com/jygameclub/testdataapi/main/mahjong2date/0525_0523/366.json,https://raw.githubusercontent.com/jygameclub/testdataapi/main/mahjong2date/0525_0523,未中奖,0.00,0.00,1,0,0,0,0,0,0,否,否,否,0,0,684682,684682,3341779683540540,9477258.0,9477218.0,
普通空转,367.json,367,0,,https://fish-games.s3.amazonaws.com/MahjongWays2/index.html?env=ceshislot.osshaiwai.com&hasFloat=0&token=436475c81b51e6893c740657870f86b7&language=en&debug=1&debugDataPath=https://raw.githubusercontent.com/jygameclub/testdataapi/main/mahjong2date/0525_0523&debugStart=367,https://raw.githubusercontent.com/jygameclub/testdataapi/main/mahjong2date/0525_0523/367.json,https://raw.githubusercontent.com/jygameclub/testdataapi/main/mahjong2date/0525_0523,未中奖,0.00,0.00,1,0,0,0,0,0,0,否,否,否,0,1,684683,684683,6831779683541342,9477218.0,9477178.0,
普通空转,368.json,368,0,,https://fish-games.s3.amazonaws.com/MahjongWays2/index.html?env=ceshislot.osshaiwai.com&hasFloat=0&token=436475c81b51e6893c740657870f86b7&language=en&debug=1&debugDataPath=https://raw.githubusercontent.com/jygameclub/testdataapi/main/mahjong2date/0525_0523&debugStart=368,https://raw.githubusercontent.com/jygameclub/testdataapi/main/mahjong2date/0525_0523/368.json,https://raw.githubusercontent.com/jygameclub/testdataapi/main/mahjong2date/0525_0523,未中奖,0.00,0.00,1,0,0,0,0,0,0,否,否,否,0,0,684684,684684,2891779683542808,9477178.0,9477138.0,
普通空转,369.json,369,0,,https://fish-games.s3.amazonaws.com/MahjongWays2/index.html?env=ceshislot.osshaiwai.com&hasFloat=0&token=436475c81b51e6893c740657870f86b7&language=en&debug=1&debugDataPath=https://raw.githubusercontent.com/jygameclub/testdataapi/main/mahjong2date/0525_0523&debugStart=369,https://raw.githubusercontent.com/jygameclub/testdataapi/main/mahjong2date/0525_0523/369.json,https://raw.githubusercontent.com/jygameclub/testdataapi/main/mahjong2date/0525_0523,未中奖,0.00,0.00,1,0,0,0,0,0,0,否,否,否,0,1,684686,684686,5571779683543657,9477138.0,9477098.0,
普通空转,370.json,370,0,,https://fish-games.s3.amazonaws.com/MahjongWays2/index.html?env=ceshislot.osshaiwai.com&hasFloat=0&token=436475c81b51e6893c740657870f86b7&language=en&debug=1&debugDataPath=https://raw.githubusercontent.com/jygameclub/testdataapi/main/mahjong2date/0525_0523&debugStart=370,https://raw.githubusercontent.com/jygameclub/testdataapi/main/mahjong2date/0525_0523/370.json,https://raw.githubusercontent.com/jygameclub/testdataapi/main/mahjong2date/0525_0523,未中奖,0.00,0.00,1,0,0,0,0,0,0,否,否,否,0,0,684687,684687,2591779683545057,9477098.0,9477058.0,
普通空转,373.json,373,0,,https://fish-games.s3.amazonaws.com/MahjongWays2/index.html?env=ceshislot.osshaiwai.com&hasFloat=0&token=436475c81b51e6893c740657870f86b7&language=en&debug=1&debugDataPath=https://raw.githubusercontent.com/jygameclub/testdataapi/main/mahjong2date/0525_0523&debugStart=373,https://raw.githubusercontent.com/jygameclub/testdataapi/main/mahjong2date/0525_0523/373.json,https://raw.githubusercontent.com/jygameclub/testdataapi/main/mahjong2date/0525_0523,未中奖,0.00,0.00,1,0,0,0,0,0,0,否,否,否,0,1,684692,684692,8191779683551225,9477070.0,9477030.0,
普通空转,375.json,375,0,,https://fish-games.s3.amazonaws.com/MahjongWays2/index.html?env=ceshislot.osshaiwai.com&hasFloat=0&token=436475c81b51e6893c740657870f86b7&language=en&debug=1&debugDataPath=https://raw.githubusercontent.com/jygameclub/testdataapi/main/mahjong2date/0525_0523&debugStart=375,https://raw.githubusercontent.com/jygameclub/testdataapi/main/mahjong2date/0525_0523/375.json,https://raw.githubusercontent.com/jygameclub/testdataapi/main/mahjong2date/0525_0523,未中奖,0.00,0.00,1,0,0,0,0,0,0,否,否,否,0,0,684697,684697,9901779683557407,9477074.0,9477034.0,
普通空转,376.json,376,0,,https://fish-games.s3.amazonaws.com/MahjongWays2/index.html?env=ceshislot.osshaiwai.com&hasFloat=0&token=436475c81b51e6893c740657870f86b7&language=en&debug=1&debugDataPath=https://raw.githubusercontent.com/jygameclub/testdataapi/main/mahjong2date/0525_0523&debugStart=376,https://raw.githubusercontent.com/jygameclub/testdataapi/main/mahjong2date/0525_0523/376.json,https://raw.githubusercontent.com/jygameclub/testdataapi/main/mahjong2date/0525_0523,未中奖,0.00,0.00,1,0,0,0,0,0,0,否,否,否,0,0,684698,684698,1091779683558257,9477034.0,9476994.0,
普通空转,378.json,378,0,,https://fish-games.s3.amazonaws.com/MahjongWays2/index.html?env=ceshislot.osshaiwai.com&hasFloat=0&token=436475c81b51e6893c740657870f86b7&language=en&debug=1&debugDataPath=https://raw.githubusercontent.com/jygameclub/testdataapi/main/mahjong2date/0525_0523&debugStart=378,https://raw.githubusercontent.com/jygameclub/testdataapi/main/mahjong2date/0525_0523/378.json,https://raw.githubusercontent.com/jygameclub/testdataapi/main/mahjong2date/0525_0523,未中奖,0.00,0.00,1,0,0,0,0,0,0,否,否,否,0,0,684702,684702,4181779683561857,9476958.0,9476918.0,
普通空转,382.json,382,0,,https://fish-games.s3.amazonaws.com/MahjongWays2/index.html?env=ceshislot.osshaiwai.com&hasFloat=0&token=436475c81b51e6893c740657870f86b7&language=en&debug=1&debugDataPath=https://raw.githubusercontent.com/jygameclub/testdataapi/main/mahjong2date/0525_0523&debugStart=382,https://raw.githubusercontent.com/jygameclub/testdataapi/main/mahjong2date/0525_0523/382.json,https://raw.githubusercontent.com/jygameclub/testdataapi/main/mahjong2date/0525_0523,未中奖,0.00,0.00,1,0,0,0,0,0,0,否,否,否,0,0,684752,684752,7721779683652773,9477134.0,9477094.0,
普通空转,383.json,383,0,,https://fish-games.s3.amazonaws.com/MahjongWays2/index.html?env=ceshislot.osshaiwai.com&hasFloat=0&token=436475c81b51e6893c740657870f86b7&language=en&debug=1&debugDataPath=https://raw.githubusercontent.com/jygameclub/testdataapi/main/mahjong2date/0525_0523&debugStart=383,https://raw.githubusercontent.com/jygameclub/testdataapi/main/mahjong2date/0525_0523/383.json,https://raw.githubusercontent.com/jygameclub/testdataapi/main/mahjong2date/0525_0523,未中奖,0.00,0.00,1,0,0,0,0,0,0,否,否,否,0,1,684754,684754,3811779683653556,9477094.0,9477054.0,
普通空转,385.json,385,0,,https://fish-games.s3.amazonaws.com/MahjongWays2/index.html?env=ceshislot.osshaiwai.com&hasFloat=0&token=436475c81b51e6893c740657870f86b7&language=en&debug=1&debugDataPath=https://raw.githubusercontent.com/jygameclub/testdataapi/main/mahjong2date/0525_0523&debugStart=385,https://raw.githubusercontent.com/jygameclub/testdataapi/main/mahjong2date/0525_0523/385.json,https://raw.githubusercontent.com/jygameclub/testdataapi/main/mahjong2date/0525_0523,未中奖,0.00,0.00,1,0,0,0,0,0,0,否,否,否,0,1,684761,684761,8171779683658656,9477022.0,9476982.0,
普通空转,386.json,386,0,,https://fish-games.s3.amazonaws.com/MahjongWays2/index.html?env=ceshislot.osshaiwai.com&hasFloat=0&token=436475c81b51e6893c740657870f86b7&language=en&debug=1&debugDataPath=https://raw.githubusercontent.com/jygameclub/testdataapi/main/mahjong2date/0525_0523&debugStart=386,https://raw.githubusercontent.com/jygameclub/testdataapi/main/mahjong2date/0525_0523/386.json,https://raw.githubusercontent.com/jygameclub/testdataapi/main/mahjong2date/0525_0523,未中奖,0.00,0.00,1,0,0,0,0,0,0,否,否,否,0,1,684763,684763,6081779683660490,9476982.0,9476942.0,
普通空转,387.json,387,0,,https://fish-games.s3.amazonaws.com/MahjongWays2/index.html?env=ceshislot.osshaiwai.com&hasFloat=0&token=436475c81b51e6893c740657870f86b7&language=en&debug=1&debugDataPath=https://raw.githubusercontent.com/jygameclub/testdataapi/main/mahjong2date/0525_0523&debugStart=387,https://raw.githubusercontent.com/jygameclub/testdataapi/main/mahjong2date/0525_0523/387.json,https://raw.githubusercontent.com/jygameclub/testdataapi/main/mahjong2date/0525_0523,未中奖,0.00,0.00,1,0,0,0,0,0,0,否,否,否,0,0,684764,684764,7891779683661890,9476942.0,9476902.0,
普通空转,388.json,388,0,,https://fish-games.s3.amazonaws.com/MahjongWays2/index.html?env=ceshislot.osshaiwai.com&hasFloat=0&token=436475c81b51e6893c740657870f86b7&language=en&debug=1&debugDataPath=https://raw.githubusercontent.com/jygameclub/testdataapi/main/mahjong2date/0525_0523&debugStart=388,https://raw.githubusercontent.com/jygameclub/testdataapi/main/mahjong2date/0525_0523/388.json,https://raw.githubusercontent.com/jygameclub/testdataapi/main/mahjong2date/0525_0523,未中奖,0.00,0.00,1,0,0,0,0,0,0,否,否,否,0,1,684765,684765,9771779683662690,9476902.0,9476862.0,
普通空转,390.json,390,0,,https://fish-games.s3.amazonaws.com/MahjongWays2/index.html?env=ceshislot.osshaiwai.com&hasFloat=0&token=436475c81b51e6893c740657870f86b7&language=en&debug=1&debugDataPath=https://raw.githubusercontent.com/jygameclub/testdataapi/main/mahjong2date/0525_0523&debugStart=390,https://raw.githubusercontent.com/jygameclub/testdataapi/main/mahjong2date/0525_0523/390.json,https://raw.githubusercontent.com/jygameclub/testdataapi/main/mahjong2date/0525_0523,未中奖,0.00,0.00,1,0,0,0,0,0,0,否,否,否,0,2,684768,684768,1421779683666773,9476926.0,9476886.0,
普通空转,391.json,391,0,,https://fish-games.s3.amazonaws.com/MahjongWays2/index.html?env=ceshislot.osshaiwai.com&hasFloat=0&token=436475c81b51e6893c740657870f86b7&language=en&debug=1&debugDataPath=https://raw.githubusercontent.com/jygameclub/testdataapi/main/mahjong2date/0525_0523&debugStart=391,https://raw.githubusercontent.com/jygameclub/testdataapi/main/mahjong2date/0525_0523/391.json,https://raw.githubusercontent.com/jygameclub/testdataapi/main/mahjong2date/0525_0523,未中奖,0.00,0.00,1,0,0,0,0,0,0,否,否,否,0,0,684769,684769,9911779683668373,9476886.0,9476846.0,
普通空转,392.json,392,0,,https://fish-games.s3.amazonaws.com/MahjongWays2/index.html?env=ceshislot.osshaiwai.com&hasFloat=0&token=436475c81b51e6893c740657870f86b7&language=en&debug=1&debugDataPath=https://raw.githubusercontent.com/jygameclub/testdataapi/main/mahjong2date/0525_0523&debugStart=392,https://raw.githubusercontent.com/jygameclub/testdataapi/main/mahjong2date/0525_0523/392.json,https://raw.githubusercontent.com/jygameclub/testdataapi/main/mahjong2date/0525_0523,未中奖,0.00,0.00,1,0,0,0,0,0,0,否,否,否,0,0,684770,684770,4621779683669173,9476846.0,9476806.0,
普通空转,393.json,393,0,,https://fish-games.s3.amazonaws.com/MahjongWays2/index.html?env=ceshislot.osshaiwai.com&hasFloat=0&token=436475c81b51e6893c740657870f86b7&language=en&debug=1&debugDataPath=https://raw.githubusercontent.com/jygameclub/testdataapi/main/mahjong2date/0525_0523&debugStart=393,https://raw.githubusercontent.com/jygameclub/testdataapi/main/mahjong2date/0525_0523/393.json,https://raw.githubusercontent.com/jygameclub/testdataapi/main/mahjong2date/0525_0523,未中奖,0.00,0.00,1,0,0,0,0,0,0,否,否,否,0,0,684771,684771,6311779683669957,9476806.0,9476766.0,
普通空转,397.json,397,0,,https://fish-games.s3.amazonaws.com/MahjongWays2/index.html?env=ceshislot.osshaiwai.com&hasFloat=0&token=436475c81b51e6893c740657870f86b7&language=en&debug=1&debugDataPath=https://raw.githubusercontent.com/jygameclub/testdataapi/main/mahjong2date/0525_0523&debugStart=397,https://raw.githubusercontent.com/jygameclub/testdataapi/main/mahjong2date/0525_0523/397.json,https://raw.githubusercontent.com/jygameclub/testdataapi/main/mahjong2date/0525_0523,未中奖,0.00,0.00,1,0,0,0,0,0,0,否,否,否,0,0,684782,684782,7921779683684006,9476696.0,9476656.0,
普通空转,398.json,398,0,,https://fish-games.s3.amazonaws.com/MahjongWays2/index.html?env=ceshislot.osshaiwai.com&hasFloat=0&token=436475c81b51e6893c740657870f86b7&language=en&debug=1&debugDataPath=https://raw.githubusercontent.com/jygameclub/testdataapi/main/mahjong2date/0525_0523&debugStart=398,https://raw.githubusercontent.com/jygameclub/testdataapi/main/mahjong2date/0525_0523/398.json,https://raw.githubusercontent.com/jygameclub/testdataapi/main/mahjong2date/0525_0523,未中奖,0.00,0.00,1,0,0,0,0,0,0,否,否,否,0,0,684783,684783,7881779683684806,9476656.0,9476616.0,
普通空转,399.json,399,0,,https://fish-games.s3.amazonaws.com/MahjongWays2/index.html?env=ceshislot.osshaiwai.com&hasFloat=0&token=436475c81b51e6893c740657870f86b7&language=en&debug=1&debugDataPath=https://raw.githubusercontent.com/jygameclub/testdataapi/main/mahjong2date/0525_0523&debugStart=399,https://raw.githubusercontent.com/jygameclub/testdataapi/main/mahjong2date/0525_0523/399.json,https://raw.githubusercontent.com/jygameclub/testdataapi/main/mahjong2date/0525_0523,未中奖,0.00,0.00,1,0,0,0,0,0,0,否,否,否,0,1,684785,684785,7311779683685657,9476616.0,9476576.0,
普通空转,400.json,400,0,,https://fish-games.s3.amazonaws.com/MahjongWays2/index.html?env=ceshislot.osshaiwai.com&hasFloat=0&token=436475c81b51e6893c740657870f86b7&language=en&debug=1&debugDataPath=https://raw.githubusercontent.com/jygameclub/testdataapi/main/mahjong2date/0525_0523&debugStart=400,https://raw.githubusercontent.com/jygameclub/testdataapi/main/mahjong2date/0525_0523/400.json,https://raw.githubusercontent.com/jygameclub/testdataapi/main/mahjong2date/0525_0523,未中奖,0.00,0.00,1,0,0,0,0,0,0,否,否,否,0,0,684786,684786,6781779683687123,9476576.0,9476536.0,
普通空转,402.json,402,0,,https://fish-games.s3.amazonaws.com/MahjongWays2/index.html?env=ceshislot.osshaiwai.com&hasFloat=0&token=436475c81b51e6893c740657870f86b7&language=en&debug=1&debugDataPath=https://raw.githubusercontent.com/jygameclub/testdataapi/main/mahjong2date/0525_0523&debugStart=402,https://raw.githubusercontent.com/jygameclub/testdataapi/main/mahjong2date/0525_0523/402.json,https://raw.githubusercontent.com/jygameclub/testdataapi/main/mahjong2date/0525_0523,未中奖,0.00,0.00,1,0,0,0,0,0,0,否,否,否,0,1,684792,684792,8331779683693673,9476580.0,9476540.0,
普通空转,403.json,403,0,,https://fish-games.s3.amazonaws.com/MahjongWays2/index.html?env=ceshislot.osshaiwai.com&hasFloat=0&token=436475c81b51e6893c740657870f86b7&language=en&debug=1&debugDataPath=https://raw.githubusercontent.com/jygameclub/testdataapi/main/mahjong2date/0525_0523&debugStart=403,https://raw.githubusercontent.com/jygameclub/testdataapi/main/mahjong2date/0525_0523/403.json,https://raw.githubusercontent.com/jygameclub/testdataapi/main/mahjong2date/0525_0523,未中奖,0.00,0.00,1,0,0,0,0,0,0,否,否,否,0,1,684793,684793,3191779683695073,9476540.0,9476500.0,
普通空转,404.json,404,0,,https://fish-games.s3.amazonaws.com/MahjongWays2/index.html?env=ceshislot.osshaiwai.com&hasFloat=0&token=436475c81b51e6893c740657870f86b7&language=en&debug=1&debugDataPath=https://raw.githubusercontent.com/jygameclub/testdataapi/main/mahjong2date/0525_0523&debugStart=404,https://raw.githubusercontent.com/jygameclub/testdataapi/main/mahjong2date/0525_0523/404.json,https://raw.githubusercontent.com/jygameclub/testdataapi/main/mahjong2date/0525_0523,未中奖,0.00,0.00,1,0,0,0,0,0,0,否,否,否,0,0,684795,684795,4681779683696473,9476500.0,9476460.0,
普通空转,405.json,405,0,,https://fish-games.s3.amazonaws.com/MahjongWays2/index.html?env=ceshislot.osshaiwai.com&hasFloat=0&token=436475c81b51e6893c740657870f86b7&language=en&debug=1&debugDataPath=https://raw.githubusercontent.com/jygameclub/testdataapi/main/mahjong2date/0525_0523&debugStart=405,https://raw.githubusercontent.com/jygameclub/testdataapi/main/mahjong2date/0525_0523/405.json,https://raw.githubusercontent.com/jygameclub/testdataapi/main/mahjong2date/0525_0523,未中奖,0.00,0.00,1,0,0,0,0,0,0,否,否,否,0,1,684796,684796,7121779683697257,9476460.0,9476420.0,
普通空转,406.json,406,0,,https://fish-games.s3.amazonaws.com/MahjongWays2/index.html?env=ceshislot.osshaiwai.com&hasFloat=0&token=436475c81b51e6893c740657870f86b7&language=en&debug=1&debugDataPath=https://raw.githubusercontent.com/jygameclub/testdataapi/main/mahjong2date/0525_0523&debugStart=406,https://raw.githubusercontent.com/jygameclub/testdataapi/main/mahjong2date/0525_0523/406.json,https://raw.githubusercontent.com/jygameclub/testdataapi/main/mahjong2date/0525_0523,未中奖,0.00,0.00,1,0,0,0,0,0,0,否,否,否,0,0,684798,684798,7971779683698657,9476420.0,9476380.0,
普通空转,407.json,407,0,,https://fish-games.s3.amazonaws.com/MahjongWays2/index.html?env=ceshislot.osshaiwai.com&hasFloat=0&token=436475c81b51e6893c740657870f86b7&language=en&debug=1&debugDataPath=https://raw.githubusercontent.com/jygameclub/testdataapi/main/mahjong2date/0525_0523&debugStart=407,https://raw.githubusercontent.com/jygameclub/testdataapi/main/mahjong2date/0525_0523/407.json,https://raw.githubusercontent.com/jygameclub/testdataapi/main/mahjong2date/0525_0523,未中奖,0.00,0.00,1,0,0,0,0,0,0,否,否,否,0,1,684799,684799,8121779683699439,9476380.0,9476340.0,
普通空转,410.json,410,0,,https://fish-games.s3.amazonaws.com/MahjongWays2/index.html?env=ceshislot.osshaiwai.com&hasFloat=0&token=436475c81b51e6893c740657870f86b7&language=en&debug=1&debugDataPath=https://raw.githubusercontent.com/jygameclub/testdataapi/main/mahjong2date/0525_0523&debugStart=410,https://raw.githubusercontent.com/jygameclub/testdataapi/main/mahjong2date/0525_0523/410.json,https://raw.githubusercontent.com/jygameclub/testdataapi/main/mahjong2date/0525_0523,未中奖,0.00,0.00,1,0,0,0,0,0,0,否,否,否,0,1,684808,684808,4881779683708372,9476548.0,9476508.0,
普通空转,411.json,411,0,,https://fish-games.s3.amazonaws.com/MahjongWays2/index.html?env=ceshislot.osshaiwai.com&hasFloat=0&token=436475c81b51e6893c740657870f86b7&language=en&debug=1&debugDataPath=https://raw.githubusercontent.com/jygameclub/testdataapi/main/mahjong2date/0525_0523&debugStart=411,https://raw.githubusercontent.com/jygameclub/testdataapi/main/mahjong2date/0525_0523/411.json,https://raw.githubusercontent.com/jygameclub/testdataapi/main/mahjong2date/0525_0523,未中奖,0.00,0.00,1,0,0,0,0,0,0,否,否,否,0,0,684810,684810,2361779683709789,9476508.0,9476468.0,
普通空转,412.json,412,0,,https://fish-games.s3.amazonaws.com/MahjongWays2/index.html?env=ceshislot.osshaiwai.com&hasFloat=0&token=436475c81b51e6893c740657870f86b7&language=en&debug=1&debugDataPath=https://raw.githubusercontent.com/jygameclub/testdataapi/main/mahjong2date/0525_0523&debugStart=412,https://raw.githubusercontent.com/jygameclub/testdataapi/main/mahjong2date/0525_0523/412.json,https://raw.githubusercontent.com/jygameclub/testdataapi/main/mahjong2date/0525_0523,未中奖,0.00,0.00,1,0,0,0,0,0,0,否,否,否,0,0,684811,684811,7401779683713256,9476468.0,9476428.0,
普通空转,413.json,413,0,,https://fish-games.s3.amazonaws.com/MahjongWays2/index.html?env=ceshislot.osshaiwai.com&hasFloat=0&token=436475c81b51e6893c740657870f86b7&language=en&debug=1&debugDataPath=https://raw.githubusercontent.com/jygameclub/testdataapi/main/mahjong2date/0525_0523&debugStart=413,https://raw.githubusercontent.com/jygameclub/testdataapi/main/mahjong2date/0525_0523/413.json,https://raw.githubusercontent.com/jygameclub/testdataapi/main/mahjong2date/0525_0523,未中奖,0.00,0.00,1,0,0,0,0,0,0,否,否,否,0,1,684812,684812,7621779683714039,9476428.0,9476388.0,
普通空转,414.json,414,0,,https://fish-games.s3.amazonaws.com/MahjongWays2/index.html?env=ceshislot.osshaiwai.com&hasFloat=0&token=436475c81b51e6893c740657870f86b7&language=en&debug=1&debugDataPath=https://raw.githubusercontent.com/jygameclub/testdataapi/main/mahjong2date/0525_0523&debugStart=414,https://raw.githubusercontent.com/jygameclub/testdataapi/main/mahjong2date/0525_0523/414.json,https://raw.githubusercontent.com/jygameclub/testdataapi/main/mahjong2date/0525_0523,未中奖,0.00,0.00,1,0,0,0,0,0,0,否,否,否,0,0,684813,684813,4451779683715506,9476388.0,9476348.0,
普通空转,415.json,415,0,,https://fish-games.s3.amazonaws.com/MahjongWays2/index.html?env=ceshislot.osshaiwai.com&hasFloat=0&token=436475c81b51e6893c740657870f86b7&language=en&debug=1&debugDataPath=https://raw.githubusercontent.com/jygameclub/testdataapi/main/mahjong2date/0525_0523&debugStart=415,https://raw.githubusercontent.com/jygameclub/testdataapi/main/mahjong2date/0525_0523/415.json,https://raw.githubusercontent.com/jygameclub/testdataapi/main/mahjong2date/0525_0523,未中奖,0.00,0.00,1,0,0,0,0,0,0,否,否,否,0,2,684814,684814,9871779683716306,9476348.0,9476308.0,
普通空转,417.json,417,0,,https://fish-games.s3.amazonaws.com/MahjongWays2/index.html?env=ceshislot.osshaiwai.com&hasFloat=0&token=436475c81b51e6893c740657870f86b7&language=en&debug=1&debugDataPath=https://raw.githubusercontent.com/jygameclub/testdataapi/main/mahjong2date/0525_0523&debugStart=417,https://raw.githubusercontent.com/jygameclub/testdataapi/main/mahjong2date/0525_0523/417.json,https://raw.githubusercontent.com/jygameclub/testdataapi/main/mahjong2date/0525_0523,未中奖,0.00,0.00,1,0,0,0,0,0,0,否,否,否,0,0,684820,684820,7911779683725772,9476440.0,9476400.0,
普通空转,418.json,418,0,,https://fish-games.s3.amazonaws.com/MahjongWays2/index.html?env=ceshislot.osshaiwai.com&hasFloat=0&token=436475c81b51e6893c740657870f86b7&language=en&debug=1&debugDataPath=https://raw.githubusercontent.com/jygameclub/testdataapi/main/mahjong2date/0525_0523&debugStart=418,https://raw.githubusercontent.com/jygameclub/testdataapi/main/mahjong2date/0525_0523/418.json,https://raw.githubusercontent.com/jygameclub/testdataapi/main/mahjong2date/0525_0523,未中奖,0.00,0.00,1,0,0,0,0,0,0,否,否,否,0,2,684822,684822,7861779683726573,9476400.0,9476360.0,
普通空转,419.json,419,0,,https://fish-games.s3.amazonaws.com/MahjongWays2/index.html?env=ceshislot.osshaiwai.com&hasFloat=0&token=436475c81b51e6893c740657870f86b7&language=en&debug=1&debugDataPath=https://raw.githubusercontent.com/jygameclub/testdataapi/main/mahjong2date/0525_0523&debugStart=419,https://raw.githubusercontent.com/jygameclub/testdataapi/main/mahjong2date/0525_0523/419.json,https://raw.githubusercontent.com/jygameclub/testdataapi/main/mahjong2date/0525_0523,未中奖,0.00,0.00,1,0,0,0,0,0,0,否,否,否,0,0,684823,684823,3581779683728156,9476360.0,9476320.0,
普通空转,420.json,420,0,,https://fish-games.s3.amazonaws.com/MahjongWays2/index.html?env=ceshislot.osshaiwai.com&hasFloat=0&token=436475c81b51e6893c740657870f86b7&language=en&debug=1&debugDataPath=https://raw.githubusercontent.com/jygameclub/testdataapi/main/mahjong2date/0525_0523&debugStart=420,https://raw.githubusercontent.com/jygameclub/testdataapi/main/mahjong2date/0525_0523/420.json,https://raw.githubusercontent.com/jygameclub/testdataapi/main/mahjong2date/0525_0523,未中奖,0.00,0.00,1,0,0,0,0,0,0,否,否,否,0,0,684827,684827,2481779683729022,9476320.0,9476280.0,
普通空转,421.json,421,0,,https://fish-games.s3.amazonaws.com/MahjongWays2/index.html?env=ceshislot.osshaiwai.com&hasFloat=0&token=436475c81b51e6893c740657870f86b7&language=en&debug=1&debugDataPath=https://raw.githubusercontent.com/jygameclub/testdataapi/main/mahjong2date/0525_0523&debugStart=421,https://raw.githubusercontent.com/jygameclub/testdataapi/main/mahjong2date/0525_0523/421.json,https://raw.githubusercontent.com/jygameclub/testdataapi/main/mahjong2date/0525_0523,未中奖,0.00,0.00,1,0,0,0,0,0,0,否,否,否,0,1,684832,684832,4041779683729873,9476280.0,9476240.0,
普通空转,422.json,422,0,,https://fish-games.s3.amazonaws.com/MahjongWays2/index.html?env=ceshislot.osshaiwai.com&hasFloat=0&token=436475c81b51e6893c740657870f86b7&language=en&debug=1&debugDataPath=https://raw.githubusercontent.com/jygameclub/testdataapi/main/mahjong2date/0525_0523&debugStart=422,https://raw.githubusercontent.com/jygameclub/testdataapi/main/mahjong2date/0525_0523/422.json,https://raw.githubusercontent.com/jygameclub/testdataapi/main/mahjong2date/0525_0523,未中奖,0.00,0.00,1,0,0,0,0,0,0,否,否,否,0,1,684842,684842,5941779683731289,9476240.0,9476200.0,
普通空转,423.json,423,0,,https://fish-games.s3.amazonaws.com/MahjongWays2/index.html?env=ceshislot.osshaiwai.com&hasFloat=0&token=436475c81b51e6893c740657870f86b7&language=en&debug=1&debugDataPath=https://raw.githubusercontent.com/jygameclub/testdataapi/main/mahjong2date/0525_0523&debugStart=423,https://raw.githubusercontent.com/jygameclub/testdataapi/main/mahjong2date/0525_0523/423.json,https://raw.githubusercontent.com/jygameclub/testdataapi/main/mahjong2date/0525_0523,未中奖,0.00,0.00,1,0,0,0,0,0,0,否,否,否,0,0,684849,684849,1681779683732706,9476200.0,9476160.0,
普通空转,425.json,425,0,,https://fish-games.s3.amazonaws.com/MahjongWays2/index.html?env=ceshislot.osshaiwai.com&hasFloat=0&token=436475c81b51e6893c740657870f86b7&language=en&debug=1&debugDataPath=https://raw.githubusercontent.com/jygameclub/testdataapi/main/mahjong2date/0525_0523&debugStart=425,https://raw.githubusercontent.com/jygameclub/testdataapi/main/mahjong2date/0525_0523/425.json,https://raw.githubusercontent.com/jygameclub/testdataapi/main/mahjong2date/0525_0523,未中奖,0.00,0.00,1,0,0,0,0,0,0,否,否,否,0,0,684877,684877,7591779683737273,9476128.0,9476088.0,
普通空转,426.json,426,0,,https://fish-games.s3.amazonaws.com/MahjongWays2/index.html?env=ceshislot.osshaiwai.com&hasFloat=0&token=436475c81b51e6893c740657870f86b7&language=en&debug=1&debugDataPath=https://raw.githubusercontent.com/jygameclub/testdataapi/main/mahjong2date/0525_0523&debugStart=426,https://raw.githubusercontent.com/jygameclub/testdataapi/main/mahjong2date/0525_0523/426.json,https://raw.githubusercontent.com/jygameclub/testdataapi/main/mahjong2date/0525_0523,未中奖,0.00,0.00,1,0,0,0,0,0,0,否,否,否,0,0,684882,684882,2121779683738072,9476088.0,9476048.0,
普通空转,427.json,427,0,,https://fish-games.s3.amazonaws.com/MahjongWays2/index.html?env=ceshislot.osshaiwai.com&hasFloat=0&token=436475c81b51e6893c740657870f86b7&language=en&debug=1&debugDataPath=https://raw.githubusercontent.com/jygameclub/testdataapi/main/mahjong2date/0525_0523&debugStart=427,https://raw.githubusercontent.com/jygameclub/testdataapi/main/mahjong2date/0525_0523/427.json,https://raw.githubusercontent.com/jygameclub/testdataapi/main/mahjong2date/0525_0523,未中奖,0.00,0.00,1,0,0,0,0,0,0,否,否,否,0,0,684888,684888,8911779683738939,9476048.0,9476008.0,
普通空转,430.json,430,0,,https://fish-games.s3.amazonaws.com/MahjongWays2/index.html?env=ceshislot.osshaiwai.com&hasFloat=0&token=436475c81b51e6893c740657870f86b7&language=en&debug=1&debugDataPath=https://raw.githubusercontent.com/jygameclub/testdataapi/main/mahjong2date/0525_0523&debugStart=430,https://raw.githubusercontent.com/jygameclub/testdataapi/main/mahjong2date/0525_0523/430.json,https://raw.githubusercontent.com/jygameclub/testdataapi/main/mahjong2date/0525_0523,未中奖,0.00,0.00,1,0,0,0,0,0,0,否,否,否,0,0,684921,684921,3941779683748306,9475984.0,9475944.0,
普通空转,433.json,433,0,,https://fish-games.s3.amazonaws.com/MahjongWays2/index.html?env=ceshislot.osshaiwai.com&hasFloat=0&token=436475c81b51e6893c740657870f86b7&language=en&debug=1&debugDataPath=https://raw.githubusercontent.com/jygameclub/testdataapi/main/mahjong2date/0525_0523&debugStart=433,https://raw.githubusercontent.com/jygameclub/testdataapi/main/mahjong2date/0525_0523/433.json,https://raw.githubusercontent.com/jygameclub/testdataapi/main/mahjong2date/0525_0523,未中奖,0.00,0.00,1,0,0,0,0,0,0,否,否,否,0,1,684929,684929,5711779683759673,9476128.0,9476088.0,
普通空转,434.json,434,0,,https://fish-games.s3.amazonaws.com/MahjongWays2/index.html?env=ceshislot.osshaiwai.com&hasFloat=0&token=436475c81b51e6893c740657870f86b7&language=en&debug=1&debugDataPath=https://raw.githubusercontent.com/jygameclub/testdataapi/main/mahjong2date/0525_0523&debugStart=434,https://raw.githubusercontent.com/jygameclub/testdataapi/main/mahjong2date/0525_0523/434.json,https://raw.githubusercontent.com/jygameclub/testdataapi/main/mahjong2date/0525_0523,未中奖,0.00,0.00,1,0,0,0,0,0,0,否,否,否,0,1,684930,684930,8621779683761073,9476088.0,9476048.0,
普通空转,437.json,437,0,,https://fish-games.s3.amazonaws.com/MahjongWays2/index.html?env=ceshislot.osshaiwai.com&hasFloat=0&token=436475c81b51e6893c740657870f86b7&language=en&debug=1&debugDataPath=https://raw.githubusercontent.com/jygameclub/testdataapi/main/mahjong2date/0525_0523&debugStart=437,https://raw.githubusercontent.com/jygameclub/testdataapi/main/mahjong2date/0525_0523/437.json,https://raw.githubusercontent.com/jygameclub/testdataapi/main/mahjong2date/0525_0523,未中奖,0.00,0.00,1,0,0,0,0,0,0,否,否,否,0,0,684941,684941,7941779683769973,9476094.0,9476054.0,
普通空转,438.json,438,0,,https://fish-games.s3.amazonaws.com/MahjongWays2/index.html?env=ceshislot.osshaiwai.com&hasFloat=0&token=436475c81b51e6893c740657870f86b7&language=en&debug=1&debugDataPath=https://raw.githubusercontent.com/jygameclub/testdataapi/main/mahjong2date/0525_0523&debugStart=438,https://raw.githubusercontent.com/jygameclub/testdataapi/main/mahjong2date/0525_0523/438.json,https://raw.githubusercontent.com/jygameclub/testdataapi/main/mahjong2date/0525_0523,未中奖,0.00,0.00,1,0,0,0,0,0,0,否,否,否,0,0,684946,684946,4641779683770773,9476054.0,9476014.0,
普通空转,440.json,440,0,,https://fish-games.s3.amazonaws.com/MahjongWays2/index.html?env=ceshislot.osshaiwai.com&hasFloat=0&token=436475c81b51e6893c740657870f86b7&language=en&debug=1&debugDataPath=https://raw.githubusercontent.com/jygameclub/testdataapi/main/mahjong2date/0525_0523&debugStart=440,https://raw.githubusercontent.com/jygameclub/testdataapi/main/mahjong2date/0525_0523/440.json,https://raw.githubusercontent.com/jygameclub/testdataapi/main/mahjong2date/0525_0523,未中奖,0.00,0.00,1,0,0,0,0,0,0,否,否,否,0,1,685480,685480,7551779683858590,9476590.0,9476550.0,
普通空转,442.json,442,0,,https://fish-games.s3.amazonaws.com/MahjongWays2/index.html?env=ceshislot.osshaiwai.com&hasFloat=0&token=436475c81b51e6893c740657870f86b7&language=en&debug=1&debugDataPath=https://raw.githubusercontent.com/jygameclub/testdataapi/main/mahjong2date/0525_0523&debugStart=442,https://raw.githubusercontent.com/jygameclub/testdataapi/main/mahjong2date/0525_0523/442.json,https://raw.githubusercontent.com/jygameclub/testdataapi/main/mahjong2date/0525_0523,未中奖,0.00,0.00,1,0,0,0,0,0,0,否,否,否,0,1,685513,685513,6181779683863755,9476518.0,9476478.0,
普通空转,444.json,444,0,,https://fish-games.s3.amazonaws.com/MahjongWays2/index.html?env=ceshislot.osshaiwai.com&hasFloat=0&token=436475c81b51e6893c740657870f86b7&language=en&debug=1&debugDataPath=https://raw.githubusercontent.com/jygameclub/testdataapi/main/mahjong2date/0525_0523&debugStart=444,https://raw.githubusercontent.com/jygameclub/testdataapi/main/mahjong2date/0525_0523/444.json,https://raw.githubusercontent.com/jygameclub/testdataapi/main/mahjong2date/0525_0523,未中奖,0.00,0.00,1,0,0,0,0,0,0,否,否,否,0,0,686167,686167,8971779683973121,9478810.0,9478770.0,
普通空转,446.json,446,0,,https://fish-games.s3.amazonaws.com/MahjongWays2/index.html?env=ceshislot.osshaiwai.com&hasFloat=0&token=436475c81b51e6893c740657870f86b7&language=en&debug=1&debugDataPath=https://raw.githubusercontent.com/jygameclub/testdataapi/main/mahjong2date/0525_0523&debugStart=446,https://raw.githubusercontent.com/jygameclub/testdataapi/main/mahjong2date/0525_0523/446.json,https://raw.githubusercontent.com/jygameclub/testdataapi/main/mahjong2date/0525_0523,未中奖,0.00,0.00,1,0,0,0,0,0,0,否,否,否,0,1,686203,686203,9021779683978655,9478774.0,9478734.0,
普通空转,447.json,447,0,,https://fish-games.s3.amazonaws.com/MahjongWays2/index.html?env=ceshislot.osshaiwai.com&hasFloat=0&token=436475c81b51e6893c740657870f86b7&language=en&debug=1&debugDataPath=https://raw.githubusercontent.com/jygameclub/testdataapi/main/mahjong2date/0525_0523&debugStart=447,https://raw.githubusercontent.com/jygameclub/testdataapi/main/mahjong2date/0525_0523/447.json,https://raw.githubusercontent.com/jygameclub/testdataapi/main/mahjong2date/0525_0523,未中奖,0.00,0.00,1,0,0,0,0,0,0,否,否,否,0,1,686212,686212,3121779683980071,9478734.0,9478694.0,
普通空转,448.json,448,0,,https://fish-games.s3.amazonaws.com/MahjongWays2/index.html?env=ceshislot.osshaiwai.com&hasFloat=0&token=436475c81b51e6893c740657870f86b7&language=en&debug=1&debugDataPath=https://raw.githubusercontent.com/jygameclub/testdataapi/main/mahjong2date/0525_0523&debugStart=448,https://raw.githubusercontent.com/jygameclub/testdataapi/main/mahjong2date/0525_0523/448.json,https://raw.githubusercontent.com/jygameclub/testdataapi/main/mahjong2date/0525_0523,未中奖,0.00,0.00,1,0,0,0,0,0,0,否,否,否,0,0,686221,686221,8971779683981539,9478694.0,9478654.0,
普通空转,452.json,452,0,,https://fish-games.s3.amazonaws.com/MahjongWays2/index.html?env=ceshislot.osshaiwai.com&hasFloat=0&token=436475c81b51e6893c740657870f86b7&language=en&debug=1&debugDataPath=https://raw.githubusercontent.com/jygameclub/testdataapi/main/mahjong2date/0525_0523&debugStart=452,https://raw.githubusercontent.com/jygameclub/testdataapi/main/mahjong2date/0525_0523/452.json,https://raw.githubusercontent.com/jygameclub/testdataapi/main/mahjong2date/0525_0523,未中奖,0.00,0.00,1,0,0,0,0,0,0,否,否,否,0,0,686304,686304,6701779683994505,9478698.0,9478658.0,
普通空转,453.json,453,0,,https://fish-games.s3.amazonaws.com/MahjongWays2/index.html?env=ceshislot.osshaiwai.com&hasFloat=0&token=436475c81b51e6893c740657870f86b7&language=en&debug=1&debugDataPath=https://raw.githubusercontent.com/jygameclub/testdataapi/main/mahjong2date/0525_0523&debugStart=453,https://raw.githubusercontent.com/jygameclub/testdataapi/main/mahjong2date/0525_0523/453.json,https://raw.githubusercontent.com/jygameclub/testdataapi/main/mahjong2date/0525_0523,未中奖,0.00,0.00,1,0,0,0,0,0,0,否,否,否,0,1,686310,686310,2751779683995305,9478658.0,9478618.0,
普通空转,454.json,454,0,,https://fish-games.s3.amazonaws.com/MahjongWays2/index.html?env=ceshislot.osshaiwai.com&hasFloat=0&token=436475c81b51e6893c740657870f86b7&language=en&debug=1&debugDataPath=https://raw.githubusercontent.com/jygameclub/testdataapi/main/mahjong2date/0525_0523&debugStart=454,https://raw.githubusercontent.com/jygameclub/testdataapi/main/mahjong2date/0525_0523/454.json,https://raw.githubusercontent.com/jygameclub/testdataapi/main/mahjong2date/0525_0523,未中奖,0.00,0.00,1,0,0,0,0,0,0,否,否,否,0,0,686318,686318,6961779683996704,9478618.0,9478578.0,
普通空转,455.json,455,0,,https://fish-games.s3.amazonaws.com/MahjongWays2/index.html?env=ceshislot.osshaiwai.com&hasFloat=0&token=436475c81b51e6893c740657870f86b7&language=en&debug=1&debugDataPath=https://raw.githubusercontent.com/jygameclub/testdataapi/main/mahjong2date/0525_0523&debugStart=455,https://raw.githubusercontent.com/jygameclub/testdataapi/main/mahjong2date/0525_0523/455.json,https://raw.githubusercontent.com/jygameclub/testdataapi/main/mahjong2date/0525_0523,未中奖,0.00,0.00,1,0,0,0,0,0,0,否,否,否,0,0,686324,686324,3671779683997488,9478578.0,9478538.0,
普通空转,456.json,456,0,,https://fish-games.s3.amazonaws.com/MahjongWays2/index.html?env=ceshislot.osshaiwai.com&hasFloat=0&token=436475c81b51e6893c740657870f86b7&language=en&debug=1&debugDataPath=https://raw.githubusercontent.com/jygameclub/testdataapi/main/mahjong2date/0525_0523&debugStart=456,https://raw.githubusercontent.com/jygameclub/testdataapi/main/mahjong2date/0525_0523/456.json,https://raw.githubusercontent.com/jygameclub/testdataapi/main/mahjong2date/0525_0523,未中奖,0.00,0.00,1,0,0,0,0,0,0,否,否,否,0,0,686329,686329,8881779683998272,9478538.0,9478498.0,
普通空转,457.json,457,0,,https://fish-games.s3.amazonaws.com/MahjongWays2/index.html?env=ceshislot.osshaiwai.com&hasFloat=0&token=436475c81b51e6893c740657870f86b7&language=en&debug=1&debugDataPath=https://raw.githubusercontent.com/jygameclub/testdataapi/main/mahjong2date/0525_0523&debugStart=457,https://raw.githubusercontent.com/jygameclub/testdataapi/main/mahjong2date/0525_0523/457.json,https://raw.githubusercontent.com/jygameclub/testdataapi/main/mahjong2date/0525_0523,未中奖,0.00,0.00,1,0,0,0,0,0,0,否,否,否,0,1,686334,686334,8891779683999072,9478498.0,9478458.0,
普通空转,458.json,458,0,,https://fish-games.s3.amazonaws.com/MahjongWays2/index.html?env=ceshislot.osshaiwai.com&hasFloat=0&token=436475c81b51e6893c740657870f86b7&language=en&debug=1&debugDataPath=https://raw.githubusercontent.com/jygameclub/testdataapi/main/mahjong2date/0525_0523&debugStart=458,https://raw.githubusercontent.com/jygameclub/testdataapi/main/mahjong2date/0525_0523/458.json,https://raw.githubusercontent.com/jygameclub/testdataapi/main/mahjong2date/0525_0523,未中奖,0.00,0.00,1,0,0,0,0,0,0,否,否,否,0,0,686342,686342,9951779684000487,9478458.0,9478418.0,
普通空转,461.json,461,0,,https://fish-games.s3.amazonaws.com/MahjongWays2/index.html?env=ceshislot.osshaiwai.com&hasFloat=0&token=436475c81b51e6893c740657870f86b7&language=en&debug=1&debugDataPath=https://raw.githubusercontent.com/jygameclub/testdataapi/main/mahjong2date/0525_0523&debugStart=461,https://raw.githubusercontent.com/jygameclub/testdataapi/main/mahjong2date/0525_0523/461.json,https://raw.githubusercontent.com/jygameclub/testdataapi/main/mahjong2date/0525_0523,未中奖,0.00,0.00,1,0,0,0,0,0,0,否,否,否,0,1,686382,686382,1661779684006637,9478360.0,9478320.0,
普通空转,462.json,462,0,,https://fish-games.s3.amazonaws.com/MahjongWays2/index.html?env=ceshislot.osshaiwai.com&hasFloat=0&token=436475c81b51e6893c740657870f86b7&language=en&debug=1&debugDataPath=https://raw.githubusercontent.com/jygameclub/testdataapi/main/mahjong2date/0525_0523&debugStart=462,https://raw.githubusercontent.com/jygameclub/testdataapi/main/mahjong2date/0525_0523/462.json,https://raw.githubusercontent.com/jygameclub/testdataapi/main/mahjong2date/0525_0523,未中奖,0.00,0.00,1,0,0,0,0,0,0,否,否,否,0,1,686392,686392,9901779684008037,9478320.0,9478280.0,
普通空转,463.json,463,0,,https://fish-games.s3.amazonaws.com/MahjongWays2/index.html?env=ceshislot.osshaiwai.com&hasFloat=0&token=436475c81b51e6893c740657870f86b7&language=en&debug=1&debugDataPath=https://raw.githubusercontent.com/jygameclub/testdataapi/main/mahjong2date/0525_0523&debugStart=463,https://raw.githubusercontent.com/jygameclub/testdataapi/main/mahjong2date/0525_0523/463.json,https://raw.githubusercontent.com/jygameclub/testdataapi/main/mahjong2date/0525_0523,未中奖,0.00,0.00,1,0,0,0,0,0,0,否,否,否,0,1,686401,686401,9651779684009437,9478280.0,9478240.0,
普通空转,465.json,465,0,,https://fish-games.s3.amazonaws.com/MahjongWays2/index.html?env=ceshislot.osshaiwai.com&hasFloat=0&token=436475c81b51e6893c740657870f86b7&language=en&debug=1&debugDataPath=https://raw.githubusercontent.com/jygameclub/testdataapi/main/mahjong2date/0525_0523&debugStart=465,https://raw.githubusercontent.com/jygameclub/testdataapi/main/mahjong2date/0525_0523/465.json,https://raw.githubusercontent.com/jygameclub/testdataapi/main/mahjong2date/0525_0523,未中奖,0.00,0.00,1,0,0,0,0,0,0,否,否,否,0,0,686447,686447,1141779684016587,9478328.0,9478288.0,
普通空转,466.json,466,0,,https://fish-games.s3.amazonaws.com/MahjongWays2/index.html?env=ceshislot.osshaiwai.com&hasFloat=0&token=436475c81b51e6893c740657870f86b7&language=en&debug=1&debugDataPath=https://raw.githubusercontent.com/jygameclub/testdataapi/main/mahjong2date/0525_0523&debugStart=466,https://raw.githubusercontent.com/jygameclub/testdataapi/main/mahjong2date/0525_0523/466.json,https://raw.githubusercontent.com/jygameclub/testdataapi/main/mahjong2date/0525_0523,未中奖,0.00,0.00,1,0,0,0,0,0,0,否,否,否,0,0,686454,686454,2581779684017454,9478288.0,9478248.0,
普通空转,467.json,467,0,,https://fish-games.s3.amazonaws.com/MahjongWays2/index.html?env=ceshislot.osshaiwai.com&hasFloat=0&token=436475c81b51e6893c740657870f86b7&language=en&debug=1&debugDataPath=https://raw.githubusercontent.com/jygameclub/testdataapi/main/mahjong2date/0525_0523&debugStart=467,https://raw.githubusercontent.com/jygameclub/testdataapi/main/mahjong2date/0525_0523/467.json,https://raw.githubusercontent.com/jygameclub/testdataapi/main/mahjong2date/0525_0523,未中奖,0.00,0.00,1,0,0,0,0,0,0,否,否,否,0,0,686460,686460,5401779684018255,9478248.0,9478208.0,
普通空转,468.json,468,0,,https://fish-games.s3.amazonaws.com/MahjongWays2/index.html?env=ceshislot.osshaiwai.com&hasFloat=0&token=436475c81b51e6893c740657870f86b7&language=en&debug=1&debugDataPath=https://raw.githubusercontent.com/jygameclub/testdataapi/main/mahjong2date/0525_0523&debugStart=468,https://raw.githubusercontent.com/jygameclub/testdataapi/main/mahjong2date/0525_0523/468.json,https://raw.githubusercontent.com/jygameclub/testdataapi/main/mahjong2date/0525_0523,未中奖,0.00,0.00,1,0,0,0,0,0,0,否,否,否,0,0,686466,686466,7671779684019054,9478208.0,9478168.0,
普通空转,469.json,469,0,,https://fish-games.s3.amazonaws.com/MahjongWays2/index.html?env=ceshislot.osshaiwai.com&hasFloat=0&token=436475c81b51e6893c740657870f86b7&language=en&debug=1&debugDataPath=https://raw.githubusercontent.com/jygameclub/testdataapi/main/mahjong2date/0525_0523&debugStart=469,https://raw.githubusercontent.com/jygameclub/testdataapi/main/mahjong2date/0525_0523/469.json,https://raw.githubusercontent.com/jygameclub/testdataapi/main/mahjong2date/0525_0523,未中奖,0.00,0.00,1,0,0,0,0,0,0,否,否,否,0,0,686472,686472,3501779684019921,9478168.0,9478128.0,
普通空转,471.json,471,0,,https://fish-games.s3.amazonaws.com/MahjongWays2/index.html?env=ceshislot.osshaiwai.com&hasFloat=0&token=436475c81b51e6893c740657870f86b7&language=en&debug=1&debugDataPath=https://raw.githubusercontent.com/jygameclub/testdataapi/main/mahjong2date/0525_0523&debugStart=471,https://raw.githubusercontent.com/jygameclub/testdataapi/main/mahjong2date/0525_0523/471.json,https://raw.githubusercontent.com/jygameclub/testdataapi/main/mahjong2date/0525_0523,未中奖,0.00,0.00,1,0,0,0,0,0,0,否,否,否,0,1,686497,686497,2551779684023771,9478108.0,9478068.0,
普通空转,473.json,473,0,,https://fish-games.s3.amazonaws.com/MahjongWays2/index.html?env=ceshislot.osshaiwai.com&hasFloat=0&token=436475c81b51e6893c740657870f86b7&language=en&debug=1&debugDataPath=https://raw.githubusercontent.com/jygameclub/testdataapi/main/mahjong2date/0525_0523&debugStart=473,https://raw.githubusercontent.com/jygameclub/testdataapi/main/mahjong2date/0525_0523/473.json,https://raw.githubusercontent.com/jygameclub/testdataapi/main/mahjong2date/0525_0523,未中奖,0.00,0.00,1,0,0,0,0,0,0,否,否,否,0,0,686530,686530,1161779684028888,9478040.0,9478000.0,
普通空转,475.json,475,0,,https://fish-games.s3.amazonaws.com/MahjongWays2/index.html?env=ceshislot.osshaiwai.com&hasFloat=0&token=436475c81b51e6893c740657870f86b7&language=en&debug=1&debugDataPath=https://raw.githubusercontent.com/jygameclub/testdataapi/main/mahjong2date/0525_0523&debugStart=475,https://raw.githubusercontent.com/jygameclub/testdataapi/main/mahjong2date/0525_0523/475.json,https://raw.githubusercontent.com/jygameclub/testdataapi/main/mahjong2date/0525_0523,未中奖,0.00,0.00,1,0,0,0,0,0,0,否,否,否,0,0,686554,686554,5231779684032421,9477964.0,9477924.0,
普通空转,476.json,476,0,,https://fish-games.s3.amazonaws.com/MahjongWays2/index.html?env=ceshislot.osshaiwai.com&hasFloat=0&token=436475c81b51e6893c740657870f86b7&language=en&debug=1&debugDataPath=https://raw.githubusercontent.com/jygameclub/testdataapi/main/mahjong2date/0525_0523&debugStart=476,https://raw.githubusercontent.com/jygameclub/testdataapi/main/mahjong2date/0525_0523/476.json,https://raw.githubusercontent.com/jygameclub/testdataapi/main/mahjong2date/0525_0523,未中奖,0.00,0.00,1,0,0,0,0,0,0,否,否,否,0,2,686559,686559,8861779684033204,9477924.0,9477884.0,
普通空转,477.json,477,0,,https://fish-games.s3.amazonaws.com/MahjongWays2/index.html?env=ceshislot.osshaiwai.com&hasFloat=0&token=436475c81b51e6893c740657870f86b7&language=en&debug=1&debugDataPath=https://raw.githubusercontent.com/jygameclub/testdataapi/main/mahjong2date/0525_0523&debugStart=477,https://raw.githubusercontent.com/jygameclub/testdataapi/main/mahjong2date/0525_0523/477.json,https://raw.githubusercontent.com/jygameclub/testdataapi/main/mahjong2date/0525_0523,未中奖,0.00,0.00,1,0,0,0,0,0,0,否,否,否,0,0,686568,686568,1791779684034721,9477884.0,9477844.0,
普通空转,478.json,478,0,,https://fish-games.s3.amazonaws.com/MahjongWays2/index.html?env=ceshislot.osshaiwai.com&hasFloat=0&token=436475c81b51e6893c740657870f86b7&language=en&debug=1&debugDataPath=https://raw.githubusercontent.com/jygameclub/testdataapi/main/mahjong2date/0525_0523&debugStart=478,https://raw.githubusercontent.com/jygameclub/testdataapi/main/mahjong2date/0525_0523/478.json,https://raw.githubusercontent.com/jygameclub/testdataapi/main/mahjong2date/0525_0523,未中奖,0.00,0.00,1,0,0,0,0,0,0,否,否,否,0,0,686574,686574,2351779684035521,9477844.0,9477804.0,
普通空转,481.json,481,0,,https://fish-games.s3.amazonaws.com/MahjongWays2/index.html?env=ceshislot.osshaiwai.com&hasFloat=0&token=436475c81b51e6893c740657870f86b7&language=en&debug=1&debugDataPath=https://raw.githubusercontent.com/jygameclub/testdataapi/main/mahjong2date/0525_0523&debugStart=481,https://raw.githubusercontent.com/jygameclub/testdataapi/main/mahjong2date/0525_0523/481.json,https://raw.githubusercontent.com/jygameclub/testdataapi/main/mahjong2date/0525_0523,未中奖,0.00,0.00,1,0,0,0,0,0,0,否,否,否,0,0,686631,686631,2431779684044754,9477788.0,9477748.0,
普通空转,482.json,482,0,,https://fish-games.s3.amazonaws.com/MahjongWays2/index.html?env=ceshislot.osshaiwai.com&hasFloat=0&token=436475c81b51e6893c740657870f86b7&language=en&debug=1&debugDataPath=https://raw.githubusercontent.com/jygameclub/testdataapi/main/mahjong2date/0525_0523&debugStart=482,https://raw.githubusercontent.com/jygameclub/testdataapi/main/mahjong2date/0525_0523/482.json,https://raw.githubusercontent.com/jygameclub/testdataapi/main/mahjong2date/0525_0523,未中奖,0.00,0.00,1,0,0,0,0,0,0,否,否,否,0,1,686637,686637,2851779684045554,9477748.0,9477708.0,
普通空转,483.json,483,0,,https://fish-games.s3.amazonaws.com/MahjongWays2/index.html?env=ceshislot.osshaiwai.com&hasFloat=0&token=436475c81b51e6893c740657870f86b7&language=en&debug=1&debugDataPath=https://raw.githubusercontent.com/jygameclub/testdataapi/main/mahjong2date/0525_0523&debugStart=483,https://raw.githubusercontent.com/jygameclub/testdataapi/main/mahjong2date/0525_0523/483.json,https://raw.githubusercontent.com/jygameclub/testdataapi/main/mahjong2date/0525_0523,未中奖,0.00,0.00,1,0,0,0,0,0,0,否,否,否,0,0,686645,686645,8691779684047020,9477708.0,9477668.0,
普通空转,484.json,484,0,,https://fish-games.s3.amazonaws.com/MahjongWays2/index.html?env=ceshislot.osshaiwai.com&hasFloat=0&token=436475c81b51e6893c740657870f86b7&language=en&debug=1&debugDataPath=https://raw.githubusercontent.com/jygameclub/testdataapi/main/mahjong2date/0525_0523&debugStart=484,https://raw.githubusercontent.com/jygameclub/testdataapi/main/mahjong2date/0525_0523/484.json,https://raw.githubusercontent.com/jygameclub/testdataapi/main/mahjong2date/0525_0523,未中奖,0.00,0.00,1,0,0,0,0,0,0,否,否,否,0,0,686651,686651,5871779684047821,9477668.0,9477628.0,
普通空转,485.json,485,0,,https://fish-games.s3.amazonaws.com/MahjongWays2/index.html?env=ceshislot.osshaiwai.com&hasFloat=0&token=436475c81b51e6893c740657870f86b7&language=en&debug=1&debugDataPath=https://raw.githubusercontent.com/jygameclub/testdataapi/main/mahjong2date/0525_0523&debugStart=485,https://raw.githubusercontent.com/jygameclub/testdataapi/main/mahjong2date/0525_0523/485.json,https://raw.githubusercontent.com/jygameclub/testdataapi/main/mahjong2date/0525_0523,未中奖,0.00,0.00,1,0,0,0,0,0,0,否,否,否,0,0,686657,686657,9961779684048688,9477628.0,9477588.0,
普通空转,486.json,486,0,,https://fish-games.s3.amazonaws.com/MahjongWays2/index.html?env=ceshislot.osshaiwai.com&hasFloat=0&token=436475c81b51e6893c740657870f86b7&language=en&debug=1&debugDataPath=https://raw.githubusercontent.com/jygameclub/testdataapi/main/mahjong2date/0525_0523&debugStart=486,https://raw.githubusercontent.com/jygameclub/testdataapi/main/mahjong2date/0525_0523/486.json,https://raw.githubusercontent.com/jygameclub/testdataapi/main/mahjong2date/0525_0523,未中奖,0.00,0.00,1,0,0,0,0,0,0,否,否,否,0,0,686663,686663,6521779684049488,9477588.0,9477548.0,
普通空转,487.json,487,0,,https://fish-games.s3.amazonaws.com/MahjongWays2/index.html?env=ceshislot.osshaiwai.com&hasFloat=0&token=436475c81b51e6893c740657870f86b7&language=en&debug=1&debugDataPath=https://raw.githubusercontent.com/jygameclub/testdataapi/main/mahjong2date/0525_0523&debugStart=487,https://raw.githubusercontent.com/jygameclub/testdataapi/main/mahjong2date/0525_0523/487.json,https://raw.githubusercontent.com/jygameclub/testdataapi/main/mahjong2date/0525_0523,未中奖,0.00,0.00,1,0,0,0,0,0,0,否,否,否,0,0,686668,686668,2441779684050272,9477548.0,9477508.0,
普通空转,488.json,488,0,,https://fish-games.s3.amazonaws.com/MahjongWays2/index.html?env=ceshislot.osshaiwai.com&hasFloat=0&token=436475c81b51e6893c740657870f86b7&language=en&debug=1&debugDataPath=https://raw.githubusercontent.com/jygameclub/testdataapi/main/mahjong2date/0525_0523&debugStart=488,https://raw.githubusercontent.com/jygameclub/testdataapi/main/mahjong2date/0525_0523/488.json,https://raw.githubusercontent.com/jygameclub/testdataapi/main/mahjong2date/0525_0523,未中奖,0.00,0.00,1,0,0,0,0,0,0,否,否,否,0,1,686673,686673,5421779684051054,9477508.0,9477468.0,
普通空转,490.json,490,0,,https://fish-games.s3.amazonaws.com/MahjongWays2/index.html?env=ceshislot.osshaiwai.com&hasFloat=0&token=436475c81b51e6893c740657870f86b7&language=en&debug=1&debugDataPath=https://raw.githubusercontent.com/jygameclub/testdataapi/main/mahjong2date/0525_0523&debugStart=490,https://raw.githubusercontent.com/jygameclub/testdataapi/main/mahjong2date/0525_0523/490.json,https://raw.githubusercontent.com/jygameclub/testdataapi/main/mahjong2date/0525_0523,未中奖,0.00,0.00,1,0,0,0,0,0,0,否,否,否,0,0,686726,686726,8691779684059304,9477512.0,9477472.0,
普通空转,491.json,491,0,,https://fish-games.s3.amazonaws.com/MahjongWays2/index.html?env=ceshislot.osshaiwai.com&hasFloat=0&token=436475c81b51e6893c740657870f86b7&language=en&debug=1&debugDataPath=https://raw.githubusercontent.com/jygameclub/testdataapi/main/mahjong2date/0525_0523&debugStart=491,https://raw.githubusercontent.com/jygameclub/testdataapi/main/mahjong2date/0525_0523/491.json,https://raw.githubusercontent.com/jygameclub/testdataapi/main/mahjong2date/0525_0523,未中奖,0.00,0.00,1,0,0,0,0,0,0,否,否,否,0,0,686732,686732,8431779684060154,9477472.0,9477432.0,
普通空转,492.json,492,0,,https://fish-games.s3.amazonaws.com/MahjongWays2/index.html?env=ceshislot.osshaiwai.com&hasFloat=0&token=436475c81b51e6893c740657870f86b7&language=en&debug=1&debugDataPath=https://raw.githubusercontent.com/jygameclub/testdataapi/main/mahjong2date/0525_0523&debugStart=492,https://raw.githubusercontent.com/jygameclub/testdataapi/main/mahjong2date/0525_0523/492.json,https://raw.githubusercontent.com/jygameclub/testdataapi/main/mahjong2date/0525_0523,未中奖,0.00,0.00,1,0,0,0,0,0,0,否,否,否,0,2,686737,686737,1531779684061004,9477432.0,9477392.0,
普通空转,493.json,493,0,,https://fish-games.s3.amazonaws.com/MahjongWays2/index.html?env=ceshislot.osshaiwai.com&hasFloat=0&token=436475c81b51e6893c740657870f86b7&language=en&debug=1&debugDataPath=https://raw.githubusercontent.com/jygameclub/testdataapi/main/mahjong2date/0525_0523&debugStart=493,https://raw.githubusercontent.com/jygameclub/testdataapi/main/mahjong2date/0525_0523/493.json,https://raw.githubusercontent.com/jygameclub/testdataapi/main/mahjong2date/0525_0523,未中奖,0.00,0.00,1,0,0,0,0,0,0,否,否,否,0,0,686747,686747,3131779684062520,9477392.0,9477352.0,
普通空转,494.json,494,0,,https://fish-games.s3.amazonaws.com/MahjongWays2/index.html?env=ceshislot.osshaiwai.com&hasFloat=0&token=436475c81b51e6893c740657870f86b7&language=en&debug=1&debugDataPath=https://raw.githubusercontent.com/jygameclub/testdataapi/main/mahjong2date/0525_0523&debugStart=494,https://raw.githubusercontent.com/jygameclub/testdataapi/main/mahjong2date/0525_0523/494.json,https://raw.githubusercontent.com/jygameclub/testdataapi/main/mahjong2date/0525_0523,未中奖,0.00,0.00,1,0,0,0,0,0,0,否,否,否,0,1,686753,686753,1191779684063320,9477352.0,9477312.0,
普通空转,496.json,496,0,,https://fish-games.s3.amazonaws.com/MahjongWays2/index.html?env=ceshislot.osshaiwai.com&hasFloat=0&token=436475c81b51e6893c740657870f86b7&language=en&debug=1&debugDataPath=https://raw.githubusercontent.com/jygameclub/testdataapi/main/mahjong2date/0525_0523&debugStart=496,https://raw.githubusercontent.com/jygameclub/testdataapi/main/mahjong2date/0525_0523/496.json,https://raw.githubusercontent.com/jygameclub/testdataapi/main/mahjong2date/0525_0523,未中奖,0.00,0.00,1,0,0,0,0,0,0,否,否,否,0,0,686787,686787,9891779684068439,9477274.0,9477234.0,
普通空转,497.json,497,0,,https://fish-games.s3.amazonaws.com/MahjongWays2/index.html?env=ceshislot.osshaiwai.com&hasFloat=0&token=436475c81b51e6893c740657870f86b7&language=en&debug=1&debugDataPath=https://raw.githubusercontent.com/jygameclub/testdataapi/main/mahjong2date/0525_0523&debugStart=497,https://raw.githubusercontent.com/jygameclub/testdataapi/main/mahjong2date/0525_0523/497.json,https://raw.githubusercontent.com/jygameclub/testdataapi/main/mahjong2date/0525_0523,未中奖,0.00,0.00,1,0,0,0,0,0,0,否,否,否,0,0,686794,686794,5681779684069237,9477234.0,9477194.0,
普通空转,499.json,499,0,,https://fish-games.s3.amazonaws.com/MahjongWays2/index.html?env=ceshislot.osshaiwai.com&hasFloat=0&token=436475c81b51e6893c740657870f86b7&language=en&debug=1&debugDataPath=https://raw.githubusercontent.com/jygameclub/testdataapi/main/mahjong2date/0525_0523&debugStart=499,https://raw.githubusercontent.com/jygameclub/testdataapi/main/mahjong2date/0525_0523/499.json,https://raw.githubusercontent.com/jygameclub/testdataapi/main/mahjong2date/0525_0523,未中奖,0.00,0.00,1,0,0,0,0,0,0,否,否,否,0,0,687285,687285,1181779684151455,9477242.0,9477202.0,
普通空转,500.json,500,0,,https://fish-games.s3.amazonaws.com/MahjongWays2/index.html?env=ceshislot.osshaiwai.com&hasFloat=0&token=436475c81b51e6893c740657870f86b7&language=en&debug=1&debugDataPath=https://raw.githubusercontent.com/jygameclub/testdataapi/main/mahjong2date/0525_0523&debugStart=500,https://raw.githubusercontent.com/jygameclub/testdataapi/main/mahjong2date/0525_0523/500.json,https://raw.githubusercontent.com/jygameclub/testdataapi/main/mahjong2date/0525_0523,未中奖,0.00,0.00,1,0,0,0,0,0,0,否,否,否,0,0,687291,687291,7501779684152256,9477202.0,9477162.0,
普通空转,501.json,501,0,,https://fish-games.s3.amazonaws.com/MahjongWays2/index.html?env=ceshislot.osshaiwai.com&hasFloat=0&token=436475c81b51e6893c740657870f86b7&language=en&debug=1&debugDataPath=https://raw.githubusercontent.com/jygameclub/testdataapi/main/mahjong2date/0525_0523&debugStart=501,https://raw.githubusercontent.com/jygameclub/testdataapi/main/mahjong2date/0525_0523/501.json,https://raw.githubusercontent.com/jygameclub/testdataapi/main/mahjong2date/0525_0523,未中奖,0.00,0.00,1,0,0,0,0,0,0,否,否,否,0,0,687296,687296,8291779684153054,9477162.0,9477122.0,
普通空转,503.json,503,0,,https://fish-games.s3.amazonaws.com/MahjongWays2/index.html?env=ceshislot.osshaiwai.com&hasFloat=0&token=436475c81b51e6893c740657870f86b7&language=en&debug=1&debugDataPath=https://raw.githubusercontent.com/jygameclub/testdataapi/main/mahjong2date/0525_0523&debugStart=503,https://raw.githubusercontent.com/jygameclub/testdataapi/main/mahjong2date/0525_0523/503.json,https://raw.githubusercontent.com/jygameclub/testdataapi/main/mahjong2date/0525_0523,未中奖,0.00,0.00,1,0,0,0,0,0,0,否,否,否,0,1,687318,687318,4871779684156504,9477090.0,9477050.0,
普通空转,507.json,507,0,,https://fish-games.s3.amazonaws.com/MahjongWays2/index.html?env=ceshislot.osshaiwai.com&hasFloat=0&token=436475c81b51e6893c740657870f86b7&language=en&debug=1&debugDataPath=https://raw.githubusercontent.com/jygameclub/testdataapi/main/mahjong2date/0525_0523&debugStart=507,https://raw.githubusercontent.com/jygameclub/testdataapi/main/mahjong2date/0525_0523/507.json,https://raw.githubusercontent.com/jygameclub/testdataapi/main/mahjong2date/0525_0523,未中奖,0.00,0.00,1,0,0,0,0,0,0,否,否,否,0,0,687384,687384,3521779684168006,9476944.0,9476904.0,
普通空转,508.json,508,0,,https://fish-games.s3.amazonaws.com/MahjongWays2/index.html?env=ceshislot.osshaiwai.com&hasFloat=0&token=436475c81b51e6893c740657870f86b7&language=en&debug=1&debugDataPath=https://raw.githubusercontent.com/jygameclub/testdataapi/main/mahjong2date/0525_0523&debugStart=508,https://raw.githubusercontent.com/jygameclub/testdataapi/main/mahjong2date/0525_0523/508.json,https://raw.githubusercontent.com/jygameclub/testdataapi/main/mahjong2date/0525_0523,未中奖,0.00,0.00,1,0,0,0,0,0,0,否,否,否,0,0,687390,687390,9631779684168787,9476904.0,9476864.0,
普通空转,509.json,509,0,,https://fish-games.s3.amazonaws.com/MahjongWays2/index.html?env=ceshislot.osshaiwai.com&hasFloat=0&token=436475c81b51e6893c740657870f86b7&language=en&debug=1&debugDataPath=https://raw.githubusercontent.com/jygameclub/testdataapi/main/mahjong2date/0525_0523&debugStart=509,https://raw.githubusercontent.com/jygameclub/testdataapi/main/mahjong2date/0525_0523/509.json,https://raw.githubusercontent.com/jygameclub/testdataapi/main/mahjong2date/0525_0523,未中奖,0.00,0.00,1,0,0,0,0,0,0,否,否,否,0,0,687395,687395,9191779684169570,9476864.0,9476824.0,
普通空转,510.json,510,0,,https://fish-games.s3.amazonaws.com/MahjongWays2/index.html?env=ceshislot.osshaiwai.com&hasFloat=0&token=436475c81b51e6893c740657870f86b7&language=en&debug=1&debugDataPath=https://raw.githubusercontent.com/jygameclub/testdataapi/main/mahjong2date/0525_0523&debugStart=510,https://raw.githubusercontent.com/jygameclub/testdataapi/main/mahjong2date/0525_0523/510.json,https://raw.githubusercontent.com/jygameclub/testdataapi/main/mahjong2date/0525_0523,未中奖,0.00,0.00,1,0,0,0,0,0,0,否,否,否,0,1,687402,687402,6121779684170439,9476824.0,9476784.0,
普通空转,511.json,511,0,,https://fish-games.s3.amazonaws.com/MahjongWays2/index.html?env=ceshislot.osshaiwai.com&hasFloat=0&token=436475c81b51e6893c740657870f86b7&language=en&debug=1&debugDataPath=https://raw.githubusercontent.com/jygameclub/testdataapi/main/mahjong2date/0525_0523&debugStart=511,https://raw.githubusercontent.com/jygameclub/testdataapi/main/mahjong2date/0525_0523/511.json,https://raw.githubusercontent.com/jygameclub/testdataapi/main/mahjong2date/0525_0523,未中奖,0.00,0.00,1,0,0,0,0,0,0,否,否,否,0,1,687411,687411,9061779684171853,9476784.0,9476744.0,
普通空转,513.json,513,0,,https://fish-games.s3.amazonaws.com/MahjongWays2/index.html?env=ceshislot.osshaiwai.com&hasFloat=0&token=436475c81b51e6893c740657870f86b7&language=en&debug=1&debugDataPath=https://raw.githubusercontent.com/jygameclub/testdataapi/main/mahjong2date/0525_0523&debugStart=513,https://raw.githubusercontent.com/jygameclub/testdataapi/main/mahjong2date/0525_0523/513.json,https://raw.githubusercontent.com/jygameclub/testdataapi/main/mahjong2date/0525_0523,未中奖,0.00,0.00,1,0,0,0,0,0,0,否,否,否,0,0,687437,687437,3231779684175938,9476714.0,9476674.0,
普通空转,514.json,514,0,,https://fish-games.s3.amazonaws.com/MahjongWays2/index.html?env=ceshislot.osshaiwai.com&hasFloat=0&token=436475c81b51e6893c740657870f86b7&language=en&debug=1&debugDataPath=https://raw.githubusercontent.com/jygameclub/testdataapi/main/mahjong2date/0525_0523&debugStart=514,https://raw.githubusercontent.com/jygameclub/testdataapi/main/mahjong2date/0525_0523/514.json,https://raw.githubusercontent.com/jygameclub/testdataapi/main/mahjong2date/0525_0523,未中奖,0.00,0.00,1,0,0,0,0,0,0,否,否,否,0,0,687443,687443,3831779684176737,9476674.0,9476634.0,
普通空转,515.json,515,0,,https://fish-games.s3.amazonaws.com/MahjongWays2/index.html?env=ceshislot.osshaiwai.com&hasFloat=0&token=436475c81b51e6893c740657870f86b7&language=en&debug=1&debugDataPath=https://raw.githubusercontent.com/jygameclub/testdataapi/main/mahjong2date/0525_0523&debugStart=515,https://raw.githubusercontent.com/jygameclub/testdataapi/main/mahjong2date/0525_0523/515.json,https://raw.githubusercontent.com/jygameclub/testdataapi/main/mahjong2date/0525_0523,未中奖,0.00,0.00,1,0,0,0,0,0,0,否,否,否,0,1,687448,687448,6741779684177537,9476634.0,9476594.0,
普通空转,516.json,516,0,,https://fish-games.s3.amazonaws.com/MahjongWays2/index.html?env=ceshislot.osshaiwai.com&hasFloat=0&token=436475c81b51e6893c740657870f86b7&language=en&debug=1&debugDataPath=https://raw.githubusercontent.com/jygameclub/testdataapi/main/mahjong2date/0525_0523&debugStart=516,https://raw.githubusercontent.com/jygameclub/testdataapi/main/mahjong2date/0525_0523/516.json,https://raw.githubusercontent.com/jygameclub/testdataapi/main/mahjong2date/0525_0523,未中奖,0.00,0.00,1,0,0,0,0,0,0,否,否,否,0,0,687458,687458,2081779684178937,9476594.0,9476554.0,
普通空转,517.json,517,0,,https://fish-games.s3.amazonaws.com/MahjongWays2/index.html?env=ceshislot.osshaiwai.com&hasFloat=0&token=436475c81b51e6893c740657870f86b7&language=en&debug=1&debugDataPath=https://raw.githubusercontent.com/jygameclub/testdataapi/main/mahjong2date/0525_0523&debugStart=517,https://raw.githubusercontent.com/jygameclub/testdataapi/main/mahjong2date/0525_0523/517.json,https://raw.githubusercontent.com/jygameclub/testdataapi/main/mahjong2date/0525_0523,未中奖,0.00,0.00,1,0,0,0,0,0,0,否,否,否,0,0,687464,687464,2351779684179737,9476554.0,9476514.0,
普通空转,518.json,518,0,,https://fish-games.s3.amazonaws.com/MahjongWays2/index.html?env=ceshislot.osshaiwai.com&hasFloat=0&token=436475c81b51e6893c740657870f86b7&language=en&debug=1&debugDataPath=https://raw.githubusercontent.com/jygameclub/testdataapi/main/mahjong2date/0525_0523&debugStart=518,https://raw.githubusercontent.com/jygameclub/testdataapi/main/mahjong2date/0525_0523/518.json,https://raw.githubusercontent.com/jygameclub/testdataapi/main/mahjong2date/0525_0523,未中奖,0.00,0.00,1,0,0,0,0,0,0,否,否,否,0,1,687468,687468,7431779684180519,9476514.0,9476474.0,
普通空转,520.json,520,0,,https://fish-games.s3.amazonaws.com/MahjongWays2/index.html?env=ceshislot.osshaiwai.com&hasFloat=0&token=436475c81b51e6893c740657870f86b7&language=en&debug=1&debugDataPath=https://raw.githubusercontent.com/jygameclub/testdataapi/main/mahjong2date/0525_0523&debugStart=520,https://raw.githubusercontent.com/jygameclub/testdataapi/main/mahjong2date/0525_0523/520.json,https://raw.githubusercontent.com/jygameclub/testdataapi/main/mahjong2date/0525_0523,未中奖,0.00,0.00,1,0,0,0,0,0,0,否,否,否,0,1,687502,687502,4231779684185687,9476458.0,9476418.0,
普通空转,521.json,521,0,,https://fish-games.s3.amazonaws.com/MahjongWays2/index.html?env=ceshislot.osshaiwai.com&hasFloat=0&token=436475c81b51e6893c740657870f86b7&language=en&debug=1&debugDataPath=https://raw.githubusercontent.com/jygameclub/testdataapi/main/mahjong2date/0525_0523&debugStart=521,https://raw.githubusercontent.com/jygameclub/testdataapi/main/mahjong2date/0525_0523/521.json,https://raw.githubusercontent.com/jygameclub/testdataapi/main/mahjong2date/0525_0523,未中奖,0.00,0.00,1,0,0,0,0,0,0,否,否,否,0,0,687511,687511,4821779684187103,9476418.0,9476378.0,
普通空转,522.json,522,0,,https://fish-games.s3.amazonaws.com/MahjongWays2/index.html?env=ceshislot.osshaiwai.com&hasFloat=0&token=436475c81b51e6893c740657870f86b7&language=en&debug=1&debugDataPath=https://raw.githubusercontent.com/jygameclub/testdataapi/main/mahjong2date/0525_0523&debugStart=522,https://raw.githubusercontent.com/jygameclub/testdataapi/main/mahjong2date/0525_0523/522.json,https://raw.githubusercontent.com/jygameclub/testdataapi/main/mahjong2date/0525_0523,未中奖,0.00,0.00,1,0,0,0,0,0,0,否,否,否,0,2,687516,687516,8311779684187904,9476378.0,9476338.0,
普通空转,523.json,523,0,,https://fish-games.s3.amazonaws.com/MahjongWays2/index.html?env=ceshislot.osshaiwai.com&hasFloat=0&token=436475c81b51e6893c740657870f86b7&language=en&debug=1&debugDataPath=https://raw.githubusercontent.com/jygameclub/testdataapi/main/mahjong2date/0525_0523&debugStart=523,https://raw.githubusercontent.com/jygameclub/testdataapi/main/mahjong2date/0525_0523/523.json,https://raw.githubusercontent.com/jygameclub/testdataapi/main/mahjong2date/0525_0523,未中奖,0.00,0.00,1,0,0,0,0,0,0,否,否,否,0,1,687527,687527,4791779684189403,9476338.0,9476298.0,
普通空转,526.json,526,0,,https://fish-games.s3.amazonaws.com/MahjongWays2/index.html?env=ceshislot.osshaiwai.com&hasFloat=0&token=436475c81b51e6893c740657870f86b7&language=en&debug=1&debugDataPath=https://raw.githubusercontent.com/jygameclub/testdataapi/main/mahjong2date/0525_0523&debugStart=526,https://raw.githubusercontent.com/jygameclub/testdataapi/main/mahjong2date/0525_0523/526.json,https://raw.githubusercontent.com/jygameclub/testdataapi/main/mahjong2date/0525_0523,未中奖,0.00,0.00,1,0,0,0,0,0,0,否,否,否,0,2,687577,687577,9741779684197219,9476236.0,9476196.0,
普通空转,528.json,528,0,,https://fish-games.s3.amazonaws.com/MahjongWays2/index.html?env=ceshislot.osshaiwai.com&hasFloat=0&token=436475c81b51e6893c740657870f86b7&language=en&debug=1&debugDataPath=https://raw.githubusercontent.com/jygameclub/testdataapi/main/mahjong2date/0525_0523&debugStart=528,https://raw.githubusercontent.com/jygameclub/testdataapi/main/mahjong2date/0525_0523/528.json,https://raw.githubusercontent.com/jygameclub/testdataapi/main/mahjong2date/0525_0523,未中奖,0.00,0.00,1,0,0,0,0,0,0,否,否,否,0,1,687604,687604,7361779684201403,9476164.0,9476124.0,
普通空转,531.json,531,0,,https://fish-games.s3.amazonaws.com/MahjongWays2/index.html?env=ceshislot.osshaiwai.com&hasFloat=0&token=436475c81b51e6893c740657870f86b7&language=en&debug=1&debugDataPath=https://raw.githubusercontent.com/jygameclub/testdataapi/main/mahjong2date/0525_0523&debugStart=531,https://raw.githubusercontent.com/jygameclub/testdataapi/main/mahjong2date/0525_0523/531.json,https://raw.githubusercontent.com/jygameclub/testdataapi/main/mahjong2date/0525_0523,未中奖,0.00,0.00,1,0,0,0,0,0,0,否,否,否,0,0,687686,687686,6911779684214387,9476200.0,9476160.0,
普通空转,532.json,532,0,,https://fish-games.s3.amazonaws.com/MahjongWays2/index.html?env=ceshislot.osshaiwai.com&hasFloat=0&token=436475c81b51e6893c740657870f86b7&language=en&debug=1&debugDataPath=https://raw.githubusercontent.com/jygameclub/testdataapi/main/mahjong2date/0525_0523&debugStart=532,https://raw.githubusercontent.com/jygameclub/testdataapi/main/mahjong2date/0525_0523/532.json,https://raw.githubusercontent.com/jygameclub/testdataapi/main/mahjong2date/0525_0523,未中奖,0.00,0.00,1,0,0,0,0,0,0,否,否,否,0,0,687692,687692,5871779684215170,9476160.0,9476120.0,
普通空转,534.json,534,0,,https://fish-games.s3.amazonaws.com/MahjongWays2/index.html?env=ceshislot.osshaiwai.com&hasFloat=0&token=436475c81b51e6893c740657870f86b7&language=en&debug=1&debugDataPath=https://raw.githubusercontent.com/jygameclub/testdataapi/main/mahjong2date/0525_0523&debugStart=534,https://raw.githubusercontent.com/jygameclub/testdataapi/main/mahjong2date/0525_0523/534.json,https://raw.githubusercontent.com/jygameclub/testdataapi/main/mahjong2date/0525_0523,未中奖,0.00,0.00,1,0,0,0,0,0,0,否,否,否,0,1,687721,687721,8321779684219755,9476096.0,9476056.0,
普通空转,535.json,535,0,,https://fish-games.s3.amazonaws.com/MahjongWays2/index.html?env=ceshislot.osshaiwai.com&hasFloat=0&token=436475c81b51e6893c740657870f86b7&language=en&debug=1&debugDataPath=https://raw.githubusercontent.com/jygameclub/testdataapi/main/mahjong2date/0525_0523&debugStart=535,https://raw.githubusercontent.com/jygameclub/testdataapi/main/mahjong2date/0525_0523/535.json,https://raw.githubusercontent.com/jygameclub/testdataapi/main/mahjong2date/0525_0523,未中奖,0.00,0.00,1,0,0,0,0,0,0,否,否,否,0,1,687730,687730,9241779684221153,9476056.0,9476016.0,
普通空转,540.json,540,0,,https://fish-games.s3.amazonaws.com/MahjongWays2/index.html?env=ceshislot.osshaiwai.com&hasFloat=0&token=436475c81b51e6893c740657870f86b7&language=en&debug=1&debugDataPath=https://raw.githubusercontent.com/jygameclub/testdataapi/main/mahjong2date/0525_0523&debugStart=540,https://raw.githubusercontent.com/jygameclub/testdataapi/main/mahjong2date/0525_0523/540.json,https://raw.githubusercontent.com/jygameclub/testdataapi/main/mahjong2date/0525_0523,未中奖,0.00,0.00,1,0,0,0,0,0,0,否,否,否,0,0,689600,689600,3681779684577126,9476020.0,9475980.0,
普通空转,542.json,542,0,,https://fish-games.s3.amazonaws.com/MahjongWays2/index.html?env=ceshislot.osshaiwai.com&hasFloat=0&token=436475c81b51e6893c740657870f86b7&language=en&debug=1&debugDataPath=https://raw.githubusercontent.com/jygameclub/testdataapi/main/mahjong2date/0525_0523&debugStart=542,https://raw.githubusercontent.com/jygameclub/testdataapi/main/mahjong2date/0525_0523/542.json,https://raw.githubusercontent.com/jygameclub/testdataapi/main/mahjong2date/0525_0523,未中奖,0.00,0.00,1,0,0,0,0,0,0,否,否,否,0,1,689623,689623,2991779684580592,9475960.0,9475920.0,
普通空转,543.json,543,0,,https://fish-games.s3.amazonaws.com/MahjongWays2/index.html?env=ceshislot.osshaiwai.com&hasFloat=0&token=436475c81b51e6893c740657870f86b7&language=en&debug=1&debugDataPath=https://raw.githubusercontent.com/jygameclub/testdataapi/main/mahjong2date/0525_0523&debugStart=543,https://raw.githubusercontent.com/jygameclub/testdataapi/main/mahjong2date/0525_0523/543.json,https://raw.githubusercontent.com/jygameclub/testdataapi/main/mahjong2date/0525_0523,未中奖,0.00,0.00,1,0,0,0,0,0,0,否,否,否,0,0,689633,689633,3451779684581991,9475920.0,9475880.0,
普通空转,544.json,544,0,,https://fish-games.s3.amazonaws.com/MahjongWays2/index.html?env=ceshislot.osshaiwai.com&hasFloat=0&token=436475c81b51e6893c740657870f86b7&language=en&debug=1&debugDataPath=https://raw.githubusercontent.com/jygameclub/testdataapi/main/mahjong2date/0525_0523&debugStart=544,https://raw.githubusercontent.com/jygameclub/testdataapi/main/mahjong2date/0525_0523/544.json,https://raw.githubusercontent.com/jygameclub/testdataapi/main/mahjong2date/0525_0523,未中奖,0.00,0.00,1,0,0,0,0,0,0,否,否,否,0,0,689639,689639,6571779684582792,9475880.0,9475840.0,
普通空转,545.json,545,0,,https://fish-games.s3.amazonaws.com/MahjongWays2/index.html?env=ceshislot.osshaiwai.com&hasFloat=0&token=436475c81b51e6893c740657870f86b7&language=en&debug=1&debugDataPath=https://raw.githubusercontent.com/jygameclub/testdataapi/main/mahjong2date/0525_0523&debugStart=545,https://raw.githubusercontent.com/jygameclub/testdataapi/main/mahjong2date/0525_0523/545.json,https://raw.githubusercontent.com/jygameclub/testdataapi/main/mahjong2date/0525_0523,未中奖,0.00,0.00,1,0,0,0,0,0,0,否,否,否,0,1,689644,689644,1131779684583575,9475840.0,9475800.0,
普通空转,546.json,546,0,,https://fish-games.s3.amazonaws.com/MahjongWays2/index.html?env=ceshislot.osshaiwai.com&hasFloat=0&token=436475c81b51e6893c740657870f86b7&language=en&debug=1&debugDataPath=https://raw.githubusercontent.com/jygameclub/testdataapi/main/mahjong2date/0525_0523&debugStart=546,https://raw.githubusercontent.com/jygameclub/testdataapi/main/mahjong2date/0525_0523/546.json,https://raw.githubusercontent.com/jygameclub/testdataapi/main/mahjong2date/0525_0523,未中奖,0.00,0.00,1,0,0,0,0,0,0,否,否,否,0,0,689654,689654,6011779684584992,9475800.0,9475760.0,
普通空转,550.json,550,0,,https://fish-games.s3.amazonaws.com/MahjongWays2/index.html?env=ceshislot.osshaiwai.com&hasFloat=0&token=436475c81b51e6893c740657870f86b7&language=en&debug=1&debugDataPath=https://raw.githubusercontent.com/jygameclub/testdataapi/main/mahjong2date/0525_0523&debugStart=550,https://raw.githubusercontent.com/jygameclub/testdataapi/main/mahjong2date/0525_0523/550.json,https://raw.githubusercontent.com/jygameclub/testdataapi/main/mahjong2date/0525_0523,未中奖,0.00,0.00,1,0,0,0,0,0,0,否,否,否,0,1,689768,689768,9241779684605209,9476176.0,9476136.0,
普通空转,552.json,552,0,,https://fish-games.s3.amazonaws.com/MahjongWays2/index.html?env=ceshislot.osshaiwai.com&hasFloat=0&token=436475c81b51e6893c740657870f86b7&language=en&debug=1&debugDataPath=https://raw.githubusercontent.com/jygameclub/testdataapi/main/mahjong2date/0525_0523&debugStart=552,https://raw.githubusercontent.com/jygameclub/testdataapi/main/mahjong2date/0525_0523/552.json,https://raw.githubusercontent.com/jygameclub/testdataapi/main/mahjong2date/0525_0523,未中奖,0.00,0.00,1,0,0,0,0,0,0,否,否,否,0,1,689800,689800,4081779684610292,9476102.0,9476062.0,
普通空转,554.json,554,0,,https://fish-games.s3.amazonaws.com/MahjongWays2/index.html?env=ceshislot.osshaiwai.com&hasFloat=0&token=436475c81b51e6893c740657870f86b7&language=en&debug=1&debugDataPath=https://raw.githubusercontent.com/jygameclub/testdataapi/main/mahjong2date/0525_0523&debugStart=554,https://raw.githubusercontent.com/jygameclub/testdataapi/main/mahjong2date/0525_0523/554.json,https://raw.githubusercontent.com/jygameclub/testdataapi/main/mahjong2date/0525_0523,未中奖,0.00,0.00,1,0,0,0,0,0,0,否,否,否,0,0,689846,689846,8481779684617525,9476054.0,9476014.0,
普通空转,556.json,556,0,,https://fish-games.s3.amazonaws.com/MahjongWays2/index.html?env=ceshislot.osshaiwai.com&hasFloat=0&token=436475c81b51e6893c740657870f86b7&language=en&debug=1&debugDataPath=https://raw.githubusercontent.com/jygameclub/testdataapi/main/mahjong2date/0525_0523&debugStart=556,https://raw.githubusercontent.com/jygameclub/testdataapi/main/mahjong2date/0525_0523/556.json,https://raw.githubusercontent.com/jygameclub/testdataapi/main/mahjong2date/0525_0523,未中奖,0.00,0.00,1,0,0,0,0,0,0,否,否,否,0,0,689868,689868,4581779684621026,9476010.0,9475970.0,
普通空转,557.json,557,0,,https://fish-games.s3.amazonaws.com/MahjongWays2/index.html?env=ceshislot.osshaiwai.com&hasFloat=0&token=436475c81b51e6893c740657870f86b7&language=en&debug=1&debugDataPath=https://raw.githubusercontent.com/jygameclub/testdataapi/main/mahjong2date/0525_0523&debugStart=557,https://raw.githubusercontent.com/jygameclub/testdataapi/main/mahjong2date/0525_0523/557.json,https://raw.githubusercontent.com/jygameclub/testdataapi/main/mahjong2date/0525_0523,未中奖,0.00,0.00,1,0,0,0,0,0,0,否,否,否,0,0,689874,689874,5601779684621874,9475970.0,9475930.0,
普通空转,558.json,558,0,,https://fish-games.s3.amazonaws.com/MahjongWays2/index.html?env=ceshislot.osshaiwai.com&hasFloat=0&token=436475c81b51e6893c740657870f86b7&language=en&debug=1&debugDataPath=https://raw.githubusercontent.com/jygameclub/testdataapi/main/mahjong2date/0525_0523&debugStart=558,https://raw.githubusercontent.com/jygameclub/testdataapi/main/mahjong2date/0525_0523/558.json,https://raw.githubusercontent.com/jygameclub/testdataapi/main/mahjong2date/0525_0523,未中奖,0.00,0.00,1,0,0,0,0,0,0,否,否,否,0,1,689879,689879,6971779684622675,9475930.0,9475890.0,
普通空转,559.json,559,0,,https://fish-games.s3.amazonaws.com/MahjongWays2/index.html?env=ceshislot.osshaiwai.com&hasFloat=0&token=436475c81b51e6893c740657870f86b7&language=en&debug=1&debugDataPath=https://raw.githubusercontent.com/jygameclub/testdataapi/main/mahjong2date/0525_0523&debugStart=559,https://raw.githubusercontent.com/jygameclub/testdataapi/main/mahjong2date/0525_0523/559.json,https://raw.githubusercontent.com/jygameclub/testdataapi/main/mahjong2date/0525_0523,未中奖,0.00,0.00,1,0,0,0,0,0,0,否,否,否,0,0,689888,689888,3171779684624091,9475890.0,9475850.0,
普通空转,561.json,561,0,,https://fish-games.s3.amazonaws.com/MahjongWays2/index.html?env=ceshislot.osshaiwai.com&hasFloat=0&token=436475c81b51e6893c740657870f86b7&language=en&debug=1&debugDataPath=https://raw.githubusercontent.com/jygameclub/testdataapi/main/mahjong2date/0525_0523&debugStart=561,https://raw.githubusercontent.com/jygameclub/testdataapi/main/mahjong2date/0525_0523/561.json,https://raw.githubusercontent.com/jygameclub/testdataapi/main/mahjong2date/0525_0523,未中奖,0.00,0.00,1,0,0,0,0,0,0,否,否,否,0,1,689930,689930,1091779684630708,9475876.0,9475836.0,
普通空转,564.json,564,0,,https://fish-games.s3.amazonaws.com/MahjongWays2/index.html?env=ceshislot.osshaiwai.com&hasFloat=0&token=436475c81b51e6893c740657870f86b7&language=en&debug=1&debugDataPath=https://raw.githubusercontent.com/jygameclub/testdataapi/main/mahjong2date/0525_0523&debugStart=564,https://raw.githubusercontent.com/jygameclub/testdataapi/main/mahjong2date/0525_0523/564.json,https://raw.githubusercontent.com/jygameclub/testdataapi/main/mahjong2date/0525_0523,未中奖,0.00,0.00,1,0,0,0,0,0,0,否,否,否,0,0,690059,690059,2731779684652842,9477068.0,9477028.0,
普通空转,565.json,565,0,,https://fish-games.s3.amazonaws.com/MahjongWays2/index.html?env=ceshislot.osshaiwai.com&hasFloat=0&token=436475c81b51e6893c740657870f86b7&language=en&debug=1&debugDataPath=https://raw.githubusercontent.com/jygameclub/testdataapi/main/mahjong2date/0525_0523&debugStart=565,https://raw.githubusercontent.com/jygameclub/testdataapi/main/mahjong2date/0525_0523/565.json,https://raw.githubusercontent.com/jygameclub/testdataapi/main/mahjong2date/0525_0523,未中奖,0.00,0.00,1,0,0,0,0,0,0,否,否,否,0,0,690065,690065,3711779684653642,9477028.0,9476988.0,
普通空转,566.json,566,0,,https://fish-games.s3.amazonaws.com/MahjongWays2/index.html?env=ceshislot.osshaiwai.com&hasFloat=0&token=436475c81b51e6893c740657870f86b7&language=en&debug=1&debugDataPath=https://raw.githubusercontent.com/jygameclub/testdataapi/main/mahjong2date/0525_0523&debugStart=566,https://raw.githubusercontent.com/jygameclub/testdataapi/main/mahjong2date/0525_0523/566.json,https://raw.githubusercontent.com/jygameclub/testdataapi/main/mahjong2date/0525_0523,未中奖,0.00,0.00,1,0,0,0,0,0,0,否,否,否,0,0,690071,690071,1581779684654493,9476988.0,9476948.0,
普通空转,567.json,567,0,,https://fish-games.s3.amazonaws.com/MahjongWays2/index.html?env=ceshislot.osshaiwai.com&hasFloat=0&token=436475c81b51e6893c740657870f86b7&language=en&debug=1&debugDataPath=https://raw.githubusercontent.com/jygameclub/testdataapi/main/mahjong2date/0525_0523&debugStart=567,https://raw.githubusercontent.com/jygameclub/testdataapi/main/mahjong2date/0525_0523/567.json,https://raw.githubusercontent.com/jygameclub/testdataapi/main/mahjong2date/0525_0523,未中奖,0.00,0.00,1,0,0,0,0,0,0,否,否,否,0,2,690075,690075,9781779684655342,9476948.0,9476908.0,
普通空转,570.json,570,0,,https://fish-games.s3.amazonaws.com/MahjongWays2/index.html?env=ceshislot.osshaiwai.com&hasFloat=0&token=436475c81b51e6893c740657870f86b7&language=en&debug=1&debugDataPath=https://raw.githubusercontent.com/jygameclub/testdataapi/main/mahjong2date/0525_0523&debugStart=570,https://raw.githubusercontent.com/jygameclub/testdataapi/main/mahjong2date/0525_0523/570.json,https://raw.githubusercontent.com/jygameclub/testdataapi/main/mahjong2date/0525_0523,未中奖,0.00,0.00,1,0,0,0,0,0,0,否,否,否,0,0,690125,690125,8451779684663326,9476860.0,9476820.0,
普通空转,573.json,573,0,,https://fish-games.s3.amazonaws.com/MahjongWays2/index.html?env=ceshislot.osshaiwai.com&hasFloat=0&token=436475c81b51e6893c740657870f86b7&language=en&debug=1&debugDataPath=https://raw.githubusercontent.com/jygameclub/testdataapi/main/mahjong2date/0525_0523&debugStart=573,https://raw.githubusercontent.com/jygameclub/testdataapi/main/mahjong2date/0525_0523/573.json,https://raw.githubusercontent.com/jygameclub/testdataapi/main/mahjong2date/0525_0523,未中奖,0.00,0.00,1,0,0,0,0,0,0,否,否,否,0,1,690171,690171,1091779684670676,9476764.0,9476724.0,
普通空转,574.json,574,0,,https://fish-games.s3.amazonaws.com/MahjongWays2/index.html?env=ceshislot.osshaiwai.com&hasFloat=0&token=436475c81b51e6893c740657870f86b7&language=en&debug=1&debugDataPath=https://raw.githubusercontent.com/jygameclub/testdataapi/main/mahjong2date/0525_0523&debugStart=574,https://raw.githubusercontent.com/jygameclub/testdataapi/main/mahjong2date/0525_0523/574.json,https://raw.githubusercontent.com/jygameclub/testdataapi/main/mahjong2date/0525_0523,未中奖,0.00,0.00,1,0,0,0,0,0,0,否,否,否,0,1,690180,690180,5071779684672075,9476724.0,9476684.0,
普通空转,576.json,576,0,,https://fish-games.s3.amazonaws.com/MahjongWays2/index.html?env=ceshislot.osshaiwai.com&hasFloat=0&token=436475c81b51e6893c740657870f86b7&language=en&debug=1&debugDataPath=https://raw.githubusercontent.com/jygameclub/testdataapi/main/mahjong2date/0525_0523&debugStart=576,https://raw.githubusercontent.com/jygameclub/testdataapi/main/mahjong2date/0525_0523/576.json,https://raw.githubusercontent.com/jygameclub/testdataapi/main/mahjong2date/0525_0523,未中奖,0.00,0.00,1,0,0,0,0,0,0,否,否,否,0,0,690219,690219,1881779684678243,9476742.0,9476702.0,
普通空转,578.json,578,0,,https://fish-games.s3.amazonaws.com/MahjongWays2/index.html?env=ceshislot.osshaiwai.com&hasFloat=0&token=436475c81b51e6893c740657870f86b7&language=en&debug=1&debugDataPath=https://raw.githubusercontent.com/jygameclub/testdataapi/main/mahjong2date/0525_0523&debugStart=578,https://raw.githubusercontent.com/jygameclub/testdataapi/main/mahjong2date/0525_0523/578.json,https://raw.githubusercontent.com/jygameclub/testdataapi/main/mahjong2date/0525_0523,未中奖,0.00,0.00,1,0,0,0,0,0,0,否,否,否,0,1,690250,690250,2661779684683009,9476698.0,9476658.0,
普通空转,579.json,579,0,,https://fish-games.s3.amazonaws.com/MahjongWays2/index.html?env=ceshislot.osshaiwai.com&hasFloat=0&token=436475c81b51e6893c740657870f86b7&language=en&debug=1&debugDataPath=https://raw.githubusercontent.com/jygameclub/testdataapi/main/mahjong2date/0525_0523&debugStart=579,https://raw.githubusercontent.com/jygameclub/testdataapi/main/mahjong2date/0525_0523/579.json,https://raw.githubusercontent.com/jygameclub/testdataapi/main/mahjong2date/0525_0523,未中奖,0.00,0.00,1,0,0,0,0,0,0,否,否,否,0,1,690259,690259,9101779684684492,9476658.0,9476618.0,
普通空转,581.json,581,0,,https://fish-games.s3.amazonaws.com/MahjongWays2/index.html?env=ceshislot.osshaiwai.com&hasFloat=0&token=436475c81b51e6893c740657870f86b7&language=en&debug=1&debugDataPath=https://raw.githubusercontent.com/jygameclub/testdataapi/main/mahjong2date/0525_0523&debugStart=581,https://raw.githubusercontent.com/jygameclub/testdataapi/main/mahjong2date/0525_0523/581.json,https://raw.githubusercontent.com/jygameclub/testdataapi/main/mahjong2date/0525_0523,未中奖,0.00,0.00,1,0,0,0,0,0,0,否,否,否,0,0,690304,690304,3151779684691693,9476950.0,9476910.0,
普通空转,582.json,582,0,,https://fish-games.s3.amazonaws.com/MahjongWays2/index.html?env=ceshislot.osshaiwai.com&hasFloat=0&token=436475c81b51e6893c740657870f86b7&language=en&debug=1&debugDataPath=https://raw.githubusercontent.com/jygameclub/testdataapi/main/mahjong2date/0525_0523&debugStart=582,https://raw.githubusercontent.com/jygameclub/testdataapi/main/mahjong2date/0525_0523/582.json,https://raw.githubusercontent.com/jygameclub/testdataapi/main/mahjong2date/0525_0523,未中奖,0.00,0.00,1,0,0,0,0,0,0,否,否,否,0,1,690310,690310,6331779684692559,9476910.0,9476870.0,
普通空转,583.json,583,0,,https://fish-games.s3.amazonaws.com/MahjongWays2/index.html?env=ceshislot.osshaiwai.com&hasFloat=0&token=436475c81b51e6893c740657870f86b7&language=en&debug=1&debugDataPath=https://raw.githubusercontent.com/jygameclub/testdataapi/main/mahjong2date/0525_0523&debugStart=583,https://raw.githubusercontent.com/jygameclub/testdataapi/main/mahjong2date/0525_0523/583.json,https://raw.githubusercontent.com/jygameclub/testdataapi/main/mahjong2date/0525_0523,未中奖,0.00,0.00,1,0,0,0,0,0,0,否,否,否,0,0,690319,690319,6741779684694025,9476870.0,9476830.0,
普通空转,584.json,584,0,,https://fish-games.s3.amazonaws.com/MahjongWays2/index.html?env=ceshislot.osshaiwai.com&hasFloat=0&token=436475c81b51e6893c740657870f86b7&language=en&debug=1&debugDataPath=https://raw.githubusercontent.com/jygameclub/testdataapi/main/mahjong2date/0525_0523&debugStart=584,https://raw.githubusercontent.com/jygameclub/testdataapi/main/mahjong2date/0525_0523/584.json,https://raw.githubusercontent.com/jygameclub/testdataapi/main/mahjong2date/0525_0523,未中奖,0.00,0.00,1,0,0,0,0,0,0,否,否,否,0,0,690325,690325,6761779684694809,9476830.0,9476790.0,
普通空转,585.json,585,0,,https://fish-games.s3.amazonaws.com/MahjongWays2/index.html?env=ceshislot.osshaiwai.com&hasFloat=0&token=436475c81b51e6893c740657870f86b7&language=en&debug=1&debugDataPath=https://raw.githubusercontent.com/jygameclub/testdataapi/main/mahjong2date/0525_0523&debugStart=585,https://raw.githubusercontent.com/jygameclub/testdataapi/main/mahjong2date/0525_0523/585.json,https://raw.githubusercontent.com/jygameclub/testdataapi/main/mahjong2date/0525_0523,未中奖,0.00,0.00,1,0,0,0,0,0,0,否,否,否,0,0,690330,690330,3981779684695592,9476790.0,9476750.0,
普通空转,586.json,586,0,,https://fish-games.s3.amazonaws.com/MahjongWays2/index.html?env=ceshislot.osshaiwai.com&hasFloat=0&token=436475c81b51e6893c740657870f86b7&language=en&debug=1&debugDataPath=https://raw.githubusercontent.com/jygameclub/testdataapi/main/mahjong2date/0525_0523&debugStart=586,https://raw.githubusercontent.com/jygameclub/testdataapi/main/mahjong2date/0525_0523/586.json,https://raw.githubusercontent.com/jygameclub/testdataapi/main/mahjong2date/0525_0523,未中奖,0.00,0.00,1,0,0,0,0,0,0,否,否,否,0,2,690337,690337,7071779684696392,9476750.0,9476710.0,
普通空转,587.json,587,0,,https://fish-games.s3.amazonaws.com/MahjongWays2/index.html?env=ceshislot.osshaiwai.com&hasFloat=0&token=436475c81b51e6893c740657870f86b7&language=en&debug=1&debugDataPath=https://raw.githubusercontent.com/jygameclub/testdataapi/main/mahjong2date/0525_0523&debugStart=587,https://raw.githubusercontent.com/jygameclub/testdataapi/main/mahjong2date/0525_0523/587.json,https://raw.githubusercontent.com/jygameclub/testdataapi/main/mahjong2date/0525_0523,未中奖,0.00,0.00,1,0,0,0,0,0,0,否,否,否,0,1,690346,690346,4271779684697909,9476710.0,9476670.0,
普通空转,588.json,588,0,,https://fish-games.s3.amazonaws.com/MahjongWays2/index.html?env=ceshislot.osshaiwai.com&hasFloat=0&token=436475c81b51e6893c740657870f86b7&language=en&debug=1&debugDataPath=https://raw.githubusercontent.com/jygameclub/testdataapi/main/mahjong2date/0525_0523&debugStart=588,https://raw.githubusercontent.com/jygameclub/testdataapi/main/mahjong2date/0525_0523/588.json,https://raw.githubusercontent.com/jygameclub/testdataapi/main/mahjong2date/0525_0523,未中奖,0.00,0.00,1,0,0,0,0,0,0,否,否,否,0,0,690356,690356,7231779684699375,9476670.0,9476630.0,
普通空转,589.json,589,0,,https://fish-games.s3.amazonaws.com/MahjongWays2/index.html?env=ceshislot.osshaiwai.com&hasFloat=0&token=436475c81b51e6893c740657870f86b7&language=en&debug=1&debugDataPath=https://raw.githubusercontent.com/jygameclub/testdataapi/main/mahjong2date/0525_0523&debugStart=589,https://raw.githubusercontent.com/jygameclub/testdataapi/main/mahjong2date/0525_0523/589.json,https://raw.githubusercontent.com/jygameclub/testdataapi/main/mahjong2date/0525_0523,未中奖,0.00,0.00,1,0,0,0,0,0,0,否,否,否,0,0,690361,690361,8861779684700158,9476630.0,9476590.0,
普通空转,593.json,593,0,,https://fish-games.s3.amazonaws.com/MahjongWays2/index.html?env=ceshislot.osshaiwai.com&hasFloat=0&token=436475c81b51e6893c740657870f86b7&language=en&debug=1&debugDataPath=https://raw.githubusercontent.com/jygameclub/testdataapi/main/mahjong2date/0525_0523&debugStart=593,https://raw.githubusercontent.com/jygameclub/testdataapi/main/mahjong2date/0525_0523/593.json,https://raw.githubusercontent.com/jygameclub/testdataapi/main/mahjong2date/0525_0523,未中奖,0.00,0.00,1,0,0,0,0,0,0,否,否,否,0,0,690462,690462,5921779684716426,9476900.0,9476860.0,
普通空转,594.json,594,0,,https://fish-games.s3.amazonaws.com/MahjongWays2/index.html?env=ceshislot.osshaiwai.com&hasFloat=0&token=436475c81b51e6893c740657870f86b7&language=en&debug=1&debugDataPath=https://raw.githubusercontent.com/jygameclub/testdataapi/main/mahjong2date/0525_0523&debugStart=594,https://raw.githubusercontent.com/jygameclub/testdataapi/main/mahjong2date/0525_0523/594.json,https://raw.githubusercontent.com/jygameclub/testdataapi/main/mahjong2date/0525_0523,未中奖,0.00,0.00,1,0,0,0,0,0,0,否,否,否,0,0,690468,690468,8951779684717209,9476860.0,9476820.0,
普通空转,597.json,597,0,,https://fish-games.s3.amazonaws.com/MahjongWays2/index.html?env=ceshislot.osshaiwai.com&hasFloat=0&token=436475c81b51e6893c740657870f86b7&language=en&debug=1&debugDataPath=https://raw.githubusercontent.com/jygameclub/testdataapi/main/mahjong2date/0525_0523&debugStart=597,https://raw.githubusercontent.com/jygameclub/testdataapi/main/mahjong2date/0525_0523/597.json,https://raw.githubusercontent.com/jygameclub/testdataapi/main/mahjong2date/0525_0523,未中奖,0.00,0.00,1,0,0,0,0,0,0,否,否,否,0,0,690512,690512,5531779684725443,9476764.0,9476724.0,
普通空转,598.json,598,0,,https://fish-games.s3.amazonaws.com/MahjongWays2/index.html?env=ceshislot.osshaiwai.com&hasFloat=0&token=436475c81b51e6893c740657870f86b7&language=en&debug=1&debugDataPath=https://raw.githubusercontent.com/jygameclub/testdataapi/main/mahjong2date/0525_0523&debugStart=598,https://raw.githubusercontent.com/jygameclub/testdataapi/main/mahjong2date/0525_0523/598.json,https://raw.githubusercontent.com/jygameclub/testdataapi/main/mahjong2date/0525_0523,未中奖,0.00,0.00,1,0,0,0,0,0,0,否,否,否,0,1,690517,690517,7191779684726293,9476724.0,9476684.0,
普通空转,600.json,600,0,,https://fish-games.s3.amazonaws.com/MahjongWays2/index.html?env=ceshislot.osshaiwai.com&hasFloat=0&token=436475c81b51e6893c740657870f86b7&language=en&debug=1&debugDataPath=https://raw.githubusercontent.com/jygameclub/testdataapi/main/mahjong2date/0525_0523&debugStart=600,https://raw.githubusercontent.com/jygameclub/testdataapi/main/mahjong2date/0525_0523/600.json,https://raw.githubusercontent.com/jygameclub/testdataapi/main/mahjong2date/0525_0523,未中奖,0.00,0.00,1,0,0,0,0,0,0,否,否,否,0,0,690543,690543,3211779684730476,9476656.0,9476616.0,
普通空转,601.json,601,0,,https://fish-games.s3.amazonaws.com/MahjongWays2/index.html?env=ceshislot.osshaiwai.com&hasFloat=0&token=436475c81b51e6893c740657870f86b7&language=en&debug=1&debugDataPath=https://raw.githubusercontent.com/jygameclub/testdataapi/main/mahjong2date/0525_0523&debugStart=601,https://raw.githubusercontent.com/jygameclub/testdataapi/main/mahjong2date/0525_0523/601.json,https://raw.githubusercontent.com/jygameclub/testdataapi/main/mahjong2date/0525_0523,未中奖,0.00,0.00,1,0,0,0,0,0,0,否,否,否,0,1,690549,690549,1461779684731258,9476616.0,9476576.0,
普通空转,602.json,602,0,,https://fish-games.s3.amazonaws.com/MahjongWays2/index.html?env=ceshislot.osshaiwai.com&hasFloat=0&token=436475c81b51e6893c740657870f86b7&language=en&debug=1&debugDataPath=https://raw.githubusercontent.com/jygameclub/testdataapi/main/mahjong2date/0525_0523&debugStart=602,https://raw.githubusercontent.com/jygameclub/testdataapi/main/mahjong2date/0525_0523/602.json,https://raw.githubusercontent.com/jygameclub/testdataapi/main/mahjong2date/0525_0523,未中奖,0.00,0.00,1,0,0,0,0,0,0,否,否,否,0,0,690558,690558,3571779684732725,9476576.0,9476536.0,
普通空转,603.json,603,0,,https://fish-games.s3.amazonaws.com/MahjongWays2/index.html?env=ceshislot.osshaiwai.com&hasFloat=0&token=436475c81b51e6893c740657870f86b7&language=en&debug=1&debugDataPath=https://raw.githubusercontent.com/jygameclub/testdataapi/main/mahjong2date/0525_0523&debugStart=603,https://raw.githubusercontent.com/jygameclub/testdataapi/main/mahjong2date/0525_0523/603.json,https://raw.githubusercontent.com/jygameclub/testdataapi/main/mahjong2date/0525_0523,未中奖,0.00,0.00,1,0,0,0,0,0,0,否,否,否,0,0,690564,690564,2881779684733525,9476536.0,9476496.0,
普通空转,605.json,605,0,,https://fish-games.s3.amazonaws.com/MahjongWays2/index.html?env=ceshislot.osshaiwai.com&hasFloat=0&token=436475c81b51e6893c740657870f86b7&language=en&debug=1&debugDataPath=https://raw.githubusercontent.com/jygameclub/testdataapi/main/mahjong2date/0525_0523&debugStart=605,https://raw.githubusercontent.com/jygameclub/testdataapi/main/mahjong2date/0525_0523/605.json,https://raw.githubusercontent.com/jygameclub/testdataapi/main/mahjong2date/0525_0523,未中奖,0.00,0.00,1,0,0,0,0,0,0,否,否,否,0,2,690587,690587,7221779684737059,9476462.0,9476422.0,
普通空转,606.json,606,0,,https://fish-games.s3.amazonaws.com/MahjongWays2/index.html?env=ceshislot.osshaiwai.com&hasFloat=0&token=436475c81b51e6893c740657870f86b7&language=en&debug=1&debugDataPath=https://raw.githubusercontent.com/jygameclub/testdataapi/main/mahjong2date/0525_0523&debugStart=606,https://raw.githubusercontent.com/jygameclub/testdataapi/main/mahjong2date/0525_0523/606.json,https://raw.githubusercontent.com/jygameclub/testdataapi/main/mahjong2date/0525_0523,未中奖,0.00,0.00,1,0,0,0,0,0,0,否,否,否,0,0,690597,690597,8071779684738642,9476422.0,9476382.0,
普通空转,607.json,607,0,,https://fish-games.s3.amazonaws.com/MahjongWays2/index.html?env=ceshislot.osshaiwai.com&hasFloat=0&token=436475c81b51e6893c740657870f86b7&language=en&debug=1&debugDataPath=https://raw.githubusercontent.com/jygameclub/testdataapi/main/mahjong2date/0525_0523&debugStart=607,https://raw.githubusercontent.com/jygameclub/testdataapi/main/mahjong2date/0525_0523/607.json,https://raw.githubusercontent.com/jygameclub/testdataapi/main/mahjong2date/0525_0523,未中奖,0.00,0.00,1,0,0,0,0,0,0,否,否,否,0,0,690603,690603,3941779684739425,9476382.0,9476342.0,
普通空转,608.json,608,0,,https://fish-games.s3.amazonaws.com/MahjongWays2/index.html?env=ceshislot.osshaiwai.com&hasFloat=0&token=436475c81b51e6893c740657870f86b7&language=en&debug=1&debugDataPath=https://raw.githubusercontent.com/jygameclub/testdataapi/main/mahjong2date/0525_0523&debugStart=608,https://raw.githubusercontent.com/jygameclub/testdataapi/main/mahjong2date/0525_0523/608.json,https://raw.githubusercontent.com/jygameclub/testdataapi/main/mahjong2date/0525_0523,未中奖,0.00,0.00,1,0,0,0,0,0,0,否,否,否,0,1,690609,690609,7831779684740275,9476342.0,9476302.0,
普通空转,609.json,609,0,,https://fish-games.s3.amazonaws.com/MahjongWays2/index.html?env=ceshislot.osshaiwai.com&hasFloat=0&token=436475c81b51e6893c740657870f86b7&language=en&debug=1&debugDataPath=https://raw.githubusercontent.com/jygameclub/testdataapi/main/mahjong2date/0525_0523&debugStart=609,https://raw.githubusercontent.com/jygameclub/testdataapi/main/mahjong2date/0525_0523/609.json,https://raw.githubusercontent.com/jygameclub/testdataapi/main/mahjong2date/0525_0523,未中奖,0.00,0.00,1,0,0,0,0,0,0,否,否,否,0,0,690616,690616,7941779684741692,9476302.0,9476262.0,
普通空转,611.json,611,0,,https://fish-games.s3.amazonaws.com/MahjongWays2/index.html?env=ceshislot.osshaiwai.com&hasFloat=0&token=436475c81b51e6893c740657870f86b7&language=en&debug=1&debugDataPath=https://raw.githubusercontent.com/jygameclub/testdataapi/main/mahjong2date/0525_0523&debugStart=611,https://raw.githubusercontent.com/jygameclub/testdataapi/main/mahjong2date/0525_0523/611.json,https://raw.githubusercontent.com/jygameclub/testdataapi/main/mahjong2date/0525_0523,未中奖,0.00,0.00,1,0,0,0,0,0,0,否,否,否,0,0,690639,690639,3221779684745159,9476234.0,9476194.0,
普通空转,616.json,616,0,,https://fish-games.s3.amazonaws.com/MahjongWays2/index.html?env=ceshislot.osshaiwai.com&hasFloat=0&token=436475c81b51e6893c740657870f86b7&language=en&debug=1&debugDataPath=https://raw.githubusercontent.com/jygameclub/testdataapi/main/mahjong2date/0525_0523&debugStart=616,https://raw.githubusercontent.com/jygameclub/testdataapi/main/mahjong2date/0525_0523/616.json,https://raw.githubusercontent.com/jygameclub/testdataapi/main/mahjong2date/0525_0523,未中奖,0.00,0.00,1,0,0,0,0,0,0,否,否,否,0,1,690903,690903,1551779684788309,9479246.0,9479206.0,
普通空转,617.json,617,0,,https://fish-games.s3.amazonaws.com/MahjongWays2/index.html?env=ceshislot.osshaiwai.com&hasFloat=0&token=436475c81b51e6893c740657870f86b7&language=en&debug=1&debugDataPath=https://raw.githubusercontent.com/jygameclub/testdataapi/main/mahjong2date/0525_0523&debugStart=617,https://raw.githubusercontent.com/jygameclub/testdataapi/main/mahjong2date/0525_0523/617.json,https://raw.githubusercontent.com/jygameclub/testdataapi/main/mahjong2date/0525_0523,未中奖,0.00,0.00,1,0,0,0,0,0,0,否,否,否,0,1,690912,690912,9171779684789708,9479206.0,9479166.0,
普通空转,618.json,618,0,,https://fish-games.s3.amazonaws.com/MahjongWays2/index.html?env=ceshislot.osshaiwai.com&hasFloat=0&token=436475c81b51e6893c740657870f86b7&language=en&debug=1&debugDataPath=https://raw.githubusercontent.com/jygameclub/testdataapi/main/mahjong2date/0525_0523&debugStart=618,https://raw.githubusercontent.com/jygameclub/testdataapi/main/mahjong2date/0525_0523/618.json,https://raw.githubusercontent.com/jygameclub/testdataapi/main/mahjong2date/0525_0523,未中奖,0.00,0.00,1,0,0,0,0,0,0,否,否,否,0,0,690922,690922,9371779684791108,9479166.0,9479126.0,
普通空转,619.json,619,0,,https://fish-games.s3.amazonaws.com/MahjongWays2/index.html?env=ceshislot.osshaiwai.com&hasFloat=0&token=436475c81b51e6893c740657870f86b7&language=en&debug=1&debugDataPath=https://raw.githubusercontent.com/jygameclub/testdataapi/main/mahjong2date/0525_0523&debugStart=619,https://raw.githubusercontent.com/jygameclub/testdataapi/main/mahjong2date/0525_0523/619.json,https://raw.githubusercontent.com/jygameclub/testdataapi/main/mahjong2date/0525_0523,未中奖,0.00,0.00,1,0,0,0,0,0,0,否,否,否,0,0,690928,690928,3991779684791891,9479126.0,9479086.0,
普通空转,620.json,620,0,,https://fish-games.s3.amazonaws.com/MahjongWays2/index.html?env=ceshislot.osshaiwai.com&hasFloat=0&token=436475c81b51e6893c740657870f86b7&language=en&debug=1&debugDataPath=https://raw.githubusercontent.com/jygameclub/testdataapi/main/mahjong2date/0525_0523&debugStart=620,https://raw.githubusercontent.com/jygameclub/testdataapi/main/mahjong2date/0525_0523/620.json,https://raw.githubusercontent.com/jygameclub/testdataapi/main/mahjong2date/0525_0523,未中奖,0.00,0.00,1,0,0,0,0,0,0,否,否,否,0,1,690933,690933,7251779684792691,9479086.0,9479046.0,
普通空转,622.json,622,0,,https://fish-games.s3.amazonaws.com/MahjongWays2/index.html?env=ceshislot.osshaiwai.com&hasFloat=0&token=436475c81b51e6893c740657870f86b7&language=en&debug=1&debugDataPath=https://raw.githubusercontent.com/jygameclub/testdataapi/main/mahjong2date/0525_0523&debugStart=622,https://raw.githubusercontent.com/jygameclub/testdataapi/main/mahjong2date/0525_0523/622.json,https://raw.githubusercontent.com/jygameclub/testdataapi/main/mahjong2date/0525_0523,未中奖,0.00,0.00,1,0,0,0,0,0,0,否,否,否,0,1,690992,690992,6571779684801892,9479146.0,9479106.0,
普通空转,624.json,624,0,,https://fish-games.s3.amazonaws.com/MahjongWays2/index.html?env=ceshislot.osshaiwai.com&hasFloat=0&token=436475c81b51e6893c740657870f86b7&language=en&debug=1&debugDataPath=https://raw.githubusercontent.com/jygameclub/testdataapi/main/mahjong2date/0525_0523&debugStart=624,https://raw.githubusercontent.com/jygameclub/testdataapi/main/mahjong2date/0525_0523/624.json,https://raw.githubusercontent.com/jygameclub/testdataapi/main/mahjong2date/0525_0523,未中奖,0.00,0.00,1,0,0,0,0,0,0,否,否,否,0,0,691525,691525,8251779684890041,9480154.0,9480114.0,
普通空转,625.json,625,0,,https://fish-games.s3.amazonaws.com/MahjongWays2/index.html?env=ceshislot.osshaiwai.com&hasFloat=0&token=436475c81b51e6893c740657870f86b7&language=en&debug=1&debugDataPath=https://raw.githubusercontent.com/jygameclub/testdataapi/main/mahjong2date/0525_0523&debugStart=625,https://raw.githubusercontent.com/jygameclub/testdataapi/main/mahjong2date/0525_0523/625.json,https://raw.githubusercontent.com/jygameclub/testdataapi/main/mahjong2date/0525_0523,未中奖,0.00,0.00,1,0,0,0,0,0,0,否,否,否,0,0,691531,691531,4471779684890893,9480114.0,9480074.0,
普通空转,626.json,626,0,,https://fish-games.s3.amazonaws.com/MahjongWays2/index.html?env=ceshislot.osshaiwai.com&hasFloat=0&token=436475c81b51e6893c740657870f86b7&language=en&debug=1&debugDataPath=https://raw.githubusercontent.com/jygameclub/testdataapi/main/mahjong2date/0525_0523&debugStart=626,https://raw.githubusercontent.com/jygameclub/testdataapi/main/mahjong2date/0525_0523/626.json,https://raw.githubusercontent.com/jygameclub/testdataapi/main/mahjong2date/0525_0523,未中奖,0.00,0.00,1,0,0,0,0,0,0,否,否,否,0,2,691536,691536,3251779684891676,9480074.0,9480034.0,
普通空转,627.json,627,0,,https://fish-games.s3.amazonaws.com/MahjongWays2/index.html?env=ceshislot.osshaiwai.com&hasFloat=0&token=436475c81b51e6893c740657870f86b7&language=en&debug=1&debugDataPath=https://raw.githubusercontent.com/jygameclub/testdataapi/main/mahjong2date/0525_0523&debugStart=627,https://raw.githubusercontent.com/jygameclub/testdataapi/main/mahjong2date/0525_0523/627.json,https://raw.githubusercontent.com/jygameclub/testdataapi/main/mahjong2date/0525_0523,未中奖,0.00,0.00,1,0,0,0,0,0,0,否,否,否,0,0,691546,691546,1291779684893174,9480034.0,9479994.0,
普通空转,628.json,628,0,,https://fish-games.s3.amazonaws.com/MahjongWays2/index.html?env=ceshislot.osshaiwai.com&hasFloat=0&token=436475c81b51e6893c740657870f86b7&language=en&debug=1&debugDataPath=https://raw.githubusercontent.com/jygameclub/testdataapi/main/mahjong2date/0525_0523&debugStart=628,https://raw.githubusercontent.com/jygameclub/testdataapi/main/mahjong2date/0525_0523/628.json,https://raw.githubusercontent.com/jygameclub/testdataapi/main/mahjong2date/0525_0523,未中奖,0.00,0.00,1,0,0,0,0,0,0,否,否,否,0,0,691552,691552,8141779684893958,9479994.0,9479954.0,
普通空转,629.json,629,0,,https://fish-games.s3.amazonaws.com/MahjongWays2/index.html?env=ceshislot.osshaiwai.com&hasFloat=0&token=436475c81b51e6893c740657870f86b7&language=en&debug=1&debugDataPath=https://raw.githubusercontent.com/jygameclub/testdataapi/main/mahjong2date/0525_0523&debugStart=629,https://raw.githubusercontent.com/jygameclub/testdataapi/main/mahjong2date/0525_0523/629.json,https://raw.githubusercontent.com/jygameclub/testdataapi/main/mahjong2date/0525_0523,未中奖,0.00,0.00,1,0,0,0,0,0,0,否,否,否,0,1,691558,691558,9591779684894741,9479954.0,9479914.0,
普通空转,630.json,630,0,,https://fish-games.s3.amazonaws.com/MahjongWays2/index.html?env=ceshislot.osshaiwai.com&hasFloat=0&token=436475c81b51e6893c740657870f86b7&language=en&debug=1&debugDataPath=https://raw.githubusercontent.com/jygameclub/testdataapi/main/mahjong2date/0525_0523&debugStart=630,https://raw.githubusercontent.com/jygameclub/testdataapi/main/mahjong2date/0525_0523/630.json,https://raw.githubusercontent.com/jygameclub/testdataapi/main/mahjong2date/0525_0523,未中奖,0.00,0.00,1,0,0,0,0,0,0,否,否,否,0,1,691567,691567,9651779684896207,9479914.0,9479874.0,
普通空转,631.json,631,0,,https://fish-games.s3.amazonaws.com/MahjongWays2/index.html?env=ceshislot.osshaiwai.com&hasFloat=0&token=436475c81b51e6893c740657870f86b7&language=en&debug=1&debugDataPath=https://raw.githubusercontent.com/jygameclub/testdataapi/main/mahjong2date/0525_0523&debugStart=631,https://raw.githubusercontent.com/jygameclub/testdataapi/main/mahjong2date/0525_0523/631.json,https://raw.githubusercontent.com/jygameclub/testdataapi/main/mahjong2date/0525_0523,未中奖,0.00,0.00,1,0,0,0,0,0,0,否,否,否,0,0,691577,691577,2021779684897607,9479874.0,9479834.0,
普通空转,634.json,634,0,,https://fish-games.s3.amazonaws.com/MahjongWays2/index.html?env=ceshislot.osshaiwai.com&hasFloat=0&token=436475c81b51e6893c740657870f86b7&language=en&debug=1&debugDataPath=https://raw.githubusercontent.com/jygameclub/testdataapi/main/mahjong2date/0525_0523&debugStart=634,https://raw.githubusercontent.com/jygameclub/testdataapi/main/mahjong2date/0525_0523/634.json,https://raw.githubusercontent.com/jygameclub/testdataapi/main/mahjong2date/0525_0523,未中奖,0.00,0.00,1,0,0,0,0,0,0,否,否,否,0,1,691629,691629,9831779684905791,9479924.0,9479884.0,
普通空转,637.json,637,0,,https://fish-games.s3.amazonaws.com/MahjongWays2/index.html?env=ceshislot.osshaiwai.com&hasFloat=0&token=436475c81b51e6893c740657870f86b7&language=en&debug=1&debugDataPath=https://raw.githubusercontent.com/jygameclub/testdataapi/main/mahjong2date/0525_0523&debugStart=637,https://raw.githubusercontent.com/jygameclub/testdataapi/main/mahjong2date/0525_0523/637.json,https://raw.githubusercontent.com/jygameclub/testdataapi/main/mahjong2date/0525_0523,未中奖,0.00,0.00,1,0,0,0,0,0,0,否,否,否,0,0,691686,691686,3611779684914641,9480098.0,9480058.0,
普通空转,638.json,638,0,,https://fish-games.s3.amazonaws.com/MahjongWays2/index.html?env=ceshislot.osshaiwai.com&hasFloat=0&token=436475c81b51e6893c740657870f86b7&language=en&debug=1&debugDataPath=https://raw.githubusercontent.com/jygameclub/testdataapi/main/mahjong2date/0525_0523&debugStart=638,https://raw.githubusercontent.com/jygameclub/testdataapi/main/mahjong2date/0525_0523/638.json,https://raw.githubusercontent.com/jygameclub/testdataapi/main/mahjong2date/0525_0523,未中奖,0.00,0.00,1,0,0,0,0,0,0,否,否,否,0,1,691692,691692,3041779684915424,9480058.0,9480018.0,
普通空转,640.json,640,0,,https://fish-games.s3.amazonaws.com/MahjongWays2/index.html?env=ceshislot.osshaiwai.com&hasFloat=0&token=436475c81b51e6893c740657870f86b7&language=en&debug=1&debugDataPath=https://raw.githubusercontent.com/jygameclub/testdataapi/main/mahjong2date/0525_0523&debugStart=640,https://raw.githubusercontent.com/jygameclub/testdataapi/main/mahjong2date/0525_0523/640.json,https://raw.githubusercontent.com/jygameclub/testdataapi/main/mahjong2date/0525_0523,未中奖,0.00,0.00,1,0,0,0,0,0,0,否,否,否,0,1,691725,691725,7741779684920641,9480026.0,9479986.0,
普通空转,641.json,641,0,,https://fish-games.s3.amazonaws.com/MahjongWays2/index.html?env=ceshislot.osshaiwai.com&hasFloat=0&token=436475c81b51e6893c740657870f86b7&language=en&debug=1&debugDataPath=https://raw.githubusercontent.com/jygameclub/testdataapi/main/mahjong2date/0525_0523&debugStart=641,https://raw.githubusercontent.com/jygameclub/testdataapi/main/mahjong2date/0525_0523/641.json,https://raw.githubusercontent.com/jygameclub/testdataapi/main/mahjong2date/0525_0523,未中奖,0.00,0.00,1,0,0,0,0,0,0,否,否,否,0,2,691735,691735,9001779684922040,9479986.0,9479946.0,
普通空转,642.json,642,0,,https://fish-games.s3.amazonaws.com/MahjongWays2/index.html?env=ceshislot.osshaiwai.com&hasFloat=0&token=436475c81b51e6893c740657870f86b7&language=en&debug=1&debugDataPath=https://raw.githubusercontent.com/jygameclub/testdataapi/main/mahjong2date/0525_0523&debugStart=642,https://raw.githubusercontent.com/jygameclub/testdataapi/main/mahjong2date/0525_0523/642.json,https://raw.githubusercontent.com/jygameclub/testdataapi/main/mahjong2date/0525_0523,未中奖,0.00,0.00,1,0,0,0,0,0,0,否,否,否,0,0,691745,691745,6751779684923541,9479946.0,9479906.0,
普通空转,643.json,643,0,,https://fish-games.s3.amazonaws.com/MahjongWays2/index.html?env=ceshislot.osshaiwai.com&hasFloat=0&token=436475c81b51e6893c740657870f86b7&language=en&debug=1&debugDataPath=https://raw.githubusercontent.com/jygameclub/testdataapi/main/mahjong2date/0525_0523&debugStart=643,https://raw.githubusercontent.com/jygameclub/testdataapi/main/mahjong2date/0525_0523/643.json,https://raw.githubusercontent.com/jygameclub/testdataapi/main/mahjong2date/0525_0523,未中奖,0.00,0.00,1,0,0,0,0,0,0,否,否,否,0,0,691751,691751,9171779684924340,9479906.0,9479866.0,
普通空转,644.json,644,0,,https://fish-games.s3.amazonaws.com/MahjongWays2/index.html?env=ceshislot.osshaiwai.com&hasFloat=0&token=436475c81b51e6893c740657870f86b7&language=en&debug=1&debugDataPath=https://raw.githubusercontent.com/jygameclub/testdataapi/main/mahjong2date/0525_0523&debugStart=644,https://raw.githubusercontent.com/jygameclub/testdataapi/main/mahjong2date/0525_0523/644.json,https://raw.githubusercontent.com/jygameclub/testdataapi/main/mahjong2date/0525_0523,未中奖,0.00,0.00,1,0,0,0,0,0,0,否,否,否,0,1,691757,691757,4511779684925192,9479866.0,9479826.0,
普通空转,645.json,645,0,,https://fish-games.s3.amazonaws.com/MahjongWays2/index.html?env=ceshislot.osshaiwai.com&hasFloat=0&token=436475c81b51e6893c740657870f86b7&language=en&debug=1&debugDataPath=https://raw.githubusercontent.com/jygameclub/testdataapi/main/mahjong2date/0525_0523&debugStart=645,https://raw.githubusercontent.com/jygameclub/testdataapi/main/mahjong2date/0525_0523/645.json,https://raw.githubusercontent.com/jygameclub/testdataapi/main/mahjong2date/0525_0523,未中奖,0.00,0.00,1,0,0,0,0,0,0,否,否,否,0,0,691766,691766,3531779684926590,9479826.0,9479786.0,
普通空转,647.json,647,0,,https://fish-games.s3.amazonaws.com/MahjongWays2/index.html?env=ceshislot.osshaiwai.com&hasFloat=0&token=436475c81b51e6893c740657870f86b7&language=en&debug=1&debugDataPath=https://raw.githubusercontent.com/jygameclub/testdataapi/main/mahjong2date/0525_0523&debugStart=647,https://raw.githubusercontent.com/jygameclub/testdataapi/main/mahjong2date/0525_0523/647.json,https://raw.githubusercontent.com/jygameclub/testdataapi/main/mahjong2date/0525_0523,未中奖,0.00,0.00,1,0,0,0,0,0,0,否,否,否,0,0,691789,691789,4871779684930074,9479758.0,9479718.0,
普通空转,650.json,650,0,,https://fish-games.s3.amazonaws.com/MahjongWays2/index.html?env=ceshislot.osshaiwai.com&hasFloat=0&token=436475c81b51e6893c740657870f86b7&language=en&debug=1&debugDataPath=https://raw.githubusercontent.com/jygameclub/testdataapi/main/mahjong2date/0525_0523&debugStart=650,https://raw.githubusercontent.com/jygameclub/testdataapi/main/mahjong2date/0525_0523/650.json,https://raw.githubusercontent.com/jygameclub/testdataapi/main/mahjong2date/0525_0523,未中奖,0.00,0.00,1,0,0,0,0,0,0,否,否,否,0,0,691850,691850,4941779684939374,9479718.0,9479678.0,
普通空转,651.json,651,0,,https://fish-games.s3.amazonaws.com/MahjongWays2/index.html?env=ceshislot.osshaiwai.com&hasFloat=0&token=436475c81b51e6893c740657870f86b7&language=en&debug=1&debugDataPath=https://raw.githubusercontent.com/jygameclub/testdataapi/main/mahjong2date/0525_0523&debugStart=651,https://raw.githubusercontent.com/jygameclub/testdataapi/main/mahjong2date/0525_0523/651.json,https://raw.githubusercontent.com/jygameclub/testdataapi/main/mahjong2date/0525_0523,未中奖,0.00,0.00,1,0,0,0,0,0,0,否,否,否,0,1,691855,691855,7661779684940157,9479678.0,9479638.0,
普通空转,652.json,652,0,,https://fish-games.s3.amazonaws.com/MahjongWays2/index.html?env=ceshislot.osshaiwai.com&hasFloat=0&token=436475c81b51e6893c740657870f86b7&language=en&debug=1&debugDataPath=https://raw.githubusercontent.com/jygameclub/testdataapi/main/mahjong2date/0525_0523&debugStart=652,https://raw.githubusercontent.com/jygameclub/testdataapi/main/mahjong2date/0525_0523/652.json,https://raw.githubusercontent.com/jygameclub/testdataapi/main/mahjong2date/0525_0523,未中奖,0.00,0.00,1,0,0,0,0,0,0,否,否,否,0,0,691864,691864,4581779684941557,9479638.0,9479598.0,
普通空转,653.json,653,0,,https://fish-games.s3.amazonaws.com/MahjongWays2/index.html?env=ceshislot.osshaiwai.com&hasFloat=0&token=436475c81b51e6893c740657870f86b7&language=en&debug=1&debugDataPath=https://raw.githubusercontent.com/jygameclub/testdataapi/main/mahjong2date/0525_0523&debugStart=653,https://raw.githubusercontent.com/jygameclub/testdataapi/main/mahjong2date/0525_0523/653.json,https://raw.githubusercontent.com/jygameclub/testdataapi/main/mahjong2date/0525_0523,未中奖,0.00,0.00,1,0,0,0,0,0,0,否,否,否,0,0,691869,691869,8491779684942357,9479598.0,9479558.0,
普通空转,654.json,654,0,,https://fish-games.s3.amazonaws.com/MahjongWays2/index.html?env=ceshislot.osshaiwai.com&hasFloat=0&token=436475c81b51e6893c740657870f86b7&language=en&debug=1&debugDataPath=https://raw.githubusercontent.com/jygameclub/testdataapi/main/mahjong2date/0525_0523&debugStart=654,https://raw.githubusercontent.com/jygameclub/testdataapi/main/mahjong2date/0525_0523/654.json,https://raw.githubusercontent.com/jygameclub/testdataapi/main/mahjong2date/0525_0523,未中奖,0.00,0.00,1,0,0,0,0,0,0,否,否,否,0,1,691875,691875,2221779684943141,9479558.0,9479518.0,
普通空转,655.json,655,0,,https://fish-games.s3.amazonaws.com/MahjongWays2/index.html?env=ceshislot.osshaiwai.com&hasFloat=0&token=436475c81b51e6893c740657870f86b7&language=en&debug=1&debugDataPath=https://raw.githubusercontent.com/jygameclub/testdataapi/main/mahjong2date/0525_0523&debugStart=655,https://raw.githubusercontent.com/jygameclub/testdataapi/main/mahjong2date/0525_0523/655.json,https://raw.githubusercontent.com/jygameclub/testdataapi/main/mahjong2date/0525_0523,未中奖,0.00,0.00,1,0,0,0,0,0,0,否,否,否,0,2,691883,691883,8531779684944540,9479518.0,9479478.0,
普通空转,656.json,656,0,,https://fish-games.s3.amazonaws.com/MahjongWays2/index.html?env=ceshislot.osshaiwai.com&hasFloat=0&token=436475c81b51e6893c740657870f86b7&language=en&debug=1&debugDataPath=https://raw.githubusercontent.com/jygameclub/testdataapi/main/mahjong2date/0525_0523&debugStart=656,https://raw.githubusercontent.com/jygameclub/testdataapi/main/mahjong2date/0525_0523/656.json,https://raw.githubusercontent.com/jygameclub/testdataapi/main/mahjong2date/0525_0523,未中奖,0.00,0.00,1,0,0,0,0,0,0,否,否,否,0,0,691893,691893,8811779684946057,9479478.0,9479438.0,
普通空转,657.json,657,0,,https://fish-games.s3.amazonaws.com/MahjongWays2/index.html?env=ceshislot.osshaiwai.com&hasFloat=0&token=436475c81b51e6893c740657870f86b7&language=en&debug=1&debugDataPath=https://raw.githubusercontent.com/jygameclub/testdataapi/main/mahjong2date/0525_0523&debugStart=657,https://raw.githubusercontent.com/jygameclub/testdataapi/main/mahjong2date/0525_0523/657.json,https://raw.githubusercontent.com/jygameclub/testdataapi/main/mahjong2date/0525_0523,未中奖,0.00,0.00,1,0,0,0,0,0,0,否,否,否,0,0,691898,691898,4561779684946841,9479438.0,9479398.0,
普通空转,658.json,658,0,,https://fish-games.s3.amazonaws.com/MahjongWays2/index.html?env=ceshislot.osshaiwai.com&hasFloat=0&token=436475c81b51e6893c740657870f86b7&language=en&debug=1&debugDataPath=https://raw.githubusercontent.com/jygameclub/testdataapi/main/mahjong2date/0525_0523&debugStart=658,https://raw.githubusercontent.com/jygameclub/testdataapi/main/mahjong2date/0525_0523/658.json,https://raw.githubusercontent.com/jygameclub/testdataapi/main/mahjong2date/0525_0523,未中奖,0.00,0.00,1,0,0,0,0,0,0,否,否,否,0,1,691903,691903,2221779684947625,9479398.0,9479358.0,
普通空转,659.json,659,0,,https://fish-games.s3.amazonaws.com/MahjongWays2/index.html?env=ceshislot.osshaiwai.com&hasFloat=0&token=436475c81b51e6893c740657870f86b7&language=en&debug=1&debugDataPath=https://raw.githubusercontent.com/jygameclub/testdataapi/main/mahjong2date/0525_0523&debugStart=659,https://raw.githubusercontent.com/jygameclub/testdataapi/main/mahjong2date/0525_0523/659.json,https://raw.githubusercontent.com/jygameclub/testdataapi/main/mahjong2date/0525_0523,未中奖,0.00,0.00,1,0,0,0,0,0,0,否,否,否,0,0,691911,691911,3721779684949024,9479358.0,9479318.0,
普通空转,660.json,660,0,,https://fish-games.s3.amazonaws.com/MahjongWays2/index.html?env=ceshislot.osshaiwai.com&hasFloat=0&token=436475c81b51e6893c740657870f86b7&language=en&debug=1&debugDataPath=https://raw.githubusercontent.com/jygameclub/testdataapi/main/mahjong2date/0525_0523&debugStart=660,https://raw.githubusercontent.com/jygameclub/testdataapi/main/mahjong2date/0525_0523/660.json,https://raw.githubusercontent.com/jygameclub/testdataapi/main/mahjong2date/0525_0523,未中奖,0.00,0.00,1,0,0,0,0,0,0,否,否,否,0,0,691917,691917,2001779684949806,9479318.0,9479278.0,
普通空转,663.json,663,0,,https://fish-games.s3.amazonaws.com/MahjongWays2/index.html?env=ceshislot.osshaiwai.com&hasFloat=0&token=436475c81b51e6893c740657870f86b7&language=en&debug=1&debugDataPath=https://raw.githubusercontent.com/jygameclub/testdataapi/main/mahjong2date/0525_0523&debugStart=663,https://raw.githubusercontent.com/jygameclub/testdataapi/main/mahjong2date/0525_0523/663.json,https://raw.githubusercontent.com/jygameclub/testdataapi/main/mahjong2date/0525_0523,未中奖,0.00,0.00,1,0,0,0,0,0,0,否,否,否,0,0,692420,692420,3491779685034257,9480016.0,9479976.0,
普通空转,664.json,664,0,,https://fish-games.s3.amazonaws.com/MahjongWays2/index.html?env=ceshislot.osshaiwai.com&hasFloat=0&token=436475c81b51e6893c740657870f86b7&language=en&debug=1&debugDataPath=https://raw.githubusercontent.com/jygameclub/testdataapi/main/mahjong2date/0525_0523&debugStart=664,https://raw.githubusercontent.com/jygameclub/testdataapi/main/mahjong2date/0525_0523/664.json,https://raw.githubusercontent.com/jygameclub/testdataapi/main/mahjong2date/0525_0523,未中奖,0.00,0.00,1,0,0,0,0,0,0,否,否,否,0,1,692427,692427,3301779685035042,9479976.0,9479936.0,
普通空转,665.json,665,0,,https://fish-games.s3.amazonaws.com/MahjongWays2/index.html?env=ceshislot.osshaiwai.com&hasFloat=0&token=436475c81b51e6893c740657870f86b7&language=en&debug=1&debugDataPath=https://raw.githubusercontent.com/jygameclub/testdataapi/main/mahjong2date/0525_0523&debugStart=665,https://raw.githubusercontent.com/jygameclub/testdataapi/main/mahjong2date/0525_0523/665.json,https://raw.githubusercontent.com/jygameclub/testdataapi/main/mahjong2date/0525_0523,未中奖,0.00,0.00,1,0,0,0,0,0,0,否,否,否,0,0,692436,692436,1151779685036457,9479936.0,9479896.0,
普通空转,666.json,666,0,,https://fish-games.s3.amazonaws.com/MahjongWays2/index.html?env=ceshislot.osshaiwai.com&hasFloat=0&token=436475c81b51e6893c740657870f86b7&language=en&debug=1&debugDataPath=https://raw.githubusercontent.com/jygameclub/testdataapi/main/mahjong2date/0525_0523&debugStart=666,https://raw.githubusercontent.com/jygameclub/testdataapi/main/mahjong2date/0525_0523/666.json,https://raw.githubusercontent.com/jygameclub/testdataapi/main/mahjong2date/0525_0523,未中奖,0.00,0.00,1,0,0,0,0,0,0,否,否,否,0,0,692441,692441,5021779685037257,9479896.0,9479856.0,
普通空转,667.json,667,0,,https://fish-games.s3.amazonaws.com/MahjongWays2/index.html?env=ceshislot.osshaiwai.com&hasFloat=0&token=436475c81b51e6893c740657870f86b7&language=en&debug=1&debugDataPath=https://raw.githubusercontent.com/jygameclub/testdataapi/main/mahjong2date/0525_0523&debugStart=667,https://raw.githubusercontent.com/jygameclub/testdataapi/main/mahjong2date/0525_0523/667.json,https://raw.githubusercontent.com/jygameclub/testdataapi/main/mahjong2date/0525_0523,未中奖,0.00,0.00,1,0,0,0,0,0,0,否,否,否,0,0,692448,692448,5991779685038057,9479856.0,9479816.0,
普通空转,670.json,670,0,,https://fish-games.s3.amazonaws.com/MahjongWays2/index.html?env=ceshislot.osshaiwai.com&hasFloat=0&token=436475c81b51e6893c740657870f86b7&language=en&debug=1&debugDataPath=https://raw.githubusercontent.com/jygameclub/testdataapi/main/mahjong2date/0525_0523&debugStart=670,https://raw.githubusercontent.com/jygameclub/testdataapi/main/mahjong2date/0525_0523/670.json,https://raw.githubusercontent.com/jygameclub/testdataapi/main/mahjong2date/0525_0523,未中奖,0.00,0.00,1,0,0,0,0,0,0,否,否,否,0,0,692508,692508,5621779685047456,9479786.0,9479746.0,
普通空转,671.json,671,0,,https://fish-games.s3.amazonaws.com/MahjongWays2/index.html?env=ceshislot.osshaiwai.com&hasFloat=0&token=436475c81b51e6893c740657870f86b7&language=en&debug=1&debugDataPath=https://raw.githubusercontent.com/jygameclub/testdataapi/main/mahjong2date/0525_0523&debugStart=671,https://raw.githubusercontent.com/jygameclub/testdataapi/main/mahjong2date/0525_0523/671.json,https://raw.githubusercontent.com/jygameclub/testdataapi/main/mahjong2date/0525_0523,未中奖,0.00,0.00,1,0,0,0,0,0,0,否,否,否,0,2,692513,692513,5391779685048258,9479746.0,9479706.0,
普通空转,672.json,672,0,,https://fish-games.s3.amazonaws.com/MahjongWays2/index.html?env=ceshislot.osshaiwai.com&hasFloat=0&token=436475c81b51e6893c740657870f86b7&language=en&debug=1&debugDataPath=https://raw.githubusercontent.com/jygameclub/testdataapi/main/mahjong2date/0525_0523&debugStart=672,https://raw.githubusercontent.com/jygameclub/testdataapi/main/mahjong2date/0525_0523/672.json,https://raw.githubusercontent.com/jygameclub/testdataapi/main/mahjong2date/0525_0523,未中奖,0.00,0.00,1,0,0,0,0,0,0,否,否,否,0,1,692524,692524,3101779685049840,9479706.0,9479666.0,
普通空转,673.json,673,0,,https://fish-games.s3.amazonaws.com/MahjongWays2/index.html?env=ceshislot.osshaiwai.com&hasFloat=0&token=436475c81b51e6893c740657870f86b7&language=en&debug=1&debugDataPath=https://raw.githubusercontent.com/jygameclub/testdataapi/main/mahjong2date/0525_0523&debugStart=673,https://raw.githubusercontent.com/jygameclub/testdataapi/main/mahjong2date/0525_0523/673.json,https://raw.githubusercontent.com/jygameclub/testdataapi/main/mahjong2date/0525_0523,未中奖,0.00,0.00,1,0,0,0,0,0,0,否,否,否,0,0,692533,692533,2141779685051240,9479666.0,9479626.0,
普通空转,674.json,674,0,,https://fish-games.s3.amazonaws.com/MahjongWays2/index.html?env=ceshislot.osshaiwai.com&hasFloat=0&token=436475c81b51e6893c740657870f86b7&language=en&debug=1&debugDataPath=https://raw.githubusercontent.com/jygameclub/testdataapi/main/mahjong2date/0525_0523&debugStart=674,https://raw.githubusercontent.com/jygameclub/testdataapi/main/mahjong2date/0525_0523/674.json,https://raw.githubusercontent.com/jygameclub/testdataapi/main/mahjong2date/0525_0523,未中奖,0.00,0.00,1,0,0,0,0,0,0,否,否,否,0,0,692539,692539,1961779685052090,9479626.0,9479586.0,
普通空转,675.json,675,0,,https://fish-games.s3.amazonaws.com/MahjongWays2/index.html?env=ceshislot.osshaiwai.com&hasFloat=0&token=436475c81b51e6893c740657870f86b7&language=en&debug=1&debugDataPath=https://raw.githubusercontent.com/jygameclub/testdataapi/main/mahjong2date/0525_0523&debugStart=675,https://raw.githubusercontent.com/jygameclub/testdataapi/main/mahjong2date/0525_0523/675.json,https://raw.githubusercontent.com/jygameclub/testdataapi/main/mahjong2date/0525_0523,未中奖,0.00,0.00,1,0,0,0,0,0,0,否,否,否,0,0,692544,692544,1551779685052873,9479586.0,9479546.0,
普通空转,676.json,676,0,,https://fish-games.s3.amazonaws.com/MahjongWays2/index.html?env=ceshislot.osshaiwai.com&hasFloat=0&token=436475c81b51e6893c740657870f86b7&language=en&debug=1&debugDataPath=https://raw.githubusercontent.com/jygameclub/testdataapi/main/mahjong2date/0525_0523&debugStart=676,https://raw.githubusercontent.com/jygameclub/testdataapi/main/mahjong2date/0525_0523/676.json,https://raw.githubusercontent.com/jygameclub/testdataapi/main/mahjong2date/0525_0523,未中奖,0.00,0.00,1,0,0,0,0,0,0,否,否,否,0,1,692549,692549,1631779685053657,9479546.0,9479506.0,
普通空转,679.json,679,0,,https://fish-games.s3.amazonaws.com/MahjongWays2/index.html?env=ceshislot.osshaiwai.com&hasFloat=0&token=436475c81b51e6893c740657870f86b7&language=en&debug=1&debugDataPath=https://raw.githubusercontent.com/jygameclub/testdataapi/main/mahjong2date/0525_0523&debugStart=679,https://raw.githubusercontent.com/jygameclub/testdataapi/main/mahjong2date/0525_0523/679.json,https://raw.githubusercontent.com/jygameclub/testdataapi/main/mahjong2date/0525_0523,未中奖,0.00,0.00,1,0,0,0,0,0,0,否,否,否,0,1,692676,692676,7951779685074640,9480360.0,9480320.0,
普通空转,680.json,680,0,,https://fish-games.s3.amazonaws.com/MahjongWays2/index.html?env=ceshislot.osshaiwai.com&hasFloat=0&token=436475c81b51e6893c740657870f86b7&language=en&debug=1&debugDataPath=https://raw.githubusercontent.com/jygameclub/testdataapi/main/mahjong2date/0525_0523&debugStart=680,https://raw.githubusercontent.com/jygameclub/testdataapi/main/mahjong2date/0525_0523/680.json,https://raw.githubusercontent.com/jygameclub/testdataapi/main/mahjong2date/0525_0523,未中奖,0.00,0.00,1,0,0,0,0,0,0,否,否,否,0,0,692686,692686,6761779685076040,9480320.0,9480280.0,
普通空转,682.json,682,0,,https://fish-games.s3.amazonaws.com/MahjongWays2/index.html?env=ceshislot.osshaiwai.com&hasFloat=0&token=436475c81b51e6893c740657870f86b7&language=en&debug=1&debugDataPath=https://raw.githubusercontent.com/jygameclub/testdataapi/main/mahjong2date/0525_0523&debugStart=682,https://raw.githubusercontent.com/jygameclub/testdataapi/main/mahjong2date/0525_0523/682.json,https://raw.githubusercontent.com/jygameclub/testdataapi/main/mahjong2date/0525_0523,未中奖,0.00,0.00,1,0,0,0,0,0,0,否,否,否,0,0,692716,692716,2881779685080723,9480246.0,9480206.0,
普通空转,683.json,683,0,,https://fish-games.s3.amazonaws.com/MahjongWays2/index.html?env=ceshislot.osshaiwai.com&hasFloat=0&token=436475c81b51e6893c740657870f86b7&language=en&debug=1&debugDataPath=https://raw.githubusercontent.com/jygameclub/testdataapi/main/mahjong2date/0525_0523&debugStart=683,https://raw.githubusercontent.com/jygameclub/testdataapi/main/mahjong2date/0525_0523/683.json,https://raw.githubusercontent.com/jygameclub/testdataapi/main/mahjong2date/0525_0523,未中奖,0.00,0.00,1,0,0,0,0,0,0,否,否,否,0,0,692721,692721,2281779685081523,9480206.0,9480166.0,
普通空转,684.json,684,0,,https://fish-games.s3.amazonaws.com/MahjongWays2/index.html?env=ceshislot.osshaiwai.com&hasFloat=0&token=436475c81b51e6893c740657870f86b7&language=en&debug=1&debugDataPath=https://raw.githubusercontent.com/jygameclub/testdataapi/main/mahjong2date/0525_0523&debugStart=684,https://raw.githubusercontent.com/jygameclub/testdataapi/main/mahjong2date/0525_0523/684.json,https://raw.githubusercontent.com/jygameclub/testdataapi/main/mahjong2date/0525_0523,未中奖,0.00,0.00,1,0,0,0,0,0,0,否,否,否,0,0,692727,692727,5211779685082390,9480166.0,9480126.0,
普通空转,685.json,685,0,,https://fish-games.s3.amazonaws.com/MahjongWays2/index.html?env=ceshislot.osshaiwai.com&hasFloat=0&token=436475c81b51e6893c740657870f86b7&language=en&debug=1&debugDataPath=https://raw.githubusercontent.com/jygameclub/testdataapi/main/mahjong2date/0525_0523&debugStart=685,https://raw.githubusercontent.com/jygameclub/testdataapi/main/mahjong2date/0525_0523/685.json,https://raw.githubusercontent.com/jygameclub/testdataapi/main/mahjong2date/0525_0523,未中奖,0.00,0.00,1,0,0,0,0,0,0,否,否,否,0,0,692733,692733,4851779685083174,9480126.0,9480086.0,
普通空转,686.json,686,0,,https://fish-games.s3.amazonaws.com/MahjongWays2/index.html?env=ceshislot.osshaiwai.com&hasFloat=0&token=436475c81b51e6893c740657870f86b7&language=en&debug=1&debugDataPath=https://raw.githubusercontent.com/jygameclub/testdataapi/main/mahjong2date/0525_0523&debugStart=686,https://raw.githubusercontent.com/jygameclub/testdataapi/main/mahjong2date/0525_0523/686.json,https://raw.githubusercontent.com/jygameclub/testdataapi/main/mahjong2date/0525_0523,未中奖,0.00,0.00,1,0,0,0,0,0,0,否,否,否,0,0,692739,692739,8511779685084023,9480086.0,9480046.0,
普通空转,687.json,687,0,,https://fish-games.s3.amazonaws.com/MahjongWays2/index.html?env=ceshislot.osshaiwai.com&hasFloat=0&token=436475c81b51e6893c740657870f86b7&language=en&debug=1&debugDataPath=https://raw.githubusercontent.com/jygameclub/testdataapi/main/mahjong2date/0525_0523&debugStart=687,https://raw.githubusercontent.com/jygameclub/testdataapi/main/mahjong2date/0525_0523/687.json,https://raw.githubusercontent.com/jygameclub/testdataapi/main/mahjong2date/0525_0523,未中奖,0.00,0.00,1,0,0,0,0,0,0,否,否,否,0,0,692744,692744,6811779685084806,9480046.0,9480006.0,
普通空转,691.json,691,0,,https://fish-games.s3.amazonaws.com/MahjongWays2/index.html?env=ceshislot.osshaiwai.com&hasFloat=0&token=436475c81b51e6893c740657870f86b7&language=en&debug=1&debugDataPath=https://raw.githubusercontent.com/jygameclub/testdataapi/main/mahjong2date/0525_0523&debugStart=691,https://raw.githubusercontent.com/jygameclub/testdataapi/main/mahjong2date/0525_0523/691.json,https://raw.githubusercontent.com/jygameclub/testdataapi/main/mahjong2date/0525_0523,未中奖,0.00,0.00,1,0,0,0,0,0,0,否,否,否,0,0,692835,692835,9271779685098856,9479954.0,9479914.0,
普通空转,692.json,692,0,,https://fish-games.s3.amazonaws.com/MahjongWays2/index.html?env=ceshislot.osshaiwai.com&hasFloat=0&token=436475c81b51e6893c740657870f86b7&language=en&debug=1&debugDataPath=https://raw.githubusercontent.com/jygameclub/testdataapi/main/mahjong2date/0525_0523&debugStart=692,https://raw.githubusercontent.com/jygameclub/testdataapi/main/mahjong2date/0525_0523/692.json,https://raw.githubusercontent.com/jygameclub/testdataapi/main/mahjong2date/0525_0523,未中奖,0.00,0.00,1,0,0,0,0,0,0,否,否,否,0,0,692840,692840,5761779685099656,9479914.0,9479874.0,
普通空转,695.json,695,0,,https://fish-games.s3.amazonaws.com/MahjongWays2/index.html?env=ceshislot.osshaiwai.com&hasFloat=0&token=436475c81b51e6893c740657870f86b7&language=en&debug=1&debugDataPath=https://raw.githubusercontent.com/jygameclub/testdataapi/main/mahjong2date/0525_0523&debugStart=695,https://raw.githubusercontent.com/jygameclub/testdataapi/main/mahjong2date/0525_0523/695.json,https://raw.githubusercontent.com/jygameclub/testdataapi/main/mahjong2date/0525_0523,未中奖,0.00,0.00,1,0,0,0,0,0,0,否,否,否,0,1,692885,692885,9631779685106858,9479946.0,9479906.0,
普通空转,697.json,697,0,,https://fish-games.s3.amazonaws.com/MahjongWays2/index.html?env=ceshislot.osshaiwai.com&hasFloat=0&token=436475c81b51e6893c740657870f86b7&language=en&debug=1&debugDataPath=https://raw.githubusercontent.com/jygameclub/testdataapi/main/mahjong2date/0525_0523&debugStart=697,https://raw.githubusercontent.com/jygameclub/testdataapi/main/mahjong2date/0525_0523/697.json,https://raw.githubusercontent.com/jygameclub/testdataapi/main/mahjong2date/0525_0523,未中奖,0.00,0.00,1,0,0,0,0,0,0,否,否,否,0,1,692955,692955,2951779685118207,9479976.0,9479936.0,
普通空转,699.json,699,0,,https://fish-games.s3.amazonaws.com/MahjongWays2/index.html?env=ceshislot.osshaiwai.com&hasFloat=0&token=436475c81b51e6893c740657870f86b7&language=en&debug=1&debugDataPath=https://raw.githubusercontent.com/jygameclub/testdataapi/main/mahjong2date/0525_0523&debugStart=699,https://raw.githubusercontent.com/jygameclub/testdataapi/main/mahjong2date/0525_0523/699.json,https://raw.githubusercontent.com/jygameclub/testdataapi/main/mahjong2date/0525_0523,未中奖,0.00,0.00,1,0,0,0,0,0,0,否,否,否,0,0,692981,692981,5621779685122256,9479900.0,9479860.0,
普通空转,700.json,700,0,,https://fish-games.s3.amazonaws.com/MahjongWays2/index.html?env=ceshislot.osshaiwai.com&hasFloat=0&token=436475c81b51e6893c740657870f86b7&language=en&debug=1&debugDataPath=https://raw.githubusercontent.com/jygameclub/testdataapi/main/mahjong2date/0525_0523&debugStart=700,https://raw.githubusercontent.com/jygameclub/testdataapi/main/mahjong2date/0525_0523/700.json,https://raw.githubusercontent.com/jygameclub/testdataapi/main/mahjong2date/0525_0523,未中奖,0.00,0.00,1,0,0,0,0,0,0,否,否,否,0,0,692987,692987,9871779685123041,9479860.0,9479820.0,
普通空转,702.json,702,0,,https://fish-games.s3.amazonaws.com/MahjongWays2/index.html?env=ceshislot.osshaiwai.com&hasFloat=0&token=436475c81b51e6893c740657870f86b7&language=en&debug=1&debugDataPath=https://raw.githubusercontent.com/jygameclub/testdataapi/main/mahjong2date/0525_0523&debugStart=702,https://raw.githubusercontent.com/jygameclub/testdataapi/main/mahjong2date/0525_0523/702.json,https://raw.githubusercontent.com/jygameclub/testdataapi/main/mahjong2date/0525_0523,未中奖,0.00,0.00,1,0,0,0,0,0,0,否,否,否,0,0,693011,693011,3261779685126556,9479798.0,9479758.0,
普通空转,703.json,703,0,,https://fish-games.s3.amazonaws.com/MahjongWays2/index.html?env=ceshislot.osshaiwai.com&hasFloat=0&token=436475c81b51e6893c740657870f86b7&language=en&debug=1&debugDataPath=https://raw.githubusercontent.com/jygameclub/testdataapi/main/mahjong2date/0525_0523&debugStart=703,https://raw.githubusercontent.com/jygameclub/testdataapi/main/mahjong2date/0525_0523/703.json,https://raw.githubusercontent.com/jygameclub/testdataapi/main/mahjong2date/0525_0523,未中奖,0.00,0.00,1,0,0,0,0,0,0,否,否,否,0,0,693016,693016,1651779685127357,9479758.0,9479718.0,
普通空转,704.json,704,0,,https://fish-games.s3.amazonaws.com/MahjongWays2/index.html?env=ceshislot.osshaiwai.com&hasFloat=0&token=436475c81b51e6893c740657870f86b7&language=en&debug=1&debugDataPath=https://raw.githubusercontent.com/jygameclub/testdataapi/main/mahjong2date/0525_0523&debugStart=704,https://raw.githubusercontent.com/jygameclub/testdataapi/main/mahjong2date/0525_0523/704.json,https://raw.githubusercontent.com/jygameclub/testdataapi/main/mahjong2date/0525_0523,未中奖,0.00,0.00,1,0,0,0,0,0,0,否,否,否,0,0,693022,693022,5211779685128157,9479718.0,9479678.0,
普通空转,705.json,705,0,,https://fish-games.s3.amazonaws.com/MahjongWays2/index.html?env=ceshislot.osshaiwai.com&hasFloat=0&token=436475c81b51e6893c740657870f86b7&language=en&debug=1&debugDataPath=https://raw.githubusercontent.com/jygameclub/testdataapi/main/mahjong2date/0525_0523&debugStart=705,https://raw.githubusercontent.com/jygameclub/testdataapi/main/mahjong2date/0525_0523/705.json,https://raw.githubusercontent.com/jygameclub/testdataapi/main/mahjong2date/0525_0523,未中奖,0.00,0.00,1,0,0,0,0,0,0,否,否,否,0,0,693027,693027,3431779685129006,9479678.0,9479638.0,
普通空转,706.json,706,0,,https://fish-games.s3.amazonaws.com/MahjongWays2/index.html?env=ceshislot.osshaiwai.com&hasFloat=0&token=436475c81b51e6893c740657870f86b7&language=en&debug=1&debugDataPath=https://raw.githubusercontent.com/jygameclub/testdataapi/main/mahjong2date/0525_0523&debugStart=706,https://raw.githubusercontent.com/jygameclub/testdataapi/main/mahjong2date/0525_0523/706.json,https://raw.githubusercontent.com/jygameclub/testdataapi/main/mahjong2date/0525_0523,未中奖,0.00,0.00,1,0,0,0,0,0,0,否,否,否,0,0,693032,693032,2741779685129791,9479638.0,9479598.0,
普通空转,707.json,707,0,,https://fish-games.s3.amazonaws.com/MahjongWays2/index.html?env=ceshislot.osshaiwai.com&hasFloat=0&token=436475c81b51e6893c740657870f86b7&language=en&debug=1&debugDataPath=https://raw.githubusercontent.com/jygameclub/testdataapi/main/mahjong2date/0525_0523&debugStart=707,https://raw.githubusercontent.com/jygameclub/testdataapi/main/mahjong2date/0525_0523/707.json,https://raw.githubusercontent.com/jygameclub/testdataapi/main/mahjong2date/0525_0523,未中奖,0.00,0.00,1,0,0,0,0,0,0,否,否,否,0,0,693038,693038,1471779685130591,9479598.0,9479558.0,
普通空转,708.json,708,0,,https://fish-games.s3.amazonaws.com/MahjongWays2/index.html?env=ceshislot.osshaiwai.com&hasFloat=0&token=436475c81b51e6893c740657870f86b7&language=en&debug=1&debugDataPath=https://raw.githubusercontent.com/jygameclub/testdataapi/main/mahjong2date/0525_0523&debugStart=708,https://raw.githubusercontent.com/jygameclub/testdataapi/main/mahjong2date/0525_0523/708.json,https://raw.githubusercontent.com/jygameclub/testdataapi/main/mahjong2date/0525_0523,未中奖,0.00,0.00,1,0,0,0,0,0,0,否,否,否,0,0,693044,693044,2101779685131374,9479558.0,9479518.0,
普通空转,709.json,709,0,,https://fish-games.s3.amazonaws.com/MahjongWays2/index.html?env=ceshislot.osshaiwai.com&hasFloat=0&token=436475c81b51e6893c740657870f86b7&language=en&debug=1&debugDataPath=https://raw.githubusercontent.com/jygameclub/testdataapi/main/mahjong2date/0525_0523&debugStart=709,https://raw.githubusercontent.com/jygameclub/testdataapi/main/mahjong2date/0525_0523/709.json,https://raw.githubusercontent.com/jygameclub/testdataapi/main/mahjong2date/0525_0523,未中奖,0.00,0.00,1,0,0,0,0,0,0,否,否,否,0,0,693050,693050,2101779685132173,9479518.0,9479478.0,
普通空转,710.json,710,0,,https://fish-games.s3.amazonaws.com/MahjongWays2/index.html?env=ceshislot.osshaiwai.com&hasFloat=0&token=436475c81b51e6893c740657870f86b7&language=en&debug=1&debugDataPath=https://raw.githubusercontent.com/jygameclub/testdataapi/main/mahjong2date/0525_0523&debugStart=710,https://raw.githubusercontent.com/jygameclub/testdataapi/main/mahjong2date/0525_0523/710.json,https://raw.githubusercontent.com/jygameclub/testdataapi/main/mahjong2date/0525_0523,未中奖,0.00,0.00,1,0,0,0,0,0,0,否,否,否,0,0,693055,693055,8801779685133041,9479478.0,9479438.0,
普通空转,711.json,711,0,,https://fish-games.s3.amazonaws.com/MahjongWays2/index.html?env=ceshislot.osshaiwai.com&hasFloat=0&token=436475c81b51e6893c740657870f86b7&language=en&debug=1&debugDataPath=https://raw.githubusercontent.com/jygameclub/testdataapi/main/mahjong2date/0525_0523&debugStart=711,https://raw.githubusercontent.com/jygameclub/testdataapi/main/mahjong2date/0525_0523/711.json,https://raw.githubusercontent.com/jygameclub/testdataapi/main/mahjong2date/0525_0523,未中奖,0.00,0.00,1,0,0,0,0,0,0,否,否,否,0,1,693061,693061,5021779685133824,9479438.0,9479398.0,
普通空转,712.json,712,0,,https://fish-games.s3.amazonaws.com/MahjongWays2/index.html?env=ceshislot.osshaiwai.com&hasFloat=0&token=436475c81b51e6893c740657870f86b7&language=en&debug=1&debugDataPath=https://raw.githubusercontent.com/jygameclub/testdataapi/main/mahjong2date/0525_0523&debugStart=712,https://raw.githubusercontent.com/jygameclub/testdataapi/main/mahjong2date/0525_0523/712.json,https://raw.githubusercontent.com/jygameclub/testdataapi/main/mahjong2date/0525_0523,未中奖,0.00,0.00,1,0,0,0,0,0,0,否,否,否,0,0,693070,693070,2281779685135223,9479398.0,9479358.0,
普通空转,713.json,713,0,,https://fish-games.s3.amazonaws.com/MahjongWays2/index.html?env=ceshislot.osshaiwai.com&hasFloat=0&token=436475c81b51e6893c740657870f86b7&language=en&debug=1&debugDataPath=https://raw.githubusercontent.com/jygameclub/testdataapi/main/mahjong2date/0525_0523&debugStart=713,https://raw.githubusercontent.com/jygameclub/testdataapi/main/mahjong2date/0525_0523/713.json,https://raw.githubusercontent.com/jygameclub/testdataapi/main/mahjong2date/0525_0523,未中奖,0.00,0.00,1,0,0,0,0,0,0,否,否,否,0,0,693075,693075,6031779685136006,9479358.0,9479318.0,
普通空转,716.json,716,0,,https://fish-games.s3.amazonaws.com/MahjongWays2/index.html?env=ceshislot.osshaiwai.com&hasFloat=0&token=436475c81b51e6893c740657870f86b7&language=en&debug=1&debugDataPath=https://raw.githubusercontent.com/jygameclub/testdataapi/main/mahjong2date/0525_0523&debugStart=716,https://raw.githubusercontent.com/jygameclub/testdataapi/main/mahjong2date/0525_0523/716.json,https://raw.githubusercontent.com/jygameclub/testdataapi/main/mahjong2date/0525_0523,未中奖,0.00,0.00,1,0,0,0,0,0,0,否,否,否,0,0,693120,693120,6321779685143189,9479248.0,9479208.0,
普通空转,717.json,717,0,,https://fish-games.s3.amazonaws.com/MahjongWays2/index.html?env=ceshislot.osshaiwai.com&hasFloat=0&token=436475c81b51e6893c740657870f86b7&language=en&debug=1&debugDataPath=https://raw.githubusercontent.com/jygameclub/testdataapi/main/mahjong2date/0525_0523&debugStart=717,https://raw.githubusercontent.com/jygameclub/testdataapi/main/mahjong2date/0525_0523/717.json,https://raw.githubusercontent.com/jygameclub/testdataapi/main/mahjong2date/0525_0523,未中奖,0.00,0.00,1,0,0,0,0,0,0,否,否,否,0,0,693126,693126,9471779685143989,9479208.0,9479168.0,
普通空转,718.json,718,0,,https://fish-games.s3.amazonaws.com/MahjongWays2/index.html?env=ceshislot.osshaiwai.com&hasFloat=0&token=436475c81b51e6893c740657870f86b7&language=en&debug=1&debugDataPath=https://raw.githubusercontent.com/jygameclub/testdataapi/main/mahjong2date/0525_0523&debugStart=718,https://raw.githubusercontent.com/jygameclub/testdataapi/main/mahjong2date/0525_0523/718.json,https://raw.githubusercontent.com/jygameclub/testdataapi/main/mahjong2date/0525_0523,未中奖,0.00,0.00,1,0,0,0,0,0,0,否,否,否,0,0,693132,693132,3491779685144775,9479168.0,9479128.0,
普通空转,719.json,719,0,,https://fish-games.s3.amazonaws.com/MahjongWays2/index.html?env=ceshislot.osshaiwai.com&hasFloat=0&token=436475c81b51e6893c740657870f86b7&language=en&debug=1&debugDataPath=https://raw.githubusercontent.com/jygameclub/testdataapi/main/mahjong2date/0525_0523&debugStart=719,https://raw.githubusercontent.com/jygameclub/testdataapi/main/mahjong2date/0525_0523/719.json,https://raw.githubusercontent.com/jygameclub/testdataapi/main/mahjong2date/0525_0523,未中奖,0.00,0.00,1,0,0,0,0,0,0,否,否,否,0,0,693137,693137,7631779685145557,9479128.0,9479088.0,
普通空转,720.json,720,0,,https://fish-games.s3.amazonaws.com/MahjongWays2/index.html?env=ceshislot.osshaiwai.com&hasFloat=0&token=436475c81b51e6893c740657870f86b7&language=en&debug=1&debugDataPath=https://raw.githubusercontent.com/jygameclub/testdataapi/main/mahjong2date/0525_0523&debugStart=720,https://raw.githubusercontent.com/jygameclub/testdataapi/main/mahjong2date/0525_0523/720.json,https://raw.githubusercontent.com/jygameclub/testdataapi/main/mahjong2date/0525_0523,未中奖,0.00,0.00,1,0,0,0,0,0,0,否,否,否,0,1,693142,693142,5761779685146341,9479088.0,9479048.0,
普通空转,721.json,721,0,,https://fish-games.s3.amazonaws.com/MahjongWays2/index.html?env=ceshislot.osshaiwai.com&hasFloat=0&token=436475c81b51e6893c740657870f86b7&language=en&debug=1&debugDataPath=https://raw.githubusercontent.com/jygameclub/testdataapi/main/mahjong2date/0525_0523&debugStart=721,https://raw.githubusercontent.com/jygameclub/testdataapi/main/mahjong2date/0525_0523/721.json,https://raw.githubusercontent.com/jygameclub/testdataapi/main/mahjong2date/0525_0523,未中奖,0.00,0.00,1,0,0,0,0,0,0,否,否,否,0,0,693150,693150,1231779685147739,9479048.0,9479008.0,
普通空转,723.json,723,0,,https://fish-games.s3.amazonaws.com/MahjongWays2/index.html?env=ceshislot.osshaiwai.com&hasFloat=0&token=436475c81b51e6893c740657870f86b7&language=en&debug=1&debugDataPath=https://raw.githubusercontent.com/jygameclub/testdataapi/main/mahjong2date/0525_0523&debugStart=723,https://raw.githubusercontent.com/jygameclub/testdataapi/main/mahjong2date/0525_0523/723.json,https://raw.githubusercontent.com/jygameclub/testdataapi/main/mahjong2date/0525_0523,未中奖,0.00,0.00,1,0,0,0,0,0,0,否,否,否,0,0,693172,693172,9941779685151174,9478980.0,9478940.0,
普通空转,724.json,724,0,,https://fish-games.s3.amazonaws.com/MahjongWays2/index.html?env=ceshislot.osshaiwai.com&hasFloat=0&token=436475c81b51e6893c740657870f86b7&language=en&debug=1&debugDataPath=https://raw.githubusercontent.com/jygameclub/testdataapi/main/mahjong2date/0525_0523&debugStart=724,https://raw.githubusercontent.com/jygameclub/testdataapi/main/mahjong2date/0525_0523/724.json,https://raw.githubusercontent.com/jygameclub/testdataapi/main/mahjong2date/0525_0523,未中奖,0.00,0.00,1,0,0,0,0,0,0,否,否,否,0,0,693177,693177,2721779685151959,9478940.0,9478900.0,
普通空转,726.json,726,0,,https://fish-games.s3.amazonaws.com/MahjongWays2/index.html?env=ceshislot.osshaiwai.com&hasFloat=0&token=436475c81b51e6893c740657870f86b7&language=en&debug=1&debugDataPath=https://raw.githubusercontent.com/jygameclub/testdataapi/main/mahjong2date/0525_0523&debugStart=726,https://raw.githubusercontent.com/jygameclub/testdataapi/main/mahjong2date/0525_0523/726.json,https://raw.githubusercontent.com/jygameclub/testdataapi/main/mahjong2date/0525_0523,未中奖,0.00,0.00,1,0,0,0,0,0,0,否,否,否,0,0,693200,693200,4511779685155424,9478866.0,9478826.0,
普通空转,727.json,727,0,,https://fish-games.s3.amazonaws.com/MahjongWays2/index.html?env=ceshislot.osshaiwai.com&hasFloat=0&token=436475c81b51e6893c740657870f86b7&language=en&debug=1&debugDataPath=https://raw.githubusercontent.com/jygameclub/testdataapi/main/mahjong2date/0525_0523&debugStart=727,https://raw.githubusercontent.com/jygameclub/testdataapi/main/mahjong2date/0525_0523/727.json,https://raw.githubusercontent.com/jygameclub/testdataapi/main/mahjong2date/0525_0523,未中奖,0.00,0.00,1,0,0,0,0,0,0,否,否,否,0,1,693205,693205,8781779685156207,9478826.0,9478786.0,
普通空转,728.json,728,0,,https://fish-games.s3.amazonaws.com/MahjongWays2/index.html?env=ceshislot.osshaiwai.com&hasFloat=0&token=436475c81b51e6893c740657870f86b7&language=en&debug=1&debugDataPath=https://raw.githubusercontent.com/jygameclub/testdataapi/main/mahjong2date/0525_0523&debugStart=728,https://raw.githubusercontent.com/jygameclub/testdataapi/main/mahjong2date/0525_0523/728.json,https://raw.githubusercontent.com/jygameclub/testdataapi/main/mahjong2date/0525_0523,未中奖,0.00,0.00,1,0,0,0,0,0,0,否,否,否,0,0,693213,693213,8851779685157606,9478786.0,9478746.0,
普通空转,730.json,730,0,,https://fish-games.s3.amazonaws.com/MahjongWays2/index.html?env=ceshislot.osshaiwai.com&hasFloat=0&token=436475c81b51e6893c740657870f86b7&language=en&debug=1&debugDataPath=https://raw.githubusercontent.com/jygameclub/testdataapi/main/mahjong2date/0525_0523&debugStart=730,https://raw.githubusercontent.com/jygameclub/testdataapi/main/mahjong2date/0525_0523/730.json,https://raw.githubusercontent.com/jygameclub/testdataapi/main/mahjong2date/0525_0523,未中奖,0.00,0.00,1,0,0,0,0,0,0,否,否,否,0,0,693236,693236,8281779685161142,9478750.0,9478710.0,
普通空转,731.json,731,0,,https://fish-games.s3.amazonaws.com/MahjongWays2/index.html?env=ceshislot.osshaiwai.com&hasFloat=0&token=436475c81b51e6893c740657870f86b7&language=en&debug=1&debugDataPath=https://raw.githubusercontent.com/jygameclub/testdataapi/main/mahjong2date/0525_0523&debugStart=731,https://raw.githubusercontent.com/jygameclub/testdataapi/main/mahjong2date/0525_0523/731.json,https://raw.githubusercontent.com/jygameclub/testdataapi/main/mahjong2date/0525_0523,未中奖,0.00,0.00,1,0,0,0,0,0,0,否,否,否,0,2,693241,693241,3051779685161940,9478710.0,9478670.0,
普通空转,732.json,732,0,,https://fish-games.s3.amazonaws.com/MahjongWays2/index.html?env=ceshislot.osshaiwai.com&hasFloat=0&token=436475c81b51e6893c740657870f86b7&language=en&debug=1&debugDataPath=https://raw.githubusercontent.com/jygameclub/testdataapi/main/mahjong2date/0525_0523&debugStart=732,https://raw.githubusercontent.com/jygameclub/testdataapi/main/mahjong2date/0525_0523/732.json,https://raw.githubusercontent.com/jygameclub/testdataapi/main/mahjong2date/0525_0523,未中奖,0.00,0.00,1,0,0,0,0,0,0,否,否,否,0,0,693251,693251,3701779685163441,9478670.0,9478630.0,
普通空转,734.json,734,0,,https://fish-games.s3.amazonaws.com/MahjongWays2/index.html?env=ceshislot.osshaiwai.com&hasFloat=0&token=436475c81b51e6893c740657870f86b7&language=en&debug=1&debugDataPath=https://raw.githubusercontent.com/jygameclub/testdataapi/main/mahjong2date/0525_0523&debugStart=734,https://raw.githubusercontent.com/jygameclub/testdataapi/main/mahjong2date/0525_0523/734.json,https://raw.githubusercontent.com/jygameclub/testdataapi/main/mahjong2date/0525_0523,未中奖,0.00,0.00,1,0,0,0,0,0,0,否,否,否,0,0,693286,693286,2161779685168957,9478718.0,9478678.0,
普通空转,735.json,735,0,,https://fish-games.s3.amazonaws.com/MahjongWays2/index.html?env=ceshislot.osshaiwai.com&hasFloat=0&token=436475c81b51e6893c740657870f86b7&language=en&debug=1&debugDataPath=https://raw.githubusercontent.com/jygameclub/testdataapi/main/mahjong2date/0525_0523&debugStart=735,https://raw.githubusercontent.com/jygameclub/testdataapi/main/mahjong2date/0525_0523/735.json,https://raw.githubusercontent.com/jygameclub/testdataapi/main/mahjong2date/0525_0523,未中奖,0.00,0.00,1,0,0,0,0,0,0,否,否,否,0,1,693292,693292,8721779685169759,9478678.0,9478638.0,
普通空转,737.json,737,0,,https://fish-games.s3.amazonaws.com/MahjongWays2/index.html?env=ceshislot.osshaiwai.com&hasFloat=0&token=436475c81b51e6893c740657870f86b7&language=en&debug=1&debugDataPath=https://raw.githubusercontent.com/jygameclub/testdataapi/main/mahjong2date/0525_0523&debugStart=737,https://raw.githubusercontent.com/jygameclub/testdataapi/main/mahjong2date/0525_0523/737.json,https://raw.githubusercontent.com/jygameclub/testdataapi/main/mahjong2date/0525_0523,未中奖,0.00,0.00,1,0,0,0,0,0,0,否,否,否,0,0,693336,693336,8021779685176906,9478750.0,9478710.0,
普通空转,739.json,739,0,,https://fish-games.s3.amazonaws.com/MahjongWays2/index.html?env=ceshislot.osshaiwai.com&hasFloat=0&token=436475c81b51e6893c740657870f86b7&language=en&debug=1&debugDataPath=https://raw.githubusercontent.com/jygameclub/testdataapi/main/mahjong2date/0525_0523&debugStart=739,https://raw.githubusercontent.com/jygameclub/testdataapi/main/mahjong2date/0525_0523/739.json,https://raw.githubusercontent.com/jygameclub/testdataapi/main/mahjong2date/0525_0523,未中奖,0.00,0.00,1,0,0,0,0,0,0,否,否,否,0,1,693358,693358,9841779685180392,9478862.0,9478822.0,
普通空转,740.json,740,0,,https://fish-games.s3.amazonaws.com/MahjongWays2/index.html?env=ceshislot.osshaiwai.com&hasFloat=0&token=436475c81b51e6893c740657870f86b7&language=en&debug=1&debugDataPath=https://raw.githubusercontent.com/jygameclub/testdataapi/main/mahjong2date/0525_0523&debugStart=740,https://raw.githubusercontent.com/jygameclub/testdataapi/main/mahjong2date/0525_0523/740.json,https://raw.githubusercontent.com/jygameclub/testdataapi/main/mahjong2date/0525_0523,未中奖,0.00,0.00,1,0,0,0,0,0,0,否,否,否,0,0,693367,693367,8381779685181789,9478822.0,9478782.0,
普通空转,741.json,741,0,,https://fish-games.s3.amazonaws.com/MahjongWays2/index.html?env=ceshislot.osshaiwai.com&hasFloat=0&token=436475c81b51e6893c740657870f86b7&language=en&debug=1&debugDataPath=https://raw.githubusercontent.com/jygameclub/testdataapi/main/mahjong2date/0525_0523&debugStart=741,https://raw.githubusercontent.com/jygameclub/testdataapi/main/mahjong2date/0525_0523/741.json,https://raw.githubusercontent.com/jygameclub/testdataapi/main/mahjong2date/0525_0523,未中奖,0.00,0.00,1,0,0,0,0,0,0,否,否,否,0,1,693373,693373,1401779685182574,9478782.0,9478742.0,
普通空转,742.json,742,0,,https://fish-games.s3.amazonaws.com/MahjongWays2/index.html?env=ceshislot.osshaiwai.com&hasFloat=0&token=436475c81b51e6893c740657870f86b7&language=en&debug=1&debugDataPath=https://raw.githubusercontent.com/jygameclub/testdataapi/main/mahjong2date/0525_0523&debugStart=742,https://raw.githubusercontent.com/jygameclub/testdataapi/main/mahjong2date/0525_0523/742.json,https://raw.githubusercontent.com/jygameclub/testdataapi/main/mahjong2date/0525_0523,未中奖,0.00,0.00,1,0,0,0,0,0,0,否,否,否,0,0,693381,693381,5501779685183989,9478742.0,9478702.0,
普通空转,744.json,744,0,,https://fish-games.s3.amazonaws.com/MahjongWays2/index.html?env=ceshislot.osshaiwai.com&hasFloat=0&token=436475c81b51e6893c740657870f86b7&language=en&debug=1&debugDataPath=https://raw.githubusercontent.com/jygameclub/testdataapi/main/mahjong2date/0525_0523&debugStart=744,https://raw.githubusercontent.com/jygameclub/testdataapi/main/mahjong2date/0525_0523/744.json,https://raw.githubusercontent.com/jygameclub/testdataapi/main/mahjong2date/0525_0523,未中奖,0.00,0.00,1,0,0,0,0,0,0,否,否,否,0,0,693431,693431,2571779685191557,9478782.0,9478742.0,
普通空转,745.json,745,0,,https://fish-games.s3.amazonaws.com/MahjongWays2/index.html?env=ceshislot.osshaiwai.com&hasFloat=0&token=436475c81b51e6893c740657870f86b7&language=en&debug=1&debugDataPath=https://raw.githubusercontent.com/jygameclub/testdataapi/main/mahjong2date/0525_0523&debugStart=745,https://raw.githubusercontent.com/jygameclub/testdataapi/main/mahjong2date/0525_0523/745.json,https://raw.githubusercontent.com/jygameclub/testdataapi/main/mahjong2date/0525_0523,未中奖,0.00,0.00,1,0,0,0,0,0,0,否,否,否,0,1,693436,693436,8521779685192342,9478742.0,9478702.0,
普通空转,746.json,746,0,,https://fish-games.s3.amazonaws.com/MahjongWays2/index.html?env=ceshislot.osshaiwai.com&hasFloat=0&token=436475c81b51e6893c740657870f86b7&language=en&debug=1&debugDataPath=https://raw.githubusercontent.com/jygameclub/testdataapi/main/mahjong2date/0525_0523&debugStart=746,https://raw.githubusercontent.com/jygameclub/testdataapi/main/mahjong2date/0525_0523/746.json,https://raw.githubusercontent.com/jygameclub/testdataapi/main/mahjong2date/0525_0523,未中奖,0.00,0.00,1,0,0,0,0,0,0,否,否,否,0,1,693446,693446,5581779685193806,9478702.0,9478662.0,
普通空转,748.json,748,0,,https://fish-games.s3.amazonaws.com/MahjongWays2/index.html?env=ceshislot.osshaiwai.com&hasFloat=0&token=436475c81b51e6893c740657870f86b7&language=en&debug=1&debugDataPath=https://raw.githubusercontent.com/jygameclub/testdataapi/main/mahjong2date/0525_0523&debugStart=748,https://raw.githubusercontent.com/jygameclub/testdataapi/main/mahjong2date/0525_0523/748.json,https://raw.githubusercontent.com/jygameclub/testdataapi/main/mahjong2date/0525_0523,未中奖,0.00,0.00,1,0,0,0,0,0,0,否,否,否,0,0,693464,693464,5261779685197940,9478626.0,9478586.0,
普通空转,749.json,749,0,,https://fish-games.s3.amazonaws.com/MahjongWays2/index.html?env=ceshislot.osshaiwai.com&hasFloat=0&token=436475c81b51e6893c740657870f86b7&language=en&debug=1&debugDataPath=https://raw.githubusercontent.com/jygameclub/testdataapi/main/mahjong2date/0525_0523&debugStart=749,https://raw.githubusercontent.com/jygameclub/testdataapi/main/mahjong2date/0525_0523/749.json,https://raw.githubusercontent.com/jygameclub/testdataapi/main/mahjong2date/0525_0523,未中奖,0.00,0.00,1,0,0,0,0,0,0,否,否,否,0,0,693469,693469,8431779685198740,9478586.0,9478546.0,
普通空转,751.json,751,0,,https://fish-games.s3.amazonaws.com/MahjongWays2/index.html?env=ceshislot.osshaiwai.com&hasFloat=0&token=436475c81b51e6893c740657870f86b7&language=en&debug=1&debugDataPath=https://raw.githubusercontent.com/jygameclub/testdataapi/main/mahjong2date/0525_0523&debugStart=751,https://raw.githubusercontent.com/jygameclub/testdataapi/main/mahjong2date/0525_0523/751.json,https://raw.githubusercontent.com/jygameclub/testdataapi/main/mahjong2date/0525_0523,未中奖,0.00,0.00,1,0,0,0,0,0,0,否,否,否,0,0,693510,693510,5921779685205307,9478558.0,9478518.0,
普通空转,752.json,752,0,,https://fish-games.s3.amazonaws.com/MahjongWays2/index.html?env=ceshislot.osshaiwai.com&hasFloat=0&token=436475c81b51e6893c740657870f86b7&language=en&debug=1&debugDataPath=https://raw.githubusercontent.com/jygameclub/testdataapi/main/mahjong2date/0525_0523&debugStart=752,https://raw.githubusercontent.com/jygameclub/testdataapi/main/mahjong2date/0525_0523/752.json,https://raw.githubusercontent.com/jygameclub/testdataapi/main/mahjong2date/0525_0523,未中奖,0.00,0.00,1,0,0,0,0,0,0,否,否,否,0,0,693515,693515,4651779685206107,9478518.0,9478478.0,
普通空转,753.json,753,0,,https://fish-games.s3.amazonaws.com/MahjongWays2/index.html?env=ceshislot.osshaiwai.com&hasFloat=0&token=436475c81b51e6893c740657870f86b7&language=en&debug=1&debugDataPath=https://raw.githubusercontent.com/jygameclub/testdataapi/main/mahjong2date/0525_0523&debugStart=753,https://raw.githubusercontent.com/jygameclub/testdataapi/main/mahjong2date/0525_0523/753.json,https://raw.githubusercontent.com/jygameclub/testdataapi/main/mahjong2date/0525_0523,未中奖,0.00,0.00,1,0,0,0,0,0,0,否,否,否,0,0,693521,693521,6821779685206973,9478478.0,9478438.0,
普通空转,756.json,756,0,,https://fish-games.s3.amazonaws.com/MahjongWays2/index.html?env=ceshislot.osshaiwai.com&hasFloat=0&token=436475c81b51e6893c740657870f86b7&language=en&debug=1&debugDataPath=https://raw.githubusercontent.com/jygameclub/testdataapi/main/mahjong2date/0525_0523&debugStart=756,https://raw.githubusercontent.com/jygameclub/testdataapi/main/mahjong2date/0525_0523/756.json,https://raw.githubusercontent.com/jygameclub/testdataapi/main/mahjong2date/0525_0523,未中奖,0.00,0.00,1,0,0,0,0,0,0,否,否,否,0,0,693585,693585,5721779685217205,9478450.0,9478410.0,
普通空转,760.json,760,0,,https://fish-games.s3.amazonaws.com/MahjongWays2/index.html?env=ceshislot.osshaiwai.com&hasFloat=0&token=436475c81b51e6893c740657870f86b7&language=en&debug=1&debugDataPath=https://raw.githubusercontent.com/jygameclub/testdataapi/main/mahjong2date/0525_0523&debugStart=760,https://raw.githubusercontent.com/jygameclub/testdataapi/main/mahjong2date/0525_0523/760.json,https://raw.githubusercontent.com/jygameclub/testdataapi/main/mahjong2date/0525_0523,未中奖,0.00,0.00,1,0,0,0,0,0,0,否,否,否,0,0,693658,693658,2311779685229058,9478368.0,9478328.0,
普通空转,761.json,761,0,,https://fish-games.s3.amazonaws.com/MahjongWays2/index.html?env=ceshislot.osshaiwai.com&hasFloat=0&token=436475c81b51e6893c740657870f86b7&language=en&debug=1&debugDataPath=https://raw.githubusercontent.com/jygameclub/testdataapi/main/mahjong2date/0525_0523&debugStart=761,https://raw.githubusercontent.com/jygameclub/testdataapi/main/mahjong2date/0525_0523/761.json,https://raw.githubusercontent.com/jygameclub/testdataapi/main/mahjong2date/0525_0523,未中奖,0.00,0.00,1,0,0,0,0,0,0,否,否,否,0,1,693663,693663,1841779685229908,9478328.0,9478288.0,
普通空转,762.json,762,0,,https://fish-games.s3.amazonaws.com/MahjongWays2/index.html?env=ceshislot.osshaiwai.com&hasFloat=0&token=436475c81b51e6893c740657870f86b7&language=en&debug=1&debugDataPath=https://raw.githubusercontent.com/jygameclub/testdataapi/main/mahjong2date/0525_0523&debugStart=762,https://raw.githubusercontent.com/jygameclub/testdataapi/main/mahjong2date/0525_0523/762.json,https://raw.githubusercontent.com/jygameclub/testdataapi/main/mahjong2date/0525_0523,未中奖,0.00,0.00,1,0,0,0,0,0,0,否,否,否,0,1,693673,693673,3211779685231373,9478288.0,9478248.0,
普通空转,763.json,763,0,,https://fish-games.s3.amazonaws.com/MahjongWays2/index.html?env=ceshislot.osshaiwai.com&hasFloat=0&token=436475c81b51e6893c740657870f86b7&language=en&debug=1&debugDataPath=https://raw.githubusercontent.com/jygameclub/testdataapi/main/mahjong2date/0525_0523&debugStart=763,https://raw.githubusercontent.com/jygameclub/testdataapi/main/mahjong2date/0525_0523/763.json,https://raw.githubusercontent.com/jygameclub/testdataapi/main/mahjong2date/0525_0523,未中奖,0.00,0.00,1,0,0,0,0,0,0,否,否,否,0,2,693681,693681,7751779685232790,9478248.0,9478208.0,
普通空转,764.json,764,0,,https://fish-games.s3.amazonaws.com/MahjongWays2/index.html?env=ceshislot.osshaiwai.com&hasFloat=0&token=436475c81b51e6893c740657870f86b7&language=en&debug=1&debugDataPath=https://raw.githubusercontent.com/jygameclub/testdataapi/main/mahjong2date/0525_0523&debugStart=764,https://raw.githubusercontent.com/jygameclub/testdataapi/main/mahjong2date/0525_0523/764.json,https://raw.githubusercontent.com/jygameclub/testdataapi/main/mahjong2date/0525_0523,未中奖,0.00,0.00,1,0,0,0,0,0,0,否,否,否,0,0,693691,693691,5851779685234323,9478208.0,9478168.0,
普通空转,765.json,765,0,,https://fish-games.s3.amazonaws.com/MahjongWays2/index.html?env=ceshislot.osshaiwai.com&hasFloat=0&token=436475c81b51e6893c740657870f86b7&language=en&debug=1&debugDataPath=https://raw.githubusercontent.com/jygameclub/testdataapi/main/mahjong2date/0525_0523&debugStart=765,https://raw.githubusercontent.com/jygameclub/testdataapi/main/mahjong2date/0525_0523/765.json,https://raw.githubusercontent.com/jygameclub/testdataapi/main/mahjong2date/0525_0523,未中奖,0.00,0.00,1,0,0,0,0,0,0,否,否,否,0,0,693696,693696,1971779685235104,9478168.0,9478128.0,
普通空转,767.json,767,0,,https://fish-games.s3.amazonaws.com/MahjongWays2/index.html?env=ceshislot.osshaiwai.com&hasFloat=0&token=436475c81b51e6893c740657870f86b7&language=en&debug=1&debugDataPath=https://raw.githubusercontent.com/jygameclub/testdataapi/main/mahjong2date/0525_0523&debugStart=767,https://raw.githubusercontent.com/jygameclub/testdataapi/main/mahjong2date/0525_0523/767.json,https://raw.githubusercontent.com/jygameclub/testdataapi/main/mahjong2date/0525_0523,未中奖,0.00,0.00,1,0,0,0,0,0,0,否,否,否,0,1,693717,693717,4551779685238575,9478112.0,9478072.0,
普通空转,768.json,768,0,,https://fish-games.s3.amazonaws.com/MahjongWays2/index.html?env=ceshislot.osshaiwai.com&hasFloat=0&token=436475c81b51e6893c740657870f86b7&language=en&debug=1&debugDataPath=https://raw.githubusercontent.com/jygameclub/testdataapi/main/mahjong2date/0525_0523&debugStart=768,https://raw.githubusercontent.com/jygameclub/testdataapi/main/mahjong2date/0525_0523/768.json,https://raw.githubusercontent.com/jygameclub/testdataapi/main/mahjong2date/0525_0523,未中奖,0.00,0.00,1,0,0,0,0,0,0,否,否,否,0,0,693726,693726,3631779685239973,9478072.0,9478032.0,
普通空转,769.json,769,0,,https://fish-games.s3.amazonaws.com/MahjongWays2/index.html?env=ceshislot.osshaiwai.com&hasFloat=0&token=436475c81b51e6893c740657870f86b7&language=en&debug=1&debugDataPath=https://raw.githubusercontent.com/jygameclub/testdataapi/main/mahjong2date/0525_0523&debugStart=769,https://raw.githubusercontent.com/jygameclub/testdataapi/main/mahjong2date/0525_0523/769.json,https://raw.githubusercontent.com/jygameclub/testdataapi/main/mahjong2date/0525_0523,未中奖,0.00,0.00,1,0,0,0,0,0,0,否,否,否,0,0,693731,693731,5911779685240824,9478032.0,9477992.0,
普通空转,770.json,770,0,,https://fish-games.s3.amazonaws.com/MahjongWays2/index.html?env=ceshislot.osshaiwai.com&hasFloat=0&token=436475c81b51e6893c740657870f86b7&language=en&debug=1&debugDataPath=https://raw.githubusercontent.com/jygameclub/testdataapi/main/mahjong2date/0525_0523&debugStart=770,https://raw.githubusercontent.com/jygameclub/testdataapi/main/mahjong2date/0525_0523/770.json,https://raw.githubusercontent.com/jygameclub/testdataapi/main/mahjong2date/0525_0523,未中奖,0.00,0.00,1,0,0,0,0,0,0,否,否,否,0,0,693738,693738,1131779685241675,9477992.0,9477952.0,
普通空转,771.json,771,0,,https://fish-games.s3.amazonaws.com/MahjongWays2/index.html?env=ceshislot.osshaiwai.com&hasFloat=0&token=436475c81b51e6893c740657870f86b7&language=en&debug=1&debugDataPath=https://raw.githubusercontent.com/jygameclub/testdataapi/main/mahjong2date/0525_0523&debugStart=771,https://raw.githubusercontent.com/jygameclub/testdataapi/main/mahjong2date/0525_0523/771.json,https://raw.githubusercontent.com/jygameclub/testdataapi/main/mahjong2date/0525_0523,未中奖,0.00,0.00,1,0,0,0,0,0,0,否,否,否,0,0,693743,693743,4931779685242475,9477952.0,9477912.0,
普通空转,772.json,772,0,,https://fish-games.s3.amazonaws.com/MahjongWays2/index.html?env=ceshislot.osshaiwai.com&hasFloat=0&token=436475c81b51e6893c740657870f86b7&language=en&debug=1&debugDataPath=https://raw.githubusercontent.com/jygameclub/testdataapi/main/mahjong2date/0525_0523&debugStart=772,https://raw.githubusercontent.com/jygameclub/testdataapi/main/mahjong2date/0525_0523/772.json,https://raw.githubusercontent.com/jygameclub/testdataapi/main/mahjong2date/0525_0523,未中奖,0.00,0.00,1,0,0,0,0,0,0,否,否,否,0,0,693749,693749,2691779685243323,9477912.0,9477872.0,
普通空转,774.json,774,0,,https://fish-games.s3.amazonaws.com/MahjongWays2/index.html?env=ceshislot.osshaiwai.com&hasFloat=0&token=436475c81b51e6893c740657870f86b7&language=en&debug=1&debugDataPath=https://raw.githubusercontent.com/jygameclub/testdataapi/main/mahjong2date/0525_0523&debugStart=774,https://raw.githubusercontent.com/jygameclub/testdataapi/main/mahjong2date/0525_0523/774.json,https://raw.githubusercontent.com/jygameclub/testdataapi/main/mahjong2date/0525_0523,未中奖,0.00,0.00,1,0,0,0,0,0,0,否,否,否,0,1,693786,693786,8481779685249008,9477848.0,9477808.0,
普通空转,775.json,775,0,,https://fish-games.s3.amazonaws.com/MahjongWays2/index.html?env=ceshislot.osshaiwai.com&hasFloat=0&token=436475c81b51e6893c740657870f86b7&language=en&debug=1&debugDataPath=https://raw.githubusercontent.com/jygameclub/testdataapi/main/mahjong2date/0525_0523&debugStart=775,https://raw.githubusercontent.com/jygameclub/testdataapi/main/mahjong2date/0525_0523/775.json,https://raw.githubusercontent.com/jygameclub/testdataapi/main/mahjong2date/0525_0523,未中奖,0.00,0.00,1,0,0,0,0,0,0,否,否,否,0,0,693795,693795,2171779685250423,9477808.0,9477768.0,
普通空转,777.json,777,0,,https://fish-games.s3.amazonaws.com/MahjongWays2/index.html?env=ceshislot.osshaiwai.com&hasFloat=0&token=436475c81b51e6893c740657870f86b7&language=en&debug=1&debugDataPath=https://raw.githubusercontent.com/jygameclub/testdataapi/main/mahjong2date/0525_0523&debugStart=777,https://raw.githubusercontent.com/jygameclub/testdataapi/main/mahjong2date/0525_0523/777.json,https://raw.githubusercontent.com/jygameclub/testdataapi/main/mahjong2date/0525_0523,未中奖,0.00,0.00,1,0,0,0,0,0,0,否,否,否,0,0,693824,693824,3931779685255005,9477740.0,9477700.0,
普通空转,778.json,778,0,,https://fish-games.s3.amazonaws.com/MahjongWays2/index.html?env=ceshislot.osshaiwai.com&hasFloat=0&token=436475c81b51e6893c740657870f86b7&language=en&debug=1&debugDataPath=https://raw.githubusercontent.com/jygameclub/testdataapi/main/mahjong2date/0525_0523&debugStart=778,https://raw.githubusercontent.com/jygameclub/testdataapi/main/mahjong2date/0525_0523/778.json,https://raw.githubusercontent.com/jygameclub/testdataapi/main/mahjong2date/0525_0523,未中奖,0.00,0.00,1,0,0,0,0,0,0,否,否,否,0,0,693829,693829,3661779685255808,9477700.0,9477660.0,
普通空转,779.json,779,0,,https://fish-games.s3.amazonaws.com/MahjongWays2/index.html?env=ceshislot.osshaiwai.com&hasFloat=0&token=436475c81b51e6893c740657870f86b7&language=en&debug=1&debugDataPath=https://raw.githubusercontent.com/jygameclub/testdataapi/main/mahjong2date/0525_0523&debugStart=779,https://raw.githubusercontent.com/jygameclub/testdataapi/main/mahjong2date/0525_0523/779.json,https://raw.githubusercontent.com/jygameclub/testdataapi/main/mahjong2date/0525_0523,未中奖,0.00,0.00,1,0,0,0,0,0,0,否,否,否,0,0,693835,693835,1061779685256673,9477660.0,9477620.0,
普通空转,780.json,780,0,,https://fish-games.s3.amazonaws.com/MahjongWays2/index.html?env=ceshislot.osshaiwai.com&hasFloat=0&token=436475c81b51e6893c740657870f86b7&language=en&debug=1&debugDataPath=https://raw.githubusercontent.com/jygameclub/testdataapi/main/mahjong2date/0525_0523&debugStart=780,https://raw.githubusercontent.com/jygameclub/testdataapi/main/mahjong2date/0525_0523/780.json,https://raw.githubusercontent.com/jygameclub/testdataapi/main/mahjong2date/0525_0523,未中奖,0.00,0.00,1,0,0,0,0,0,0,否,否,否,0,0,693841,693841,6941779685257456,9477620.0,9477580.0,
普通空转,781.json,781,0,,https://fish-games.s3.amazonaws.com/MahjongWays2/index.html?env=ceshislot.osshaiwai.com&hasFloat=0&token=436475c81b51e6893c740657870f86b7&language=en&debug=1&debugDataPath=https://raw.githubusercontent.com/jygameclub/testdataapi/main/mahjong2date/0525_0523&debugStart=781,https://raw.githubusercontent.com/jygameclub/testdataapi/main/mahjong2date/0525_0523/781.json,https://raw.githubusercontent.com/jygameclub/testdataapi/main/mahjong2date/0525_0523,未中奖,0.00,0.00,1,0,0,0,0,0,0,否,否,否,0,0,693846,693846,6141779685258238,9477580.0,9477540.0,
普通空转,783.json,783,0,,https://fish-games.s3.amazonaws.com/MahjongWays2/index.html?env=ceshislot.osshaiwai.com&hasFloat=0&token=436475c81b51e6893c740657870f86b7&language=en&debug=1&debugDataPath=https://raw.githubusercontent.com/jygameclub/testdataapi/main/mahjong2date/0525_0523&debugStart=783,https://raw.githubusercontent.com/jygameclub/testdataapi/main/mahjong2date/0525_0523/783.json,https://raw.githubusercontent.com/jygameclub/testdataapi/main/mahjong2date/0525_0523,未中奖,0.00,0.00,1,0,0,0,0,0,0,否,否,否,0,0,693875,693875,3131779685262738,9477508.0,9477468.0,
普通空转,785.json,785,0,,https://fish-games.s3.amazonaws.com/MahjongWays2/index.html?env=ceshislot.osshaiwai.com&hasFloat=0&token=436475c81b51e6893c740657870f86b7&language=en&debug=1&debugDataPath=https://raw.githubusercontent.com/jygameclub/testdataapi/main/mahjong2date/0525_0523&debugStart=785,https://raw.githubusercontent.com/jygameclub/testdataapi/main/mahjong2date/0525_0523/785.json,https://raw.githubusercontent.com/jygameclub/testdataapi/main/mahjong2date/0525_0523,未中奖,0.00,0.00,1,0,0,0,0,0,0,否,否,否,0,1,693909,693909,3931779685268340,9477584.0,9477544.0,
普通空转,786.json,786,0,,https://fish-games.s3.amazonaws.com/MahjongWays2/index.html?env=ceshislot.osshaiwai.com&hasFloat=0&token=436475c81b51e6893c740657870f86b7&language=en&debug=1&debugDataPath=https://raw.githubusercontent.com/jygameclub/testdataapi/main/mahjong2date/0525_0523&debugStart=786,https://raw.githubusercontent.com/jygameclub/testdataapi/main/mahjong2date/0525_0523/786.json,https://raw.githubusercontent.com/jygameclub/testdataapi/main/mahjong2date/0525_0523,未中奖,0.00,0.00,1,0,0,0,0,0,0,否,否,否,0,2,693919,693919,6601779685269740,9477544.0,9477504.0,
普通空转,788.json,788,0,,https://fish-games.s3.amazonaws.com/MahjongWays2/index.html?env=ceshislot.osshaiwai.com&hasFloat=0&token=436475c81b51e6893c740657870f86b7&language=en&debug=1&debugDataPath=https://raw.githubusercontent.com/jygameclub/testdataapi/main/mahjong2date/0525_0523&debugStart=788,https://raw.githubusercontent.com/jygameclub/testdataapi/main/mahjong2date/0525_0523/788.json,https://raw.githubusercontent.com/jygameclub/testdataapi/main/mahjong2date/0525_0523,未中奖,0.00,0.00,1,0,0,0,0,0,0,否,否,否,0,0,694541,694541,6621779685374088,9478138.0,9478098.0,
普通空转,789.json,789,0,,https://fish-games.s3.amazonaws.com/MahjongWays2/index.html?env=ceshislot.osshaiwai.com&hasFloat=0&token=436475c81b51e6893c740657870f86b7&language=en&debug=1&debugDataPath=https://raw.githubusercontent.com/jygameclub/testdataapi/main/mahjong2date/0525_0523&debugStart=789,https://raw.githubusercontent.com/jygameclub/testdataapi/main/mahjong2date/0525_0523/789.json,https://raw.githubusercontent.com/jygameclub/testdataapi/main/mahjong2date/0525_0523,未中奖,0.00,0.00,1,0,0,0,0,0,0,否,否,否,0,0,694546,694546,6571779685374873,9478098.0,9478058.0,
普通空转,791.json,791,0,,https://fish-games.s3.amazonaws.com/MahjongWays2/index.html?env=ceshislot.osshaiwai.com&hasFloat=0&token=436475c81b51e6893c740657870f86b7&language=en&debug=1&debugDataPath=https://raw.githubusercontent.com/jygameclub/testdataapi/main/mahjong2date/0525_0523&debugStart=791,https://raw.githubusercontent.com/jygameclub/testdataapi/main/mahjong2date/0525_0523/791.json,https://raw.githubusercontent.com/jygameclub/testdataapi/main/mahjong2date/0525_0523,未中奖,0.00,0.00,1,0,0,0,0,0,0,否,否,否,0,1,694577,694577,1361779685379340,9478022.0,9477982.0,
普通空转,795.json,795,0,,https://fish-games.s3.amazonaws.com/MahjongWays2/index.html?env=ceshislot.osshaiwai.com&hasFloat=0&token=436475c81b51e6893c740657870f86b7&language=en&debug=1&debugDataPath=https://raw.githubusercontent.com/jygameclub/testdataapi/main/mahjong2date/0525_0523&debugStart=795,https://raw.githubusercontent.com/jygameclub/testdataapi/main/mahjong2date/0525_0523/795.json,https://raw.githubusercontent.com/jygameclub/testdataapi/main/mahjong2date/0525_0523,未中奖,0.00,0.00,1,0,0,0,0,0,0,否,否,否,0,1,694666,694666,8441779685392905,9477918.0,9477878.0,
普通空转,799.json,799,0,,https://fish-games.s3.amazonaws.com/MahjongWays2/index.html?env=ceshislot.osshaiwai.com&hasFloat=0&token=436475c81b51e6893c740657870f86b7&language=en&debug=1&debugDataPath=https://raw.githubusercontent.com/jygameclub/testdataapi/main/mahjong2date/0525_0523&debugStart=799,https://raw.githubusercontent.com/jygameclub/testdataapi/main/mahjong2date/0525_0523/799.json,https://raw.githubusercontent.com/jygameclub/testdataapi/main/mahjong2date/0525_0523,未中奖,0.00,0.00,1,0,0,0,0,0,0,否,否,否,0,0,694770,694770,3681779685408571,9477940.0,9477900.0,
普通空转,800.json,800,0,,https://fish-games.s3.amazonaws.com/MahjongWays2/index.html?env=ceshislot.osshaiwai.com&hasFloat=0&token=436475c81b51e6893c740657870f86b7&language=en&debug=1&debugDataPath=https://raw.githubusercontent.com/jygameclub/testdataapi/main/mahjong2date/0525_0523&debugStart=800,https://raw.githubusercontent.com/jygameclub/testdataapi/main/mahjong2date/0525_0523/800.json,https://raw.githubusercontent.com/jygameclub/testdataapi/main/mahjong2date/0525_0523,未中奖,0.00,0.00,1,0,0,0,0,0,0,否,否,否,0,0,694777,694777,7851779685409356,9477900.0,9477860.0,
普通空转,801.json,801,0,,https://fish-games.s3.amazonaws.com/MahjongWays2/index.html?env=ceshislot.osshaiwai.com&hasFloat=0&token=436475c81b51e6893c740657870f86b7&language=en&debug=1&debugDataPath=https://raw.githubusercontent.com/jygameclub/testdataapi/main/mahjong2date/0525_0523&debugStart=801,https://raw.githubusercontent.com/jygameclub/testdataapi/main/mahjong2date/0525_0523/801.json,https://raw.githubusercontent.com/jygameclub/testdataapi/main/mahjong2date/0525_0523,未中奖,0.00,0.00,1,0,0,0,0,0,0,否,否,否,0,0,694783,694783,2321779685410154,9477860.0,9477820.0,
普通空转,802.json,802,0,,https://fish-games.s3.amazonaws.com/MahjongWays2/index.html?env=ceshislot.osshaiwai.com&hasFloat=0&token=436475c81b51e6893c740657870f86b7&language=en&debug=1&debugDataPath=https://raw.githubusercontent.com/jygameclub/testdataapi/main/mahjong2date/0525_0523&debugStart=802,https://raw.githubusercontent.com/jygameclub/testdataapi/main/mahjong2date/0525_0523/802.json,https://raw.githubusercontent.com/jygameclub/testdataapi/main/mahjong2date/0525_0523,未中奖,0.00,0.00,1,0,0,0,0,0,0,否,否,否,0,0,694788,694788,9511779685410938,9477820.0,9477780.0,
普通空转,803.json,803,0,,https://fish-games.s3.amazonaws.com/MahjongWays2/index.html?env=ceshislot.osshaiwai.com&hasFloat=0&token=436475c81b51e6893c740657870f86b7&language=en&debug=1&debugDataPath=https://raw.githubusercontent.com/jygameclub/testdataapi/main/mahjong2date/0525_0523&debugStart=803,https://raw.githubusercontent.com/jygameclub/testdataapi/main/mahjong2date/0525_0523/803.json,https://raw.githubusercontent.com/jygameclub/testdataapi/main/mahjong2date/0525_0523,未中奖,0.00,0.00,1,0,0,0,0,0,0,否,否,否,0,0,694793,694793,2201779685411721,9477780.0,9477740.0,
普通空转,805.json,805,0,,https://fish-games.s3.amazonaws.com/MahjongWays2/index.html?env=ceshislot.osshaiwai.com&hasFloat=0&token=436475c81b51e6893c740657870f86b7&language=en&debug=1&debugDataPath=https://raw.githubusercontent.com/jygameclub/testdataapi/main/mahjong2date/0525_0523&debugStart=805,https://raw.githubusercontent.com/jygameclub/testdataapi/main/mahjong2date/0525_0523/805.json,https://raw.githubusercontent.com/jygameclub/testdataapi/main/mahjong2date/0525_0523,未中奖,0.00,0.00,1,0,0,0,0,0,0,否,否,否,0,1,694851,694851,5631779685420305,9477804.0,9477764.0,
普通空转,806.json,806,0,,https://fish-games.s3.amazonaws.com/MahjongWays2/index.html?env=ceshislot.osshaiwai.com&hasFloat=0&token=436475c81b51e6893c740657870f86b7&language=en&debug=1&debugDataPath=https://raw.githubusercontent.com/jygameclub/testdataapi/main/mahjong2date/0525_0523&debugStart=806,https://raw.githubusercontent.com/jygameclub/testdataapi/main/mahjong2date/0525_0523/806.json,https://raw.githubusercontent.com/jygameclub/testdataapi/main/mahjong2date/0525_0523,未中奖,0.00,0.00,1,0,0,0,0,0,0,否,否,否,0,0,694860,694860,8841779685421704,9477764.0,9477724.0,
普通空转,807.json,807,0,,https://fish-games.s3.amazonaws.com/MahjongWays2/index.html?env=ceshislot.osshaiwai.com&hasFloat=0&token=436475c81b51e6893c740657870f86b7&language=en&debug=1&debugDataPath=https://raw.githubusercontent.com/jygameclub/testdataapi/main/mahjong2date/0525_0523&debugStart=807,https://raw.githubusercontent.com/jygameclub/testdataapi/main/mahjong2date/0525_0523/807.json,https://raw.githubusercontent.com/jygameclub/testdataapi/main/mahjong2date/0525_0523,未中奖,0.00,0.00,1,0,0,0,0,0,0,否,否,否,0,2,694866,694866,7201779685422488,9477724.0,9477684.0,
普通空转,808.json,808,0,,https://fish-games.s3.amazonaws.com/MahjongWays2/index.html?env=ceshislot.osshaiwai.com&hasFloat=0&token=436475c81b51e6893c740657870f86b7&language=en&debug=1&debugDataPath=https://raw.githubusercontent.com/jygameclub/testdataapi/main/mahjong2date/0525_0523&debugStart=808,https://raw.githubusercontent.com/jygameclub/testdataapi/main/mahjong2date/0525_0523/808.json,https://raw.githubusercontent.com/jygameclub/testdataapi/main/mahjong2date/0525_0523,未中奖,0.00,0.00,1,0,0,0,0,0,0,否,否,否,0,0,694876,694876,7331779685424021,9477684.0,9477644.0,
普通空转,809.json,809,0,,https://fish-games.s3.amazonaws.com/MahjongWays2/index.html?env=ceshislot.osshaiwai.com&hasFloat=0&token=436475c81b51e6893c740657870f86b7&language=en&debug=1&debugDataPath=https://raw.githubusercontent.com/jygameclub/testdataapi/main/mahjong2date/0525_0523&debugStart=809,https://raw.githubusercontent.com/jygameclub/testdataapi/main/mahjong2date/0525_0523/809.json,https://raw.githubusercontent.com/jygameclub/testdataapi/main/mahjong2date/0525_0523,未中奖,0.00,0.00,1,0,0,0,0,0,0,否,否,否,0,0,694882,694882,6771779685424821,9477644.0,9477604.0,
普通空转,810.json,810,0,,https://fish-games.s3.amazonaws.com/MahjongWays2/index.html?env=ceshislot.osshaiwai.com&hasFloat=0&token=436475c81b51e6893c740657870f86b7&language=en&debug=1&debugDataPath=https://raw.githubusercontent.com/jygameclub/testdataapi/main/mahjong2date/0525_0523&debugStart=810,https://raw.githubusercontent.com/jygameclub/testdataapi/main/mahjong2date/0525_0523/810.json,https://raw.githubusercontent.com/jygameclub/testdataapi/main/mahjong2date/0525_0523,未中奖,0.00,0.00,1,0,0,0,0,0,0,否,否,否,0,0,694889,694889,7341779685425671,9477604.0,9477564.0,
普通空转,811.json,811,0,,https://fish-games.s3.amazonaws.com/MahjongWays2/index.html?env=ceshislot.osshaiwai.com&hasFloat=0&token=436475c81b51e6893c740657870f86b7&language=en&debug=1&debugDataPath=https://raw.githubusercontent.com/jygameclub/testdataapi/main/mahjong2date/0525_0523&debugStart=811,https://raw.githubusercontent.com/jygameclub/testdataapi/main/mahjong2date/0525_0523/811.json,https://raw.githubusercontent.com/jygameclub/testdataapi/main/mahjong2date/0525_0523,未中奖,0.00,0.00,1,0,0,0,0,0,0,否,否,否,0,0,694895,694895,4621779685426538,9477564.0,9477524.0,
普通空转,812.json,812,0,,https://fish-games.s3.amazonaws.com/MahjongWays2/index.html?env=ceshislot.osshaiwai.com&hasFloat=0&token=436475c81b51e6893c740657870f86b7&language=en&debug=1&debugDataPath=https://raw.githubusercontent.com/jygameclub/testdataapi/main/mahjong2date/0525_0523&debugStart=812,https://raw.githubusercontent.com/jygameclub/testdataapi/main/mahjong2date/0525_0523/812.json,https://raw.githubusercontent.com/jygameclub/testdataapi/main/mahjong2date/0525_0523,未中奖,0.00,0.00,1,0,0,0,0,0,0,否,否,否,0,2,694900,694900,7231779685427337,9477524.0,9477484.0,
普通空转,815.json,815,0,,https://fish-games.s3.amazonaws.com/MahjongWays2/index.html?env=ceshislot.osshaiwai.com&hasFloat=0&token=436475c81b51e6893c740657870f86b7&language=en&debug=1&debugDataPath=https://raw.githubusercontent.com/jygameclub/testdataapi/main/mahjong2date/0525_0523&debugStart=815,https://raw.githubusercontent.com/jygameclub/testdataapi/main/mahjong2date/0525_0523/815.json,https://raw.githubusercontent.com/jygameclub/testdataapi/main/mahjong2date/0525_0523,未中奖,0.00,0.00,1,0,0,0,0,0,0,否,否,否,0,1,694979,694979,9791779685439355,9477474.0,9477434.0,
普通空转,817.json,817,0,,https://fish-games.s3.amazonaws.com/MahjongWays2/index.html?env=ceshislot.osshaiwai.com&hasFloat=0&token=436475c81b51e6893c740657870f86b7&language=en&debug=1&debugDataPath=https://raw.githubusercontent.com/jygameclub/testdataapi/main/mahjong2date/0525_0523&debugStart=817,https://raw.githubusercontent.com/jygameclub/testdataapi/main/mahjong2date/0525_0523/817.json,https://raw.githubusercontent.com/jygameclub/testdataapi/main/mahjong2date/0525_0523,未中奖,0.00,0.00,1,0,0,0,0,0,0,否,否,否,0,0,695007,695007,5951779685443439,9477400.0,9477360.0,
普通空转,818.json,818,0,,https://fish-games.s3.amazonaws.com/MahjongWays2/index.html?env=ceshislot.osshaiwai.com&hasFloat=0&token=436475c81b51e6893c740657870f86b7&language=en&debug=1&debugDataPath=https://raw.githubusercontent.com/jygameclub/testdataapi/main/mahjong2date/0525_0523&debugStart=818,https://raw.githubusercontent.com/jygameclub/testdataapi/main/mahjong2date/0525_0523/818.json,https://raw.githubusercontent.com/jygameclub/testdataapi/main/mahjong2date/0525_0523,未中奖,0.00,0.00,1,0,0,0,0,0,0,否,否,否,0,0,695013,695013,3491779685444289,9477360.0,9477320.0,
普通空转,819.json,819,0,,https://fish-games.s3.amazonaws.com/MahjongWays2/index.html?env=ceshislot.osshaiwai.com&hasFloat=0&token=436475c81b51e6893c740657870f86b7&language=en&debug=1&debugDataPath=https://raw.githubusercontent.com/jygameclub/testdataapi/main/mahjong2date/0525_0523&debugStart=819,https://raw.githubusercontent.com/jygameclub/testdataapi/main/mahjong2date/0525_0523/819.json,https://raw.githubusercontent.com/jygameclub/testdataapi/main/mahjong2date/0525_0523,未中奖,0.00,0.00,1,0,0,0,0,0,0,否,否,否,0,0,695020,695020,6011779685445155,9477320.0,9477280.0,
普通空转,820.json,820,0,,https://fish-games.s3.amazonaws.com/MahjongWays2/index.html?env=ceshislot.osshaiwai.com&hasFloat=0&token=436475c81b51e6893c740657870f86b7&language=en&debug=1&debugDataPath=https://raw.githubusercontent.com/jygameclub/testdataapi/main/mahjong2date/0525_0523&debugStart=820,https://raw.githubusercontent.com/jygameclub/testdataapi/main/mahjong2date/0525_0523/820.json,https://raw.githubusercontent.com/jygameclub/testdataapi/main/mahjong2date/0525_0523,未中奖,0.00,0.00,1,0,0,0,0,0,0,否,否,否,0,1,695025,695025,2671779685446004,9477280.0,9477240.0,
普通空转,822.json,822,0,,https://fish-games.s3.amazonaws.com/MahjongWays2/index.html?env=ceshislot.osshaiwai.com&hasFloat=0&token=436475c81b51e6893c740657870f86b7&language=en&debug=1&debugDataPath=https://raw.githubusercontent.com/jygameclub/testdataapi/main/mahjong2date/0525_0523&debugStart=822,https://raw.githubusercontent.com/jygameclub/testdataapi/main/mahjong2date/0525_0523/822.json,https://raw.githubusercontent.com/jygameclub/testdataapi/main/mahjong2date/0525_0523,未中奖,0.00,0.00,1,0,0,0,0,0,0,否,否,否,0,0,695079,695079,2101779685454205,9477246.0,9477206.0,
普通空转,823.json,823,0,,https://fish-games.s3.amazonaws.com/MahjongWays2/index.html?env=ceshislot.osshaiwai.com&hasFloat=0&token=436475c81b51e6893c740657870f86b7&language=en&debug=1&debugDataPath=https://raw.githubusercontent.com/jygameclub/testdataapi/main/mahjong2date/0525_0523&debugStart=823,https://raw.githubusercontent.com/jygameclub/testdataapi/main/mahjong2date/0525_0523/823.json,https://raw.githubusercontent.com/jygameclub/testdataapi/main/mahjong2date/0525_0523,未中奖,0.00,0.00,1,0,0,0,0,0,0,否,否,否,0,0,695085,695085,4971779685454987,9477206.0,9477166.0,
普通空转,824.json,824,0,,https://fish-games.s3.amazonaws.com/MahjongWays2/index.html?env=ceshislot.osshaiwai.com&hasFloat=0&token=436475c81b51e6893c740657870f86b7&language=en&debug=1&debugDataPath=https://raw.githubusercontent.com/jygameclub/testdataapi/main/mahjong2date/0525_0523&debugStart=824,https://raw.githubusercontent.com/jygameclub/testdataapi/main/mahjong2date/0525_0523/824.json,https://raw.githubusercontent.com/jygameclub/testdataapi/main/mahjong2date/0525_0523,未中奖,0.00,0.00,1,0,0,0,0,0,0,否,否,否,0,0,695092,695092,6801779685455854,9477166.0,9477126.0,
普通空转,825.json,825,0,,https://fish-games.s3.amazonaws.com/MahjongWays2/index.html?env=ceshislot.osshaiwai.com&hasFloat=0&token=436475c81b51e6893c740657870f86b7&language=en&debug=1&debugDataPath=https://raw.githubusercontent.com/jygameclub/testdataapi/main/mahjong2date/0525_0523&debugStart=825,https://raw.githubusercontent.com/jygameclub/testdataapi/main/mahjong2date/0525_0523/825.json,https://raw.githubusercontent.com/jygameclub/testdataapi/main/mahjong2date/0525_0523,未中奖,0.00,0.00,1,0,0,0,0,0,0,否,否,否,0,0,695098,695098,1411779685456653,9477126.0,9477086.0,
普通空转,827.json,827,0,,https://fish-games.s3.amazonaws.com/MahjongWays2/index.html?env=ceshislot.osshaiwai.com&hasFloat=0&token=436475c81b51e6893c740657870f86b7&language=en&debug=1&debugDataPath=https://raw.githubusercontent.com/jygameclub/testdataapi/main/mahjong2date/0525_0523&debugStart=827,https://raw.githubusercontent.com/jygameclub/testdataapi/main/mahjong2date/0525_0523/827.json,https://raw.githubusercontent.com/jygameclub/testdataapi/main/mahjong2date/0525_0523,未中奖,0.00,0.00,1,0,0,0,0,0,0,否,否,否,0,0,695121,695121,2931779685460121,9477052.0,9477012.0,
普通空转,828.json,828,0,,https://fish-games.s3.amazonaws.com/MahjongWays2/index.html?env=ceshislot.osshaiwai.com&hasFloat=0&token=436475c81b51e6893c740657870f86b7&language=en&debug=1&debugDataPath=https://raw.githubusercontent.com/jygameclub/testdataapi/main/mahjong2date/0525_0523&debugStart=828,https://raw.githubusercontent.com/jygameclub/testdataapi/main/mahjong2date/0525_0523/828.json,https://raw.githubusercontent.com/jygameclub/testdataapi/main/mahjong2date/0525_0523,未中奖,0.00,0.00,1,0,0,0,0,0,0,否,否,否,0,0,695127,695127,7151779685460922,9477012.0,9476972.0,
普通空转,831.json,831,0,,https://fish-games.s3.amazonaws.com/MahjongWays2/index.html?env=ceshislot.osshaiwai.com&hasFloat=0&token=436475c81b51e6893c740657870f86b7&language=en&debug=1&debugDataPath=https://raw.githubusercontent.com/jygameclub/testdataapi/main/mahjong2date/0525_0523&debugStart=831,https://raw.githubusercontent.com/jygameclub/testdataapi/main/mahjong2date/0525_0523/831.json,https://raw.githubusercontent.com/jygameclub/testdataapi/main/mahjong2date/0525_0523,未中奖,0.00,0.00,1,0,0,0,0,0,0,否,否,否,0,0,695177,695177,8841779685468189,9476936.0,9476896.0,
普通空转,832.json,832,0,,https://fish-games.s3.amazonaws.com/MahjongWays2/index.html?env=ceshislot.osshaiwai.com&hasFloat=0&token=436475c81b51e6893c740657870f86b7&language=en&debug=1&debugDataPath=https://raw.githubusercontent.com/jygameclub/testdataapi/main/mahjong2date/0525_0523&debugStart=832,https://raw.githubusercontent.com/jygameclub/testdataapi/main/mahjong2date/0525_0523/832.json,https://raw.githubusercontent.com/jygameclub/testdataapi/main/mahjong2date/0525_0523,未中奖,0.00,0.00,1,0,0,0,0,0,0,否,否,否,0,0,695182,695182,4551779685468971,9476896.0,9476856.0,
普通空转,836.json,836,0,,https://fish-games.s3.amazonaws.com/MahjongWays2/index.html?env=ceshislot.osshaiwai.com&hasFloat=0&token=436475c81b51e6893c740657870f86b7&language=en&debug=1&debugDataPath=https://raw.githubusercontent.com/jygameclub/testdataapi/main/mahjong2date/0525_0523&debugStart=836,https://raw.githubusercontent.com/jygameclub/testdataapi/main/mahjong2date/0525_0523/836.json,https://raw.githubusercontent.com/jygameclub/testdataapi/main/mahjong2date/0525_0523,未中奖,0.00,0.00,1,0,0,0,0,0,0,否,否,否,0,0,695272,695272,7151779685481987,9477296.0,9477256.0,
普通空转,837.json,837,0,,https://fish-games.s3.amazonaws.com/MahjongWays2/index.html?env=ceshislot.osshaiwai.com&hasFloat=0&token=436475c81b51e6893c740657870f86b7&language=en&debug=1&debugDataPath=https://raw.githubusercontent.com/jygameclub/testdataapi/main/mahjong2date/0525_0523&debugStart=837,https://raw.githubusercontent.com/jygameclub/testdataapi/main/mahjong2date/0525_0523/837.json,https://raw.githubusercontent.com/jygameclub/testdataapi/main/mahjong2date/0525_0523,未中奖,0.00,0.00,1,0,0,0,0,0,0,否,否,否,0,1,695279,695279,8081779685482788,9477256.0,9477216.0,
普通空转,839.json,839,0,,https://fish-games.s3.amazonaws.com/MahjongWays2/index.html?env=ceshislot.osshaiwai.com&hasFloat=0&token=436475c81b51e6893c740657870f86b7&language=en&debug=1&debugDataPath=https://raw.githubusercontent.com/jygameclub/testdataapi/main/mahjong2date/0525_0523&debugStart=839,https://raw.githubusercontent.com/jygameclub/testdataapi/main/mahjong2date/0525_0523/839.json,https://raw.githubusercontent.com/jygameclub/testdataapi/main/mahjong2date/0525_0523,未中奖,0.00,0.00,1,0,0,0,0,0,0,否,否,否,0,0,695325,695325,4561779685490038,9477200.0,9477160.0,
普通空转,841.json,841,0,,https://fish-games.s3.amazonaws.com/MahjongWays2/index.html?env=ceshislot.osshaiwai.com&hasFloat=0&token=436475c81b51e6893c740657870f86b7&language=en&debug=1&debugDataPath=https://raw.githubusercontent.com/jygameclub/testdataapi/main/mahjong2date/0525_0523&debugStart=841,https://raw.githubusercontent.com/jygameclub/testdataapi/main/mahjong2date/0525_0523/841.json,https://raw.githubusercontent.com/jygameclub/testdataapi/main/mahjong2date/0525_0523,未中奖,0.00,0.00,1,0,0,0,0,0,0,否,否,否,0,0,695381,695381,6211779685498637,9477366.0,9477326.0,
普通空转,842.json,842,0,,https://fish-games.s3.amazonaws.com/MahjongWays2/index.html?env=ceshislot.osshaiwai.com&hasFloat=0&token=436475c81b51e6893c740657870f86b7&language=en&debug=1&debugDataPath=https://raw.githubusercontent.com/jygameclub/testdataapi/main/mahjong2date/0525_0523&debugStart=842,https://raw.githubusercontent.com/jygameclub/testdataapi/main/mahjong2date/0525_0523/842.json,https://raw.githubusercontent.com/jygameclub/testdataapi/main/mahjong2date/0525_0523,未中奖,0.00,0.00,1,0,0,0,0,0,0,否,否,否,0,1,695387,695387,9021779685499503,9477326.0,9477286.0,
普通空转,843.json,843,0,,https://fish-games.s3.amazonaws.com/MahjongWays2/index.html?env=ceshislot.osshaiwai.com&hasFloat=0&token=436475c81b51e6893c740657870f86b7&language=en&debug=1&debugDataPath=https://raw.githubusercontent.com/jygameclub/testdataapi/main/mahjong2date/0525_0523&debugStart=843,https://raw.githubusercontent.com/jygameclub/testdataapi/main/mahjong2date/0525_0523/843.json,https://raw.githubusercontent.com/jygameclub/testdataapi/main/mahjong2date/0525_0523,未中奖,0.00,0.00,1,0,0,0,0,0,0,否,否,否,0,1,695396,695396,4421779685500921,9477286.0,9477246.0,
普通空转,844.json,844,0,,https://fish-games.s3.amazonaws.com/MahjongWays2/index.html?env=ceshislot.osshaiwai.com&hasFloat=0&token=436475c81b51e6893c740657870f86b7&language=en&debug=1&debugDataPath=https://raw.githubusercontent.com/jygameclub/testdataapi/main/mahjong2date/0525_0523&debugStart=844,https://raw.githubusercontent.com/jygameclub/testdataapi/main/mahjong2date/0525_0523/844.json,https://raw.githubusercontent.com/jygameclub/testdataapi/main/mahjong2date/0525_0523,未中奖,0.00,0.00,1,0,0,0,0,0,0,否,否,否,0,1,695404,695404,1321779685502320,9477246.0,9477206.0,
普通空转,846.json,846,0,,https://fish-games.s3.amazonaws.com/MahjongWays2/index.html?env=ceshislot.osshaiwai.com&hasFloat=0&token=436475c81b51e6893c740657870f86b7&language=en&debug=1&debugDataPath=https://raw.githubusercontent.com/jygameclub/testdataapi/main/mahjong2date/0525_0523&debugStart=846,https://raw.githubusercontent.com/jygameclub/testdataapi/main/mahjong2date/0525_0523/846.json,https://raw.githubusercontent.com/jygameclub/testdataapi/main/mahjong2date/0525_0523,未中奖,0.00,0.00,1,0,0,0,0,0,0,否,否,否,0,1,695433,695433,7521779685506454,9477214.0,9477174.0,
普通空转,847.json,847,0,,https://fish-games.s3.amazonaws.com/MahjongWays2/index.html?env=ceshislot.osshaiwai.com&hasFloat=0&token=436475c81b51e6893c740657870f86b7&language=en&debug=1&debugDataPath=https://raw.githubusercontent.com/jygameclub/testdataapi/main/mahjong2date/0525_0523&debugStart=847,https://raw.githubusercontent.com/jygameclub/testdataapi/main/mahjong2date/0525_0523/847.json,https://raw.githubusercontent.com/jygameclub/testdataapi/main/mahjong2date/0525_0523,未中奖,0.00,0.00,1,0,0,0,0,0,0,否,否,否,0,0,695443,695443,9191779685507853,9477174.0,9477134.0,
普通空转,848.json,848,0,,https://fish-games.s3.amazonaws.com/MahjongWays2/index.html?env=ceshislot.osshaiwai.com&hasFloat=0&token=436475c81b51e6893c740657870f86b7&language=en&debug=1&debugDataPath=https://raw.githubusercontent.com/jygameclub/testdataapi/main/mahjong2date/0525_0523&debugStart=848,https://raw.githubusercontent.com/jygameclub/testdataapi/main/mahjong2date/0525_0523/848.json,https://raw.githubusercontent.com/jygameclub/testdataapi/main/mahjong2date/0525_0523,未中奖,0.00,0.00,1,0,0,0,0,0,0,否,否,否,0,0,695448,695448,9611779685508636,9477134.0,9477094.0,
普通空转,849.json,849,0,,https://fish-games.s3.amazonaws.com/MahjongWays2/index.html?env=ceshislot.osshaiwai.com&hasFloat=0&token=436475c81b51e6893c740657870f86b7&language=en&debug=1&debugDataPath=https://raw.githubusercontent.com/jygameclub/testdataapi/main/mahjong2date/0525_0523&debugStart=849,https://raw.githubusercontent.com/jygameclub/testdataapi/main/mahjong2date/0525_0523/849.json,https://raw.githubusercontent.com/jygameclub/testdataapi/main/mahjong2date/0525_0523,未中奖,0.00,0.00,1,0,0,0,0,0,0,否,否,否,0,0,695455,695455,7321779685509420,9477094.0,9477054.0,
普通空转,850.json,850,0,,https://fish-games.s3.amazonaws.com/MahjongWays2/index.html?env=ceshislot.osshaiwai.com&hasFloat=0&token=436475c81b51e6893c740657870f86b7&language=en&debug=1&debugDataPath=https://raw.githubusercontent.com/jygameclub/testdataapi/main/mahjong2date/0525_0523&debugStart=850,https://raw.githubusercontent.com/jygameclub/testdataapi/main/mahjong2date/0525_0523/850.json,https://raw.githubusercontent.com/jygameclub/testdataapi/main/mahjong2date/0525_0523,未中奖,0.00,0.00,1,0,0,0,0,0,0,否,否,否,0,0,695460,695460,6661779685510206,9477054.0,9477014.0,
普通空转,852.json,852,0,,https://fish-games.s3.amazonaws.com/MahjongWays2/index.html?env=ceshislot.osshaiwai.com&hasFloat=0&token=436475c81b51e6893c740657870f86b7&language=en&debug=1&debugDataPath=https://raw.githubusercontent.com/jygameclub/testdataapi/main/mahjong2date/0525_0523&debugStart=852,https://raw.githubusercontent.com/jygameclub/testdataapi/main/mahjong2date/0525_0523/852.json,https://raw.githubusercontent.com/jygameclub/testdataapi/main/mahjong2date/0525_0523,未中奖,0.00,0.00,1,0,0,0,0,0,0,否,否,否,0,0,695490,695490,9261779685514753,9476978.0,9476938.0,
普通空转,853.json,853,0,,https://fish-games.s3.amazonaws.com/MahjongWays2/index.html?env=ceshislot.osshaiwai.com&hasFloat=0&token=436475c81b51e6893c740657870f86b7&language=en&debug=1&debugDataPath=https://raw.githubusercontent.com/jygameclub/testdataapi/main/mahjong2date/0525_0523&debugStart=853,https://raw.githubusercontent.com/jygameclub/testdataapi/main/mahjong2date/0525_0523/853.json,https://raw.githubusercontent.com/jygameclub/testdataapi/main/mahjong2date/0525_0523,未中奖,0.00,0.00,1,0,0,0,0,0,0,否,否,否,0,0,695495,695495,2071779685515537,9476938.0,9476898.0,
普通空转,854.json,854,0,,https://fish-games.s3.amazonaws.com/MahjongWays2/index.html?env=ceshislot.osshaiwai.com&hasFloat=0&token=436475c81b51e6893c740657870f86b7&language=en&debug=1&debugDataPath=https://raw.githubusercontent.com/jygameclub/testdataapi/main/mahjong2date/0525_0523&debugStart=854,https://raw.githubusercontent.com/jygameclub/testdataapi/main/mahjong2date/0525_0523/854.json,https://raw.githubusercontent.com/jygameclub/testdataapi/main/mahjong2date/0525_0523,未中奖,0.00,0.00,1,0,0,0,0,0,0,否,否,否,0,0,695501,695501,1381779685516403,9476898.0,9476858.0,
普通空转,855.json,855,0,,https://fish-games.s3.amazonaws.com/MahjongWays2/index.html?env=ceshislot.osshaiwai.com&hasFloat=0&token=436475c81b51e6893c740657870f86b7&language=en&debug=1&debugDataPath=https://raw.githubusercontent.com/jygameclub/testdataapi/main/mahjong2date/0525_0523&debugStart=855,https://raw.githubusercontent.com/jygameclub/testdataapi/main/mahjong2date/0525_0523/855.json,https://raw.githubusercontent.com/jygameclub/testdataapi/main/mahjong2date/0525_0523,未中奖,0.00,0.00,1,0,0,0,0,0,0,否,否,否,0,0,695507,695507,1591779685517203,9476858.0,9476818.0,
普通空转,856.json,856,0,,https://fish-games.s3.amazonaws.com/MahjongWays2/index.html?env=ceshislot.osshaiwai.com&hasFloat=0&token=436475c81b51e6893c740657870f86b7&language=en&debug=1&debugDataPath=https://raw.githubusercontent.com/jygameclub/testdataapi/main/mahjong2date/0525_0523&debugStart=856,https://raw.githubusercontent.com/jygameclub/testdataapi/main/mahjong2date/0525_0523/856.json,https://raw.githubusercontent.com/jygameclub/testdataapi/main/mahjong2date/0525_0523,未中奖,0.00,0.00,1,0,0,0,0,0,0,否,否,否,0,0,695513,695513,5651779685518003,9476818.0,9476778.0,
普通空转,857.json,857,0,,https://fish-games.s3.amazonaws.com/MahjongWays2/index.html?env=ceshislot.osshaiwai.com&hasFloat=0&token=436475c81b51e6893c740657870f86b7&language=en&debug=1&debugDataPath=https://raw.githubusercontent.com/jygameclub/testdataapi/main/mahjong2date/0525_0523&debugStart=857,https://raw.githubusercontent.com/jygameclub/testdataapi/main/mahjong2date/0525_0523/857.json,https://raw.githubusercontent.com/jygameclub/testdataapi/main/mahjong2date/0525_0523,未中奖,0.00,0.00,1,0,0,0,0,0,0,否,否,否,0,2,695518,695518,2971779685518803,9476778.0,9476738.0,
普通空转,858.json,858,0,,https://fish-games.s3.amazonaws.com/MahjongWays2/index.html?env=ceshislot.osshaiwai.com&hasFloat=0&token=436475c81b51e6893c740657870f86b7&language=en&debug=1&debugDataPath=https://raw.githubusercontent.com/jygameclub/testdataapi/main/mahjong2date/0525_0523&debugStart=858,https://raw.githubusercontent.com/jygameclub/testdataapi/main/mahjong2date/0525_0523/858.json,https://raw.githubusercontent.com/jygameclub/testdataapi/main/mahjong2date/0525_0523,未中奖,0.00,0.00,1,0,0,0,0,0,0,否,否,否,0,0,695529,695529,5201779685520304,9476738.0,9476698.0,
普通空转,859.json,859,0,,https://fish-games.s3.amazonaws.com/MahjongWays2/index.html?env=ceshislot.osshaiwai.com&hasFloat=0&token=436475c81b51e6893c740657870f86b7&language=en&debug=1&debugDataPath=https://raw.githubusercontent.com/jygameclub/testdataapi/main/mahjong2date/0525_0523&debugStart=859,https://raw.githubusercontent.com/jygameclub/testdataapi/main/mahjong2date/0525_0523/859.json,https://raw.githubusercontent.com/jygameclub/testdataapi/main/mahjong2date/0525_0523,未中奖,0.00,0.00,1,0,0,0,0,0,0,否,否,否,0,1,695534,695534,3021779685521103,9476698.0,9476658.0,
普通空转,860.json,860,0,,https://fish-games.s3.amazonaws.com/MahjongWays2/index.html?env=ceshislot.osshaiwai.com&hasFloat=0&token=436475c81b51e6893c740657870f86b7&language=en&debug=1&debugDataPath=https://raw.githubusercontent.com/jygameclub/testdataapi/main/mahjong2date/0525_0523&debugStart=860,https://raw.githubusercontent.com/jygameclub/testdataapi/main/mahjong2date/0525_0523/860.json,https://raw.githubusercontent.com/jygameclub/testdataapi/main/mahjong2date/0525_0523,未中奖,0.00,0.00,1,0,0,0,0,0,0,否,否,否,0,0,695543,695543,3051779685522503,9476658.0,9476618.0,
普通空转,861.json,861,0,,https://fish-games.s3.amazonaws.com/MahjongWays2/index.html?env=ceshislot.osshaiwai.com&hasFloat=0&token=436475c81b51e6893c740657870f86b7&language=en&debug=1&debugDataPath=https://raw.githubusercontent.com/jygameclub/testdataapi/main/mahjong2date/0525_0523&debugStart=861,https://raw.githubusercontent.com/jygameclub/testdataapi/main/mahjong2date/0525_0523/861.json,https://raw.githubusercontent.com/jygameclub/testdataapi/main/mahjong2date/0525_0523,未中奖,0.00,0.00,1,0,0,0,0,0,0,否,否,否,0,0,695549,695549,2651779685523303,9476618.0,9476578.0,
普通空转,863.json,863,0,,https://fish-games.s3.amazonaws.com/MahjongWays2/index.html?env=ceshislot.osshaiwai.com&hasFloat=0&token=436475c81b51e6893c740657870f86b7&language=en&debug=1&debugDataPath=https://raw.githubusercontent.com/jygameclub/testdataapi/main/mahjong2date/0525_0523&debugStart=863,https://raw.githubusercontent.com/jygameclub/testdataapi/main/mahjong2date/0525_0523/863.json,https://raw.githubusercontent.com/jygameclub/testdataapi/main/mahjong2date/0525_0523,未中奖,0.00,0.00,1,0,0,0,0,0,0,否,否,否,0,0,695575,695575,7641779685526803,9476544.0,9476504.0,
普通空转,864.json,864,0,,https://fish-games.s3.amazonaws.com/MahjongWays2/index.html?env=ceshislot.osshaiwai.com&hasFloat=0&token=436475c81b51e6893c740657870f86b7&language=en&debug=1&debugDataPath=https://raw.githubusercontent.com/jygameclub/testdataapi/main/mahjong2date/0525_0523&debugStart=864,https://raw.githubusercontent.com/jygameclub/testdataapi/main/mahjong2date/0525_0523/864.json,https://raw.githubusercontent.com/jygameclub/testdataapi/main/mahjong2date/0525_0523,未中奖,0.00,0.00,1,0,0,0,0,0,0,否,否,否,0,2,695581,695581,5091779685527587,9476504.0,9476464.0,
普通空转,866.json,866,0,,https://fish-games.s3.amazonaws.com/MahjongWays2/index.html?env=ceshislot.osshaiwai.com&hasFloat=0&token=436475c81b51e6893c740657870f86b7&language=en&debug=1&debugDataPath=https://raw.githubusercontent.com/jygameclub/testdataapi/main/mahjong2date/0525_0523&debugStart=866,https://raw.githubusercontent.com/jygameclub/testdataapi/main/mahjong2date/0525_0523/866.json,https://raw.githubusercontent.com/jygameclub/testdataapi/main/mahjong2date/0525_0523,未中奖,0.00,0.00,1,0,0,0,0,0,0,否,否,否,0,0,695624,695624,8991779685533870,9476784.0,9476744.0,
普通空转,867.json,867,0,,https://fish-games.s3.amazonaws.com/MahjongWays2/index.html?env=ceshislot.osshaiwai.com&hasFloat=0&token=436475c81b51e6893c740657870f86b7&language=en&debug=1&debugDataPath=https://raw.githubusercontent.com/jygameclub/testdataapi/main/mahjong2date/0525_0523&debugStart=867,https://raw.githubusercontent.com/jygameclub/testdataapi/main/mahjong2date/0525_0523/867.json,https://raw.githubusercontent.com/jygameclub/testdataapi/main/mahjong2date/0525_0523,未中奖,0.00,0.00,1,0,0,0,0,0,0,否,否,否,0,0,695630,695630,6871779685534653,9476744.0,9476704.0,
普通空转,868.json,868,0,,https://fish-games.s3.amazonaws.com/MahjongWays2/index.html?env=ceshislot.osshaiwai.com&hasFloat=0&token=436475c81b51e6893c740657870f86b7&language=en&debug=1&debugDataPath=https://raw.githubusercontent.com/jygameclub/testdataapi/main/mahjong2date/0525_0523&debugStart=868,https://raw.githubusercontent.com/jygameclub/testdataapi/main/mahjong2date/0525_0523/868.json,https://raw.githubusercontent.com/jygameclub/testdataapi/main/mahjong2date/0525_0523,未中奖,0.00,0.00,1,0,0,0,0,0,0,否,否,否,0,1,695635,695635,1401779685535453,9476704.0,9476664.0,
普通空转,869.json,869,0,,https://fish-games.s3.amazonaws.com/MahjongWays2/index.html?env=ceshislot.osshaiwai.com&hasFloat=0&token=436475c81b51e6893c740657870f86b7&language=en&debug=1&debugDataPath=https://raw.githubusercontent.com/jygameclub/testdataapi/main/mahjong2date/0525_0523&debugStart=869,https://raw.githubusercontent.com/jygameclub/testdataapi/main/mahjong2date/0525_0523/869.json,https://raw.githubusercontent.com/jygameclub/testdataapi/main/mahjong2date/0525_0523,未中奖,0.00,0.00,1,0,0,0,0,0,0,否,否,否,0,0,695644,695644,2251779685536870,9476664.0,9476624.0,
普通空转,870.json,870,0,,https://fish-games.s3.amazonaws.com/MahjongWays2/index.html?env=ceshislot.osshaiwai.com&hasFloat=0&token=436475c81b51e6893c740657870f86b7&language=en&debug=1&debugDataPath=https://raw.githubusercontent.com/jygameclub/testdataapi/main/mahjong2date/0525_0523&debugStart=870,https://raw.githubusercontent.com/jygameclub/testdataapi/main/mahjong2date/0525_0523/870.json,https://raw.githubusercontent.com/jygameclub/testdataapi/main/mahjong2date/0525_0523,未中奖,0.00,0.00,1,0,0,0,0,0,0,否,否,否,0,0,695649,695649,9441779685537670,9476624.0,9476584.0,
普通空转,871.json,871,0,,https://fish-games.s3.amazonaws.com/MahjongWays2/index.html?env=ceshislot.osshaiwai.com&hasFloat=0&token=436475c81b51e6893c740657870f86b7&language=en&debug=1&debugDataPath=https://raw.githubusercontent.com/jygameclub/testdataapi/main/mahjong2date/0525_0523&debugStart=871,https://raw.githubusercontent.com/jygameclub/testdataapi/main/mahjong2date/0525_0523/871.json,https://raw.githubusercontent.com/jygameclub/testdataapi/main/mahjong2date/0525_0523,未中奖,0.00,0.00,1,0,0,0,0,0,0,否,否,否,0,1,695656,695656,9581779685538469,9476584.0,9476544.0,
普通空转,872.json,872,0,,https://fish-games.s3.amazonaws.com/MahjongWays2/index.html?env=ceshislot.osshaiwai.com&hasFloat=0&token=436475c81b51e6893c740657870f86b7&language=en&debug=1&debugDataPath=https://raw.githubusercontent.com/jygameclub/testdataapi/main/mahjong2date/0525_0523&debugStart=872,https://raw.githubusercontent.com/jygameclub/testdataapi/main/mahjong2date/0525_0523/872.json,https://raw.githubusercontent.com/jygameclub/testdataapi/main/mahjong2date/0525_0523,未中奖,0.00,0.00,1,0,0,0,0,0,0,否,否,否,0,1,695665,695665,3861779685539870,9476544.0,9476504.0,
普通空转,873.json,873,0,,https://fish-games.s3.amazonaws.com/MahjongWays2/index.html?env=ceshislot.osshaiwai.com&hasFloat=0&token=436475c81b51e6893c740657870f86b7&language=en&debug=1&debugDataPath=https://raw.githubusercontent.com/jygameclub/testdataapi/main/mahjong2date/0525_0523&debugStart=873,https://raw.githubusercontent.com/jygameclub/testdataapi/main/mahjong2date/0525_0523/873.json,https://raw.githubusercontent.com/jygameclub/testdataapi/main/mahjong2date/0525_0523,未中奖,0.00,0.00,1,0,0,0,0,0,0,否,否,否,0,0,695674,695674,5751779685541286,9476504.0,9476464.0,
普通空转,877.json,877,0,,https://fish-games.s3.amazonaws.com/MahjongWays2/index.html?env=ceshislot.osshaiwai.com&hasFloat=0&token=436475c81b51e6893c740657870f86b7&language=en&debug=1&debugDataPath=https://raw.githubusercontent.com/jygameclub/testdataapi/main/mahjong2date/0525_0523&debugStart=877,https://raw.githubusercontent.com/jygameclub/testdataapi/main/mahjong2date/0525_0523/877.json,https://raw.githubusercontent.com/jygameclub/testdataapi/main/mahjong2date/0525_0523,未中奖,0.00,0.00,1,0,0,0,0,0,0,否,否,否,0,1,695781,695781,4031779685557286,9476410.0,9476370.0,
普通空转,878.json,878,0,,https://fish-games.s3.amazonaws.com/MahjongWays2/index.html?env=ceshislot.osshaiwai.com&hasFloat=0&token=436475c81b51e6893c740657870f86b7&language=en&debug=1&debugDataPath=https://raw.githubusercontent.com/jygameclub/testdataapi/main/mahjong2date/0525_0523&debugStart=878,https://raw.githubusercontent.com/jygameclub/testdataapi/main/mahjong2date/0525_0523/878.json,https://raw.githubusercontent.com/jygameclub/testdataapi/main/mahjong2date/0525_0523,未中奖,0.00,0.00,1,0,0,0,0,0,0,否,否,否,0,0,695790,695790,5111779685558686,9476370.0,9476330.0,
普通空转,879.json,879,0,,https://fish-games.s3.amazonaws.com/MahjongWays2/index.html?env=ceshislot.osshaiwai.com&hasFloat=0&token=436475c81b51e6893c740657870f86b7&language=en&debug=1&debugDataPath=https://raw.githubusercontent.com/jygameclub/testdataapi/main/mahjong2date/0525_0523&debugStart=879,https://raw.githubusercontent.com/jygameclub/testdataapi/main/mahjong2date/0525_0523/879.json,https://raw.githubusercontent.com/jygameclub/testdataapi/main/mahjong2date/0525_0523,未中奖,0.00,0.00,1,0,0,0,0,0,0,否,否,否,0,0,695796,695796,3881779685559537,9476330.0,9476290.0,
普通空转,882.json,882,0,,https://fish-games.s3.amazonaws.com/MahjongWays2/index.html?env=ceshislot.osshaiwai.com&hasFloat=0&token=436475c81b51e6893c740657870f86b7&language=en&debug=1&debugDataPath=https://raw.githubusercontent.com/jygameclub/testdataapi/main/mahjong2date/0525_0523&debugStart=882,https://raw.githubusercontent.com/jygameclub/testdataapi/main/mahjong2date/0525_0523/882.json,https://raw.githubusercontent.com/jygameclub/testdataapi/main/mahjong2date/0525_0523,未中奖,0.00,0.00,1,0,0,0,0,0,0,否,否,否,0,1,695851,695851,1881779685567769,9476322.0,9476282.0,
普通空转,883.json,883,0,,https://fish-games.s3.amazonaws.com/MahjongWays2/index.html?env=ceshislot.osshaiwai.com&hasFloat=0&token=436475c81b51e6893c740657870f86b7&language=en&debug=1&debugDataPath=https://raw.githubusercontent.com/jygameclub/testdataapi/main/mahjong2date/0525_0523&debugStart=883,https://raw.githubusercontent.com/jygameclub/testdataapi/main/mahjong2date/0525_0523/883.json,https://raw.githubusercontent.com/jygameclub/testdataapi/main/mahjong2date/0525_0523,未中奖,0.00,0.00,1,0,0,0,0,0,0,否,否,否,0,0,695861,695861,1511779685569189,9476282.0,9476242.0,
普通空转,884.json,884,0,,https://fish-games.s3.amazonaws.com/MahjongWays2/index.html?env=ceshislot.osshaiwai.com&hasFloat=0&token=436475c81b51e6893c740657870f86b7&language=en&debug=1&debugDataPath=https://raw.githubusercontent.com/jygameclub/testdataapi/main/mahjong2date/0525_0523&debugStart=884,https://raw.githubusercontent.com/jygameclub/testdataapi/main/mahjong2date/0525_0523/884.json,https://raw.githubusercontent.com/jygameclub/testdataapi/main/mahjong2date/0525_0523,未中奖,0.00,0.00,1,0,0,0,0,0,0,否,否,否,0,1,695868,695868,5331779685569970,9476242.0,9476202.0,
普通空转,885.json,885,0,,https://fish-games.s3.amazonaws.com/MahjongWays2/index.html?env=ceshislot.osshaiwai.com&hasFloat=0&token=436475c81b51e6893c740657870f86b7&language=en&debug=1&debugDataPath=https://raw.githubusercontent.com/jygameclub/testdataapi/main/mahjong2date/0525_0523&debugStart=885,https://raw.githubusercontent.com/jygameclub/testdataapi/main/mahjong2date/0525_0523/885.json,https://raw.githubusercontent.com/jygameclub/testdataapi/main/mahjong2date/0525_0523,未中奖,0.00,0.00,1,0,0,0,0,0,0,否,否,否,0,0,695877,695877,4911779685571387,9476202.0,9476162.0,
普通空转,886.json,886,0,,https://fish-games.s3.amazonaws.com/MahjongWays2/index.html?env=ceshislot.osshaiwai.com&hasFloat=0&token=436475c81b51e6893c740657870f86b7&language=en&debug=1&debugDataPath=https://raw.githubusercontent.com/jygameclub/testdataapi/main/mahjong2date/0525_0523&debugStart=886,https://raw.githubusercontent.com/jygameclub/testdataapi/main/mahjong2date/0525_0523/886.json,https://raw.githubusercontent.com/jygameclub/testdataapi/main/mahjong2date/0525_0523,未中奖,0.00,0.00,1,0,0,0,0,0,0,否,否,否,0,0,695883,695883,2561779685572187,9476162.0,9476122.0,
普通空转,887.json,887,0,,https://fish-games.s3.amazonaws.com/MahjongWays2/index.html?env=ceshislot.osshaiwai.com&hasFloat=0&token=436475c81b51e6893c740657870f86b7&language=en&debug=1&debugDataPath=https://raw.githubusercontent.com/jygameclub/testdataapi/main/mahjong2date/0525_0523&debugStart=887,https://raw.githubusercontent.com/jygameclub/testdataapi/main/mahjong2date/0525_0523/887.json,https://raw.githubusercontent.com/jygameclub/testdataapi/main/mahjong2date/0525_0523,未中奖,0.00,0.00,1,0,0,0,0,0,0,否,否,否,0,0,695890,695890,9361779685572973,9476122.0,9476082.0,
普通空转,888.json,888,0,,https://fish-games.s3.amazonaws.com/MahjongWays2/index.html?env=ceshislot.osshaiwai.com&hasFloat=0&token=436475c81b51e6893c740657870f86b7&language=en&debug=1&debugDataPath=https://raw.githubusercontent.com/jygameclub/testdataapi/main/mahjong2date/0525_0523&debugStart=888,https://raw.githubusercontent.com/jygameclub/testdataapi/main/mahjong2date/0525_0523/888.json,https://raw.githubusercontent.com/jygameclub/testdataapi/main/mahjong2date/0525_0523,未中奖,0.00,0.00,1,0,0,0,0,0,0,否,否,否,0,0,695895,695895,4821779685573770,9476082.0,9476042.0,
普通空转,889.json,889,0,,https://fish-games.s3.amazonaws.com/MahjongWays2/index.html?env=ceshislot.osshaiwai.com&hasFloat=0&token=436475c81b51e6893c740657870f86b7&language=en&debug=1&debugDataPath=https://raw.githubusercontent.com/jygameclub/testdataapi/main/mahjong2date/0525_0523&debugStart=889,https://raw.githubusercontent.com/jygameclub/testdataapi/main/mahjong2date/0525_0523/889.json,https://raw.githubusercontent.com/jygameclub/testdataapi/main/mahjong2date/0525_0523,未中奖,0.00,0.00,1,0,0,0,0,0,0,否,否,否,0,0,695901,695901,6751779685574622,9476042.0,9476002.0,
普通空转,892.json,892,0,,https://fish-games.s3.amazonaws.com/MahjongWays2/index.html?env=ceshislot.osshaiwai.com&hasFloat=0&token=436475c81b51e6893c740657870f86b7&language=en&debug=1&debugDataPath=https://raw.githubusercontent.com/jygameclub/testdataapi/main/mahjong2date/0525_0523&debugStart=892,https://raw.githubusercontent.com/jygameclub/testdataapi/main/mahjong2date/0525_0523/892.json,https://raw.githubusercontent.com/jygameclub/testdataapi/main/mahjong2date/0525_0523,未中奖,0.00,0.00,1,0,0,0,0,0,0,否,否,否,0,0,695978,695978,4691779685586170,9476124.0,9476084.0,
普通空转,894.json,894,0,,https://fish-games.s3.amazonaws.com/MahjongWays2/index.html?env=ceshislot.osshaiwai.com&hasFloat=0&token=436475c81b51e6893c740657870f86b7&language=en&debug=1&debugDataPath=https://raw.githubusercontent.com/jygameclub/testdataapi/main/mahjong2date/0525_0523&debugStart=894,https://raw.githubusercontent.com/jygameclub/testdataapi/main/mahjong2date/0525_0523/894.json,https://raw.githubusercontent.com/jygameclub/testdataapi/main/mahjong2date/0525_0523,未中奖,0.00,0.00,1,0,0,0,0,0,0,否,否,否,0,0,696018,696018,6681779685591737,9476222.0,9476182.0,
普通空转,895.json,895,0,,https://fish-games.s3.amazonaws.com/MahjongWays2/index.html?env=ceshislot.osshaiwai.com&hasFloat=0&token=436475c81b51e6893c740657870f86b7&language=en&debug=1&debugDataPath=https://raw.githubusercontent.com/jygameclub/testdataapi/main/mahjong2date/0525_0523&debugStart=895,https://raw.githubusercontent.com/jygameclub/testdataapi/main/mahjong2date/0525_0523/895.json,https://raw.githubusercontent.com/jygameclub/testdataapi/main/mahjong2date/0525_0523,未中奖,0.00,0.00,1,0,0,0,0,0,0,否,否,否,0,0,696023,696023,1621779685592521,9476182.0,9476142.0,
普通空转,898.json,898,0,,https://fish-games.s3.amazonaws.com/MahjongWays2/index.html?env=ceshislot.osshaiwai.com&hasFloat=0&token=436475c81b51e6893c740657870f86b7&language=en&debug=1&debugDataPath=https://raw.githubusercontent.com/jygameclub/testdataapi/main/mahjong2date/0525_0523&debugStart=898,https://raw.githubusercontent.com/jygameclub/testdataapi/main/mahjong2date/0525_0523/898.json,https://raw.githubusercontent.com/jygameclub/testdataapi/main/mahjong2date/0525_0523,未中奖,0.00,0.00,1,0,0,0,0,0,0,否,否,否,0,0,696086,696086,8281779685601889,9476180.0,9476140.0,
普通空转,899.json,899,0,,https://fish-games.s3.amazonaws.com/MahjongWays2/index.html?env=ceshislot.osshaiwai.com&hasFloat=0&token=436475c81b51e6893c740657870f86b7&language=en&debug=1&debugDataPath=https://raw.githubusercontent.com/jygameclub/testdataapi/main/mahjong2date/0525_0523&debugStart=899,https://raw.githubusercontent.com/jygameclub/testdataapi/main/mahjong2date/0525_0523/899.json,https://raw.githubusercontent.com/jygameclub/testdataapi/main/mahjong2date/0525_0523,未中奖,0.00,0.00,1,0,0,0,0,0,0,否,否,否,0,0,696092,696092,3271779685602686,9476140.0,9476100.0,
普通空转,902.json,902,0,,https://fish-games.s3.amazonaws.com/MahjongWays2/index.html?env=ceshislot.osshaiwai.com&hasFloat=0&token=436475c81b51e6893c740657870f86b7&language=en&debug=1&debugDataPath=https://raw.githubusercontent.com/jygameclub/testdataapi/main/mahjong2date/0525_0523&debugStart=902,https://raw.githubusercontent.com/jygameclub/testdataapi/main/mahjong2date/0525_0523/902.json,https://raw.githubusercontent.com/jygameclub/testdataapi/main/mahjong2date/0525_0523,未中奖,0.00,0.00,1,0,0,0,0,0,0,否,否,否,0,1,696142,696142,9381779685609987,9476100.0,9476060.0,
普通空转,903.json,903,0,,https://fish-games.s3.amazonaws.com/MahjongWays2/index.html?env=ceshislot.osshaiwai.com&hasFloat=0&token=436475c81b51e6893c740657870f86b7&language=en&debug=1&debugDataPath=https://raw.githubusercontent.com/jygameclub/testdataapi/main/mahjong2date/0525_0523&debugStart=903,https://raw.githubusercontent.com/jygameclub/testdataapi/main/mahjong2date/0525_0523/903.json,https://raw.githubusercontent.com/jygameclub/testdataapi/main/mahjong2date/0525_0523,未中奖,0.00,0.00,1,0,0,0,0,0,0,否,否,否,0,0,696150,696150,5041779685611403,9476060.0,9476020.0,
普通空转,904.json,904,0,,https://fish-games.s3.amazonaws.com/MahjongWays2/index.html?env=ceshislot.osshaiwai.com&hasFloat=0&token=436475c81b51e6893c740657870f86b7&language=en&debug=1&debugDataPath=https://raw.githubusercontent.com/jygameclub/testdataapi/main/mahjong2date/0525_0523&debugStart=904,https://raw.githubusercontent.com/jygameclub/testdataapi/main/mahjong2date/0525_0523/904.json,https://raw.githubusercontent.com/jygameclub/testdataapi/main/mahjong2date/0525_0523,未中奖,0.00,0.00,1,0,0,0,0,0,0,否,否,否,0,0,696157,696157,5271779685612205,9476020.0,9475980.0,
普通空转,905.json,905,0,,https://fish-games.s3.amazonaws.com/MahjongWays2/index.html?env=ceshislot.osshaiwai.com&hasFloat=0&token=436475c81b51e6893c740657870f86b7&language=en&debug=1&debugDataPath=https://raw.githubusercontent.com/jygameclub/testdataapi/main/mahjong2date/0525_0523&debugStart=905,https://raw.githubusercontent.com/jygameclub/testdataapi/main/mahjong2date/0525_0523/905.json,https://raw.githubusercontent.com/jygameclub/testdataapi/main/mahjong2date/0525_0523,未中奖,0.00,0.00,1,0,0,0,0,0,0,否,否,否,0,0,696163,696163,8901779685613003,9475980.0,9475940.0,
普通空转,906.json,906,0,,https://fish-games.s3.amazonaws.com/MahjongWays2/index.html?env=ceshislot.osshaiwai.com&hasFloat=0&token=436475c81b51e6893c740657870f86b7&language=en&debug=1&debugDataPath=https://raw.githubusercontent.com/jygameclub/testdataapi/main/mahjong2date/0525_0523&debugStart=906,https://raw.githubusercontent.com/jygameclub/testdataapi/main/mahjong2date/0525_0523/906.json,https://raw.githubusercontent.com/jygameclub/testdataapi/main/mahjong2date/0525_0523,未中奖,0.00,0.00,1,0,0,0,0,0,0,否,否,否,0,1,696168,696168,7831779685613803,9475940.0,9475900.0,
普通空转,907.json,907,0,,https://fish-games.s3.amazonaws.com/MahjongWays2/index.html?env=ceshislot.osshaiwai.com&hasFloat=0&token=436475c81b51e6893c740657870f86b7&language=en&debug=1&debugDataPath=https://raw.githubusercontent.com/jygameclub/testdataapi/main/mahjong2date/0525_0523&debugStart=907,https://raw.githubusercontent.com/jygameclub/testdataapi/main/mahjong2date/0525_0523/907.json,https://raw.githubusercontent.com/jygameclub/testdataapi/main/mahjong2date/0525_0523,未中奖,0.00,0.00,1,0,0,0,0,0,0,否,否,否,0,1,696178,696178,2051779685615221,9475900.0,9475860.0,
普通空转,912.json,912,0,,https://fish-games.s3.amazonaws.com/MahjongWays2/index.html?env=ceshislot.osshaiwai.com&hasFloat=0&token=436475c81b51e6893c740657870f86b7&language=en&debug=1&debugDataPath=https://raw.githubusercontent.com/jygameclub/testdataapi/main/mahjong2date/0525_0523&debugStart=912,https://raw.githubusercontent.com/jygameclub/testdataapi/main/mahjong2date/0525_0523/912.json,https://raw.githubusercontent.com/jygameclub/testdataapi/main/mahjong2date/0525_0523,未中奖,0.00,0.00,1,0,0,0,0,0,0,否,否,否,0,0,696283,696283,7101779685631437,9475900.0,9475860.0,
普通空转,913.json,913,0,,https://fish-games.s3.amazonaws.com/MahjongWays2/index.html?env=ceshislot.osshaiwai.com&hasFloat=0&token=436475c81b51e6893c740657870f86b7&language=en&debug=1&debugDataPath=https://raw.githubusercontent.com/jygameclub/testdataapi/main/mahjong2date/0525_0523&debugStart=913,https://raw.githubusercontent.com/jygameclub/testdataapi/main/mahjong2date/0525_0523/913.json,https://raw.githubusercontent.com/jygameclub/testdataapi/main/mahjong2date/0525_0523,未中奖,0.00,0.00,1,0,0,0,0,0,0,否,否,否,0,0,696288,696288,5481779685632236,9475860.0,9475820.0,
普通空转,914.json,914,0,,https://fish-games.s3.amazonaws.com/MahjongWays2/index.html?env=ceshislot.osshaiwai.com&hasFloat=0&token=436475c81b51e6893c740657870f86b7&language=en&debug=1&debugDataPath=https://raw.githubusercontent.com/jygameclub/testdataapi/main/mahjong2date/0525_0523&debugStart=914,https://raw.githubusercontent.com/jygameclub/testdataapi/main/mahjong2date/0525_0523/914.json,https://raw.githubusercontent.com/jygameclub/testdataapi/main/mahjong2date/0525_0523,未中奖,0.00,0.00,1,0,0,0,0,0,0,否,否,否,0,0,696293,696293,8171779685633020,9475820.0,9475780.0,
普通空转,916.json,916,0,,https://fish-games.s3.amazonaws.com/MahjongWays2/index.html?env=ceshislot.osshaiwai.com&hasFloat=0&token=436475c81b51e6893c740657870f86b7&language=en&debug=1&debugDataPath=https://raw.githubusercontent.com/jygameclub/testdataapi/main/mahjong2date/0525_0523&debugStart=916,https://raw.githubusercontent.com/jygameclub/testdataapi/main/mahjong2date/0525_0523/916.json,https://raw.githubusercontent.com/jygameclub/testdataapi/main/mahjong2date/0525_0523,未中奖,0.00,0.00,1,0,0,0,0,0,0,否,否,否,0,0,696297,696297,9721779685636520,9475744.0,9475704.0,
普通空转,918.json,918,0,,https://fish-games.s3.amazonaws.com/MahjongWays2/index.html?env=ceshislot.osshaiwai.com&hasFloat=0&token=436475c81b51e6893c740657870f86b7&language=en&debug=1&debugDataPath=https://raw.githubusercontent.com/jygameclub/testdataapi/main/mahjong2date/0525_0523&debugStart=918,https://raw.githubusercontent.com/jygameclub/testdataapi/main/mahjong2date/0525_0523/918.json,https://raw.githubusercontent.com/jygameclub/testdataapi/main/mahjong2date/0525_0523,未中奖,0.00,0.00,1,0,0,0,0,0,0,否,否,否,0,1,696302,696302,9001779685640053,9475672.0,9475632.0,
普通空转,921.json,921,0,,https://fish-games.s3.amazonaws.com/MahjongWays2/index.html?env=ceshislot.osshaiwai.com&hasFloat=0&token=436475c81b51e6893c740657870f86b7&language=en&debug=1&debugDataPath=https://raw.githubusercontent.com/jygameclub/testdataapi/main/mahjong2date/0525_0523&debugStart=921,https://raw.githubusercontent.com/jygameclub/testdataapi/main/mahjong2date/0525_0523/921.json,https://raw.githubusercontent.com/jygameclub/testdataapi/main/mahjong2date/0525_0523,未中奖,0.00,0.00,1,0,0,0,0,0,0,否,否,否,0,0,696309,696309,6931779685646836,9475570.0,9475530.0,
普通空转,922.json,922,0,,https://fish-games.s3.amazonaws.com/MahjongWays2/index.html?env=ceshislot.osshaiwai.com&hasFloat=0&token=436475c81b51e6893c740657870f86b7&language=en&debug=1&debugDataPath=https://raw.githubusercontent.com/jygameclub/testdataapi/main/mahjong2date/0525_0523&debugStart=922,https://raw.githubusercontent.com/jygameclub/testdataapi/main/mahjong2date/0525_0523/922.json,https://raw.githubusercontent.com/jygameclub/testdataapi/main/mahjong2date/0525_0523,未中奖,0.00,0.00,1,0,0,0,0,0,0,否,否,否,0,1,696311,696311,4621779685647703,9475530.0,9475490.0,
普通空转,924.json,924,0,,https://fish-games.s3.amazonaws.com/MahjongWays2/index.html?env=ceshislot.osshaiwai.com&hasFloat=0&token=436475c81b51e6893c740657870f86b7&language=en&debug=1&debugDataPath=https://raw.githubusercontent.com/jygameclub/testdataapi/main/mahjong2date/0525_0523&debugStart=924,https://raw.githubusercontent.com/jygameclub/testdataapi/main/mahjong2date/0525_0523/924.json,https://raw.githubusercontent.com/jygameclub/testdataapi/main/mahjong2date/0525_0523,未中奖,0.00,0.00,1,0,0,0,0,0,0,否,否,否,0,0,696316,696316,1181779685651870,9475482.0,9475442.0,
普通空转,926.json,926,0,,https://fish-games.s3.amazonaws.com/MahjongWays2/index.html?env=ceshislot.osshaiwai.com&hasFloat=0&token=436475c81b51e6893c740657870f86b7&language=en&debug=1&debugDataPath=https://raw.githubusercontent.com/jygameclub/testdataapi/main/mahjong2date/0525_0523&debugStart=926,https://raw.githubusercontent.com/jygameclub/testdataapi/main/mahjong2date/0525_0523/926.json,https://raw.githubusercontent.com/jygameclub/testdataapi/main/mahjong2date/0525_0523,未中奖,0.00,0.00,1,0,0,0,0,0,0,否,否,否,0,0,696323,696323,5721779685656486,9475408.0,9475368.0,
普通空转,927.json,927,0,,https://fish-games.s3.amazonaws.com/MahjongWays2/index.html?env=ceshislot.osshaiwai.com&hasFloat=0&token=436475c81b51e6893c740657870f86b7&language=en&debug=1&debugDataPath=https://raw.githubusercontent.com/jygameclub/testdataapi/main/mahjong2date/0525_0523&debugStart=927,https://raw.githubusercontent.com/jygameclub/testdataapi/main/mahjong2date/0525_0523/927.json,https://raw.githubusercontent.com/jygameclub/testdataapi/main/mahjong2date/0525_0523,未中奖,0.00,0.00,1,0,0,0,0,0,0,否,否,否,0,0,696325,696325,9001779685657336,9475368.0,9475328.0,
普通空转,928.json,928,0,,https://fish-games.s3.amazonaws.com/MahjongWays2/index.html?env=ceshislot.osshaiwai.com&hasFloat=0&token=436475c81b51e6893c740657870f86b7&language=en&debug=1&debugDataPath=https://raw.githubusercontent.com/jygameclub/testdataapi/main/mahjong2date/0525_0523&debugStart=928,https://raw.githubusercontent.com/jygameclub/testdataapi/main/mahjong2date/0525_0523/928.json,https://raw.githubusercontent.com/jygameclub/testdataapi/main/mahjong2date/0525_0523,未中奖,0.00,0.00,1,0,0,0,0,0,0,否,否,否,0,0,696326,696326,6331779685658185,9475328.0,9475288.0,
普通空转,929.json,929,0,,https://fish-games.s3.amazonaws.com/MahjongWays2/index.html?env=ceshislot.osshaiwai.com&hasFloat=0&token=436475c81b51e6893c740657870f86b7&language=en&debug=1&debugDataPath=https://raw.githubusercontent.com/jygameclub/testdataapi/main/mahjong2date/0525_0523&debugStart=929,https://raw.githubusercontent.com/jygameclub/testdataapi/main/mahjong2date/0525_0523/929.json,https://raw.githubusercontent.com/jygameclub/testdataapi/main/mahjong2date/0525_0523,未中奖,0.00,0.00,1,0,0,0,0,0,0,否,否,否,0,0,696328,696328,4251779685658969,9475288.0,9475248.0,
普通空转,930.json,930,0,,https://fish-games.s3.amazonaws.com/MahjongWays2/index.html?env=ceshislot.osshaiwai.com&hasFloat=0&token=436475c81b51e6893c740657870f86b7&language=en&debug=1&debugDataPath=https://raw.githubusercontent.com/jygameclub/testdataapi/main/mahjong2date/0525_0523&debugStart=930,https://raw.githubusercontent.com/jygameclub/testdataapi/main/mahjong2date/0525_0523/930.json,https://raw.githubusercontent.com/jygameclub/testdataapi/main/mahjong2date/0525_0523,未中奖,0.00,0.00,1,0,0,0,0,0,0,否,否,否,0,0,696330,696330,9441779685659772,9475248.0,9475208.0,
普通空转,931.json,931,0,,https://fish-games.s3.amazonaws.com/MahjongWays2/index.html?env=ceshislot.osshaiwai.com&hasFloat=0&token=436475c81b51e6893c740657870f86b7&language=en&debug=1&debugDataPath=https://raw.githubusercontent.com/jygameclub/testdataapi/main/mahjong2date/0525_0523&debugStart=931,https://raw.githubusercontent.com/jygameclub/testdataapi/main/mahjong2date/0525_0523/931.json,https://raw.githubusercontent.com/jygameclub/testdataapi/main/mahjong2date/0525_0523,未中奖,0.00,0.00,1,0,0,0,0,0,0,否,否,否,0,0,696331,696331,7121779685660553,9475208.0,9475168.0,
普通空转,932.json,932,0,,https://fish-games.s3.amazonaws.com/MahjongWays2/index.html?env=ceshislot.osshaiwai.com&hasFloat=0&token=436475c81b51e6893c740657870f86b7&language=en&debug=1&debugDataPath=https://raw.githubusercontent.com/jygameclub/testdataapi/main/mahjong2date/0525_0523&debugStart=932,https://raw.githubusercontent.com/jygameclub/testdataapi/main/mahjong2date/0525_0523/932.json,https://raw.githubusercontent.com/jygameclub/testdataapi/main/mahjong2date/0525_0523,未中奖,0.00,0.00,1,0,0,0,0,0,0,否,否,否,0,1,696332,696332,7191779685661337,9475168.0,9475128.0,
普通空转,934.json,934,0,,https://fish-games.s3.amazonaws.com/MahjongWays2/index.html?env=ceshislot.osshaiwai.com&hasFloat=0&token=436475c81b51e6893c740657870f86b7&language=en&debug=1&debugDataPath=https://raw.githubusercontent.com/jygameclub/testdataapi/main/mahjong2date/0525_0523&debugStart=934,https://raw.githubusercontent.com/jygameclub/testdataapi/main/mahjong2date/0525_0523/934.json,https://raw.githubusercontent.com/jygameclub/testdataapi/main/mahjong2date/0525_0523,未中奖,0.00,0.00,1,0,0,0,0,0,0,否,否,否,0,1,696336,696336,1921779685665569,9475092.0,9475052.0,
普通空转,935.json,935,0,,https://fish-games.s3.amazonaws.com/MahjongWays2/index.html?env=ceshislot.osshaiwai.com&hasFloat=0&token=436475c81b51e6893c740657870f86b7&language=en&debug=1&debugDataPath=https://raw.githubusercontent.com/jygameclub/testdataapi/main/mahjong2date/0525_0523&debugStart=935,https://raw.githubusercontent.com/jygameclub/testdataapi/main/mahjong2date/0525_0523/935.json,https://raw.githubusercontent.com/jygameclub/testdataapi/main/mahjong2date/0525_0523,未中奖,0.00,0.00,1,0,0,0,0,0,0,否,否,否,0,0,696338,696338,5031779685666986,9475052.0,9475012.0,
普通空转,936.json,936,0,,https://fish-games.s3.amazonaws.com/MahjongWays2/index.html?env=ceshislot.osshaiwai.com&hasFloat=0&token=436475c81b51e6893c740657870f86b7&language=en&debug=1&debugDataPath=https://raw.githubusercontent.com/jygameclub/testdataapi/main/mahjong2date/0525_0523&debugStart=936,https://raw.githubusercontent.com/jygameclub/testdataapi/main/mahjong2date/0525_0523/936.json,https://raw.githubusercontent.com/jygameclub/testdataapi/main/mahjong2date/0525_0523,未中奖,0.00,0.00,1,0,0,0,0,0,0,否,否,否,0,1,696339,696339,7031779685667853,9475012.0,9474972.0,
普通空转,939.json,939,0,,https://fish-games.s3.amazonaws.com/MahjongWays2/index.html?env=ceshislot.osshaiwai.com&hasFloat=0&token=436475c81b51e6893c740657870f86b7&language=en&debug=1&debugDataPath=https://raw.githubusercontent.com/jygameclub/testdataapi/main/mahjong2date/0525_0523&debugStart=939,https://raw.githubusercontent.com/jygameclub/testdataapi/main/mahjong2date/0525_0523/939.json,https://raw.githubusercontent.com/jygameclub/testdataapi/main/mahjong2date/0525_0523,未中奖,0.00,0.00,1,0,0,0,0,0,0,否,否,否,0,0,696345,696345,6401779685674655,9474926.0,9474886.0,
普通空转,942.json,942,0,,https://fish-games.s3.amazonaws.com/MahjongWays2/index.html?env=ceshislot.osshaiwai.com&hasFloat=0&token=436475c81b51e6893c740657870f86b7&language=en&debug=1&debugDataPath=https://raw.githubusercontent.com/jygameclub/testdataapi/main/mahjong2date/0525_0523&debugStart=942,https://raw.githubusercontent.com/jygameclub/testdataapi/main/mahjong2date/0525_0523/942.json,https://raw.githubusercontent.com/jygameclub/testdataapi/main/mahjong2date/0525_0523,未中奖,0.00,0.00,1,0,0,0,0,0,0,否,否,否,0,1,696355,696355,4601779685689237,9475702.0,9475662.0,
普通空转,944.json,944,0,,https://fish-games.s3.amazonaws.com/MahjongWays2/index.html?env=ceshislot.osshaiwai.com&hasFloat=0&token=436475c81b51e6893c740657870f86b7&language=en&debug=1&debugDataPath=https://raw.githubusercontent.com/jygameclub/testdataapi/main/mahjong2date/0525_0523&debugStart=944,https://raw.githubusercontent.com/jygameclub/testdataapi/main/mahjong2date/0525_0523/944.json,https://raw.githubusercontent.com/jygameclub/testdataapi/main/mahjong2date/0525_0523,未中奖,0.00,0.00,1,0,0,0,0,0,0,否,否,否,0,0,696359,696359,7861779685693437,9475624.0,9475584.0,
普通空转,945.json,945,0,,https://fish-games.s3.amazonaws.com/MahjongWays2/index.html?env=ceshislot.osshaiwai.com&hasFloat=0&token=436475c81b51e6893c740657870f86b7&language=en&debug=1&debugDataPath=https://raw.githubusercontent.com/jygameclub/testdataapi/main/mahjong2date/0525_0523&debugStart=945,https://raw.githubusercontent.com/jygameclub/testdataapi/main/mahjong2date/0525_0523/945.json,https://raw.githubusercontent.com/jygameclub/testdataapi/main/mahjong2date/0525_0523,未中奖,0.00,0.00,1,0,0,0,0,0,0,否,否,否,0,0,696361,696361,3771779685694286,9475584.0,9475544.0,
普通空转,947.json,947,0,,https://fish-games.s3.amazonaws.com/MahjongWays2/index.html?env=ceshislot.osshaiwai.com&hasFloat=0&token=436475c81b51e6893c740657870f86b7&language=en&debug=1&debugDataPath=https://raw.githubusercontent.com/jygameclub/testdataapi/main/mahjong2date/0525_0523&debugStart=947,https://raw.githubusercontent.com/jygameclub/testdataapi/main/mahjong2date/0525_0523/947.json,https://raw.githubusercontent.com/jygameclub/testdataapi/main/mahjong2date/0525_0523,未中奖,0.00,0.00,1,0,0,0,0,0,0,否,否,否,0,0,696365,696365,9771779685697970,9475568.0,9475528.0,
普通空转,948.json,948,0,,https://fish-games.s3.amazonaws.com/MahjongWays2/index.html?env=ceshislot.osshaiwai.com&hasFloat=0&token=436475c81b51e6893c740657870f86b7&language=en&debug=1&debugDataPath=https://raw.githubusercontent.com/jygameclub/testdataapi/main/mahjong2date/0525_0523&debugStart=948,https://raw.githubusercontent.com/jygameclub/testdataapi/main/mahjong2date/0525_0523/948.json,https://raw.githubusercontent.com/jygameclub/testdataapi/main/mahjong2date/0525_0523,未中奖,0.00,0.00,1,0,0,0,0,0,0,否,否,否,0,0,696366,696366,6091779685698770,9475528.0,9475488.0,
普通空转,949.json,949,0,,https://fish-games.s3.amazonaws.com/MahjongWays2/index.html?env=ceshislot.osshaiwai.com&hasFloat=0&token=436475c81b51e6893c740657870f86b7&language=en&debug=1&debugDataPath=https://raw.githubusercontent.com/jygameclub/testdataapi/main/mahjong2date/0525_0523&debugStart=949,https://raw.githubusercontent.com/jygameclub/testdataapi/main/mahjong2date/0525_0523/949.json,https://raw.githubusercontent.com/jygameclub/testdataapi/main/mahjong2date/0525_0523,未中奖,0.00,0.00,1,0,0,0,0,0,0,否,否,否,0,0,696367,696367,2981779685699636,9475488.0,9475448.0,
普通空转,950.json,950,0,,https://fish-games.s3.amazonaws.com/MahjongWays2/index.html?env=ceshislot.osshaiwai.com&hasFloat=0&token=436475c81b51e6893c740657870f86b7&language=en&debug=1&debugDataPath=https://raw.githubusercontent.com/jygameclub/testdataapi/main/mahjong2date/0525_0523&debugStart=950,https://raw.githubusercontent.com/jygameclub/testdataapi/main/mahjong2date/0525_0523/950.json,https://raw.githubusercontent.com/jygameclub/testdataapi/main/mahjong2date/0525_0523,未中奖,0.00,0.00,1,0,0,0,0,0,0,否,否,否,0,2,696369,696369,5371779685700436,9475448.0,9475408.0,
普通空转,951.json,951,0,,https://fish-games.s3.amazonaws.com/MahjongWays2/index.html?env=ceshislot.osshaiwai.com&hasFloat=0&token=436475c81b51e6893c740657870f86b7&language=en&debug=1&debugDataPath=https://raw.githubusercontent.com/jygameclub/testdataapi/main/mahjong2date/0525_0523&debugStart=951,https://raw.githubusercontent.com/jygameclub/testdataapi/main/mahjong2date/0525_0523/951.json,https://raw.githubusercontent.com/jygameclub/testdataapi/main/mahjong2date/0525_0523,未中奖,0.00,0.00,1,0,0,0,0,0,0,否,否,否,0,0,696370,696370,9751779685702003,9475408.0,9475368.0,
普通空转,952.json,952,0,,https://fish-games.s3.amazonaws.com/MahjongWays2/index.html?env=ceshislot.osshaiwai.com&hasFloat=0&token=436475c81b51e6893c740657870f86b7&language=en&debug=1&debugDataPath=https://raw.githubusercontent.com/jygameclub/testdataapi/main/mahjong2date/0525_0523&debugStart=952,https://raw.githubusercontent.com/jygameclub/testdataapi/main/mahjong2date/0525_0523/952.json,https://raw.githubusercontent.com/jygameclub/testdataapi/main/mahjong2date/0525_0523,未中奖,0.00,0.00,1,0,0,0,0,0,0,否,否,否,0,0,696372,696372,3951779685702853,9475368.0,9475328.0,
普通空转,953.json,953,0,,https://fish-games.s3.amazonaws.com/MahjongWays2/index.html?env=ceshislot.osshaiwai.com&hasFloat=0&token=436475c81b51e6893c740657870f86b7&language=en&debug=1&debugDataPath=https://raw.githubusercontent.com/jygameclub/testdataapi/main/mahjong2date/0525_0523&debugStart=953,https://raw.githubusercontent.com/jygameclub/testdataapi/main/mahjong2date/0525_0523/953.json,https://raw.githubusercontent.com/jygameclub/testdataapi/main/mahjong2date/0525_0523,未中奖,0.00,0.00,1,0,0,0,0,0,0,否,否,否,0,0,696373,696373,9941779685703636,9475328.0,9475288.0,
普通空转,954.json,954,0,,https://fish-games.s3.amazonaws.com/MahjongWays2/index.html?env=ceshislot.osshaiwai.com&hasFloat=0&token=436475c81b51e6893c740657870f86b7&language=en&debug=1&debugDataPath=https://raw.githubusercontent.com/jygameclub/testdataapi/main/mahjong2date/0525_0523&debugStart=954,https://raw.githubusercontent.com/jygameclub/testdataapi/main/mahjong2date/0525_0523/954.json,https://raw.githubusercontent.com/jygameclub/testdataapi/main/mahjong2date/0525_0523,未中奖,0.00,0.00,1,0,0,0,0,0,0,否,否,否,0,0,696374,696374,7401779685704419,9475288.0,9475248.0,
普通空转,955.json,955,0,,https://fish-games.s3.amazonaws.com/MahjongWays2/index.html?env=ceshislot.osshaiwai.com&hasFloat=0&token=436475c81b51e6893c740657870f86b7&language=en&debug=1&debugDataPath=https://raw.githubusercontent.com/jygameclub/testdataapi/main/mahjong2date/0525_0523&debugStart=955,https://raw.githubusercontent.com/jygameclub/testdataapi/main/mahjong2date/0525_0523/955.json,https://raw.githubusercontent.com/jygameclub/testdataapi/main/mahjong2date/0525_0523,未中奖,0.00,0.00,1,0,0,0,0,0,0,否,否,否,0,1,696376,696376,7541779685705219,9475248.0,9475208.0,
普通空转,956.json,956,0,,https://fish-games.s3.amazonaws.com/MahjongWays2/index.html?env=ceshislot.osshaiwai.com&hasFloat=0&token=436475c81b51e6893c740657870f86b7&language=en&debug=1&debugDataPath=https://raw.githubusercontent.com/jygameclub/testdataapi/main/mahjong2date/0525_0523&debugStart=956,https://raw.githubusercontent.com/jygameclub/testdataapi/main/mahjong2date/0525_0523/956.json,https://raw.githubusercontent.com/jygameclub/testdataapi/main/mahjong2date/0525_0523,未中奖,0.00,0.00,1,0,0,0,0,0,0,否,否,否,0,0,696377,696377,1281779685706620,9475208.0,9475168.0,
普通空转,957.json,957,0,,https://fish-games.s3.amazonaws.com/MahjongWays2/index.html?env=ceshislot.osshaiwai.com&hasFloat=0&token=436475c81b51e6893c740657870f86b7&language=en&debug=1&debugDataPath=https://raw.githubusercontent.com/jygameclub/testdataapi/main/mahjong2date/0525_0523&debugStart=957,https://raw.githubusercontent.com/jygameclub/testdataapi/main/mahjong2date/0525_0523/957.json,https://raw.githubusercontent.com/jygameclub/testdataapi/main/mahjong2date/0525_0523,未中奖,0.00,0.00,1,0,0,0,0,0,0,否,否,否,0,1,696379,696379,1951779685707403,9475168.0,9475128.0,
普通空转,959.json,959,0,,https://fish-games.s3.amazonaws.com/MahjongWays2/index.html?env=ceshislot.osshaiwai.com&hasFloat=0&token=436475c81b51e6893c740657870f86b7&language=en&debug=1&debugDataPath=https://raw.githubusercontent.com/jygameclub/testdataapi/main/mahjong2date/0525_0523&debugStart=959,https://raw.githubusercontent.com/jygameclub/testdataapi/main/mahjong2date/0525_0523/959.json,https://raw.githubusercontent.com/jygameclub/testdataapi/main/mahjong2date/0525_0523,未中奖,0.00,0.00,1,0,0,0,0,0,0,否,否,否,0,0,696472,696472,8671779685848486,9478300.0,9478260.0,
普通空转,963.json,963,0,,https://fish-games.s3.amazonaws.com/MahjongWays2/index.html?env=ceshislot.osshaiwai.com&hasFloat=0&token=436475c81b51e6893c740657870f86b7&language=en&debug=1&debugDataPath=https://raw.githubusercontent.com/jygameclub/testdataapi/main/mahjong2date/0525_0523&debugStart=963,https://raw.githubusercontent.com/jygameclub/testdataapi/main/mahjong2date/0525_0523/963.json,https://raw.githubusercontent.com/jygameclub/testdataapi/main/mahjong2date/0525_0523,未中奖,0.00,0.00,1,0,0,0,0,0,0,否,否,否,0,0,696487,696487,5741779685861902,9478188.0,9478148.0,
普通空转,964.json,964,0,,https://fish-games.s3.amazonaws.com/MahjongWays2/index.html?env=ceshislot.osshaiwai.com&hasFloat=0&token=436475c81b51e6893c740657870f86b7&language=en&debug=1&debugDataPath=https://raw.githubusercontent.com/jygameclub/testdataapi/main/mahjong2date/0525_0523&debugStart=964,https://raw.githubusercontent.com/jygameclub/testdataapi/main/mahjong2date/0525_0523/964.json,https://raw.githubusercontent.com/jygameclub/testdataapi/main/mahjong2date/0525_0523,未中奖,0.00,0.00,1,0,0,0,0,0,0,否,否,否,0,0,696489,696489,8081779685862752,9478148.0,9478108.0,
普通空转,967.json,967,0,,https://fish-games.s3.amazonaws.com/MahjongWays2/index.html?env=ceshislot.osshaiwai.com&hasFloat=0&token=436475c81b51e6893c740657870f86b7&language=en&debug=1&debugDataPath=https://raw.githubusercontent.com/jygameclub/testdataapi/main/mahjong2date/0525_0523&debugStart=967,https://raw.githubusercontent.com/jygameclub/testdataapi/main/mahjong2date/0525_0523/967.json,https://raw.githubusercontent.com/jygameclub/testdataapi/main/mahjong2date/0525_0523,未中奖,0.00,0.00,1,0,0,0,0,0,0,否,否,否,0,0,696498,696498,9181779685870035,9478044.0,9478004.0,
普通空转,969.json,969,0,,https://fish-games.s3.amazonaws.com/MahjongWays2/index.html?env=ceshislot.osshaiwai.com&hasFloat=0&token=436475c81b51e6893c740657870f86b7&language=en&debug=1&debugDataPath=https://raw.githubusercontent.com/jygameclub/testdataapi/main/mahjong2date/0525_0523&debugStart=969,https://raw.githubusercontent.com/jygameclub/testdataapi/main/mahjong2date/0525_0523/969.json,https://raw.githubusercontent.com/jygameclub/testdataapi/main/mahjong2date/0525_0523,未中奖,0.00,0.00,1,0,0,0,0,0,0,否,否,否,0,1,696506,696506,1421779685876669,9477976.0,9477936.0,
普通空转,970.json,970,0,,https://fish-games.s3.amazonaws.com/MahjongWays2/index.html?env=ceshislot.osshaiwai.com&hasFloat=0&token=436475c81b51e6893c740657870f86b7&language=en&debug=1&debugDataPath=https://raw.githubusercontent.com/jygameclub/testdataapi/main/mahjong2date/0525_0523&debugStart=970,https://raw.githubusercontent.com/jygameclub/testdataapi/main/mahjong2date/0525_0523/970.json,https://raw.githubusercontent.com/jygameclub/testdataapi/main/mahjong2date/0525_0523,未中奖,0.00,0.00,1,0,0,0,0,0,0,否,否,否,0,0,696508,696508,8661779685878135,9477936.0,9477896.0,
普通空转,971.json,971,0,,https://fish-games.s3.amazonaws.com/MahjongWays2/index.html?env=ceshislot.osshaiwai.com&hasFloat=0&token=436475c81b51e6893c740657870f86b7&language=en&debug=1&debugDataPath=https://raw.githubusercontent.com/jygameclub/testdataapi/main/mahjong2date/0525_0523&debugStart=971,https://raw.githubusercontent.com/jygameclub/testdataapi/main/mahjong2date/0525_0523/971.json,https://raw.githubusercontent.com/jygameclub/testdataapi/main/mahjong2date/0525_0523,未中奖,0.00,0.00,1,0,0,0,0,0,0,否,否,否,0,0,696510,696510,9981779685878917,9477896.0,9477856.0,
普通空转,972.json,972,0,,https://fish-games.s3.amazonaws.com/MahjongWays2/index.html?env=ceshislot.osshaiwai.com&hasFloat=0&token=436475c81b51e6893c740657870f86b7&language=en&debug=1&debugDataPath=https://raw.githubusercontent.com/jygameclub/testdataapi/main/mahjong2date/0525_0523&debugStart=972,https://raw.githubusercontent.com/jygameclub/testdataapi/main/mahjong2date/0525_0523/972.json,https://raw.githubusercontent.com/jygameclub/testdataapi/main/mahjong2date/0525_0523,未中奖,0.00,0.00,1,0,0,0,0,0,0,否,否,否,0,0,696514,696514,2371779685883377,9477856.0,9477816.0,
普通空转,975.json,975,0,,https://fish-games.s3.amazonaws.com/MahjongWays2/index.html?env=ceshislot.osshaiwai.com&hasFloat=0&token=436475c81b51e6893c740657870f86b7&language=en&debug=1&debugDataPath=https://raw.githubusercontent.com/jygameclub/testdataapi/main/mahjong2date/0525_0523&debugStart=975,https://raw.githubusercontent.com/jygameclub/testdataapi/main/mahjong2date/0525_0523/975.json,https://raw.githubusercontent.com/jygameclub/testdataapi/main/mahjong2date/0525_0523,未中奖,0.00,0.00,1,0,0,0,0,0,0,否,否,否,0,1,696619,696619,8381779686095518,9477756.0,9477716.0,
普通空转,976.json,976,0,,https://fish-games.s3.amazonaws.com/MahjongWays2/index.html?env=ceshislot.osshaiwai.com&hasFloat=0&token=436475c81b51e6893c740657870f86b7&language=en&debug=1&debugDataPath=https://raw.githubusercontent.com/jygameclub/testdataapi/main/mahjong2date/0525_0523&debugStart=976,https://raw.githubusercontent.com/jygameclub/testdataapi/main/mahjong2date/0525_0523/976.json,https://raw.githubusercontent.com/jygameclub/testdataapi/main/mahjong2date/0525_0523,未中奖,0.00,0.00,1,0,0,0,0,0,0,否,否,否,0,0,696622,696622,1901779686097584,9477716.0,9477676.0,
普通空转,977.json,977,0,,https://fish-games.s3.amazonaws.com/MahjongWays2/index.html?env=ceshislot.osshaiwai.com&hasFloat=0&token=436475c81b51e6893c740657870f86b7&language=en&debug=1&debugDataPath=https://raw.githubusercontent.com/jygameclub/testdataapi/main/mahjong2date/0525_0523&debugStart=977,https://raw.githubusercontent.com/jygameclub/testdataapi/main/mahjong2date/0525_0523/977.json,https://raw.githubusercontent.com/jygameclub/testdataapi/main/mahjong2date/0525_0523,未中奖,0.00,0.00,1,0,0,0,0,0,0,否,否,否,0,0,696623,696623,7661779686099767,9477676.0,9477636.0,
普通空转,979.json,979,0,,https://fish-games.s3.amazonaws.com/MahjongWays2/index.html?env=ceshislot.osshaiwai.com&hasFloat=0&token=436475c81b51e6893c740657870f86b7&language=en&debug=1&debugDataPath=https://raw.githubusercontent.com/jygameclub/testdataapi/main/mahjong2date/0525_0523&debugStart=979,https://raw.githubusercontent.com/jygameclub/testdataapi/main/mahjong2date/0525_0523/979.json,https://raw.githubusercontent.com/jygameclub/testdataapi/main/mahjong2date/0525_0523,未中奖,0.00,0.00,1,0,0,0,0,0,0,否,否,否,0,2,696629,696629,1051779686105434,9477978.0,9477938.0,
普通空转,980.json,980,0,,https://fish-games.s3.amazonaws.com/MahjongWays2/index.html?env=ceshislot.osshaiwai.com&hasFloat=0&token=436475c81b51e6893c740657870f86b7&language=en&debug=1&debugDataPath=https://raw.githubusercontent.com/jygameclub/testdataapi/main/mahjong2date/0525_0523&debugStart=980,https://raw.githubusercontent.com/jygameclub/testdataapi/main/mahjong2date/0525_0523/980.json,https://raw.githubusercontent.com/jygameclub/testdataapi/main/mahjong2date/0525_0523,未中奖,0.00,0.00,1,0,0,0,0,0,0,否,否,否,0,0,696632,696632,5131779686107100,9477938.0,9477898.0,
普通空转,981.json,981,0,,https://fish-games.s3.amazonaws.com/MahjongWays2/index.html?env=ceshislot.osshaiwai.com&hasFloat=0&token=436475c81b51e6893c740657870f86b7&language=en&debug=1&debugDataPath=https://raw.githubusercontent.com/jygameclub/testdataapi/main/mahjong2date/0525_0523&debugStart=981,https://raw.githubusercontent.com/jygameclub/testdataapi/main/mahjong2date/0525_0523/981.json,https://raw.githubusercontent.com/jygameclub/testdataapi/main/mahjong2date/0525_0523,未中奖,0.00,0.00,1,0,0,0,0,0,0,否,否,否,0,0,696633,696633,4371779686107950,9477898.0,9477858.0,
普通空转,982.json,982,0,,https://fish-games.s3.amazonaws.com/MahjongWays2/index.html?env=ceshislot.osshaiwai.com&hasFloat=0&token=436475c81b51e6893c740657870f86b7&language=en&debug=1&debugDataPath=https://raw.githubusercontent.com/jygameclub/testdataapi/main/mahjong2date/0525_0523&debugStart=982,https://raw.githubusercontent.com/jygameclub/testdataapi/main/mahjong2date/0525_0523/982.json,https://raw.githubusercontent.com/jygameclub/testdataapi/main/mahjong2date/0525_0523,未中奖,0.00,0.00,1,0,0,0,0,0,0,否,否,否,0,1,696635,696635,7491779686108817,9477858.0,9477818.0,
普通空转,984.json,984,0,,https://fish-games.s3.amazonaws.com/MahjongWays2/index.html?env=ceshislot.osshaiwai.com&hasFloat=0&token=436475c81b51e6893c740657870f86b7&language=en&debug=1&debugDataPath=https://raw.githubusercontent.com/jygameclub/testdataapi/main/mahjong2date/0525_0523&debugStart=984,https://raw.githubusercontent.com/jygameclub/testdataapi/main/mahjong2date/0525_0523/984.json,https://raw.githubusercontent.com/jygameclub/testdataapi/main/mahjong2date/0525_0523,未中奖,0.00,0.00,1,0,0,0,0,0,0,否,否,否,0,0,696645,696645,6431779686116168,9478446.0,9478406.0,
普通空转,985.json,985,0,,https://fish-games.s3.amazonaws.com/MahjongWays2/index.html?env=ceshislot.osshaiwai.com&hasFloat=0&token=436475c81b51e6893c740657870f86b7&language=en&debug=1&debugDataPath=https://raw.githubusercontent.com/jygameclub/testdataapi/main/mahjong2date/0525_0523&debugStart=985,https://raw.githubusercontent.com/jygameclub/testdataapi/main/mahjong2date/0525_0523/985.json,https://raw.githubusercontent.com/jygameclub/testdataapi/main/mahjong2date/0525_0523,未中奖,0.00,0.00,1,0,0,0,0,0,0,否,否,否,0,0,696646,696646,8301779686116951,9478406.0,9478366.0,
普通空转,986.json,986,0,,https://fish-games.s3.amazonaws.com/MahjongWays2/index.html?env=ceshislot.osshaiwai.com&hasFloat=0&token=436475c81b51e6893c740657870f86b7&language=en&debug=1&debugDataPath=https://raw.githubusercontent.com/jygameclub/testdataapi/main/mahjong2date/0525_0523&debugStart=986,https://raw.githubusercontent.com/jygameclub/testdataapi/main/mahjong2date/0525_0523/986.json,https://raw.githubusercontent.com/jygameclub/testdataapi/main/mahjong2date/0525_0523,未中奖,0.00,0.00,1,0,0,0,0,0,0,否,否,否,0,1,696647,696647,1151779686117800,9478366.0,9478326.0,
普通空转,988.json,988,0,,https://fish-games.s3.amazonaws.com/MahjongWays2/index.html?env=ceshislot.osshaiwai.com&hasFloat=0&token=436475c81b51e6893c740657870f86b7&language=en&debug=1&debugDataPath=https://raw.githubusercontent.com/jygameclub/testdataapi/main/mahjong2date/0525_0523&debugStart=988,https://raw.githubusercontent.com/jygameclub/testdataapi/main/mahjong2date/0525_0523/988.json,https://raw.githubusercontent.com/jygameclub/testdataapi/main/mahjong2date/0525_0523,未中奖,0.00,0.00,1,0,0,0,0,0,0,否,否,否,0,0,696653,696653,5841779686122900,9478300.0,9478260.0,
普通空转,989.json,989,0,,https://fish-games.s3.amazonaws.com/MahjongWays2/index.html?env=ceshislot.osshaiwai.com&hasFloat=0&token=436475c81b51e6893c740657870f86b7&language=en&debug=1&debugDataPath=https://raw.githubusercontent.com/jygameclub/testdataapi/main/mahjong2date/0525_0523&debugStart=989,https://raw.githubusercontent.com/jygameclub/testdataapi/main/mahjong2date/0525_0523/989.json,https://raw.githubusercontent.com/jygameclub/testdataapi/main/mahjong2date/0525_0523,未中奖,0.00,0.00,1,0,0,0,0,0,0,否,否,否,0,0,696655,696655,4321779686123684,9478260.0,9478220.0,
普通空转,991.json,991,0,,https://fish-games.s3.amazonaws.com/MahjongWays2/index.html?env=ceshislot.osshaiwai.com&hasFloat=0&token=436475c81b51e6893c740657870f86b7&language=en&debug=1&debugDataPath=https://raw.githubusercontent.com/jygameclub/testdataapi/main/mahjong2date/0525_0523&debugStart=991,https://raw.githubusercontent.com/jygameclub/testdataapi/main/mahjong2date/0525_0523/991.json,https://raw.githubusercontent.com/jygameclub/testdataapi/main/mahjong2date/0525_0523,未中奖,0.00,0.00,1,0,0,0,0,0,0,否,否,否,0,1,696662,696662,1461779686130402,9478274.0,9478234.0,
普通空转,992.json,992,0,,https://fish-games.s3.amazonaws.com/MahjongWays2/index.html?env=ceshislot.osshaiwai.com&hasFloat=0&token=436475c81b51e6893c740657870f86b7&language=en&debug=1&debugDataPath=https://raw.githubusercontent.com/jygameclub/testdataapi/main/mahjong2date/0525_0523&debugStart=992,https://raw.githubusercontent.com/jygameclub/testdataapi/main/mahjong2date/0525_0523/992.json,https://raw.githubusercontent.com/jygameclub/testdataapi/main/mahjong2date/0525_0523,未中奖,0.00,0.00,1,0,0,0,0,0,0,否,否,否,0,0,696663,696663,9051779686131800,9478234.0,9478194.0,
普通空转,995.json,995,0,,https://fish-games.s3.amazonaws.com/MahjongWays2/index.html?env=ceshislot.osshaiwai.com&hasFloat=0&token=436475c81b51e6893c740657870f86b7&language=en&debug=1&debugDataPath=https://raw.githubusercontent.com/jygameclub/testdataapi/main/mahjong2date/0525_0523&debugStart=995,https://raw.githubusercontent.com/jygameclub/testdataapi/main/mahjong2date/0525_0523/995.json,https://raw.githubusercontent.com/jygameclub/testdataapi/main/mahjong2date/0525_0523,未中奖,0.00,0.00,1,0,0,0,0,0,0,否,否,否,0,0,696668,696668,3411779686138934,9478124.0,9478084.0,
普通空转,996.json,996,0,,https://fish-games.s3.amazonaws.com/MahjongWays2/index.html?env=ceshislot.osshaiwai.com&hasFloat=0&token=436475c81b51e6893c740657870f86b7&language=en&debug=1&debugDataPath=https://raw.githubusercontent.com/jygameclub/testdataapi/main/mahjong2date/0525_0523&debugStart=996,https://raw.githubusercontent.com/jygameclub/testdataapi/main/mahjong2date/0525_0523/996.json,https://raw.githubusercontent.com/jygameclub/testdataapi/main/mahjong2date/0525_0523,未中奖,0.00,0.00,1,0,0,0,0,0,0,否,否,否,0,0,696670,696670,1221779686139734,9478084.0,9478044.0,
普通空转,997.json,997,0,,https://fish-games.s3.amazonaws.com/MahjongWays2/index.html?env=ceshislot.osshaiwai.com&hasFloat=0&token=436475c81b51e6893c740657870f86b7&language=en&debug=1&debugDataPath=https://raw.githubusercontent.com/jygameclub/testdataapi/main/mahjong2date/0525_0523&debugStart=997,https://raw.githubusercontent.com/jygameclub/testdataapi/main/mahjong2date/0525_0523/997.json,https://raw.githubusercontent.com/jygameclub/testdataapi/main/mahjong2date/0525_0523,未中奖,0.00,0.00,1,0,0,0,0,0,0,否,否,否,0,0,696672,696672,6361779686140534,9478044.0,9478004.0,
普通空转,998.json,998,0,,https://fish-games.s3.amazonaws.com/MahjongWays2/index.html?env=ceshislot.osshaiwai.com&hasFloat=0&token=436475c81b51e6893c740657870f86b7&language=en&debug=1&debugDataPath=https://raw.githubusercontent.com/jygameclub/testdataapi/main/mahjong2date/0525_0523&debugStart=998,https://raw.githubusercontent.com/jygameclub/testdataapi/main/mahjong2date/0525_0523/998.json,https://raw.githubusercontent.com/jygameclub/testdataapi/main/mahjong2date/0525_0523,未中奖,0.00,0.00,1,0,0,0,0,0,0,否,否,否,0,1,696673,696673,3011779686141334,9478004.0,9477964.0,
