测试类型,文件,编号,推荐分,特征标签,回放链接,json绝对地址,数据目录,类型,总赢,倍率,请求数,掉落次数,补牌总数,消除位置总数,wp中奖位置总数,wild总数(可见盘面),单次最大wild数(可见盘面),是否免费旋转,免费送胡,是否金色百搭,中奖线,Scatter,起始SID,结束SID,spinId,起始余额,结束余额,为什么要测
免费中大奖,001.json,1,220,免费旋转 / 免费中大奖 / 免费送胡 / 金色/百搭,https://fish-games.s3.amazonaws.com/MahjongWays2/index.html?env=ceshislot.osshaiwai.com&hasFloat=0&token=436475c81b51e6893c740657870f86b7&language=en&debug=1&debugDataPath=https://raw.githubusercontent.com/jygameclub/testdataapi/main/mahjong2date/0525_0523&debugStart=1,https://raw.githubusercontent.com/jygameclub/testdataapi/main/mahjong2date/0525_0523/001.json,https://raw.githubusercontent.com/jygameclub/testdataapi/main/mahjong2date/0525_0523,Super Mega Win,3454.00,86.35,23,22,78,100,118,22,4,是,是,是,3,3,683773,683878,4671779682087283,9481362.0,9484776.0,Super Mega Win / 23段连消/续转 / Scatter / Free Spin / 金色符号/百搭转换 / 多线中奖 3线
免费中大奖,958.json,958,220,免费旋转 / 免费中大奖 / 免费送胡 / 金色/百搭,https://fish-games.s3.amazonaws.com/MahjongWays2/index.html?env=ceshislot.osshaiwai.com&hasFloat=0&token=436475c81b51e6893c740657870f86b7&language=en&debug=1&debugDataPath=https://raw.githubusercontent.com/jygameclub/testdataapi/main/mahjong2date/0525_0523&debugStart=958,https://raw.githubusercontent.com/jygameclub/testdataapi/main/mahjong2date/0525_0523/958.json,https://raw.githubusercontent.com/jygameclub/testdataapi/main/mahjong2date/0525_0523,Super Mega Win,3212.00,80.30,27,26,86,111,120,25,4,是,是,是,3,3,696380,696463,5101779685708802,9475128.0,9478300.0,Super Mega Win / 27段连消/续转 / Scatter / Free Spin / 金色符号/百搭转换 / 多线中奖 3线
免费中大奖,443.json,443,195,免费旋转 / 免费中大奖 / 免费送胡 / 金色/百搭,https://fish-games.s3.amazonaws.com/MahjongWays2/index.html?env=ceshislot.osshaiwai.com&hasFloat=0&token=436475c81b51e6893c740657870f86b7&language=en&debug=1&debugDataPath=https://raw.githubusercontent.com/jygameclub/testdataapi/main/mahjong2date/0525_0523&debugStart=443,https://raw.githubusercontent.com/jygameclub/testdataapi/main/mahjong2date/0525_0523/443.json,https://raw.githubusercontent.com/jygameclub/testdataapi/main/mahjong2date/0525_0523,Mega Win,1640.00,41.00,23,22,45,65,68,20,3,是,是,是,2,3,685522,686006,9581779683865155,9476478.0,9478810.0,Mega Win / 23段连消/续转 / Scatter / Free Spin / 金色符号/百搭转换
免费中大奖,623.json,623,185,免费旋转 / 免费中大奖 / 免费送胡 / 金色/百搭,https://fish-games.s3.amazonaws.com/MahjongWays2/index.html?env=ceshislot.osshaiwai.com&hasFloat=0&token=436475c81b51e6893c740657870f86b7&language=en&debug=1&debugDataPath=https://raw.githubusercontent.com/jygameclub/testdataapi/main/mahjong2date/0525_0523&debugStart=623,https://raw.githubusercontent.com/jygameclub/testdataapi/main/mahjong2date/0525_0523/623.json,https://raw.githubusercontent.com/jygameclub/testdataapi/main/mahjong2date/0525_0523,Big Win,1088.00,27.20,18,17,36,48,53,12,5,是,是,是,2,3,691002,691437,7711779684803290,9479106.0,9480154.0,Big Win / 18段连消/续转 / Scatter / Free Spin / 金色符号/百搭转换
Super Mega Win,615.json,615,155,金色/百搭,https://fish-games.s3.amazonaws.com/MahjongWays2/index.html?env=ceshislot.osshaiwai.com&hasFloat=0&token=436475c81b51e6893c740657870f86b7&language=en&debug=1&debugDataPath=https://raw.githubusercontent.com/jygameclub/testdataapi/main/mahjong2date/0525_0523&debugStart=615,https://raw.githubusercontent.com/jygameclub/testdataapi/main/mahjong2date/0525_0523/615.json,https://raw.githubusercontent.com/jygameclub/testdataapi/main/mahjong2date/0525_0523,Super Mega Win,3012.00,75.30,4,3,29,31,31,2,1,否,否,是,2,0,690740,690771,9191779684761376,9476274.0,9479246.0,Super Mega Win / 4段连消/续转 / 金色符号/百搭转换
Big Win,940.json,940,150,金色/百搭,https://fish-games.s3.amazonaws.com/MahjongWays2/index.html?env=ceshislot.osshaiwai.com&hasFloat=0&token=436475c81b51e6893c740657870f86b7&language=en&debug=1&debugDataPath=https://raw.githubusercontent.com/jygameclub/testdataapi/main/mahjong2date/0525_0523&debugStart=940,https://raw.githubusercontent.com/jygameclub/testdataapi/main/mahjong2date/0525_0523/940.json,https://raw.githubusercontent.com/jygameclub/testdataapi/main/mahjong2date/0525_0523,Big Win,872.00,21.80,3,2,23,26,35,3,3,否,否,是,4,1,696346,696348,7441779685675436,9474886.0,9475718.0,Big Win / 3段连消/续转 / 金色符号/百搭转换 / 多线中奖 4线
Big Win,562.json,562,135,金色/百搭,https://fish-games.s3.amazonaws.com/MahjongWays2/index.html?env=ceshislot.osshaiwai.com&hasFloat=0&token=436475c81b51e6893c740657870f86b7&language=en&debug=1&debugDataPath=https://raw.githubusercontent.com/jygameclub/testdataapi/main/mahjong2date/0525_0523&debugStart=562,https://raw.githubusercontent.com/jygameclub/testdataapi/main/mahjong2date/0525_0523/562.json,https://raw.githubusercontent.com/jygameclub/testdataapi/main/mahjong2date/0525_0523,Big Win,1216.00,30.40,4,3,20,21,21,1,1,否,否,是,1,0,689938,689964,1181779684632175,9475836.0,9477012.0,Big Win / 4段连消/续转 / 金色符号/百搭转换
Big Win,677.json,677,135,金色/百搭,https://fish-games.s3.amazonaws.com/MahjongWays2/index.html?env=ceshislot.osshaiwai.com&hasFloat=0&token=436475c81b51e6893c740657870f86b7&language=en&debug=1&debugDataPath=https://raw.githubusercontent.com/jygameclub/testdataapi/main/mahjong2date/0525_0523&debugStart=677,https://raw.githubusercontent.com/jygameclub/testdataapi/main/mahjong2date/0525_0523/677.json,https://raw.githubusercontent.com/jygameclub/testdataapi/main/mahjong2date/0525_0523,Big Win,910.00,22.75,5,4,25,27,28,2,1,否,否,是,2,0,692559,692599,3181779685055057,9479506.0,9480376.0,Big Win / 5段连消/续转 / 金色符号/百搭转换
免费送胡,787.json,787,125,免费旋转 / 免费送胡 / 金色/百搭,https://fish-games.s3.amazonaws.com/MahjongWays2/index.html?env=ceshislot.osshaiwai.com&hasFloat=0&token=436475c81b51e6893c740657870f86b7&language=en&debug=1&debugDataPath=https://raw.githubusercontent.com/jygameclub/testdataapi/main/mahjong2date/0525_0523&debugStart=787,https://raw.githubusercontent.com/jygameclub/testdataapi/main/mahjong2date/0525_0523/787.json,https://raw.githubusercontent.com/jygameclub/testdataapi/main/mahjong2date/0525_0523,普通中奖,674.00,16.85,22,21,46,64,69,18,5,是,是,是,2,3,693928,694450,2391779685271323,9477504.0,9478138.0,22段连消/续转 / Scatter / Free Spin / 金色符号/百搭转换
免费送胡,334.json,334,125,免费旋转 / 免费送胡 / 金色/百搭,https://fish-games.s3.amazonaws.com/MahjongWays2/index.html?env=ceshislot.osshaiwai.com&hasFloat=0&token=436475c81b51e6893c740657870f86b7&language=en&debug=1&debugDataPath=https://raw.githubusercontent.com/jygameclub/testdataapi/main/mahjong2date/0525_0523&debugStart=334,https://raw.githubusercontent.com/jygameclub/testdataapi/main/mahjong2date/0525_0523/334.json,https://raw.githubusercontent.com/jygameclub/testdataapi/main/mahjong2date/0525_0523,普通中奖,488.00,12.20,13,12,8,11,11,3,2,是,是,是,1,3,684543,684567,1901779683176156,9477302.0,9477750.0,13段连消/续转 / Scatter / Free Spin / 金色符号/百搭转换
免费送胡,380.json,380,125,免费旋转 / 免费送胡 / 金色/百搭,https://fish-games.s3.amazonaws.com/MahjongWays2/index.html?env=ceshislot.osshaiwai.com&hasFloat=0&token=436475c81b51e6893c740657870f86b7&language=en&debug=1&debugDataPath=https://raw.githubusercontent.com/jygameclub/testdataapi/main/mahjong2date/0525_0523&debugStart=380,https://raw.githubusercontent.com/jygameclub/testdataapi/main/mahjong2date/0525_0523/380.json,https://raw.githubusercontent.com/jygameclub/testdataapi/main/mahjong2date/0525_0523,普通中奖,272.00,6.80,18,17,28,38,38,10,4,是,是,是,2,3,684708,684741,7391779683567474,9476902.0,9477134.0,18段连消/续转 / Scatter / Free Spin / 金色符号/百搭转换
免费送胡,536.json,536,125,免费旋转 / 免费送胡 / 金色/百搭,https://fish-games.s3.amazonaws.com/MahjongWays2/index.html?env=ceshislot.osshaiwai.com&hasFloat=0&token=436475c81b51e6893c740657870f86b7&language=en&debug=1&debugDataPath=https://raw.githubusercontent.com/jygameclub/testdataapi/main/mahjong2date/0525_0523&debugStart=536,https://raw.githubusercontent.com/jygameclub/testdataapi/main/mahjong2date/0525_0523/536.json,https://raw.githubusercontent.com/jygameclub/testdataapi/main/mahjong2date/0525_0523,普通中奖,146.00,3.65,16,15,22,26,26,4,3,是,是,是,1,3,687740,689490,6651779684222552,9476016.0,9476122.0,16段连消/续转 / Scatter / Free Spin / 金色符号/百搭转换
免费送胡,498.json,498,125,免费旋转 / 免费送胡 / 金色/百搭,https://fish-games.s3.amazonaws.com/MahjongWays2/index.html?env=ceshislot.osshaiwai.com&hasFloat=0&token=436475c81b51e6893c740657870f86b7&language=en&debug=1&debugDataPath=https://raw.githubusercontent.com/jygameclub/testdataapi/main/mahjong2date/0525_0523&debugStart=498,https://raw.githubusercontent.com/jygameclub/testdataapi/main/mahjong2date/0525_0523/498.json,https://raw.githubusercontent.com/jygameclub/testdataapi/main/mahjong2date/0525_0523,普通中奖,88.00,2.20,16,15,14,21,21,7,2,是,是,是,1,3,686800,687180,2421779684070037,9477194.0,9477242.0,16段连消/续转 / Scatter / Free Spin / 金色符号/百搭转换
免费送胡,662.json,662,125,免费旋转 / 免费送胡 / 金色/百搭,https://fish-games.s3.amazonaws.com/MahjongWays2/index.html?env=ceshislot.osshaiwai.com&hasFloat=0&token=436475c81b51e6893c740657870f86b7&language=en&debug=1&debugDataPath=https://raw.githubusercontent.com/jygameclub/testdataapi/main/mahjong2date/0525_0523&debugStart=662,https://raw.githubusercontent.com/jygameclub/testdataapi/main/mahjong2date/0525_0523/662.json,https://raw.githubusercontent.com/jygameclub/testdataapi/main/mahjong2date/0525_0523,普通中奖,16.00,0.40,18,17,34,44,46,10,3,是,是,是,2,3,691954,692332,7951779684955307,9479260.0,9480016.0,18段连消/续转 / Scatter / Free Spin / 金色符号/百搭转换
免费送胡,439.json,439,125,免费旋转 / 免费送胡 / 金色/百搭,https://fish-games.s3.amazonaws.com/MahjongWays2/index.html?env=ceshislot.osshaiwai.com&hasFloat=0&token=436475c81b51e6893c740657870f86b7&language=en&debug=1&debugDataPath=https://raw.githubusercontent.com/jygameclub/testdataapi/main/mahjong2date/0525_0523&debugStart=439,https://raw.githubusercontent.com/jygameclub/testdataapi/main/mahjong2date/0525_0523/439.json,https://raw.githubusercontent.com/jygameclub/testdataapi/main/mahjong2date/0525_0523,普通中奖,4.00,0.10,20,19,37,48,50,11,3,是,是,是,2,3,684952,685393,7681779683771555,9476014.0,9476590.0,20段连消/续转 / Scatter / Free Spin / 金色符号/百搭转换
连消/掉落,983.json,983,90,金色/百搭,https://fish-games.s3.amazonaws.com/MahjongWays2/index.html?env=ceshislot.osshaiwai.com&hasFloat=0&token=436475c81b51e6893c740657870f86b7&language=en&debug=1&debugDataPath=https://raw.githubusercontent.com/jygameclub/testdataapi/main/mahjong2date/0525_0523&debugStart=983,https://raw.githubusercontent.com/jygameclub/testdataapi/main/mahjong2date/0525_0523/983.json,https://raw.githubusercontent.com/jygameclub/testdataapi/main/mahjong2date/0525_0523,普通中奖,668.00,16.70,3,2,28,30,36,2,2,否,否,是,4,2,696637,696642,8391779686110233,9477818.0,9478446.0,3段连消/续转 / 金色符号/百搭转换 / 多线中奖 4线
连消/掉落,833.json,833,90,金色/百搭,https://fish-games.s3.amazonaws.com/MahjongWays2/index.html?env=ceshislot.osshaiwai.com&hasFloat=0&token=436475c81b51e6893c740657870f86b7&language=en&debug=1&debugDataPath=https://raw.githubusercontent.com/jygameclub/testdataapi/main/mahjong2date/0525_0523&debugStart=833,https://raw.githubusercontent.com/jygameclub/testdataapi/main/mahjong2date/0525_0523/833.json,https://raw.githubusercontent.com/jygameclub/testdataapi/main/mahjong2date/0525_0523,普通中奖,554.00,13.85,4,3,29,31,35,2,2,否,否,是,3,0,695189,695222,8091779685469770,9476856.0,9477370.0,4段连消/续转 / 金色符号/百搭转换 / 多线中奖 3线
连消/掉落,978.json,978,90,金色/百搭,https://fish-games.s3.amazonaws.com/MahjongWays2/index.html?env=ceshislot.osshaiwai.com&hasFloat=0&token=436475c81b51e6893c740657870f86b7&language=en&debug=1&debugDataPath=https://raw.githubusercontent.com/jygameclub/testdataapi/main/mahjong2date/0525_0523&debugStart=978,https://raw.githubusercontent.com/jygameclub/testdataapi/main/mahjong2date/0525_0523/978.json,https://raw.githubusercontent.com/jygameclub/testdataapi/main/mahjong2date/0525_0523,普通中奖,382.00,9.55,3,2,14,16,20,2,2,否,否,是,3,1,696624,696627,3941779686100567,9477636.0,9477978.0,3段连消/续转 / 金色符号/百搭转换 / 多线中奖 3线
连消/掉落,636.json,636,90,金色/百搭,https://fish-games.s3.amazonaws.com/MahjongWays2/index.html?env=ceshislot.osshaiwai.com&hasFloat=0&token=436475c81b51e6893c740657870f86b7&language=en&debug=1&debugDataPath=https://raw.githubusercontent.com/jygameclub/testdataapi/main/mahjong2date/0525_0523&debugStart=636,https://raw.githubusercontent.com/jygameclub/testdataapi/main/mahjong2date/0525_0523/636.json,https://raw.githubusercontent.com/jygameclub/testdataapi/main/mahjong2date/0525_0523,普通中奖,290.00,7.25,3,2,11,14,20,3,2,否,否,是,4,0,691655,691671,6681779684909874,9479848.0,9480098.0,3段连消/续转 / 金色符号/百搭转换 / 多线中奖 4线
连消/掉落,840.json,840,90,金色/百搭,https://fish-games.s3.amazonaws.com/MahjongWays2/index.html?env=ceshislot.osshaiwai.com&hasFloat=0&token=436475c81b51e6893c740657870f86b7&language=en&debug=1&debugDataPath=https://raw.githubusercontent.com/jygameclub/testdataapi/main/mahjong2date/0525_0523&debugStart=840,https://raw.githubusercontent.com/jygameclub/testdataapi/main/mahjong2date/0525_0523/840.json,https://raw.githubusercontent.com/jygameclub/testdataapi/main/mahjong2date/0525_0523,普通中奖,246.00,6.15,4,3,20,21,23,1,1,否,否,是,3,1,695330,695365,8671779685490820,9477160.0,9477366.0,4段连消/续转 / 金色符号/百搭转换 / 多线中奖 3线
连消/掉落,890.json,890,90,金色/百搭,https://fish-games.s3.amazonaws.com/MahjongWays2/index.html?env=ceshislot.osshaiwai.com&hasFloat=0&token=436475c81b51e6893c740657870f86b7&language=en&debug=1&debugDataPath=https://raw.githubusercontent.com/jygameclub/testdataapi/main/mahjong2date/0525_0523&debugStart=890,https://raw.githubusercontent.com/jygameclub/testdataapi/main/mahjong2date/0525_0523/890.json,https://raw.githubusercontent.com/jygameclub/testdataapi/main/mahjong2date/0525_0523,普通中奖,182.00,4.55,3,2,18,19,19,1,1,否,否,是,3,2,695907,695925,4391779685575420,9476002.0,9476144.0,3段连消/续转 / 金色符号/百搭转换 / 多线中奖 3线
连消/掉落,893.json,893,90,金色/百搭,https://fish-games.s3.amazonaws.com/MahjongWays2/index.html?env=ceshislot.osshaiwai.com&hasFloat=0&token=436475c81b51e6893c740657870f86b7&language=en&debug=1&debugDataPath=https://raw.githubusercontent.com/jygameclub/testdataapi/main/mahjong2date/0525_0523&debugStart=893,https://raw.githubusercontent.com/jygameclub/testdataapi/main/mahjong2date/0525_0523/893.json,https://raw.githubusercontent.com/jygameclub/testdataapi/main/mahjong2date/0525_0523,普通中奖,178.00,4.45,3,2,18,19,21,1,1,否,否,是,3,0,695984,696001,8341779685586953,9476084.0,9476222.0,3段连消/续转 / 金色符号/百搭转换 / 多线中奖 3线
连消/掉落,416.json,416,90,金色/百搭,https://fish-games.s3.amazonaws.com/MahjongWays2/index.html?env=ceshislot.osshaiwai.com&hasFloat=0&token=436475c81b51e6893c740657870f86b7&language=en&debug=1&debugDataPath=https://raw.githubusercontent.com/jygameclub/testdataapi/main/mahjong2date/0525_0523&debugStart=416,https://raw.githubusercontent.com/jygameclub/testdataapi/main/mahjong2date/0525_0523/416.json,https://raw.githubusercontent.com/jygameclub/testdataapi/main/mahjong2date/0525_0523,普通中奖,172.00,4.30,4,3,19,22,27,3,2,否,否,是,3,2,684815,684819,1841779683717823,9476308.0,9476440.0,4段连消/续转 / 金色符号/百搭转换 / 多线中奖 3线
连消/掉落,613.json,613,90,金色/百搭,https://fish-games.s3.amazonaws.com/MahjongWays2/index.html?env=ceshislot.osshaiwai.com&hasFloat=0&token=436475c81b51e6893c740657870f86b7&language=en&debug=1&debugDataPath=https://raw.githubusercontent.com/jygameclub/testdataapi/main/mahjong2date/0525_0523&debugStart=613,https://raw.githubusercontent.com/jygameclub/testdataapi/main/mahjong2date/0525_0523/613.json,https://raw.githubusercontent.com/jygameclub/testdataapi/main/mahjong2date/0525_0523,普通中奖,146.00,3.65,4,3,22,24,27,2,1,否,否,是,3,1,690668,690696,4991779684749793,9476166.0,9476272.0,4段连消/续转 / 金色符号/百搭转换 / 多线中奖 3线
连消/掉落,081.json,81,90,金色/百搭,https://fish-games.s3.amazonaws.com/MahjongWays2/index.html?env=ceshislot.osshaiwai.com&hasFloat=0&token=436475c81b51e6893c740657870f86b7&language=en&debug=1&debugDataPath=https://raw.githubusercontent.com/jygameclub/testdataapi/main/mahjong2date/0525_0523&debugStart=81,https://raw.githubusercontent.com/jygameclub/testdataapi/main/mahjong2date/0525_0523/081.json,https://raw.githubusercontent.com/jygameclub/testdataapi/main/mahjong2date/0525_0523,普通中奖,106.00,2.65,3,2,17,18,20,1,1,否,否,是,3,2,684087,684090,4091779682721676,9484008.0,9484074.0,3段连消/续转 / 金色符号/百搭转换 / 多线中奖 3线
连消/掉落,804.json,804,90,金色/百搭,https://fish-games.s3.amazonaws.com/MahjongWays2/index.html?env=ceshislot.osshaiwai.com&hasFloat=0&token=436475c81b51e6893c740657870f86b7&language=en&debug=1&debugDataPath=https://raw.githubusercontent.com/jygameclub/testdataapi/main/mahjong2date/0525_0523&debugStart=804,https://raw.githubusercontent.com/jygameclub/testdataapi/main/mahjong2date/0525_0523/804.json,https://raw.githubusercontent.com/jygameclub/testdataapi/main/mahjong2date/0525_0523,普通中奖,104.00,2.60,4,3,16,17,19,1,1,否,否,是,3,1,694800,694837,4091779685412504,9477740.0,9477804.0,4段连消/续转 / 金色符号/百搭转换 / 多线中奖 3线
连消/掉落,073.json,73,90,金色/百搭,https://fish-games.s3.amazonaws.com/MahjongWays2/index.html?env=ceshislot.osshaiwai.com&hasFloat=0&token=436475c81b51e6893c740657870f86b7&language=en&debug=1&debugDataPath=https://raw.githubusercontent.com/jygameclub/testdataapi/main/mahjong2date/0525_0523&debugStart=73,https://raw.githubusercontent.com/jygameclub/testdataapi/main/mahjong2date/0525_0523/073.json,https://raw.githubusercontent.com/jygameclub/testdataapi/main/mahjong2date/0525_0523,普通中奖,104.00,2.60,3,2,15,17,21,2,2,否,否,是,3,0,684064,684067,3061779682696443,9483876.0,9483940.0,3段连消/续转 / 金色符号/百搭转换 / 多线中奖 3线
连消/掉落,144.json,144,90,金色/百搭,https://fish-games.s3.amazonaws.com/MahjongWays2/index.html?env=ceshislot.osshaiwai.com&hasFloat=0&token=436475c81b51e6893c740657870f86b7&language=en&debug=1&debugDataPath=https://raw.githubusercontent.com/jygameclub/testdataapi/main/mahjong2date/0525_0523&debugStart=144,https://raw.githubusercontent.com/jygameclub/testdataapi/main/mahjong2date/0525_0523/144.json,https://raw.githubusercontent.com/jygameclub/testdataapi/main/mahjong2date/0525_0523,普通中奖,96.00,2.40,4,3,17,18,20,1,1,否,否,是,3,1,684205,684209,8621779682844425,9482602.0,9482658.0,4段连消/续转 / 金色符号/百搭转换 / 多线中奖 3线
连消/掉落,813.json,813,90,金色/百搭,https://fish-games.s3.amazonaws.com/MahjongWays2/index.html?env=ceshislot.osshaiwai.com&hasFloat=0&token=436475c81b51e6893c740657870f86b7&language=en&debug=1&debugDataPath=https://raw.githubusercontent.com/jygameclub/testdataapi/main/mahjong2date/0525_0523&debugStart=813,https://raw.githubusercontent.com/jygameclub/testdataapi/main/mahjong2date/0525_0523/813.json,https://raw.githubusercontent.com/jygameclub/testdataapi/main/mahjong2date/0525_0523,普通中奖,64.00,1.60,4,3,16,17,19,1,1,否,否,是,3,1,694910,694945,1421779685428854,9477484.0,9477508.0,4段连消/续转 / 金色符号/百搭转换 / 多线中奖 3线
连消/掉落,529.json,529,90,金色/百搭,https://fish-games.s3.amazonaws.com/MahjongWays2/index.html?env=ceshislot.osshaiwai.com&hasFloat=0&token=436475c81b51e6893c740657870f86b7&language=en&debug=1&debugDataPath=https://raw.githubusercontent.com/jygameclub/testdataapi/main/mahjong2date/0525_0523&debugStart=529,https://raw.githubusercontent.com/jygameclub/testdataapi/main/mahjong2date/0525_0523/529.json,https://raw.githubusercontent.com/jygameclub/testdataapi/main/mahjong2date/0525_0523,普通中奖,36.00,0.90,3,2,15,15,15,0,0,否,否,是,3,2,687613,687635,3761779684202803,9476124.0,9476120.0,3段连消/续转 / 金色符号/百搭转换 / 多线中奖 3线
连消/掉落,012.json,12,75,金色/百搭,https://fish-games.s3.amazonaws.com/MahjongWays2/index.html?env=ceshislot.osshaiwai.com&hasFloat=0&token=436475c81b51e6893c740657870f86b7&language=en&debug=1&debugDataPath=https://raw.githubusercontent.com/jygameclub/testdataapi/main/mahjong2date/0525_0523&debugStart=12,https://raw.githubusercontent.com/jygameclub/testdataapi/main/mahjong2date/0525_0523/012.json,https://raw.githubusercontent.com/jygameclub/testdataapi/main/mahjong2date/0525_0523,普通中奖,676.00,16.90,4,3,22,24,25,2,1,否,否,是,2,1,683919,683923,9141779682551910,9484390.0,9485026.0,4段连消/续转 / 金色符号/百搭转换
连消/掉落,140.json,140,75,金色/百搭,https://fish-games.s3.amazonaws.com/MahjongWays2/index.html?env=ceshislot.osshaiwai.com&hasFloat=0&token=436475c81b51e6893c740657870f86b7&language=en&debug=1&debugDataPath=https://raw.githubusercontent.com/jygameclub/testdataapi/main/mahjong2date/0525_0523&debugStart=140,https://raw.githubusercontent.com/jygameclub/testdataapi/main/mahjong2date/0525_0523/140.json,https://raw.githubusercontent.com/jygameclub/testdataapi/main/mahjong2date/0525_0523,普通中奖,612.00,15.30,5,4,37,39,39,2,2,否,否,是,2,1,684195,684201,4921779682833143,9482150.0,9482722.0,5段连消/续转 / 金色符号/百搭转换
连消/掉落,548.json,548,75,金色/百搭,https://fish-games.s3.amazonaws.com/MahjongWays2/index.html?env=ceshislot.osshaiwai.com&hasFloat=0&token=436475c81b51e6893c740657870f86b7&language=en&debug=1&debugDataPath=https://raw.githubusercontent.com/jygameclub/testdataapi/main/mahjong2date/0525_0523&debugStart=548,https://raw.githubusercontent.com/jygameclub/testdataapi/main/mahjong2date/0525_0523/548.json,https://raw.githubusercontent.com/jygameclub/testdataapi/main/mahjong2date/0525_0523,普通中奖,392.00,9.80,7,6,27,28,28,1,1,否,否,是,1,1,689677,689735,3521779684588475,9475816.0,9476168.0,7段连消/续转 / 金色符号/百搭转换
连消/掉落,580.json,580,75,金色/百搭,https://fish-games.s3.amazonaws.com/MahjongWays2/index.html?env=ceshislot.osshaiwai.com&hasFloat=0&token=436475c81b51e6893c740657870f86b7&language=en&debug=1&debugDataPath=https://raw.githubusercontent.com/jygameclub/testdataapi/main/mahjong2date/0525_0523&debugStart=580,https://raw.githubusercontent.com/jygameclub/testdataapi/main/mahjong2date/0525_0523/580.json,https://raw.githubusercontent.com/jygameclub/testdataapi/main/mahjong2date/0525_0523,普通中奖,372.00,9.30,3,2,13,14,15,1,1,否,否,是,2,1,690269,690291,9971779684685959,9476618.0,9476950.0,3段连消/续转 / 金色符号/百搭转换
连消/掉落,865.json,865,75,金色/百搭,https://fish-games.s3.amazonaws.com/MahjongWays2/index.html?env=ceshislot.osshaiwai.com&hasFloat=0&token=436475c81b51e6893c740657870f86b7&language=en&debug=1&debugDataPath=https://raw.githubusercontent.com/jygameclub/testdataapi/main/mahjong2date/0525_0523&debugStart=865,https://raw.githubusercontent.com/jygameclub/testdataapi/main/mahjong2date/0525_0523/865.json,https://raw.githubusercontent.com/jygameclub/testdataapi/main/mahjong2date/0525_0523,普通中奖,360.00,9.00,3,2,17,18,19,1,1,否,否,是,2,0,695592,695610,3951779685529119,9476464.0,9476784.0,3段连消/续转 / 金色符号/百搭转换
连消/掉落,208.json,208,75,金色/百搭,https://fish-games.s3.amazonaws.com/MahjongWays2/index.html?env=ceshislot.osshaiwai.com&hasFloat=0&token=436475c81b51e6893c740657870f86b7&language=en&debug=1&debugDataPath=https://raw.githubusercontent.com/jygameclub/testdataapi/main/mahjong2date/0525_0523&debugStart=208,https://raw.githubusercontent.com/jygameclub/testdataapi/main/mahjong2date/0525_0523/208.json,https://raw.githubusercontent.com/jygameclub/testdataapi/main/mahjong2date/0525_0523,普通中奖,306.00,7.65,3,2,8,9,9,1,1,否,否,是,1,0,684311,684314,7121779682961158,9480594.0,9480860.0,3段连消/续转 / 金色符号/百搭转换
连消/掉落,079.json,79,75,金色/百搭,https://fish-games.s3.amazonaws.com/MahjongWays2/index.html?env=ceshislot.osshaiwai.com&hasFloat=0&token=436475c81b51e6893c740657870f86b7&language=en&debug=1&debugDataPath=https://raw.githubusercontent.com/jygameclub/testdataapi/main/mahjong2date/0525_0523&debugStart=79,https://raw.githubusercontent.com/jygameclub/testdataapi/main/mahjong2date/0525_0523/079.json,https://raw.githubusercontent.com/jygameclub/testdataapi/main/mahjong2date/0525_0523,普通中奖,276.00,6.90,3,2,16,17,18,1,1,否,否,是,2,0,684081,684084,9641779682715543,9483812.0,9484048.0,3段连消/续转 / 金色符号/百搭转换
连消/掉落,408.json,408,75,金色/百搭,https://fish-games.s3.amazonaws.com/MahjongWays2/index.html?env=ceshislot.osshaiwai.com&hasFloat=0&token=436475c81b51e6893c740657870f86b7&language=en&debug=1&debugDataPath=https://raw.githubusercontent.com/jygameclub/testdataapi/main/mahjong2date/0525_0523&debugStart=408,https://raw.githubusercontent.com/jygameclub/testdataapi/main/mahjong2date/0525_0523/408.json,https://raw.githubusercontent.com/jygameclub/testdataapi/main/mahjong2date/0525_0523,普通中奖,276.00,6.90,3,2,15,17,17,2,1,否,否,是,1,0,684801,684804,8561779683700840,9476340.0,9476576.0,3段连消/续转 / 金色符号/百搭转换
连消/掉落,310.json,310,75,金色/百搭,https://fish-games.s3.amazonaws.com/MahjongWays2/index.html?env=ceshislot.osshaiwai.com&hasFloat=0&token=436475c81b51e6893c740657870f86b7&language=en&debug=1&debugDataPath=https://raw.githubusercontent.com/jygameclub/testdataapi/main/mahjong2date/0525_0523&debugStart=310,https://raw.githubusercontent.com/jygameclub/testdataapi/main/mahjong2date/0525_0523/310.json,https://raw.githubusercontent.com/jygameclub/testdataapi/main/mahjong2date/0525_0523,普通中奖,264.00,6.60,4,3,18,19,19,1,1,否,否,是,1,0,684501,684506,1661779683135124,9477784.0,9478008.0,4段连消/续转 / 金色符号/百搭转换
连消/掉落,591.json,591,75,金色/百搭,https://fish-games.s3.amazonaws.com/MahjongWays2/index.html?env=ceshislot.osshaiwai.com&hasFloat=0&token=436475c81b51e6893c740657870f86b7&language=en&debug=1&debugDataPath=https://raw.githubusercontent.com/jygameclub/testdataapi/main/mahjong2date/0525_0523&debugStart=591,https://raw.githubusercontent.com/jygameclub/testdataapi/main/mahjong2date/0525_0523/591.json,https://raw.githubusercontent.com/jygameclub/testdataapi/main/mahjong2date/0525_0523,普通中奖,264.00,6.60,3,2,15,16,16,1,1,否,否,是,1,0,690385,690400,8381779684703659,9476600.0,9476824.0,3段连消/续转 / 金色符号/百搭转换
连消/掉落,431.json,431,75,金色/百搭,https://fish-games.s3.amazonaws.com/MahjongWays2/index.html?env=ceshislot.osshaiwai.com&hasFloat=0&token=436475c81b51e6893c740657870f86b7&language=en&debug=1&debugDataPath=https://raw.githubusercontent.com/jygameclub/testdataapi/main/mahjong2date/0525_0523&debugStart=431,https://raw.githubusercontent.com/jygameclub/testdataapi/main/mahjong2date/0525_0523/431.json,https://raw.githubusercontent.com/jygameclub/testdataapi/main/mahjong2date/0525_0523,普通中奖,260.00,6.50,4,3,18,18,18,0,0,否,否,是,2,0,684922,684926,8871779683749106,9475944.0,9476164.0,4段连消/续转 / 金色符号/百搭转换
连消/掉落,035.json,35,75,金色/百搭,https://fish-games.s3.amazonaws.com/MahjongWays2/index.html?env=ceshislot.osshaiwai.com&hasFloat=0&token=436475c81b51e6893c740657870f86b7&language=en&debug=1&debugDataPath=https://raw.githubusercontent.com/jygameclub/testdataapi/main/mahjong2date/0525_0523&debugStart=35,https://raw.githubusercontent.com/jygameclub/testdataapi/main/mahjong2date/0525_0523/035.json,https://raw.githubusercontent.com/jygameclub/testdataapi/main/mahjong2date/0525_0523,普通中奖,232.00,5.80,4,3,22,23,24,1,1,否,否,是,2,0,683970,683975,7311779682601976,9484486.0,9484678.0,4段连消/续转 / 金色符号/百搭转换
连消/掉落,345.json,345,75,金色/百搭,https://fish-games.s3.amazonaws.com/MahjongWays2/index.html?env=ceshislot.osshaiwai.com&hasFloat=0&token=436475c81b51e6893c740657870f86b7&language=en&debug=1&debugDataPath=https://raw.githubusercontent.com/jygameclub/testdataapi/main/mahjong2date/0525_0523&debugStart=345,https://raw.githubusercontent.com/jygameclub/testdataapi/main/mahjong2date/0525_0523/345.json,https://raw.githubusercontent.com/jygameclub/testdataapi/main/mahjong2date/0525_0523,普通中奖,232.00,5.80,4,3,20,20,20,0,0,否,否,是,2,1,684644,684648,8931779683499291,9477640.0,9477832.0,4段连消/续转 / 金色符号/百搭转换
连消/掉落,263.json,263,75,金色/百搭,https://fish-games.s3.amazonaws.com/MahjongWays2/index.html?env=ceshislot.osshaiwai.com&hasFloat=0&token=436475c81b51e6893c740657870f86b7&language=en&debug=1&debugDataPath=https://raw.githubusercontent.com/jygameclub/testdataapi/main/mahjong2date/0525_0523&debugStart=263,https://raw.githubusercontent.com/jygameclub/testdataapi/main/mahjong2date/0525_0523/263.json,https://raw.githubusercontent.com/jygameclub/testdataapi/main/mahjong2date/0525_0523,普通中奖,196.00,4.90,3,2,10,10,10,0,0,否,否,是,1,2,684416,684418,1941779683054474,9478960.0,9479116.0,3段连消/续转 / 金色符号/百搭转换
连消/掉落,311.json,311,75,金色/百搭,https://fish-games.s3.amazonaws.com/MahjongWays2/index.html?env=ceshislot.osshaiwai.com&hasFloat=0&token=436475c81b51e6893c740657870f86b7&language=en&debug=1&debugDataPath=https://raw.githubusercontent.com/jygameclub/testdataapi/main/mahjong2date/0525_0523&debugStart=311,https://raw.githubusercontent.com/jygameclub/testdataapi/main/mahjong2date/0525_0523/311.json,https://raw.githubusercontent.com/jygameclub/testdataapi/main/mahjong2date/0525_0523,普通中奖,192.00,4.80,3,2,18,19,19,1,1,否,否,是,2,0,684507,684510,9811779683142007,9478008.0,9478160.0,3段连消/续转 / 金色符号/百搭转换
连消/掉落,738.json,738,75,金色/百搭,https://fish-games.s3.amazonaws.com/MahjongWays2/index.html?env=ceshislot.osshaiwai.com&hasFloat=0&token=436475c81b51e6893c740657870f86b7&language=en&debug=1&debugDataPath=https://raw.githubusercontent.com/jygameclub/testdataapi/main/mahjong2date/0525_0523&debugStart=738,https://raw.githubusercontent.com/jygameclub/testdataapi/main/mahjong2date/0525_0523/738.json,https://raw.githubusercontent.com/jygameclub/testdataapi/main/mahjong2date/0525_0523,普通中奖,192.00,4.80,2,1,10,10,10,0,0,否,否,是,1,0,693341,693344,9131779685177707,9478710.0,9478862.0,2段连消/续转 / 金色符号/百搭转换
连消/掉落,304.json,304,75,金色/百搭,https://fish-games.s3.amazonaws.com/MahjongWays2/index.html?env=ceshislot.osshaiwai.com&hasFloat=0&token=436475c81b51e6893c740657870f86b7&language=en&debug=1&debugDataPath=https://raw.githubusercontent.com/jygameclub/testdataapi/main/mahjong2date/0525_0523&debugStart=304,https://raw.githubusercontent.com/jygameclub/testdataapi/main/mahjong2date/0525_0523/304.json,https://raw.githubusercontent.com/jygameclub/testdataapi/main/mahjong2date/0525_0523,普通中奖,180.00,4.50,3,2,15,15,15,0,0,否,否,是,1,0,684491,684493,3471779683123758,9477784.0,9477924.0,3段连消/续转 / 金色符号/百搭转换
连消/掉落,300.json,300,75,金色/百搭,https://fish-games.s3.amazonaws.com/MahjongWays2/index.html?env=ceshislot.osshaiwai.com&hasFloat=0&token=436475c81b51e6893c740657870f86b7&language=en&debug=1&debugDataPath=https://raw.githubusercontent.com/jygameclub/testdataapi/main/mahjong2date/0525_0523&debugStart=300,https://raw.githubusercontent.com/jygameclub/testdataapi/main/mahjong2date/0525_0523/300.json,https://raw.githubusercontent.com/jygameclub/testdataapi/main/mahjong2date/0525_0523,普通中奖,160.00,4.00,3,2,17,18,19,1,1,否,否,是,2,0,684483,684485,9191779683115340,9477784.0,9477904.0,3段连消/续转 / 金色符号/百搭转换
连消/掉落,784.json,784,75,金色/百搭,https://fish-games.s3.amazonaws.com/MahjongWays2/index.html?env=ceshislot.osshaiwai.com&hasFloat=0&token=436475c81b51e6893c740657870f86b7&language=en&debug=1&debugDataPath=https://raw.githubusercontent.com/jygameclub/testdataapi/main/mahjong2date/0525_0523&debugStart=784,https://raw.githubusercontent.com/jygameclub/testdataapi/main/mahjong2date/0525_0523/784.json,https://raw.githubusercontent.com/jygameclub/testdataapi/main/mahjong2date/0525_0523,普通中奖,156.00,3.90,3,2,12,13,13,1,1,否,否,是,1,0,693880,693896,8451779685263605,9477468.0,9477584.0,3段连消/续转 / 金色符号/百搭转换
连消/掉落,340.json,340,75,金色/百搭,https://fish-games.s3.amazonaws.com/MahjongWays2/index.html?env=ceshislot.osshaiwai.com&hasFloat=0&token=436475c81b51e6893c740657870f86b7&language=en&debug=1&debugDataPath=https://raw.githubusercontent.com/jygameclub/testdataapi/main/mahjong2date/0525_0523&debugStart=340,https://raw.githubusercontent.com/jygameclub/testdataapi/main/mahjong2date/0525_0523/340.json,https://raw.githubusercontent.com/jygameclub/testdataapi/main/mahjong2date/0525_0523,普通中奖,152.00,3.80,4,3,13,15,15,2,1,否,否,是,1,1,684631,684636,6991779683486142,9477688.0,9477800.0,4段连消/续转 / 金色符号/百搭转换
连消/掉落,736.json,736,75,金色/百搭,https://fish-games.s3.amazonaws.com/MahjongWays2/index.html?env=ceshislot.osshaiwai.com&hasFloat=0&token=436475c81b51e6893c740657870f86b7&language=en&debug=1&debugDataPath=https://raw.githubusercontent.com/jygameclub/testdataapi/main/mahjong2date/0525_0523&debugStart=736,https://raw.githubusercontent.com/jygameclub/testdataapi/main/mahjong2date/0525_0523/736.json,https://raw.githubusercontent.com/jygameclub/testdataapi/main/mahjong2date/0525_0523,普通中奖,152.00,3.80,3,2,17,17,17,0,0,否,否,是,2,1,693300,693321,8411779685171174,9478638.0,9478750.0,3段连消/续转 / 金色符号/百搭转换
连消/掉落,797.json,797,75,金色/百搭,https://fish-games.s3.amazonaws.com/MahjongWays2/index.html?env=ceshislot.osshaiwai.com&hasFloat=0&token=436475c81b51e6893c740657870f86b7&language=en&debug=1&debugDataPath=https://raw.githubusercontent.com/jygameclub/testdataapi/main/mahjong2date/0525_0523&debugStart=797,https://raw.githubusercontent.com/jygameclub/testdataapi/main/mahjong2date/0525_0523/797.json,https://raw.githubusercontent.com/jygameclub/testdataapi/main/mahjong2date/0525_0523,普通中奖,148.00,3.70,4,3,16,17,18,1,1,否,否,是,2,0,694699,694731,3121779685398005,9477842.0,9477950.0,4段连消/续转 / 金色符号/百搭转换
连消/掉落,015.json,15,75,金色/百搭,https://fish-games.s3.amazonaws.com/MahjongWays2/index.html?env=ceshislot.osshaiwai.com&hasFloat=0&token=436475c81b51e6893c740657870f86b7&language=en&debug=1&debugDataPath=https://raw.githubusercontent.com/jygameclub/testdataapi/main/mahjong2date/0525_0523&debugStart=15,https://raw.githubusercontent.com/jygameclub/testdataapi/main/mahjong2date/0525_0523/015.json,https://raw.githubusercontent.com/jygameclub/testdataapi/main/mahjong2date/0525_0523,普通中奖,144.00,3.60,2,1,9,9,9,0,0,否,否,是,1,0,683926,683927,2971779682560460,9484946.0,9485050.0,2段连消/续转 / 金色符号/百搭转换
连消/掉落,693.json,693,75,金色/百搭,https://fish-games.s3.amazonaws.com/MahjongWays2/index.html?env=ceshislot.osshaiwai.com&hasFloat=0&token=436475c81b51e6893c740657870f86b7&language=en&debug=1&debugDataPath=https://raw.githubusercontent.com/jygameclub/testdataapi/main/mahjong2date/0525_0523&debugStart=693,https://raw.githubusercontent.com/jygameclub/testdataapi/main/mahjong2date/0525_0523/693.json,https://raw.githubusercontent.com/jygameclub/testdataapi/main/mahjong2date/0525_0523,普通中奖,144.00,3.60,2,1,8,9,9,1,1,否,否,是,1,0,692845,692848,1501779685100523,9479874.0,9479978.0,2段连消/续转 / 金色符号/百搭转换
连消/掉落,621.json,621,75,金色/百搭,https://fish-games.s3.amazonaws.com/MahjongWays2/index.html?env=ceshislot.osshaiwai.com&hasFloat=0&token=436475c81b51e6893c740657870f86b7&language=en&debug=1&debugDataPath=https://raw.githubusercontent.com/jygameclub/testdataapi/main/mahjong2date/0525_0523&debugStart=621,https://raw.githubusercontent.com/jygameclub/testdataapi/main/mahjong2date/0525_0523/621.json,https://raw.githubusercontent.com/jygameclub/testdataapi/main/mahjong2date/0525_0523,普通中奖,140.00,3.50,4,3,17,17,17,0,0,否,否,是,1,1,690942,690977,4791779684794091,9479046.0,9479146.0,4段连消/续转 / 金色符号/百搭转换
连消/掉落,335.json,335,75,金色/百搭,https://fish-games.s3.amazonaws.com/MahjongWays2/index.html?env=ceshislot.osshaiwai.com&hasFloat=0&token=436475c81b51e6893c740657870f86b7&language=en&debug=1&debugDataPath=https://raw.githubusercontent.com/jygameclub/testdataapi/main/mahjong2date/0525_0523&debugStart=335,https://raw.githubusercontent.com/jygameclub/testdataapi/main/mahjong2date/0525_0523/335.json,https://raw.githubusercontent.com/jygameclub/testdataapi/main/mahjong2date/0525_0523,普通中奖,138.00,3.45,4,3,20,20,20,0,0,否,否,是,2,0,684570,684579,6271779683243367,9477750.0,9477848.0,4段连消/续转 / 金色符号/百搭转换
连消/掉落,450.json,450,75,金色/百搭,https://fish-games.s3.amazonaws.com/MahjongWays2/index.html?env=ceshislot.osshaiwai.com&hasFloat=0&token=436475c81b51e6893c740657870f86b7&language=en&debug=1&debugDataPath=https://raw.githubusercontent.com/jygameclub/testdataapi/main/mahjong2date/0525_0523&debugStart=450,https://raw.githubusercontent.com/jygameclub/testdataapi/main/mahjong2date/0525_0523/450.json,https://raw.githubusercontent.com/jygameclub/testdataapi/main/mahjong2date/0525_0523,普通中奖,132.00,3.30,4,3,21,22,23,1,1,否,否,是,2,0,686243,686273,8661779683985005,9478618.0,9478710.0,4段连消/续转 / 金色符号/百搭转换
连消/掉落,464.json,464,75,金色/百搭,https://fish-games.s3.amazonaws.com/MahjongWays2/index.html?env=ceshislot.osshaiwai.com&hasFloat=0&token=436475c81b51e6893c740657870f86b7&language=en&debug=1&debugDataPath=https://raw.githubusercontent.com/jygameclub/testdataapi/main/mahjong2date/0525_0523&debugStart=464,https://raw.githubusercontent.com/jygameclub/testdataapi/main/mahjong2date/0525_0523/464.json,https://raw.githubusercontent.com/jygameclub/testdataapi/main/mahjong2date/0525_0523,普通中奖,128.00,3.20,3,2,11,11,11,0,0,否,否,是,1,1,686411,686433,5071779684010838,9478240.0,9478328.0,3段连消/续转 / 金色符号/百搭转换
连消/掉落,733.json,733,75,金色/百搭,https://fish-games.s3.amazonaws.com/MahjongWays2/index.html?env=ceshislot.osshaiwai.com&hasFloat=0&token=436475c81b51e6893c740657870f86b7&language=en&debug=1&debugDataPath=https://raw.githubusercontent.com/jygameclub/testdataapi/main/mahjong2date/0525_0523&debugStart=733,https://raw.githubusercontent.com/jygameclub/testdataapi/main/mahjong2date/0525_0523/733.json,https://raw.githubusercontent.com/jygameclub/testdataapi/main/mahjong2date/0525_0523,普通中奖,128.00,3.20,3,2,11,12,12,1,1,否,否,是,1,1,693257,693271,4561779685164225,9478630.0,9478718.0,3段连消/续转 / 金色符号/百搭转换
连消/掉落,633.json,633,75,金色/百搭,https://fish-games.s3.amazonaws.com/MahjongWays2/index.html?env=ceshislot.osshaiwai.com&hasFloat=0&token=436475c81b51e6893c740657870f86b7&language=en&debug=1&debugDataPath=https://raw.githubusercontent.com/jygameclub/testdataapi/main/mahjong2date/0525_0523&debugStart=633,https://raw.githubusercontent.com/jygameclub/testdataapi/main/mahjong2date/0525_0523/633.json,https://raw.githubusercontent.com/jygameclub/testdataapi/main/mahjong2date/0525_0523,普通中奖,122.00,3.05,3,2,8,9,9,1,1,否,否,是,1,0,691599,691615,5011779684901057,9479842.0,9479924.0,3段连消/续转 / 金色符号/百搭转换
连消/掉落,743.json,743,75,金色/百搭,https://fish-games.s3.amazonaws.com/MahjongWays2/index.html?env=ceshislot.osshaiwai.com&hasFloat=0&token=436475c81b51e6893c740657870f86b7&language=en&debug=1&debugDataPath=https://raw.githubusercontent.com/jygameclub/testdataapi/main/mahjong2date/0525_0523&debugStart=743,https://raw.githubusercontent.com/jygameclub/testdataapi/main/mahjong2date/0525_0523/743.json,https://raw.githubusercontent.com/jygameclub/testdataapi/main/mahjong2date/0525_0523,普通中奖,120.00,3.00,4,3,11,13,13,2,1,否,否,是,1,1,693387,693416,3001779685184773,9478702.0,9478782.0,4段连消/续转 / 金色符号/百搭转换
连消/掉落,530.json,530,75,金色/百搭,https://fish-games.s3.amazonaws.com/MahjongWays2/index.html?env=ceshislot.osshaiwai.com&hasFloat=0&token=436475c81b51e6893c740657870f86b7&language=en&debug=1&debugDataPath=https://raw.githubusercontent.com/jygameclub/testdataapi/main/mahjong2date/0525_0523&debugStart=530,https://raw.githubusercontent.com/jygameclub/testdataapi/main/mahjong2date/0525_0523/530.json,https://raw.githubusercontent.com/jygameclub/testdataapi/main/mahjong2date/0525_0523,普通中奖,120.00,3.00,3,2,12,13,13,1,1,否,否,是,1,1,687650,687671,2601779684208638,9476120.0,9476200.0,3段连消/续转 / 金色符号/百搭转换
连消/掉落,592.json,592,75,金色/百搭,https://fish-games.s3.amazonaws.com/MahjongWays2/index.html?env=ceshislot.osshaiwai.com&hasFloat=0&token=436475c81b51e6893c740657870f86b7&language=en&debug=1&debugDataPath=https://raw.githubusercontent.com/jygameclub/testdataapi/main/mahjong2date/0525_0523&debugStart=592,https://raw.githubusercontent.com/jygameclub/testdataapi/main/mahjong2date/0525_0523/592.json,https://raw.githubusercontent.com/jygameclub/testdataapi/main/mahjong2date/0525_0523,普通中奖,116.00,2.90,4,3,17,18,19,1,1,否,否,是,2,2,690415,690447,5621779684708476,9476824.0,9476900.0,4段连消/续转 / 金色符号/百搭转换
连消/掉落,696.json,696,75,金色/百搭,https://fish-games.s3.amazonaws.com/MahjongWays2/index.html?env=ceshislot.osshaiwai.com&hasFloat=0&token=436475c81b51e6893c740657870f86b7&language=en&debug=1&debugDataPath=https://raw.githubusercontent.com/jygameclub/testdataapi/main/mahjong2date/0525_0523&debugStart=696,https://raw.githubusercontent.com/jygameclub/testdataapi/main/mahjong2date/0525_0523/696.json,https://raw.githubusercontent.com/jygameclub/testdataapi/main/mahjong2date/0525_0523,普通中奖,110.00,2.75,5,4,19,19,19,0,0,否,否,是,1,1,692895,692941,4381779685108256,9479906.0,9479976.0,5段连消/续转 / 金色符号/百搭转换
连消/掉落,203.json,203,75,金色/百搭,https://fish-games.s3.amazonaws.com/MahjongWays2/index.html?env=ceshislot.osshaiwai.com&hasFloat=0&token=436475c81b51e6893c740657870f86b7&language=en&debug=1&debugDataPath=https://raw.githubusercontent.com/jygameclub/testdataapi/main/mahjong2date/0525_0523&debugStart=203,https://raw.githubusercontent.com/jygameclub/testdataapi/main/mahjong2date/0525_0523/203.json,https://raw.githubusercontent.com/jygameclub/testdataapi/main/mahjong2date/0525_0523,普通中奖,110.00,2.75,3,2,18,20,21,2,1,否,否,是,2,2,684299,684301,4641779682948258,9480600.0,9480670.0,3段连消/续转 / 金色符号/百搭转换
连消/掉落,908.json,908,75,金色/百搭,https://fish-games.s3.amazonaws.com/MahjongWays2/index.html?env=ceshislot.osshaiwai.com&hasFloat=0&token=436475c81b51e6893c740657870f86b7&language=en&debug=1&debugDataPath=https://raw.githubusercontent.com/jygameclub/testdataapi/main/mahjong2date/0525_0523&debugStart=908,https://raw.githubusercontent.com/jygameclub/testdataapi/main/mahjong2date/0525_0523/908.json,https://raw.githubusercontent.com/jygameclub/testdataapi/main/mahjong2date/0525_0523,普通中奖,110.00,2.75,3,2,15,16,17,1,1,否,否,是,2,1,696187,696202,2501779685616620,9475860.0,9475930.0,3段连消/续转 / 金色符号/百搭转换
连消/掉落,217.json,217,75,金色/百搭,https://fish-games.s3.amazonaws.com/MahjongWays2/index.html?env=ceshislot.osshaiwai.com&hasFloat=0&token=436475c81b51e6893c740657870f86b7&language=en&debug=1&debugDataPath=https://raw.githubusercontent.com/jygameclub/testdataapi/main/mahjong2date/0525_0523&debugStart=217,https://raw.githubusercontent.com/jygameclub/testdataapi/main/mahjong2date/0525_0523/217.json,https://raw.githubusercontent.com/jygameclub/testdataapi/main/mahjong2date/0525_0523,普通中奖,108.00,2.70,3,2,14,14,14,0,0,否,否,是,1,0,684333,684336,7181779682980526,9480590.0,9480658.0,3段连消/续转 / 金色符号/百搭转换
连消/掉落,897.json,897,75,金色/百搭,https://fish-games.s3.amazonaws.com/MahjongWays2/index.html?env=ceshislot.osshaiwai.com&hasFloat=0&token=436475c81b51e6893c740657870f86b7&language=en&debug=1&debugDataPath=https://raw.githubusercontent.com/jygameclub/testdataapi/main/mahjong2date/0525_0523&debugStart=897,https://raw.githubusercontent.com/jygameclub/testdataapi/main/mahjong2date/0525_0523/897.json,https://raw.githubusercontent.com/jygameclub/testdataapi/main/mahjong2date/0525_0523,普通中奖,104.00,2.60,3,2,15,15,15,0,0,否,否,是,2,2,696047,696071,2771779685596003,9476116.0,9476180.0,3段连消/续转 / 金色符号/百搭转换
连消/掉落,389.json,389,75,金色/百搭,https://fish-games.s3.amazonaws.com/MahjongWays2/index.html?env=ceshislot.osshaiwai.com&hasFloat=0&token=436475c81b51e6893c740657870f86b7&language=en&debug=1&debugDataPath=https://raw.githubusercontent.com/jygameclub/testdataapi/main/mahjong2date/0525_0523&debugStart=389,https://raw.githubusercontent.com/jygameclub/testdataapi/main/mahjong2date/0525_0523/389.json,https://raw.githubusercontent.com/jygameclub/testdataapi/main/mahjong2date/0525_0523,普通中奖,104.00,2.60,2,1,13,13,13,0,0,否,否,是,2,0,684766,684767,5261779683664090,9476862.0,9476926.0,2段连消/续转 / 金色符号/百搭转换
连消/掉落,059.json,59,75,金色/百搭,https://fish-games.s3.amazonaws.com/MahjongWays2/index.html?env=ceshislot.osshaiwai.com&hasFloat=0&token=436475c81b51e6893c740657870f86b7&language=en&debug=1&debugDataPath=https://raw.githubusercontent.com/jygameclub/testdataapi/main/mahjong2date/0525_0523&debugStart=59,https://raw.githubusercontent.com/jygameclub/testdataapi/main/mahjong2date/0525_0523/059.json,https://raw.githubusercontent.com/jygameclub/testdataapi/main/mahjong2date/0525_0523,普通中奖,98.00,2.45,4,3,13,13,13,0,0,否,否,是,1,0,684026,684030,3511779682657526,9484070.0,9484128.0,4段连消/续转 / 金色符号/百搭转换
连消/掉落,365.json,365,75,金色/百搭,https://fish-games.s3.amazonaws.com/MahjongWays2/index.html?env=ceshislot.osshaiwai.com&hasFloat=0&token=436475c81b51e6893c740657870f86b7&language=en&debug=1&debugDataPath=https://raw.githubusercontent.com/jygameclub/testdataapi/main/mahjong2date/0525_0523&debugStart=365,https://raw.githubusercontent.com/jygameclub/testdataapi/main/mahjong2date/0525_0523/365.json,https://raw.githubusercontent.com/jygameclub/testdataapi/main/mahjong2date/0525_0523,普通中奖,98.00,2.45,3,2,10,12,12,2,2,否,否,是,1,0,684678,684680,2561779683535758,9477200.0,9477258.0,3段连消/续转 / 金色符号/百搭转换
连消/掉落,575.json,575,75,金色/百搭,https://fish-games.s3.amazonaws.com/MahjongWays2/index.html?env=ceshislot.osshaiwai.com&hasFloat=0&token=436475c81b51e6893c740657870f86b7&language=en&debug=1&debugDataPath=https://raw.githubusercontent.com/jygameclub/testdataapi/main/mahjong2date/0525_0523&debugStart=575,https://raw.githubusercontent.com/jygameclub/testdataapi/main/mahjong2date/0525_0523/575.json,https://raw.githubusercontent.com/jygameclub/testdataapi/main/mahjong2date/0525_0523,普通中奖,98.00,2.45,3,2,13,14,15,1,1,否,否,是,2,0,690187,690204,1681779684673475,9476684.0,9476742.0,3段连消/续转 / 金色符号/百搭转换
连消/掉落,563.json,563,75,金色/百搭,https://fish-games.s3.amazonaws.com/MahjongWays2/index.html?env=ceshislot.osshaiwai.com&hasFloat=0&token=436475c81b51e6893c740657870f86b7&language=en&debug=1&debugDataPath=https://raw.githubusercontent.com/jygameclub/testdataapi/main/mahjong2date/0525_0523&debugStart=563,https://raw.githubusercontent.com/jygameclub/testdataapi/main/mahjong2date/0525_0523/563.json,https://raw.githubusercontent.com/jygameclub/testdataapi/main/mahjong2date/0525_0523,普通中奖,96.00,2.40,3,2,14,14,14,0,0,否,否,是,1,1,690024,690045,5991779684647075,9477012.0,9477068.0,3段连消/续转 / 金色符号/百搭转换
连消/掉落,547.json,547,75,金色/百搭,https://fish-games.s3.amazonaws.com/MahjongWays2/index.html?env=ceshislot.osshaiwai.com&hasFloat=0&token=436475c81b51e6893c740657870f86b7&language=en&debug=1&debugDataPath=https://raw.githubusercontent.com/jygameclub/testdataapi/main/mahjong2date/0525_0523&debugStart=547,https://raw.githubusercontent.com/jygameclub/testdataapi/main/mahjong2date/0525_0523/547.json,https://raw.githubusercontent.com/jygameclub/testdataapi/main/mahjong2date/0525_0523,普通中奖,96.00,2.40,2,1,8,8,8,0,0,否,否,是,1,0,689659,689662,5661779684585791,9475760.0,9475816.0,2段连消/续转 / 金色符号/百搭转换
连消/掉落,990.json,990,75,金色/百搭,https://fish-games.s3.amazonaws.com/MahjongWays2/index.html?env=ceshislot.osshaiwai.com&hasFloat=0&token=436475c81b51e6893c740657870f86b7&language=en&debug=1&debugDataPath=https://raw.githubusercontent.com/jygameclub/testdataapi/main/mahjong2date/0525_0523&debugStart=990,https://raw.githubusercontent.com/jygameclub/testdataapi/main/mahjong2date/0525_0523/990.json,https://raw.githubusercontent.com/jygameclub/testdataapi/main/mahjong2date/0525_0523,普通中奖,94.00,2.35,3,2,11,12,12,1,1,否,否,是,1,2,696656,696660,5281779686124483,9478220.0,9478274.0,3段连消/续转 / 金色符号/百搭转换
连消/掉落,489.json,489,75,金色/百搭,https://fish-games.s3.amazonaws.com/MahjongWays2/index.html?env=ceshislot.osshaiwai.com&hasFloat=0&token=436475c81b51e6893c740657870f86b7&language=en&debug=1&debugDataPath=https://raw.githubusercontent.com/jygameclub/testdataapi/main/mahjong2date/0525_0523&debugStart=489,https://raw.githubusercontent.com/jygameclub/testdataapi/main/mahjong2date/0525_0523/489.json,https://raw.githubusercontent.com/jygameclub/testdataapi/main/mahjong2date/0525_0523,普通中奖,84.00,2.10,4,3,13,14,14,1,1,否,否,是,1,0,686683,686712,6951779684052521,9477468.0,9477512.0,4段连消/续转 / 金色符号/百搭转换
连消/掉落,374.json,374,75,金色/百搭,https://fish-games.s3.amazonaws.com/MahjongWays2/index.html?env=ceshislot.osshaiwai.com&hasFloat=0&token=436475c81b51e6893c740657870f86b7&language=en&debug=1&debugDataPath=https://raw.githubusercontent.com/jygameclub/testdataapi/main/mahjong2date/0525_0523&debugStart=374,https://raw.githubusercontent.com/jygameclub/testdataapi/main/mahjong2date/0525_0523/374.json,https://raw.githubusercontent.com/jygameclub/testdataapi/main/mahjong2date/0525_0523,普通中奖,84.00,2.10,3,2,13,14,15,1,1,否,否,是,2,0,684693,684695,8561779683552691,9477030.0,9477074.0,3段连消/续转 / 金色符号/百搭转换
连消/掉落,401.json,401,75,金色/百搭,https://fish-games.s3.amazonaws.com/MahjongWays2/index.html?env=ceshislot.osshaiwai.com&hasFloat=0&token=436475c81b51e6893c740657870f86b7&language=en&debug=1&debugDataPath=https://raw.githubusercontent.com/jygameclub/testdataapi/main/mahjong2date/0525_0523&debugStart=401,https://raw.githubusercontent.com/jygameclub/testdataapi/main/mahjong2date/0525_0523/401.json,https://raw.githubusercontent.com/jygameclub/testdataapi/main/mahjong2date/0525_0523,普通中奖,84.00,2.10,3,2,13,13,13,0,0,否,否,是,1,1,684787,684790,3401779683687923,9476536.0,9476580.0,3段连消/续转 / 金色符号/百搭转换
连消/掉落,060.json,60,75,金色/百搭,https://fish-games.s3.amazonaws.com/MahjongWays2/index.html?env=ceshislot.osshaiwai.com&hasFloat=0&token=436475c81b51e6893c740657870f86b7&language=en&debug=1&debugDataPath=https://raw.githubusercontent.com/jygameclub/testdataapi/main/mahjong2date/0525_0523&debugStart=60,https://raw.githubusercontent.com/jygameclub/testdataapi/main/mahjong2date/0525_0523/060.json,https://raw.githubusercontent.com/jygameclub/testdataapi/main/mahjong2date/0525_0523,普通中奖,80.00,2.00,3,2,9,10,10,1,1,否,否,是,1,0,684032,684035,2081779682664376,9484128.0,9484168.0,3段连消/续转 / 金色符号/百搭转换
连消/掉落,066.json,66,75,金色/百搭,https://fish-games.s3.amazonaws.com/MahjongWays2/index.html?env=ceshislot.osshaiwai.com&hasFloat=0&token=436475c81b51e6893c740657870f86b7&language=en&debug=1&debugDataPath=https://raw.githubusercontent.com/jygameclub/testdataapi/main/mahjong2date/0525_0523&debugStart=66,https://raw.githubusercontent.com/jygameclub/testdataapi/main/mahjong2date/0525_0523/066.json,https://raw.githubusercontent.com/jygameclub/testdataapi/main/mahjong2date/0525_0523,普通中奖,80.00,2.00,3,2,11,12,12,1,1,否,否,是,1,1,684044,684047,4481779682676410,9483970.0,9484010.0,3段连消/续转 / 金色符号/百搭转换
连消/掉落,911.json,911,75,金色/百搭,https://fish-games.s3.amazonaws.com/MahjongWays2/index.html?env=ceshislot.osshaiwai.com&hasFloat=0&token=436475c81b51e6893c740657870f86b7&language=en&debug=1&debugDataPath=https://raw.githubusercontent.com/jygameclub/testdataapi/main/mahjong2date/0525_0523&debugStart=911,https://raw.githubusercontent.com/jygameclub/testdataapi/main/mahjong2date/0525_0523/911.json,https://raw.githubusercontent.com/jygameclub/testdataapi/main/mahjong2date/0525_0523,普通中奖,80.00,2.00,2,1,6,6,6,0,0,否,否,是,1,1,696260,696269,2831779685627687,9475860.0,9475900.0,2段连消/续转 / 金色符号/百搭转换
连消/掉落,068.json,68,75,金色/百搭,https://fish-games.s3.amazonaws.com/MahjongWays2/index.html?env=ceshislot.osshaiwai.com&hasFloat=0&token=436475c81b51e6893c740657870f86b7&language=en&debug=1&debugDataPath=https://raw.githubusercontent.com/jygameclub/testdataapi/main/mahjong2date/0525_0523&debugStart=68,https://raw.githubusercontent.com/jygameclub/testdataapi/main/mahjong2date/0525_0523/068.json,https://raw.githubusercontent.com/jygameclub/testdataapi/main/mahjong2date/0525_0523,普通中奖,78.00,1.95,3,2,13,13,13,0,0,否,否,是,1,1,684050,684053,7731779682682711,9483970.0,9484008.0,3段连消/续转 / 金色符号/百搭转换
连消/掉落,436.json,436,75,金色/百搭,https://fish-games.s3.amazonaws.com/MahjongWays2/index.html?env=ceshislot.osshaiwai.com&hasFloat=0&token=436475c81b51e6893c740657870f86b7&language=en&debug=1&debugDataPath=https://raw.githubusercontent.com/jygameclub/testdataapi/main/mahjong2date/0525_0523&debugStart=436,https://raw.githubusercontent.com/jygameclub/testdataapi/main/mahjong2date/0525_0523/436.json,https://raw.githubusercontent.com/jygameclub/testdataapi/main/mahjong2date/0525_0523,普通中奖,78.00,1.95,3,2,11,11,11,0,0,否,否,是,1,0,684933,684936,9921779683765223,9476056.0,9476094.0,3段连消/续转 / 金色符号/百搭转换
连消/掉落,029.json,29,75,金色/百搭,https://fish-games.s3.amazonaws.com/MahjongWays2/index.html?env=ceshislot.osshaiwai.com&hasFloat=0&token=436475c81b51e6893c740657870f86b7&language=en&debug=1&debugDataPath=https://raw.githubusercontent.com/jygameclub/testdataapi/main/mahjong2date/0525_0523&debugStart=29,https://raw.githubusercontent.com/jygameclub/testdataapi/main/mahjong2date/0525_0523/029.json,https://raw.githubusercontent.com/jygameclub/testdataapi/main/mahjong2date/0525_0523,普通中奖,76.00,1.90,5,4,17,18,18,1,1,否,否,是,1,0,683951,683957,8761779682582860,9484642.0,9484678.0,5段连消/续转 / 金色符号/百搭转换
连消/掉落,021.json,21,75,金色/百搭,https://fish-games.s3.amazonaws.com/MahjongWays2/index.html?env=ceshislot.osshaiwai.com&hasFloat=0&token=436475c81b51e6893c740657870f86b7&language=en&debug=1&debugDataPath=https://raw.githubusercontent.com/jygameclub/testdataapi/main/mahjong2date/0525_0523&debugStart=21,https://raw.githubusercontent.com/jygameclub/testdataapi/main/mahjong2date/0525_0523/021.json,https://raw.githubusercontent.com/jygameclub/testdataapi/main/mahjong2date/0525_0523,普通中奖,76.00,1.90,3,2,12,14,15,2,1,否,否,是,2,0,683935,683937,9091779682567176,9484850.0,9484886.0,3段连消/续转 / 金色符号/百搭转换
连消/掉落,098.json,98,75,金色/百搭,https://fish-games.s3.amazonaws.com/MahjongWays2/index.html?env=ceshislot.osshaiwai.com&hasFloat=0&token=436475c81b51e6893c740657870f86b7&language=en&debug=1&debugDataPath=https://raw.githubusercontent.com/jygameclub/testdataapi/main/mahjong2date/0525_0523&debugStart=98,https://raw.githubusercontent.com/jygameclub/testdataapi/main/mahjong2date/0525_0523/098.json,https://raw.githubusercontent.com/jygameclub/testdataapi/main/mahjong2date/0525_0523,普通中奖,72.00,1.80,3,2,10,11,11,1,1,否,否,是,1,1,684126,684129,8991779682758892,9483568.0,9483600.0,3段连消/续转 / 金色符号/百搭转换
连消/掉落,128.json,128,75,金色/百搭,https://fish-games.s3.amazonaws.com/MahjongWays2/index.html?env=ceshislot.osshaiwai.com&hasFloat=0&token=436475c81b51e6893c740657870f86b7&language=en&debug=1&debugDataPath=https://raw.githubusercontent.com/jygameclub/testdataapi/main/mahjong2date/0525_0523&debugStart=128,https://raw.githubusercontent.com/jygameclub/testdataapi/main/mahjong2date/0525_0523/128.json,https://raw.githubusercontent.com/jygameclub/testdataapi/main/mahjong2date/0525_0523,普通中奖,72.00,1.80,2,1,8,8,8,0,0,否,否,是,1,1,684173,684174,5921779682808442,9482518.0,9482550.0,2段连消/续转 / 金色符号/百搭转换
连消/掉落,160.json,160,75,金色/百搭,https://fish-games.s3.amazonaws.com/MahjongWays2/index.html?env=ceshislot.osshaiwai.com&hasFloat=0&token=436475c81b51e6893c740657870f86b7&language=en&debug=1&debugDataPath=https://raw.githubusercontent.com/jygameclub/testdataapi/main/mahjong2date/0525_0523&debugStart=160,https://raw.githubusercontent.com/jygameclub/testdataapi/main/mahjong2date/0525_0523/160.json,https://raw.githubusercontent.com/jygameclub/testdataapi/main/mahjong2date/0525_0523,普通中奖,72.00,1.80,2,1,8,8,8,0,0,否,否,是,1,2,684233,684234,4471779682878325,9482092.0,9482124.0,2段连消/续转 / 金色符号/百搭转换
连消/掉落,206.json,206,75,金色/百搭,https://fish-games.s3.amazonaws.com/MahjongWays2/index.html?env=ceshislot.osshaiwai.com&hasFloat=0&token=436475c81b51e6893c740657870f86b7&language=en&debug=1&debugDataPath=https://raw.githubusercontent.com/jygameclub/testdataapi/main/mahjong2date/0525_0523&debugStart=206,https://raw.githubusercontent.com/jygameclub/testdataapi/main/mahjong2date/0525_0523/206.json,https://raw.githubusercontent.com/jygameclub/testdataapi/main/mahjong2date/0525_0523,普通中奖,72.00,1.80,2,1,8,8,8,0,0,否,否,是,1,0,684307,684308,5931779682957641,9480602.0,9480634.0,2段连消/续转 / 金色符号/百搭转换
连消/掉落,371.json,371,75,金色/百搭,https://fish-games.s3.amazonaws.com/MahjongWays2/index.html?env=ceshislot.osshaiwai.com&hasFloat=0&token=436475c81b51e6893c740657870f86b7&language=en&debug=1&debugDataPath=https://raw.githubusercontent.com/jygameclub/testdataapi/main/mahjong2date/0525_0523&debugStart=371,https://raw.githubusercontent.com/jygameclub/testdataapi/main/mahjong2date/0525_0523/371.json,https://raw.githubusercontent.com/jygameclub/testdataapi/main/mahjong2date/0525_0523,普通中奖,72.00,1.80,2,1,10,10,10,0,0,否,否,是,1,1,684688,684689,1051779683545858,9477058.0,9477090.0,2段连消/续转 / 金色符号/百搭转换
连消/掉落,901.json,901,75,金色/百搭,https://fish-games.s3.amazonaws.com/MahjongWays2/index.html?env=ceshislot.osshaiwai.com&hasFloat=0&token=436475c81b51e6893c740657870f86b7&language=en&debug=1&debugDataPath=https://raw.githubusercontent.com/jygameclub/testdataapi/main/mahjong2date/0525_0523&debugStart=901,https://raw.githubusercontent.com/jygameclub/testdataapi/main/mahjong2date/0525_0523/901.json,https://raw.githubusercontent.com/jygameclub/testdataapi/main/mahjong2date/0525_0523,普通中奖,72.00,1.80,2,1,8,8,8,0,0,否,否,是,1,1,696117,696126,2521779685606269,9476068.0,9476100.0,2段连消/续转 / 金色符号/百搭转换
连消/掉落,049.json,49,75,金色/百搭,https://fish-games.s3.amazonaws.com/MahjongWays2/index.html?env=ceshislot.osshaiwai.com&hasFloat=0&token=436475c81b51e6893c740657870f86b7&language=en&debug=1&debugDataPath=https://raw.githubusercontent.com/jygameclub/testdataapi/main/mahjong2date/0525_0523&debugStart=49,https://raw.githubusercontent.com/jygameclub/testdataapi/main/mahjong2date/0525_0523/049.json,https://raw.githubusercontent.com/jygameclub/testdataapi/main/mahjong2date/0525_0523,普通中奖,68.00,1.70,3,2,13,14,15,1,1,否,否,是,2,2,684002,684005,4041779682633476,9484250.0,9484278.0,3段连消/续转 / 金色符号/百搭转换
连消/掉落,560.json,560,75,金色/百搭,https://fish-games.s3.amazonaws.com/MahjongWays2/index.html?env=ceshislot.osshaiwai.com&hasFloat=0&token=436475c81b51e6893c740657870f86b7&language=en&debug=1&debugDataPath=https://raw.githubusercontent.com/jygameclub/testdataapi/main/mahjong2date/0525_0523&debugStart=560,https://raw.githubusercontent.com/jygameclub/testdataapi/main/mahjong2date/0525_0523/560.json,https://raw.githubusercontent.com/jygameclub/testdataapi/main/mahjong2date/0525_0523,普通中奖,66.00,1.65,3,2,13,14,14,1,1,否,否,是,2,1,689895,689916,7621779684624958,9475850.0,9475876.0,3段连消/续转 / 金色符号/百搭转换
连消/掉落,058.json,58,75,金色/百搭,https://fish-games.s3.amazonaws.com/MahjongWays2/index.html?env=ceshislot.osshaiwai.com&hasFloat=0&token=436475c81b51e6893c740657870f86b7&language=en&debug=1&debugDataPath=https://raw.githubusercontent.com/jygameclub/testdataapi/main/mahjong2date/0525_0523&debugStart=58,https://raw.githubusercontent.com/jygameclub/testdataapi/main/mahjong2date/0525_0523/058.json,https://raw.githubusercontent.com/jygameclub/testdataapi/main/mahjong2date/0525_0523,普通中奖,64.00,1.60,2,1,10,11,11,1,1,否,否,是,2,0,684023,684024,3901779682654859,9484046.0,9484070.0,2段连消/续转 / 金色符号/百搭转换
连消/掉落,946.json,946,75,金色/百搭,https://fish-games.s3.amazonaws.com/MahjongWays2/index.html?env=ceshislot.osshaiwai.com&hasFloat=0&token=436475c81b51e6893c740657870f86b7&language=en&debug=1&debugDataPath=https://raw.githubusercontent.com/jygameclub/testdataapi/main/mahjong2date/0525_0523&debugStart=946,https://raw.githubusercontent.com/jygameclub/testdataapi/main/mahjong2date/0525_0523/946.json,https://raw.githubusercontent.com/jygameclub/testdataapi/main/mahjong2date/0525_0523,普通中奖,64.00,1.60,2,1,11,11,11,0,0,否,否,是,2,1,696362,696363,6451779685695136,9475544.0,9475568.0,2段连消/续转 / 金色符号/百搭转换
连消/掉落,305.json,305,75,金色/百搭,https://fish-games.s3.amazonaws.com/MahjongWays2/index.html?env=ceshislot.osshaiwai.com&hasFloat=0&token=436475c81b51e6893c740657870f86b7&language=en&debug=1&debugDataPath=https://raw.githubusercontent.com/jygameclub/testdataapi/main/mahjong2date/0525_0523&debugStart=305,https://raw.githubusercontent.com/jygameclub/testdataapi/main/mahjong2date/0525_0523/305.json,https://raw.githubusercontent.com/jygameclub/testdataapi/main/mahjong2date/0525_0523,普通中奖,60.00,1.50,2,1,6,6,6,0,0,否,否,是,1,0,684494,684495,2001779683128524,9477924.0,9477944.0,2段连消/续转 / 金色符号/百搭转换
连消/掉落,055.json,55,75,金色/百搭,https://fish-games.s3.amazonaws.com/MahjongWays2/index.html?env=ceshislot.osshaiwai.com&hasFloat=0&token=436475c81b51e6893c740657870f86b7&language=en&debug=1&debugDataPath=https://raw.githubusercontent.com/jygameclub/testdataapi/main/mahjong2date/0525_0523&debugStart=55,https://raw.githubusercontent.com/jygameclub/testdataapi/main/mahjong2date/0525_0523/055.json,https://raw.githubusercontent.com/jygameclub/testdataapi/main/mahjong2date/0525_0523,普通中奖,56.00,1.40,3,2,11,11,11,0,0,否,否,是,1,0,684015,684018,5351779682646511,9484106.0,9484122.0,3段连消/续转 / 金色符号/百搭转换
连消/掉落,649.json,649,75,金色/百搭,https://fish-games.s3.amazonaws.com/MahjongWays2/index.html?env=ceshislot.osshaiwai.com&hasFloat=0&token=436475c81b51e6893c740657870f86b7&language=en&debug=1&debugDataPath=https://raw.githubusercontent.com/jygameclub/testdataapi/main/mahjong2date/0525_0523&debugStart=649,https://raw.githubusercontent.com/jygameclub/testdataapi/main/mahjong2date/0525_0523/649.json,https://raw.githubusercontent.com/jygameclub/testdataapi/main/mahjong2date/0525_0523,普通中奖,56.00,1.40,3,2,10,11,11,1,1,否,否,是,1,1,691813,691834,9881779684933607,9479702.0,9479718.0,3段连消/续转 / 金色符号/百搭转换
连消/掉落,881.json,881,75,金色/百搭,https://fish-games.s3.amazonaws.com/MahjongWays2/index.html?env=ceshislot.osshaiwai.com&hasFloat=0&token=436475c81b51e6893c740657870f86b7&language=en&debug=1&debugDataPath=https://raw.githubusercontent.com/jygameclub/testdataapi/main/mahjong2date/0525_0523&debugStart=881,https://raw.githubusercontent.com/jygameclub/testdataapi/main/mahjong2date/0525_0523/881.json,https://raw.githubusercontent.com/jygameclub/testdataapi/main/mahjong2date/0525_0523,普通中奖,56.00,1.40,3,2,10,12,13,2,1,否,否,是,2,0,695819,695836,6401779685563005,9476306.0,9476322.0,3段连消/续转 / 金色符号/百搭转换
连消/掉落,880.json,880,75,金色/百搭,https://fish-games.s3.amazonaws.com/MahjongWays2/index.html?env=ceshislot.osshaiwai.com&hasFloat=0&token=436475c81b51e6893c740657870f86b7&language=en&debug=1&debugDataPath=https://raw.githubusercontent.com/jygameclub/testdataapi/main/mahjong2date/0525_0523&debugStart=880,https://raw.githubusercontent.com/jygameclub/testdataapi/main/mahjong2date/0525_0523/880.json,https://raw.githubusercontent.com/jygameclub/testdataapi/main/mahjong2date/0525_0523,普通中奖,56.00,1.40,2,1,12,12,12,0,0,否,否,是,2,1,695801,695805,4811779685560319,9476290.0,9476306.0,2段连消/续转 / 金色符号/百搭转换
连消/掉落,358.json,358,75,金色/百搭,https://fish-games.s3.amazonaws.com/MahjongWays2/index.html?env=ceshislot.osshaiwai.com&hasFloat=0&token=436475c81b51e6893c740657870f86b7&language=en&debug=1&debugDataPath=https://raw.githubusercontent.com/jygameclub/testdataapi/main/mahjong2date/0525_0523&debugStart=358,https://raw.githubusercontent.com/jygameclub/testdataapi/main/mahjong2date/0525_0523/358.json,https://raw.githubusercontent.com/jygameclub/testdataapi/main/mahjong2date/0525_0523,普通中奖,54.00,1.35,2,1,10,11,11,1,1,否,否,是,2,0,684668,684669,9071779683524491,9477424.0,9477438.0,2段连消/续转 / 金色符号/百搭转换
连消/掉落,113.json,113,75,金色/百搭,https://fish-games.s3.amazonaws.com/MahjongWays2/index.html?env=ceshislot.osshaiwai.com&hasFloat=0&token=436475c81b51e6893c740657870f86b7&language=en&debug=1&debugDataPath=https://raw.githubusercontent.com/jygameclub/testdataapi/main/mahjong2date/0525_0523&debugStart=113,https://raw.githubusercontent.com/jygameclub/testdataapi/main/mahjong2date/0525_0523/113.json,https://raw.githubusercontent.com/jygameclub/testdataapi/main/mahjong2date/0525_0523,普通中奖,52.00,1.30,3,2,12,12,12,0,0,否,否,是,2,1,684149,684151,7211779682783376,9483044.0,9483056.0,3段连消/续转 / 金色符号/百搭转换
连消/掉落,750.json,750,75,金色/百搭,https://fish-games.s3.amazonaws.com/MahjongWays2/index.html?env=ceshislot.osshaiwai.com&hasFloat=0&token=436475c81b51e6893c740657870f86b7&language=en&debug=1&debugDataPath=https://raw.githubusercontent.com/jygameclub/testdataapi/main/mahjong2date/0525_0523&debugStart=750,https://raw.githubusercontent.com/jygameclub/testdataapi/main/mahjong2date/0525_0523/750.json,https://raw.githubusercontent.com/jygameclub/testdataapi/main/mahjong2date/0525_0523,普通中奖,52.00,1.30,3,2,9,10,10,1,1,否,否,是,1,1,693475,693496,1801779685199523,9478546.0,9478558.0,3段连消/续转 / 金色符号/百搭转换
连消/掉落,590.json,590,75,金色/百搭,https://fish-games.s3.amazonaws.com/MahjongWays2/index.html?env=ceshislot.osshaiwai.com&hasFloat=0&token=436475c81b51e6893c740657870f86b7&language=en&debug=1&debugDataPath=https://raw.githubusercontent.com/jygameclub/testdataapi/main/mahjong2date/0525_0523&debugStart=590,https://raw.githubusercontent.com/jygameclub/testdataapi/main/mahjong2date/0525_0523/590.json,https://raw.githubusercontent.com/jygameclub/testdataapi/main/mahjong2date/0525_0523,普通中奖,50.00,1.25,2,1,9,10,10,1,1,否,否,是,2,0,690366,690370,1931779684700942,9476590.0,9476600.0,2段连消/续转 / 金色符号/百搭转换
连消/掉落,075.json,75,75,金色/百搭,https://fish-games.s3.amazonaws.com/MahjongWays2/index.html?env=ceshislot.osshaiwai.com&hasFloat=0&token=436475c81b51e6893c740657870f86b7&language=en&debug=1&debugDataPath=https://raw.githubusercontent.com/jygameclub/testdataapi/main/mahjong2date/0525_0523&debugStart=75,https://raw.githubusercontent.com/jygameclub/testdataapi/main/mahjong2date/0525_0523/075.json,https://raw.githubusercontent.com/jygameclub/testdataapi/main/mahjong2date/0525_0523,普通中奖,48.00,1.20,3,2,10,10,10,0,0,否,否,是,1,1,684071,684074,8101779682703843,9483920.0,9483928.0,3段连消/续转 / 金色符号/百搭转换
连消/掉落,428.json,428,75,金色/百搭,https://fish-games.s3.amazonaws.com/MahjongWays2/index.html?env=ceshislot.osshaiwai.com&hasFloat=0&token=436475c81b51e6893c740657870f86b7&language=en&debug=1&debugDataPath=https://raw.githubusercontent.com/jygameclub/testdataapi/main/mahjong2date/0525_0523&debugStart=428,https://raw.githubusercontent.com/jygameclub/testdataapi/main/mahjong2date/0525_0523/428.json,https://raw.githubusercontent.com/jygameclub/testdataapi/main/mahjong2date/0525_0523,普通中奖,48.00,1.20,3,2,11,12,13,1,1,否,否,是,2,2,684893,684913,3661779683739739,9476008.0,9476016.0,3段连消/续转 / 金色符号/百搭转换
连消/掉落,089.json,89,75,金色/百搭,https://fish-games.s3.amazonaws.com/MahjongWays2/index.html?env=ceshislot.osshaiwai.com&hasFloat=0&token=436475c81b51e6893c740657870f86b7&language=en&debug=1&debugDataPath=https://raw.githubusercontent.com/jygameclub/testdataapi/main/mahjong2date/0525_0523&debugStart=89,https://raw.githubusercontent.com/jygameclub/testdataapi/main/mahjong2date/0525_0523/089.json,https://raw.githubusercontent.com/jygameclub/testdataapi/main/mahjong2date/0525_0523,普通中奖,48.00,1.20,2,1,7,7,7,0,0,否,否,是,1,0,684109,684110,3261779682742909,9483846.0,9483854.0,2段连消/续转 / 金色符号/百搭转换
连消/掉落,187.json,187,75,金色/百搭,https://fish-games.s3.amazonaws.com/MahjongWays2/index.html?env=ceshislot.osshaiwai.com&hasFloat=0&token=436475c81b51e6893c740657870f86b7&language=en&debug=1&debugDataPath=https://raw.githubusercontent.com/jygameclub/testdataapi/main/mahjong2date/0525_0523&debugStart=187,https://raw.githubusercontent.com/jygameclub/testdataapi/main/mahjong2date/0525_0523/187.json,https://raw.githubusercontent.com/jygameclub/testdataapi/main/mahjong2date/0525_0523,普通中奖,48.00,1.20,2,1,7,7,7,0,0,否,否,是,1,1,684276,684277,5111779682921908,9481170.0,9481178.0,2段连消/续转 / 金色符号/百搭转换
连消/掉落,355.json,355,75,金色/百搭,https://fish-games.s3.amazonaws.com/MahjongWays2/index.html?env=ceshislot.osshaiwai.com&hasFloat=0&token=436475c81b51e6893c740657870f86b7&language=en&debug=1&debugDataPath=https://raw.githubusercontent.com/jygameclub/testdataapi/main/mahjong2date/0525_0523&debugStart=355,https://raw.githubusercontent.com/jygameclub/testdataapi/main/mahjong2date/0525_0523/355.json,https://raw.githubusercontent.com/jygameclub/testdataapi/main/mahjong2date/0525_0523,普通中奖,48.00,1.20,2,1,7,7,7,0,0,否,否,是,1,2,684663,684664,6811779683518292,9477496.0,9477504.0,2段连消/续转 / 金色符号/百搭转换
连消/掉落,435.json,435,75,金色/百搭,https://fish-games.s3.amazonaws.com/MahjongWays2/index.html?env=ceshislot.osshaiwai.com&hasFloat=0&token=436475c81b51e6893c740657870f86b7&language=en&debug=1&debugDataPath=https://raw.githubusercontent.com/jygameclub/testdataapi/main/mahjong2date/0525_0523&debugStart=435,https://raw.githubusercontent.com/jygameclub/testdataapi/main/mahjong2date/0525_0523/435.json,https://raw.githubusercontent.com/jygameclub/testdataapi/main/mahjong2date/0525_0523,普通中奖,48.00,1.20,2,1,7,7,7,0,0,否,否,是,1,0,684931,684932,5901779683762473,9476048.0,9476056.0,2段连消/续转 / 金色符号/百搭转换
连消/掉落,549.json,549,75,金色/百搭,https://fish-games.s3.amazonaws.com/MahjongWays2/index.html?env=ceshislot.osshaiwai.com&hasFloat=0&token=436475c81b51e6893c740657870f86b7&language=en&debug=1&debugDataPath=https://raw.githubusercontent.com/jygameclub/testdataapi/main/mahjong2date/0525_0523&debugStart=549,https://raw.githubusercontent.com/jygameclub/testdataapi/main/mahjong2date/0525_0523/549.json,https://raw.githubusercontent.com/jygameclub/testdataapi/main/mahjong2date/0525_0523,普通中奖,48.00,1.20,2,1,7,7,7,0,0,否,否,是,1,1,689746,689754,8641779684601525,9476168.0,9476176.0,2段连消/续转 / 金色符号/百搭转换
连消/掉落,632.json,632,75,金色/百搭,https://fish-games.s3.amazonaws.com/MahjongWays2/index.html?env=ceshislot.osshaiwai.com&hasFloat=0&token=436475c81b51e6893c740657870f86b7&language=en&debug=1&debugDataPath=https://raw.githubusercontent.com/jygameclub/testdataapi/main/mahjong2date/0525_0523&debugStart=632,https://raw.githubusercontent.com/jygameclub/testdataapi/main/mahjong2date/0525_0523/632.json,https://raw.githubusercontent.com/jygameclub/testdataapi/main/mahjong2date/0525_0523,普通中奖,48.00,1.20,2,1,12,13,13,1,1,否,否,是,2,0,691583,691585,5681779684898391,9479834.0,9479842.0,2段连消/续转 / 金色符号/百搭转换
连消/掉落,639.json,639,75,金色/百搭,https://fish-games.s3.amazonaws.com/MahjongWays2/index.html?env=ceshislot.osshaiwai.com&hasFloat=0&token=436475c81b51e6893c740657870f86b7&language=en&debug=1&debugDataPath=https://raw.githubusercontent.com/jygameclub/testdataapi/main/mahjong2date/0525_0523&debugStart=639,https://raw.githubusercontent.com/jygameclub/testdataapi/main/mahjong2date/0525_0523/639.json,https://raw.githubusercontent.com/jygameclub/testdataapi/main/mahjong2date/0525_0523,普通中奖,48.00,1.20,2,1,6,6,6,0,0,否,否,是,1,2,691701,691709,6351779684916824,9480018.0,9480026.0,2段连消/续转 / 金色符号/百搭转换
连消/掉落,754.json,754,75,金色/百搭,https://fish-games.s3.amazonaws.com/MahjongWays2/index.html?env=ceshislot.osshaiwai.com&hasFloat=0&token=436475c81b51e6893c740657870f86b7&language=en&debug=1&debugDataPath=https://raw.githubusercontent.com/jygameclub/testdataapi/main/mahjong2date/0525_0523&debugStart=754,https://raw.githubusercontent.com/jygameclub/testdataapi/main/mahjong2date/0525_0523/754.json,https://raw.githubusercontent.com/jygameclub/testdataapi/main/mahjong2date/0525_0523,普通中奖,48.00,1.20,2,1,7,7,7,0,0,否,否,是,1,1,693526,693535,4741779685207773,9478438.0,9478446.0,2段连消/续转 / 金色符号/百搭转换
连消/掉落,845.json,845,75,金色/百搭,https://fish-games.s3.amazonaws.com/MahjongWays2/index.html?env=ceshislot.osshaiwai.com&hasFloat=0&token=436475c81b51e6893c740657870f86b7&language=en&debug=1&debugDataPath=https://raw.githubusercontent.com/jygameclub/testdataapi/main/mahjong2date/0525_0523&debugStart=845,https://raw.githubusercontent.com/jygameclub/testdataapi/main/mahjong2date/0525_0523/845.json,https://raw.githubusercontent.com/jygameclub/testdataapi/main/mahjong2date/0525_0523,普通中奖,48.00,1.20,2,1,7,7,7,0,0,否,否,是,1,0,695415,695418,2191779685503804,9477206.0,9477214.0,2段连消/续转 / 金色符号/百搭转换
连消/掉落,821.json,821,75,金色/百搭,https://fish-games.s3.amazonaws.com/MahjongWays2/index.html?env=ceshislot.osshaiwai.com&hasFloat=0&token=436475c81b51e6893c740657870f86b7&language=en&debug=1&debugDataPath=https://raw.githubusercontent.com/jygameclub/testdataapi/main/mahjong2date/0525_0523&debugStart=821,https://raw.githubusercontent.com/jygameclub/testdataapi/main/mahjong2date/0525_0523/821.json,https://raw.githubusercontent.com/jygameclub/testdataapi/main/mahjong2date/0525_0523,普通中奖,46.00,1.15,4,3,13,13,13,0,0,否,否,是,1,0,695034,695063,2601779685447404,9477240.0,9477246.0,4段连消/续转 / 金色符号/百搭转换
连消/掉落,042.json,42,75,金色/百搭,https://fish-games.s3.amazonaws.com/MahjongWays2/index.html?env=ceshislot.osshaiwai.com&hasFloat=0&token=436475c81b51e6893c740657870f86b7&language=en&debug=1&debugDataPath=https://raw.githubusercontent.com/jygameclub/testdataapi/main/mahjong2date/0525_0523&debugStart=42,https://raw.githubusercontent.com/jygameclub/testdataapi/main/mahjong2date/0525_0523/042.json,https://raw.githubusercontent.com/jygameclub/testdataapi/main/mahjong2date/0525_0523,普通中奖,44.00,1.10,3,2,9,10,10,1,1,否,否,是,1,1,683989,683992,6451779682620876,9484482.0,9484486.0,3段连消/续转 / 金色符号/百搭转换
连消/掉落,246.json,246,75,金色/百搭,https://fish-games.s3.amazonaws.com/MahjongWays2/index.html?env=ceshislot.osshaiwai.com&hasFloat=0&token=436475c81b51e6893c740657870f86b7&language=en&debug=1&debugDataPath=https://raw.githubusercontent.com/jygameclub/testdataapi/main/mahjong2date/0525_0523&debugStart=246,https://raw.githubusercontent.com/jygameclub/testdataapi/main/mahjong2date/0525_0523/246.json,https://raw.githubusercontent.com/jygameclub/testdataapi/main/mahjong2date/0525_0523,普通中奖,44.00,1.10,3,2,9,9,9,0,0,否,否,是,1,1,684384,684387,2101779683024508,9479576.0,9479580.0,3段连消/续转 / 金色符号/百搭转换
连消/掉落,445.json,445,75,金色/百搭,https://fish-games.s3.amazonaws.com/MahjongWays2/index.html?env=ceshislot.osshaiwai.com&hasFloat=0&token=436475c81b51e6893c740657870f86b7&language=en&debug=1&debugDataPath=https://raw.githubusercontent.com/jygameclub/testdataapi/main/mahjong2date/0525_0523&debugStart=445,https://raw.githubusercontent.com/jygameclub/testdataapi/main/mahjong2date/0525_0523/445.json,https://raw.githubusercontent.com/jygameclub/testdataapi/main/mahjong2date/0525_0523,普通中奖,44.00,1.10,3,2,7,8,8,1,1,否,否,是,1,0,686173,686189,6771779683973921,9478770.0,9478774.0,3段连消/续转 / 金色符号/百搭转换
连消/掉落,755.json,755,75,金色/百搭,https://fish-games.s3.amazonaws.com/MahjongWays2/index.html?env=ceshislot.osshaiwai.com&hasFloat=0&token=436475c81b51e6893c740657870f86b7&language=en&debug=1&debugDataPath=https://raw.githubusercontent.com/jygameclub/testdataapi/main/mahjong2date/0525_0523&debugStart=755,https://raw.githubusercontent.com/jygameclub/testdataapi/main/mahjong2date/0525_0523/755.json,https://raw.githubusercontent.com/jygameclub/testdataapi/main/mahjong2date/0525_0523,普通中奖,44.00,1.10,3,2,7,8,8,1,1,否,否,是,1,1,693549,693570,2121779685211456,9478446.0,9478450.0,3段连消/续转 / 金色符号/百搭转换
连消/掉落,729.json,729,75,金色/百搭,https://fish-games.s3.amazonaws.com/MahjongWays2/index.html?env=ceshislot.osshaiwai.com&hasFloat=0&token=436475c81b51e6893c740657870f86b7&language=en&debug=1&debugDataPath=https://raw.githubusercontent.com/jygameclub/testdataapi/main/mahjong2date/0525_0523&debugStart=729,https://raw.githubusercontent.com/jygameclub/testdataapi/main/mahjong2date/0525_0523/729.json,https://raw.githubusercontent.com/jygameclub/testdataapi/main/mahjong2date/0525_0523,普通中奖,44.00,1.10,2,1,11,12,12,1,1,否,否,是,2,0,693219,693222,1531779685158405,9478746.0,9478750.0,2段连消/续转 / 金色符号/百搭转换
连消/掉落,614.json,614,75,金色/百搭,https://fish-games.s3.amazonaws.com/MahjongWays2/index.html?env=ceshislot.osshaiwai.com&hasFloat=0&token=436475c81b51e6893c740657870f86b7&language=en&debug=1&debugDataPath=https://raw.githubusercontent.com/jygameclub/testdataapi/main/mahjong2date/0525_0523&debugStart=614,https://raw.githubusercontent.com/jygameclub/testdataapi/main/mahjong2date/0525_0523/614.json,https://raw.githubusercontent.com/jygameclub/testdataapi/main/mahjong2date/0525_0523,普通中奖,42.00,1.05,3,2,11,11,11,0,0,否,否,是,1,1,690710,690726,1651779684756576,9476272.0,9476274.0,3段连消/续转 / 金色符号/百搭转换
连消/掉落,669.json,669,75,金色/百搭,https://fish-games.s3.amazonaws.com/MahjongWays2/index.html?env=ceshislot.osshaiwai.com&hasFloat=0&token=436475c81b51e6893c740657870f86b7&language=en&debug=1&debugDataPath=https://raw.githubusercontent.com/jygameclub/testdataapi/main/mahjong2date/0525_0523&debugStart=669,https://raw.githubusercontent.com/jygameclub/testdataapi/main/mahjong2date/0525_0523/669.json,https://raw.githubusercontent.com/jygameclub/testdataapi/main/mahjong2date/0525_0523,普通中奖,42.00,1.05,3,2,10,10,10,0,0,否,否,是,1,2,692470,692492,9191779685041507,9479784.0,9479786.0,3段连消/续转 / 金色符号/百搭转换
连消/掉落,689.json,689,75,金色/百搭,https://fish-games.s3.amazonaws.com/MahjongWays2/index.html?env=ceshislot.osshaiwai.com&hasFloat=0&token=436475c81b51e6893c740657870f86b7&language=en&debug=1&debugDataPath=https://raw.githubusercontent.com/jygameclub/testdataapi/main/mahjong2date/0525_0523&debugStart=689,https://raw.githubusercontent.com/jygameclub/testdataapi/main/mahjong2date/0525_0523/689.json,https://raw.githubusercontent.com/jygameclub/testdataapi/main/mahjong2date/0525_0523,普通中奖,42.00,1.05,3,2,8,8,8,0,0,否,否,是,1,0,692787,692802,2331779685091440,9479974.0,9479976.0,3段连消/续转 / 金色符号/百搭转换
连消/掉落,036.json,36,75,金色/百搭,https://fish-games.s3.amazonaws.com/MahjongWays2/index.html?env=ceshislot.osshaiwai.com&hasFloat=0&token=436475c81b51e6893c740657870f86b7&language=en&debug=1&debugDataPath=https://raw.githubusercontent.com/jygameclub/testdataapi/main/mahjong2date/0525_0523&debugStart=36,https://raw.githubusercontent.com/jygameclub/testdataapi/main/mahjong2date/0525_0523/036.json,https://raw.githubusercontent.com/jygameclub/testdataapi/main/mahjong2date/0525_0523,普通中奖,40.00,1.00,3,2,11,12,12,1,1,否,否,是,1,0,683977,683980,6391779682608793,9484678.0,9484678.0,3段连消/续转 / 金色符号/百搭转换
连消/掉落,480.json,480,75,金色/百搭,https://fish-games.s3.amazonaws.com/MahjongWays2/index.html?env=ceshislot.osshaiwai.com&hasFloat=0&token=436475c81b51e6893c740657870f86b7&language=en&debug=1&debugDataPath=https://raw.githubusercontent.com/jygameclub/testdataapi/main/mahjong2date/0525_0523&debugStart=480,https://raw.githubusercontent.com/jygameclub/testdataapi/main/mahjong2date/0525_0523/480.json,https://raw.githubusercontent.com/jygameclub/testdataapi/main/mahjong2date/0525_0523,普通中奖,40.00,1.00,3,2,10,11,12,1,1,否,否,是,2,1,686596,686616,5041779684039004,9477788.0,9477788.0,3段连消/续转 / 金色符号/百搭转换
连消/掉落,215.json,215,75,金色/百搭,https://fish-games.s3.amazonaws.com/MahjongWays2/index.html?env=ceshislot.osshaiwai.com&hasFloat=0&token=436475c81b51e6893c740657870f86b7&language=en&debug=1&debugDataPath=https://raw.githubusercontent.com/jygameclub/testdataapi/main/mahjong2date/0525_0523&debugStart=215,https://raw.githubusercontent.com/jygameclub/testdataapi/main/mahjong2date/0525_0523/215.json,https://raw.githubusercontent.com/jygameclub/testdataapi/main/mahjong2date/0525_0523,普通中奖,40.00,1.00,2,1,6,6,6,0,0,否,否,是,1,0,684328,684330,1341779682976924,9480630.0,9480630.0,2段连消/续转 / 金色符号/百搭转换
连消/掉落,381.json,381,75,金色/百搭,https://fish-games.s3.amazonaws.com/MahjongWays2/index.html?env=ceshislot.osshaiwai.com&hasFloat=0&token=436475c81b51e6893c740657870f86b7&language=en&debug=1&debugDataPath=https://raw.githubusercontent.com/jygameclub/testdataapi/main/mahjong2date/0525_0523&debugStart=381,https://raw.githubusercontent.com/jygameclub/testdataapi/main/mahjong2date/0525_0523/381.json,https://raw.githubusercontent.com/jygameclub/testdataapi/main/mahjong2date/0525_0523,普通中奖,40.00,1.00,2,1,6,6,6,0,0,否,否,是,1,0,684749,684750,6611779683650106,9477134.0,9477134.0,2段连消/续转 / 金色符号/百搭转换
连消/掉落,759.json,759,75,金色/百搭,https://fish-games.s3.amazonaws.com/MahjongWays2/index.html?env=ceshislot.osshaiwai.com&hasFloat=0&token=436475c81b51e6893c740657870f86b7&language=en&debug=1&debugDataPath=https://raw.githubusercontent.com/jygameclub/testdataapi/main/mahjong2date/0525_0523&debugStart=759,https://raw.githubusercontent.com/jygameclub/testdataapi/main/mahjong2date/0525_0523/759.json,https://raw.githubusercontent.com/jygameclub/testdataapi/main/mahjong2date/0525_0523,普通中奖,40.00,1.00,2,1,6,6,6,0,0,否,否,是,1,1,693635,693644,5671779685225373,9478368.0,9478368.0,2段连消/续转 / 金色符号/百搭转换
连消/掉落,999.json,999,75,金色/百搭,https://fish-games.s3.amazonaws.com/MahjongWays2/index.html?env=ceshislot.osshaiwai.com&hasFloat=0&token=436475c81b51e6893c740657870f86b7&language=en&debug=1&debugDataPath=https://raw.githubusercontent.com/jygameclub/testdataapi/main/mahjong2date/0525_0523&debugStart=999,https://raw.githubusercontent.com/jygameclub/testdataapi/main/mahjong2date/0525_0523/999.json,https://raw.githubusercontent.com/jygameclub/testdataapi/main/mahjong2date/0525_0523,普通中奖,40.00,1.00,2,1,5,5,5,0,0,否,否,是,1,0,696675,696676,1371779686142734,9477964.0,9477964.0,2段连消/续转 / 金色符号/百搭转换
连消/掉落,876.json,876,75,金色/百搭,https://fish-games.s3.amazonaws.com/MahjongWays2/index.html?env=ceshislot.osshaiwai.com&hasFloat=0&token=436475c81b51e6893c740657870f86b7&language=en&debug=1&debugDataPath=https://raw.githubusercontent.com/jygameclub/testdataapi/main/mahjong2date/0525_0523&debugStart=876,https://raw.githubusercontent.com/jygameclub/testdataapi/main/mahjong2date/0525_0523/876.json,https://raw.githubusercontent.com/jygameclub/testdataapi/main/mahjong2date/0525_0523,普通中奖,38.00,0.95,4,3,10,11,11,1,1,否,否,是,1,1,695729,695765,1081779685549487,9476412.0,9476410.0,4段连消/续转 / 金色符号/百搭转换
连消/掉落,024.json,24,75,金色/百搭,https://fish-games.s3.amazonaws.com/MahjongWays2/index.html?env=ceshislot.osshaiwai.com&hasFloat=0&token=436475c81b51e6893c740657870f86b7&language=en&debug=1&debugDataPath=https://raw.githubusercontent.com/jygameclub/testdataapi/main/mahjong2date/0525_0523&debugStart=24,https://raw.githubusercontent.com/jygameclub/testdataapi/main/mahjong2date/0525_0523/024.json,https://raw.githubusercontent.com/jygameclub/testdataapi/main/mahjong2date/0525_0523,普通中奖,36.00,0.90,3,2,7,8,8,1,1,否,否,是,1,0,683942,683945,7771779682574260,9484806.0,9484802.0,3段连消/续转 / 金色符号/百搭转换
连消/掉落,274.json,274,75,金色/百搭,https://fish-games.s3.amazonaws.com/MahjongWays2/index.html?env=ceshislot.osshaiwai.com&hasFloat=0&token=436475c81b51e6893c740657870f86b7&language=en&debug=1&debugDataPath=https://raw.githubusercontent.com/jygameclub/testdataapi/main/mahjong2date/0525_0523&debugStart=274,https://raw.githubusercontent.com/jygameclub/testdataapi/main/mahjong2date/0525_0523/274.json,https://raw.githubusercontent.com/jygameclub/testdataapi/main/mahjong2date/0525_0523,普通中奖,36.00,0.90,3,2,9,9,9,0,0,否,否,是,1,0,684436,684439,2541779683075225,9478732.0,9478728.0,3段连消/续转 / 金色符号/百搭转换
连消/掉落,293.json,293,75,金色/百搭,https://fish-games.s3.amazonaws.com/MahjongWays2/index.html?env=ceshislot.osshaiwai.com&hasFloat=0&token=436475c81b51e6893c740657870f86b7&language=en&debug=1&debugDataPath=https://raw.githubusercontent.com/jygameclub/testdataapi/main/mahjong2date/0525_0523&debugStart=293,https://raw.githubusercontent.com/jygameclub/testdataapi/main/mahjong2date/0525_0523/293.json,https://raw.githubusercontent.com/jygameclub/testdataapi/main/mahjong2date/0525_0523,普通中奖,36.00,0.90,2,1,7,7,7,0,0,否,否,是,1,1,684468,684469,2341779683101857,9478018.0,9478014.0,2段连消/续转 / 金色符号/百搭转换
连消/掉落,555.json,555,75,金色/百搭,https://fish-games.s3.amazonaws.com/MahjongWays2/index.html?env=ceshislot.osshaiwai.com&hasFloat=0&token=436475c81b51e6893c740657870f86b7&language=en&debug=1&debugDataPath=https://raw.githubusercontent.com/jygameclub/testdataapi/main/mahjong2date/0525_0523&debugStart=555,https://raw.githubusercontent.com/jygameclub/testdataapi/main/mahjong2date/0525_0523/555.json,https://raw.githubusercontent.com/jygameclub/testdataapi/main/mahjong2date/0525_0523,普通中奖,36.00,0.90,2,1,7,7,7,0,0,否,否,是,1,0,689851,689854,9841779684618308,9476014.0,9476010.0,2段连消/续转 / 金色符号/百搭转换
连消/掉落,577.json,577,75,金色/百搭,https://fish-games.s3.amazonaws.com/MahjongWays2/index.html?env=ceshislot.osshaiwai.com&hasFloat=0&token=436475c81b51e6893c740657870f86b7&language=en&debug=1&debugDataPath=https://raw.githubusercontent.com/jygameclub/testdataapi/main/mahjong2date/0525_0523&debugStart=577,https://raw.githubusercontent.com/jygameclub/testdataapi/main/mahjong2date/0525_0523/577.json,https://raw.githubusercontent.com/jygameclub/testdataapi/main/mahjong2date/0525_0523,普通中奖,36.00,0.90,2,1,7,7,7,0,0,否,否,是,1,2,690226,690235,5971779684679109,9476702.0,9476698.0,2段连消/续转 / 金色符号/百搭转换
连消/掉落,758.json,758,75,金色/百搭,https://fish-games.s3.amazonaws.com/MahjongWays2/index.html?env=ceshislot.osshaiwai.com&hasFloat=0&token=436475c81b51e6893c740657870f86b7&language=en&debug=1&debugDataPath=https://raw.githubusercontent.com/jygameclub/testdataapi/main/mahjong2date/0525_0523&debugStart=758,https://raw.githubusercontent.com/jygameclub/testdataapi/main/mahjong2date/0525_0523/758.json,https://raw.githubusercontent.com/jygameclub/testdataapi/main/mahjong2date/0525_0523,普通中奖,36.00,0.90,2,1,12,12,12,0,0,否,否,是,2,1,693613,693622,6291779685221688,9478372.0,9478368.0,2段连消/续转 / 金色符号/百搭转换
连消/掉落,088.json,88,75,金色/百搭,https://fish-games.s3.amazonaws.com/MahjongWays2/index.html?env=ceshislot.osshaiwai.com&hasFloat=0&token=436475c81b51e6893c740657870f86b7&language=en&debug=1&debugDataPath=https://raw.githubusercontent.com/jygameclub/testdataapi/main/mahjong2date/0525_0523&debugStart=88,https://raw.githubusercontent.com/jygameclub/testdataapi/main/mahjong2date/0525_0523/088.json,https://raw.githubusercontent.com/jygameclub/testdataapi/main/mahjong2date/0525_0523,普通中奖,32.00,0.80,3,2,10,10,10,0,0,否,否,是,1,0,684105,684107,4211779682738126,9483854.0,9483846.0,3段连消/续转 / 金色符号/百搭转换
连消/掉落,553.json,553,75,金色/百搭,https://fish-games.s3.amazonaws.com/MahjongWays2/index.html?env=ceshislot.osshaiwai.com&hasFloat=0&token=436475c81b51e6893c740657870f86b7&language=en&debug=1&debugDataPath=https://raw.githubusercontent.com/jygameclub/testdataapi/main/mahjong2date/0525_0523&debugStart=553,https://raw.githubusercontent.com/jygameclub/testdataapi/main/mahjong2date/0525_0523/553.json,https://raw.githubusercontent.com/jygameclub/testdataapi/main/mahjong2date/0525_0523,普通中奖,32.00,0.80,3,2,9,9,9,0,0,否,否,是,1,1,689809,689832,8031779684611692,9476062.0,9476054.0,3段连消/续转 / 金色符号/百搭转换
连消/掉落,793.json,793,75,金色/百搭,https://fish-games.s3.amazonaws.com/MahjongWays2/index.html?env=ceshislot.osshaiwai.com&hasFloat=0&token=436475c81b51e6893c740657870f86b7&language=en&debug=1&debugDataPath=https://raw.githubusercontent.com/jygameclub/testdataapi/main/mahjong2date/0525_0523&debugStart=793,https://raw.githubusercontent.com/jygameclub/testdataapi/main/mahjong2date/0525_0523/793.json,https://raw.githubusercontent.com/jygameclub/testdataapi/main/mahjong2date/0525_0523,普通中奖,32.00,0.80,3,2,10,10,10,0,0,否,否,是,1,0,694616,694631,2591779685385471,9477962.0,9477954.0,3段连消/续转 / 金色符号/百搭转换
连消/掉落,962.json,962,75,金色/百搭,https://fish-games.s3.amazonaws.com/MahjongWays2/index.html?env=ceshislot.osshaiwai.com&hasFloat=0&token=436475c81b51e6893c740657870f86b7&language=en&debug=1&debugDataPath=https://raw.githubusercontent.com/jygameclub/testdataapi/main/mahjong2date/0525_0523&debugStart=962,https://raw.githubusercontent.com/jygameclub/testdataapi/main/mahjong2date/0525_0523/962.json,https://raw.githubusercontent.com/jygameclub/testdataapi/main/mahjong2date/0525_0523,普通中奖,32.00,0.80,3,2,8,8,8,0,0,否,否,是,1,2,696479,696484,4041779685857003,9478196.0,9478188.0,3段连消/续转 / 金色符号/百搭转换
连消/掉落,923.json,923,75,金色/百搭,https://fish-games.s3.amazonaws.com/MahjongWays2/index.html?env=ceshislot.osshaiwai.com&hasFloat=0&token=436475c81b51e6893c740657870f86b7&language=en&debug=1&debugDataPath=https://raw.githubusercontent.com/jygameclub/testdataapi/main/mahjong2date/0525_0523&debugStart=923,https://raw.githubusercontent.com/jygameclub/testdataapi/main/mahjong2date/0525_0523/923.json,https://raw.githubusercontent.com/jygameclub/testdataapi/main/mahjong2date/0525_0523,普通中奖,32.00,0.80,2,1,7,8,8,1,1,否,否,是,1,0,696313,696314,6281779685649186,9475490.0,9475482.0,2段连消/续转 / 金色符号/百搭转换
连消/掉落,798.json,798,75,金色/百搭,https://fish-games.s3.amazonaws.com/MahjongWays2/index.html?env=ceshislot.osshaiwai.com&hasFloat=0&token=436475c81b51e6893c740657870f86b7&language=en&debug=1&debugDataPath=https://raw.githubusercontent.com/jygameclub/testdataapi/main/mahjong2date/0525_0523&debugStart=798,https://raw.githubusercontent.com/jygameclub/testdataapi/main/mahjong2date/0525_0523/798.json,https://raw.githubusercontent.com/jygameclub/testdataapi/main/mahjong2date/0525_0523,普通中奖,30.00,0.75,2,1,8,9,9,1,1,否,否,是,2,2,694746,694756,7141779685404771,9477950.0,9477940.0,2段连消/续转 / 金色符号/百搭转换
连消/掉落,052.json,52,75,金色/百搭,https://fish-games.s3.amazonaws.com/MahjongWays2/index.html?env=ceshislot.osshaiwai.com&hasFloat=0&token=436475c81b51e6893c740657870f86b7&language=en&debug=1&debugDataPath=https://raw.githubusercontent.com/jygameclub/testdataapi/main/mahjong2date/0525_0523&debugStart=52,https://raw.githubusercontent.com/jygameclub/testdataapi/main/mahjong2date/0525_0523/052.json,https://raw.githubusercontent.com/jygameclub/testdataapi/main/mahjong2date/0525_0523,普通中奖,28.00,0.70,2,1,10,10,10,0,0,否,否,是,2,2,684010,684011,7261779682641043,9484198.0,9484186.0,2段连消/续转 / 金色符号/百搭转换
连消/掉落,451.json,451,75,金色/百搭,https://fish-games.s3.amazonaws.com/MahjongWays2/index.html?env=ceshislot.osshaiwai.com&hasFloat=0&token=436475c81b51e6893c740657870f86b7&language=en&debug=1&debugDataPath=https://raw.githubusercontent.com/jygameclub/testdataapi/main/mahjong2date/0525_0523&debugStart=451,https://raw.githubusercontent.com/jygameclub/testdataapi/main/mahjong2date/0525_0523/451.json,https://raw.githubusercontent.com/jygameclub/testdataapi/main/mahjong2date/0525_0523,普通中奖,28.00,0.70,2,1,10,10,10,0,0,否,否,是,2,0,686286,686289,1811779683991805,9478710.0,9478698.0,2段连消/续转 / 金色符号/百搭转换
连消/掉落,379.json,379,75,金色/百搭,https://fish-games.s3.amazonaws.com/MahjongWays2/index.html?env=ceshislot.osshaiwai.com&hasFloat=0&token=436475c81b51e6893c740657870f86b7&language=en&debug=1&debugDataPath=https://raw.githubusercontent.com/jygameclub/testdataapi/main/mahjong2date/0525_0523&debugStart=379,https://raw.githubusercontent.com/jygameclub/testdataapi/main/mahjong2date/0525_0523/379.json,https://raw.githubusercontent.com/jygameclub/testdataapi/main/mahjong2date/0525_0523,普通中奖,24.00,0.60,3,2,7,8,8,1,1,否,否,是,1,0,684703,684706,7191779683562641,9476918.0,9476902.0,3段连消/续转 / 金色符号/百搭转换
连消/掉落,838.json,838,75,金色/百搭,https://fish-games.s3.amazonaws.com/MahjongWays2/index.html?env=ceshislot.osshaiwai.com&hasFloat=0&token=436475c81b51e6893c740657870f86b7&language=en&debug=1&debugDataPath=https://raw.githubusercontent.com/jygameclub/testdataapi/main/mahjong2date/0525_0523&debugStart=838,https://raw.githubusercontent.com/jygameclub/testdataapi/main/mahjong2date/0525_0523/838.json,https://raw.githubusercontent.com/jygameclub/testdataapi/main/mahjong2date/0525_0523,普通中奖,24.00,0.60,3,2,8,9,9,1,1,否,否,是,1,2,695288,695310,3561779685484189,9477216.0,9477200.0,3段连消/续转 / 金色符号/百搭转换
连消/掉落,090.json,90,75,金色/百搭,https://fish-games.s3.amazonaws.com/MahjongWays2/index.html?env=ceshislot.osshaiwai.com&hasFloat=0&token=436475c81b51e6893c740657870f86b7&language=en&debug=1&debugDataPath=https://raw.githubusercontent.com/jygameclub/testdataapi/main/mahjong2date/0525_0523&debugStart=90,https://raw.githubusercontent.com/jygameclub/testdataapi/main/mahjong2date/0525_0523/090.json,https://raw.githubusercontent.com/jygameclub/testdataapi/main/mahjong2date/0525_0523,普通中奖,24.00,0.60,2,1,5,5,5,0,0,否,否,是,1,0,684112,684113,8231779682745676,9483854.0,9483838.0,2段连消/续转 / 金色符号/百搭转换
连消/掉落,169.json,169,75,金色/百搭,https://fish-games.s3.amazonaws.com/MahjongWays2/index.html?env=ceshislot.osshaiwai.com&hasFloat=0&token=436475c81b51e6893c740657870f86b7&language=en&debug=1&debugDataPath=https://raw.githubusercontent.com/jygameclub/testdataapi/main/mahjong2date/0525_0523&debugStart=169,https://raw.githubusercontent.com/jygameclub/testdataapi/main/mahjong2date/0525_0523/169.json,https://raw.githubusercontent.com/jygameclub/testdataapi/main/mahjong2date/0525_0523,普通中奖,24.00,0.60,2,1,8,8,8,0,0,否,否,是,2,1,684248,684249,6831779682892643,9481826.0,9481810.0,2段连消/续转 / 金色符号/百搭转换
连消/掉落,350.json,350,75,金色/百搭,https://fish-games.s3.amazonaws.com/MahjongWays2/index.html?env=ceshislot.osshaiwai.com&hasFloat=0&token=436475c81b51e6893c740657870f86b7&language=en&debug=1&debugDataPath=https://raw.githubusercontent.com/jygameclub/testdataapi/main/mahjong2date/0525_0523&debugStart=350,https://raw.githubusercontent.com/jygameclub/testdataapi/main/mahjong2date/0525_0523/350.json,https://raw.githubusercontent.com/jygameclub/testdataapi/main/mahjong2date/0525_0523,普通中奖,24.00,0.60,2,1,7,7,7,0,0,否,否,是,1,0,684655,684656,9851779683511108,9477672.0,9477656.0,2段连消/续转 / 金色符号/百搭转换
连消/掉落,394.json,394,75,金色/百搭,https://fish-games.s3.amazonaws.com/MahjongWays2/index.html?env=ceshislot.osshaiwai.com&hasFloat=0&token=436475c81b51e6893c740657870f86b7&language=en&debug=1&debugDataPath=https://raw.githubusercontent.com/jygameclub/testdataapi/main/mahjong2date/0525_0523&debugStart=394,https://raw.githubusercontent.com/jygameclub/testdataapi/main/mahjong2date/0525_0523/394.json,https://raw.githubusercontent.com/jygameclub/testdataapi/main/mahjong2date/0525_0523,普通中奖,24.00,0.60,2,1,6,7,7,1,1,否,否,是,1,1,684772,684774,1871779683670756,9476766.0,9476750.0,2段连消/续转 / 金色符号/百搭转换
连消/掉落,479.json,479,75,金色/百搭,https://fish-games.s3.amazonaws.com/MahjongWays2/index.html?env=ceshislot.osshaiwai.com&hasFloat=0&token=436475c81b51e6893c740657870f86b7&language=en&debug=1&debugDataPath=https://raw.githubusercontent.com/jygameclub/testdataapi/main/mahjong2date/0525_0523&debugStart=479,https://raw.githubusercontent.com/jygameclub/testdataapi/main/mahjong2date/0525_0523/479.json,https://raw.githubusercontent.com/jygameclub/testdataapi/main/mahjong2date/0525_0523,普通中奖,24.00,0.60,2,1,6,6,6,0,0,否,否,是,1,1,686579,686582,1441779684036321,9477804.0,9477788.0,2段连消/续转 / 金色符号/百搭转换
连消/掉落,519.json,519,75,金色/百搭,https://fish-games.s3.amazonaws.com/MahjongWays2/index.html?env=ceshislot.osshaiwai.com&hasFloat=0&token=436475c81b51e6893c740657870f86b7&language=en&debug=1&debugDataPath=https://raw.githubusercontent.com/jygameclub/testdataapi/main/mahjong2date/0525_0523&debugStart=519,https://raw.githubusercontent.com/jygameclub/testdataapi/main/mahjong2date/0525_0523/519.json,https://raw.githubusercontent.com/jygameclub/testdataapi/main/mahjong2date/0525_0523,普通中奖,24.00,0.60,2,1,6,6,6,0,0,否,否,是,1,1,687478,687487,2361779684181920,9476474.0,9476458.0,2段连消/续转 / 金色符号/百搭转换
连消/掉落,568.json,568,75,金色/百搭,https://fish-games.s3.amazonaws.com/MahjongWays2/index.html?env=ceshislot.osshaiwai.com&hasFloat=0&token=436475c81b51e6893c740657870f86b7&language=en&debug=1&debugDataPath=https://raw.githubusercontent.com/jygameclub/testdataapi/main/mahjong2date/0525_0523&debugStart=568,https://raw.githubusercontent.com/jygameclub/testdataapi/main/mahjong2date/0525_0523/568.json,https://raw.githubusercontent.com/jygameclub/testdataapi/main/mahjong2date/0525_0523,普通中奖,24.00,0.60,2,1,7,7,7,0,0,否,否,是,1,0,690086,690089,9761779684656925,9476908.0,9476892.0,2段连消/续转 / 金色符号/百搭转换
连消/掉落,648.json,648,75,金色/百搭,https://fish-games.s3.amazonaws.com/MahjongWays2/index.html?env=ceshislot.osshaiwai.com&hasFloat=0&token=436475c81b51e6893c740657870f86b7&language=en&debug=1&debugDataPath=https://raw.githubusercontent.com/jygameclub/testdataapi/main/mahjong2date/0525_0523&debugStart=648,https://raw.githubusercontent.com/jygameclub/testdataapi/main/mahjong2date/0525_0523/648.json,https://raw.githubusercontent.com/jygameclub/testdataapi/main/mahjong2date/0525_0523,普通中奖,24.00,0.60,2,1,7,7,7,0,0,否,否,是,1,0,691795,691799,7521779684930874,9479718.0,9479702.0,2段连消/续转 / 金色符号/百搭转换
连消/掉落,678.json,678,75,金色/百搭,https://fish-games.s3.amazonaws.com/MahjongWays2/index.html?env=ceshislot.osshaiwai.com&hasFloat=0&token=436475c81b51e6893c740657870f86b7&language=en&debug=1&debugDataPath=https://raw.githubusercontent.com/jygameclub/testdataapi/main/mahjong2date/0525_0523&debugStart=678,https://raw.githubusercontent.com/jygameclub/testdataapi/main/mahjong2date/0525_0523/678.json,https://raw.githubusercontent.com/jygameclub/testdataapi/main/mahjong2date/0525_0523,普通中奖,24.00,0.60,2,1,6,6,6,0,0,否,否,是,1,0,692657,692660,6981779685071973,9480376.0,9480360.0,2段连消/续转 / 金色符号/百搭转换
连消/掉落,766.json,766,75,金色/百搭,https://fish-games.s3.amazonaws.com/MahjongWays2/index.html?env=ceshislot.osshaiwai.com&hasFloat=0&token=436475c81b51e6893c740657870f86b7&language=en&debug=1&debugDataPath=https://raw.githubusercontent.com/jygameclub/testdataapi/main/mahjong2date/0525_0523&debugStart=766,https://raw.githubusercontent.com/jygameclub/testdataapi/main/mahjong2date/0525_0523/766.json,https://raw.githubusercontent.com/jygameclub/testdataapi/main/mahjong2date/0525_0523,普通中奖,24.00,0.60,2,1,5,6,6,1,1,否,否,是,1,1,693701,693704,6441779685235907,9478128.0,9478112.0,2段连消/续转 / 金色符号/百搭转换
连消/掉落,829.json,829,75,金色/百搭,https://fish-games.s3.amazonaws.com/MahjongWays2/index.html?env=ceshislot.osshaiwai.com&hasFloat=0&token=436475c81b51e6893c740657870f86b7&language=en&debug=1&debugDataPath=https://raw.githubusercontent.com/jygameclub/testdataapi/main/mahjong2date/0525_0523&debugStart=829,https://raw.githubusercontent.com/jygameclub/testdataapi/main/mahjong2date/0525_0523/829.json,https://raw.githubusercontent.com/jygameclub/testdataapi/main/mahjong2date/0525_0523,普通中奖,24.00,0.60,2,1,6,6,6,0,0,否,否,是,1,0,695134,695137,2741779685461789,9476972.0,9476956.0,2段连消/续转 / 金色符号/百搭转换
连消/掉落,937.json,937,75,金色/百搭,https://fish-games.s3.amazonaws.com/MahjongWays2/index.html?env=ceshislot.osshaiwai.com&hasFloat=0&token=436475c81b51e6893c740657870f86b7&language=en&debug=1&debugDataPath=https://raw.githubusercontent.com/jygameclub/testdataapi/main/mahjong2date/0525_0523&debugStart=937,https://raw.githubusercontent.com/jygameclub/testdataapi/main/mahjong2date/0525_0523/937.json,https://raw.githubusercontent.com/jygameclub/testdataapi/main/mahjong2date/0525_0523,普通中奖,24.00,0.60,2,1,6,6,6,0,0,否,否,是,1,1,696341,696342,8831779685669253,9474972.0,9474956.0,2段连消/续转 / 金色符号/百搭转换
连消/掉落,941.json,941,75,金色/百搭,https://fish-games.s3.amazonaws.com/MahjongWays2/index.html?env=ceshislot.osshaiwai.com&hasFloat=0&token=436475c81b51e6893c740657870f86b7&language=en&debug=1&debugDataPath=https://raw.githubusercontent.com/jygameclub/testdataapi/main/mahjong2date/0525_0523&debugStart=941,https://raw.githubusercontent.com/jygameclub/testdataapi/main/mahjong2date/0525_0523/941.json,https://raw.githubusercontent.com/jygameclub/testdataapi/main/mahjong2date/0525_0523,普通中奖,24.00,0.60,2,1,8,8,8,0,0,否,否,是,1,0,696352,696353,7571779685686503,9475718.0,9475702.0,2段连消/续转 / 金色符号/百搭转换
连消/掉落,661.json,661,75,金色/百搭,https://fish-games.s3.amazonaws.com/MahjongWays2/index.html?env=ceshislot.osshaiwai.com&hasFloat=0&token=436475c81b51e6893c740657870f86b7&language=en&debug=1&debugDataPath=https://raw.githubusercontent.com/jygameclub/testdataapi/main/mahjong2date/0525_0523&debugStart=661,https://raw.githubusercontent.com/jygameclub/testdataapi/main/mahjong2date/0525_0523/661.json,https://raw.githubusercontent.com/jygameclub/testdataapi/main/mahjong2date/0525_0523,普通中奖,22.00,0.55,3,2,10,10,10,0,0,否,否,是,1,0,691922,691939,3581779684950590,9479278.0,9479260.0,3段连消/续转 / 金色符号/百搭转换
连消/掉落,792.json,792,75,金色/百搭,https://fish-games.s3.amazonaws.com/MahjongWays2/index.html?env=ceshislot.osshaiwai.com&hasFloat=0&token=436475c81b51e6893c740657870f86b7&language=en&debug=1&debugDataPath=https://raw.githubusercontent.com/jygameclub/testdataapi/main/mahjong2date/0525_0523&debugStart=792,https://raw.githubusercontent.com/jygameclub/testdataapi/main/mahjong2date/0525_0523/792.json,https://raw.githubusercontent.com/jygameclub/testdataapi/main/mahjong2date/0525_0523,普通中奖,20.00,0.50,3,2,8,9,9,1,1,否,否,是,1,0,694586,694602,2511779685380754,9477982.0,9477962.0,3段连消/续转 / 金色符号/百搭转换
连消/掉落,891.json,891,75,金色/百搭,https://fish-games.s3.amazonaws.com/MahjongWays2/index.html?env=ceshislot.osshaiwai.com&hasFloat=0&token=436475c81b51e6893c740657870f86b7&language=en&debug=1&debugDataPath=https://raw.githubusercontent.com/jygameclub/testdataapi/main/mahjong2date/0525_0523&debugStart=891,https://raw.githubusercontent.com/jygameclub/testdataapi/main/mahjong2date/0525_0523/891.json,https://raw.githubusercontent.com/jygameclub/testdataapi/main/mahjong2date/0525_0523,普通中奖,20.00,0.50,3,2,9,9,9,0,0,否,否,是,1,2,695941,695963,2821779685580270,9476144.0,9476124.0,3段连消/续转 / 金色符号/百搭转换
连消/掉落,074.json,74,75,金色/百搭,https://fish-games.s3.amazonaws.com/MahjongWays2/index.html?env=ceshislot.osshaiwai.com&hasFloat=0&token=436475c81b51e6893c740657870f86b7&language=en&debug=1&debugDataPath=https://raw.githubusercontent.com/jygameclub/testdataapi/main/mahjong2date/0525_0523&debugStart=74,https://raw.githubusercontent.com/jygameclub/testdataapi/main/mahjong2date/0525_0523/074.json,https://raw.githubusercontent.com/jygameclub/testdataapi/main/mahjong2date/0525_0523,普通中奖,20.00,0.50,2,1,4,4,4,0,0,否,否,是,1,0,684069,684070,1261779682701176,9483940.0,9483920.0,2段连消/续转 / 金色符号/百搭转换
连消/掉落,372.json,372,75,金色/百搭,https://fish-games.s3.amazonaws.com/MahjongWays2/index.html?env=ceshislot.osshaiwai.com&hasFloat=0&token=436475c81b51e6893c740657870f86b7&language=en&debug=1&debugDataPath=https://raw.githubusercontent.com/jygameclub/testdataapi/main/mahjong2date/0525_0523&debugStart=372,https://raw.githubusercontent.com/jygameclub/testdataapi/main/mahjong2date/0525_0523/372.json,https://raw.githubusercontent.com/jygameclub/testdataapi/main/mahjong2date/0525_0523,普通中奖,20.00,0.50,2,1,4,4,4,0,0,否,否,是,1,0,684690,684691,3911779683548557,9477090.0,9477070.0,2段连消/续转 / 金色符号/百搭转换
连消/掉落,459.json,459,75,金色/百搭,https://fish-games.s3.amazonaws.com/MahjongWays2/index.html?env=ceshislot.osshaiwai.com&hasFloat=0&token=436475c81b51e6893c740657870f86b7&language=en&debug=1&debugDataPath=https://raw.githubusercontent.com/jygameclub/testdataapi/main/mahjong2date/0525_0523&debugStart=459,https://raw.githubusercontent.com/jygameclub/testdataapi/main/mahjong2date/0525_0523/459.json,https://raw.githubusercontent.com/jygameclub/testdataapi/main/mahjong2date/0525_0523,普通中奖,20.00,0.50,2,1,5,5,5,0,0,否,否,是,1,0,686348,686350,9271779684001288,9478418.0,9478398.0,2段连消/续转 / 金色符号/百搭转换
连消/掉落,470.json,470,75,金色/百搭,https://fish-games.s3.amazonaws.com/MahjongWays2/index.html?env=ceshislot.osshaiwai.com&hasFloat=0&token=436475c81b51e6893c740657870f86b7&language=en&debug=1&debugDataPath=https://raw.githubusercontent.com/jygameclub/testdataapi/main/mahjong2date/0525_0523&debugStart=470,https://raw.githubusercontent.com/jygameclub/testdataapi/main/mahjong2date/0525_0523/470.json,https://raw.githubusercontent.com/jygameclub/testdataapi/main/mahjong2date/0525_0523,普通中奖,20.00,0.50,2,1,4,4,4,0,0,否,否,是,1,1,686479,686483,7041779684020771,9478128.0,9478108.0,2段连消/续转 / 金色符号/百搭转换
连消/掉落,541.json,541,75,金色/百搭,https://fish-games.s3.amazonaws.com/MahjongWays2/index.html?env=ceshislot.osshaiwai.com&hasFloat=0&token=436475c81b51e6893c740657870f86b7&language=en&debug=1&debugDataPath=https://raw.githubusercontent.com/jygameclub/testdataapi/main/mahjong2date/0525_0523&debugStart=541,https://raw.githubusercontent.com/jygameclub/testdataapi/main/mahjong2date/0525_0523/541.json,https://raw.githubusercontent.com/jygameclub/testdataapi/main/mahjong2date/0525_0523,普通中奖,20.00,0.50,2,1,5,5,5,0,0,否,否,是,1,0,689606,689609,4961779684577925,9475980.0,9475960.0,2段连消/续转 / 金色符号/百搭转换
连消/掉落,830.json,830,75,金色/百搭,https://fish-games.s3.amazonaws.com/MahjongWays2/index.html?env=ceshislot.osshaiwai.com&hasFloat=0&token=436475c81b51e6893c740657870f86b7&language=en&debug=1&debugDataPath=https://raw.githubusercontent.com/jygameclub/testdataapi/main/mahjong2date/0525_0523&debugStart=830,https://raw.githubusercontent.com/jygameclub/testdataapi/main/mahjong2date/0525_0523/830.json,https://raw.githubusercontent.com/jygameclub/testdataapi/main/mahjong2date/0525_0523,普通中奖,20.00,0.50,2,1,5,5,5,0,0,否,否,是,1,1,695153,695162,5071779685464472,9476956.0,9476936.0,2段连消/续转 / 金色符号/百搭转换
连消/掉落,396.json,396,75,金色/百搭,https://fish-games.s3.amazonaws.com/MahjongWays2/index.html?env=ceshislot.osshaiwai.com&hasFloat=0&token=436475c81b51e6893c740657870f86b7&language=en&debug=1&debugDataPath=https://raw.githubusercontent.com/jygameclub/testdataapi/main/mahjong2date/0525_0523&debugStart=396,https://raw.githubusercontent.com/jygameclub/testdataapi/main/mahjong2date/0525_0523/396.json,https://raw.githubusercontent.com/jygameclub/testdataapi/main/mahjong2date/0525_0523,普通中奖,18.00,0.45,3,2,6,6,6,0,0,否,否,是,1,2,684778,684780,5891779683678140,9476718.0,9476696.0,3段连消/续转 / 金色符号/百搭转换
连消/掉落,168.json,168,75,金色/百搭,https://fish-games.s3.amazonaws.com/MahjongWays2/index.html?env=ceshislot.osshaiwai.com&hasFloat=0&token=436475c81b51e6893c740657870f86b7&language=en&debug=1&debugDataPath=https://raw.githubusercontent.com/jygameclub/testdataapi/main/mahjong2date/0525_0523&debugStart=168,https://raw.githubusercontent.com/jygameclub/testdataapi/main/mahjong2date/0525_0523/168.json,https://raw.githubusercontent.com/jygameclub/testdataapi/main/mahjong2date/0525_0523,普通中奖,18.00,0.45,2,1,7,7,7,0,0,否,否,是,1,0,684245,684246,9961779682889974,9481848.0,9481826.0,2段连消/续转 / 金色符号/百搭转换
连消/掉落,690.json,690,75,金色/百搭,https://fish-games.s3.amazonaws.com/MahjongWays2/index.html?env=ceshislot.osshaiwai.com&hasFloat=0&token=436475c81b51e6893c740657870f86b7&language=en&debug=1&debugDataPath=https://raw.githubusercontent.com/jygameclub/testdataapi/main/mahjong2date/0525_0523&debugStart=690,https://raw.githubusercontent.com/jygameclub/testdataapi/main/mahjong2date/0525_0523/690.json,https://raw.githubusercontent.com/jygameclub/testdataapi/main/mahjong2date/0525_0523,普通中奖,18.00,0.45,2,1,8,8,8,0,0,否,否,是,2,0,692817,692820,6351779685096190,9479976.0,9479954.0,2段连消/续转 / 金色符号/百搭转换
连消/掉落,701.json,701,75,金色/百搭,https://fish-games.s3.amazonaws.com/MahjongWays2/index.html?env=ceshislot.osshaiwai.com&hasFloat=0&token=436475c81b51e6893c740657870f86b7&language=en&debug=1&debugDataPath=https://raw.githubusercontent.com/jygameclub/testdataapi/main/mahjong2date/0525_0523&debugStart=701,https://raw.githubusercontent.com/jygameclub/testdataapi/main/mahjong2date/0525_0523/701.json,https://raw.githubusercontent.com/jygameclub/testdataapi/main/mahjong2date/0525_0523,普通中奖,18.00,0.45,2,1,7,7,7,0,0,否,否,是,1,0,692993,692996,9701779685123889,9479820.0,9479798.0,2段连消/续转 / 金色符号/百搭转换
连消/掉落,134.json,134,75,金色/百搭,https://fish-games.s3.amazonaws.com/MahjongWays2/index.html?env=ceshislot.osshaiwai.com&hasFloat=0&token=436475c81b51e6893c740657870f86b7&language=en&debug=1&debugDataPath=https://raw.githubusercontent.com/jygameclub/testdataapi/main/mahjong2date/0525_0523&debugStart=134,https://raw.githubusercontent.com/jygameclub/testdataapi/main/mahjong2date/0525_0523/134.json,https://raw.githubusercontent.com/jygameclub/testdataapi/main/mahjong2date/0525_0523,普通中奖,16.00,0.40,3,2,10,10,10,0,0,否,否,是,2,1,684184,684186,6251779682818892,9482358.0,9482334.0,3段连消/续转 / 金色符号/百搭转换
连消/掉落,595.json,595,75,金色/百搭,https://fish-games.s3.amazonaws.com/MahjongWays2/index.html?env=ceshislot.osshaiwai.com&hasFloat=0&token=436475c81b51e6893c740657870f86b7&language=en&debug=1&debugDataPath=https://raw.githubusercontent.com/jygameclub/testdataapi/main/mahjong2date/0525_0523&debugStart=595,https://raw.githubusercontent.com/jygameclub/testdataapi/main/mahjong2date/0525_0523/595.json,https://raw.githubusercontent.com/jygameclub/testdataapi/main/mahjong2date/0525_0523,普通中奖,16.00,0.40,3,2,7,7,7,0,0,否,否,是,1,0,690475,690487,5341779684717992,9476820.0,9476796.0,3段连消/续转 / 金色符号/百搭转换
连消/掉落,773.json,773,75,金色/百搭,https://fish-games.s3.amazonaws.com/MahjongWays2/index.html?env=ceshislot.osshaiwai.com&hasFloat=0&token=436475c81b51e6893c740657870f86b7&language=en&debug=1&debugDataPath=https://raw.githubusercontent.com/jygameclub/testdataapi/main/mahjong2date/0525_0523&debugStart=773,https://raw.githubusercontent.com/jygameclub/testdataapi/main/mahjong2date/0525_0523/773.json,https://raw.githubusercontent.com/jygameclub/testdataapi/main/mahjong2date/0525_0523,普通中奖,16.00,0.40,3,2,9,9,9,0,0,否,否,是,1,2,693755,693771,5791779685244124,9477872.0,9477848.0,3段连消/续转 / 金色符号/百搭转换
连消/掉落,874.json,874,75,金色/百搭,https://fish-games.s3.amazonaws.com/MahjongWays2/index.html?env=ceshislot.osshaiwai.com&hasFloat=0&token=436475c81b51e6893c740657870f86b7&language=en&debug=1&debugDataPath=https://raw.githubusercontent.com/jygameclub/testdataapi/main/mahjong2date/0525_0523&debugStart=874,https://raw.githubusercontent.com/jygameclub/testdataapi/main/mahjong2date/0525_0523/874.json,https://raw.githubusercontent.com/jygameclub/testdataapi/main/mahjong2date/0525_0523,普通中奖,16.00,0.40,3,2,11,12,12,1,1,否,否,是,2,0,695679,695696,3091779685542070,9476464.0,9476440.0,3段连消/续转 / 金色符号/百搭转换
连消/掉落,185.json,185,75,金色/百搭,https://fish-games.s3.amazonaws.com/MahjongWays2/index.html?env=ceshislot.osshaiwai.com&hasFloat=0&token=436475c81b51e6893c740657870f86b7&language=en&debug=1&debugDataPath=https://raw.githubusercontent.com/jygameclub/testdataapi/main/mahjong2date/0525_0523&debugStart=185,https://raw.githubusercontent.com/jygameclub/testdataapi/main/mahjong2date/0525_0523/185.json,https://raw.githubusercontent.com/jygameclub/testdataapi/main/mahjong2date/0525_0523,普通中奖,16.00,0.40,2,1,6,6,6,0,0,否,否,是,1,0,684273,684274,8981779682918441,9481234.0,9481210.0,2段连消/续转 / 金色符号/百搭转换
连消/掉落,202.json,202,75,金色/百搭,https://fish-games.s3.amazonaws.com/MahjongWays2/index.html?env=ceshislot.osshaiwai.com&hasFloat=0&token=436475c81b51e6893c740657870f86b7&language=en&debug=1&debugDataPath=https://raw.githubusercontent.com/jygameclub/testdataapi/main/mahjong2date/0525_0523&debugStart=202,https://raw.githubusercontent.com/jygameclub/testdataapi/main/mahjong2date/0525_0523/202.json,https://raw.githubusercontent.com/jygameclub/testdataapi/main/mahjong2date/0525_0523,普通中奖,16.00,0.40,2,1,7,7,7,0,0,否,否,是,1,1,684296,684297,1101779682944458,9480624.0,9480600.0,2段连消/续转 / 金色符号/百搭转换
连消/掉落,533.json,533,75,金色/百搭,https://fish-games.s3.amazonaws.com/MahjongWays2/index.html?env=ceshislot.osshaiwai.com&hasFloat=0&token=436475c81b51e6893c740657870f86b7&language=en&debug=1&debugDataPath=https://raw.githubusercontent.com/jygameclub/testdataapi/main/mahjong2date/0525_0523&debugStart=533,https://raw.githubusercontent.com/jygameclub/testdataapi/main/mahjong2date/0525_0523/533.json,https://raw.githubusercontent.com/jygameclub/testdataapi/main/mahjong2date/0525_0523,普通中奖,16.00,0.40,2,1,5,5,5,0,0,否,否,是,1,2,687697,687706,3241779684215970,9476120.0,9476096.0,2段连消/续转 / 金色符号/百搭转换
连消/掉落,896.json,896,75,金色/百搭,https://fish-games.s3.amazonaws.com/MahjongWays2/index.html?env=ceshislot.osshaiwai.com&hasFloat=0&token=436475c81b51e6893c740657870f86b7&language=en&debug=1&debugDataPath=https://raw.githubusercontent.com/jygameclub/testdataapi/main/mahjong2date/0525_0523&debugStart=896,https://raw.githubusercontent.com/jygameclub/testdataapi/main/mahjong2date/0525_0523/896.json,https://raw.githubusercontent.com/jygameclub/testdataapi/main/mahjong2date/0525_0523,普通中奖,14.00,0.35,2,1,7,7,7,0,0,否,否,是,2,0,696028,696033,1471779685593321,9476142.0,9476116.0,2段连消/续转 / 金色符号/百搭转换
连消/掉落,987.json,987,75,金色/百搭,https://fish-games.s3.amazonaws.com/MahjongWays2/index.html?env=ceshislot.osshaiwai.com&hasFloat=0&token=436475c81b51e6893c740657870f86b7&language=en&debug=1&debugDataPath=https://raw.githubusercontent.com/jygameclub/testdataapi/main/mahjong2date/0525_0523&debugStart=987,https://raw.githubusercontent.com/jygameclub/testdataapi/main/mahjong2date/0525_0523/987.json,https://raw.githubusercontent.com/jygameclub/testdataapi/main/mahjong2date/0525_0523,普通中奖,14.00,0.35,2,1,7,8,8,1,1,否,否,是,2,1,696649,696651,5031779686119201,9478326.0,9478300.0,2段连消/续转 / 金色符号/百搭转换
连消/掉落,239.json,239,75,金色/百搭,https://fish-games.s3.amazonaws.com/MahjongWays2/index.html?env=ceshislot.osshaiwai.com&hasFloat=0&token=436475c81b51e6893c740657870f86b7&language=en&debug=1&debugDataPath=https://raw.githubusercontent.com/jygameclub/testdataapi/main/mahjong2date/0525_0523&debugStart=239,https://raw.githubusercontent.com/jygameclub/testdataapi/main/mahjong2date/0525_0523/239.json,https://raw.githubusercontent.com/jygameclub/testdataapi/main/mahjong2date/0525_0523,普通中奖,12.00,0.30,3,2,7,7,7,0,0,否,否,是,1,0,684368,684371,6321779683011157,9479828.0,9479800.0,3段连消/续转 / 金色符号/百搭转换
连消/掉落,968.json,968,75,金色/百搭,https://fish-games.s3.amazonaws.com/MahjongWays2/index.html?env=ceshislot.osshaiwai.com&hasFloat=0&token=436475c81b51e6893c740657870f86b7&language=en&debug=1&debugDataPath=https://raw.githubusercontent.com/jygameclub/testdataapi/main/mahjong2date/0525_0523&debugStart=968,https://raw.githubusercontent.com/jygameclub/testdataapi/main/mahjong2date/0525_0523/968.json,https://raw.githubusercontent.com/jygameclub/testdataapi/main/mahjong2date/0525_0523,普通中奖,12.00,0.30,3,2,6,7,7,1,1,否,否,是,1,1,696499,696503,2051779685870835,9478004.0,9477976.0,3段连消/续转 / 金色符号/百搭转换
连消/掉落,071.json,71,75,金色/百搭,https://fish-games.s3.amazonaws.com/MahjongWays2/index.html?env=ceshislot.osshaiwai.com&hasFloat=0&token=436475c81b51e6893c740657870f86b7&language=en&debug=1&debugDataPath=https://raw.githubusercontent.com/jygameclub/testdataapi/main/mahjong2date/0525_0523&debugStart=71,https://raw.githubusercontent.com/jygameclub/testdataapi/main/mahjong2date/0525_0523/071.json,https://raw.githubusercontent.com/jygameclub/testdataapi/main/mahjong2date/0525_0523,普通中奖,12.00,0.30,2,1,6,6,6,0,0,否,否,是,1,0,684059,684060,5671779682691026,9483936.0,9483908.0,2段连消/续转 / 金色符号/百搭转换
连消/掉落,084.json,84,75,金色/百搭,https://fish-games.s3.amazonaws.com/MahjongWays2/index.html?env=ceshislot.osshaiwai.com&hasFloat=0&token=436475c81b51e6893c740657870f86b7&language=en&debug=1&debugDataPath=https://raw.githubusercontent.com/jygameclub/testdataapi/main/mahjong2date/0525_0523&debugStart=84,https://raw.githubusercontent.com/jygameclub/testdataapi/main/mahjong2date/0525_0523/084.json,https://raw.githubusercontent.com/jygameclub/testdataapi/main/mahjong2date/0525_0523,普通中奖,12.00,0.30,2,1,4,5,5,1,1,否,否,是,1,2,684095,684096,1231779682728709,9483994.0,9483966.0,2段连消/续转 / 金色符号/百搭转换
连消/掉落,119.json,119,75,金色/百搭,https://fish-games.s3.amazonaws.com/MahjongWays2/index.html?env=ceshislot.osshaiwai.com&hasFloat=0&token=436475c81b51e6893c740657870f86b7&language=en&debug=1&debugDataPath=https://raw.githubusercontent.com/jygameclub/testdataapi/main/mahjong2date/0525_0523&debugStart=119,https://raw.githubusercontent.com/jygameclub/testdataapi/main/mahjong2date/0525_0523/119.json,https://raw.githubusercontent.com/jygameclub/testdataapi/main/mahjong2date/0525_0523,普通中奖,12.00,0.30,2,1,5,5,5,0,0,否,否,是,1,1,684158,684159,2611779682794258,9482856.0,9482828.0,2段连消/续转 / 金色符号/百搭转换
连消/掉落,138.json,138,75,金色/百搭,https://fish-games.s3.amazonaws.com/MahjongWays2/index.html?env=ceshislot.osshaiwai.com&hasFloat=0&token=436475c81b51e6893c740657870f86b7&language=en&debug=1&debugDataPath=https://raw.githubusercontent.com/jygameclub/testdataapi/main/mahjong2date/0525_0523&debugStart=138,https://raw.githubusercontent.com/jygameclub/testdataapi/main/mahjong2date/0525_0523/138.json,https://raw.githubusercontent.com/jygameclub/testdataapi/main/mahjong2date/0525_0523,普通中奖,12.00,0.30,2,1,6,6,6,0,0,否,否,是,1,0,684190,684191,3481779682827808,9482214.0,9482186.0,2段连消/续转 / 金色符号/百搭转换
连消/掉落,146.json,146,75,金色/百搭,https://fish-games.s3.amazonaws.com/MahjongWays2/index.html?env=ceshislot.osshaiwai.com&hasFloat=0&token=436475c81b51e6893c740657870f86b7&language=en&debug=1&debugDataPath=https://raw.githubusercontent.com/jygameclub/testdataapi/main/mahjong2date/0525_0523&debugStart=146,https://raw.githubusercontent.com/jygameclub/testdataapi/main/mahjong2date/0525_0523/146.json,https://raw.githubusercontent.com/jygameclub/testdataapi/main/mahjong2date/0525_0523,普通中奖,12.00,0.30,2,1,6,6,6,0,0,否,否,是,1,1,684213,684215,3431779682854909,9482626.0,9482598.0,2段连消/续转 / 金色符号/百搭转换
连消/掉落,172.json,172,75,金色/百搭,https://fish-games.s3.amazonaws.com/MahjongWays2/index.html?env=ceshislot.osshaiwai.com&hasFloat=0&token=436475c81b51e6893c740657870f86b7&language=en&debug=1&debugDataPath=https://raw.githubusercontent.com/jygameclub/testdataapi/main/mahjong2date/0525_0523&debugStart=172,https://raw.githubusercontent.com/jygameclub/testdataapi/main/mahjong2date/0525_0523/172.json,https://raw.githubusercontent.com/jygameclub/testdataapi/main/mahjong2date/0525_0523,普通中奖,12.00,0.30,2,1,6,6,6,0,0,否,否,是,1,0,684253,684254,2341779682897959,9481730.0,9481702.0,2段连消/续转 / 金色符号/百搭转换
连消/掉落,205.json,205,75,金色/百搭,https://fish-games.s3.amazonaws.com/MahjongWays2/index.html?env=ceshislot.osshaiwai.com&hasFloat=0&token=436475c81b51e6893c740657870f86b7&language=en&debug=1&debugDataPath=https://raw.githubusercontent.com/jygameclub/testdataapi/main/mahjong2date/0525_0523&debugStart=205,https://raw.githubusercontent.com/jygameclub/testdataapi/main/mahjong2date/0525_0523/205.json,https://raw.githubusercontent.com/jygameclub/testdataapi/main/mahjong2date/0525_0523,普通中奖,12.00,0.30,2,1,5,5,5,0,0,否,否,是,1,1,684304,684305,9111779682954926,9480630.0,9480602.0,2段连消/续转 / 金色符号/百搭转换
连消/掉落,241.json,241,75,金色/百搭,https://fish-games.s3.amazonaws.com/MahjongWays2/index.html?env=ceshislot.osshaiwai.com&hasFloat=0&token=436475c81b51e6893c740657870f86b7&language=en&debug=1&debugDataPath=https://raw.githubusercontent.com/jygameclub/testdataapi/main/mahjong2date/0525_0523&debugStart=241,https://raw.githubusercontent.com/jygameclub/testdataapi/main/mahjong2date/0525_0523/241.json,https://raw.githubusercontent.com/jygameclub/testdataapi/main/mahjong2date/0525_0523,普通中奖,12.00,0.30,2,1,5,6,6,1,1,否,否,是,1,0,684375,684376,1781779683016658,9479760.0,9479732.0,2段连消/续转 / 金色符号/百搭转换
连消/掉落,260.json,260,75,金色/百搭,https://fish-games.s3.amazonaws.com/MahjongWays2/index.html?env=ceshislot.osshaiwai.com&hasFloat=0&token=436475c81b51e6893c740657870f86b7&language=en&debug=1&debugDataPath=https://raw.githubusercontent.com/jygameclub/testdataapi/main/mahjong2date/0525_0523&debugStart=260,https://raw.githubusercontent.com/jygameclub/testdataapi/main/mahjong2date/0525_0523/260.json,https://raw.githubusercontent.com/jygameclub/testdataapi/main/mahjong2date/0525_0523,普通中奖,12.00,0.30,2,1,6,6,6,0,0,否,否,是,1,2,684410,684411,5241779683049424,9479068.0,9479040.0,2段连消/续转 / 金色符号/百搭转换
连消/掉落,265.json,265,75,金色/百搭,https://fish-games.s3.amazonaws.com/MahjongWays2/index.html?env=ceshislot.osshaiwai.com&hasFloat=0&token=436475c81b51e6893c740657870f86b7&language=en&debug=1&debugDataPath=https://raw.githubusercontent.com/jygameclub/testdataapi/main/mahjong2date/0525_0523&debugStart=265,https://raw.githubusercontent.com/jygameclub/testdataapi/main/mahjong2date/0525_0523/265.json,https://raw.githubusercontent.com/jygameclub/testdataapi/main/mahjong2date/0525_0523,普通中奖,12.00,0.30,2,1,6,6,6,0,0,否,否,是,1,1,684421,684423,7431779683061808,9479076.0,9479048.0,2段连消/续转 / 金色符号/百搭转换
连消/掉落,409.json,409,75,金色/百搭,https://fish-games.s3.amazonaws.com/MahjongWays2/index.html?env=ceshislot.osshaiwai.com&hasFloat=0&token=436475c81b51e6893c740657870f86b7&language=en&debug=1&debugDataPath=https://raw.githubusercontent.com/jygameclub/testdataapi/main/mahjong2date/0525_0523&debugStart=409,https://raw.githubusercontent.com/jygameclub/testdataapi/main/mahjong2date/0525_0523/409.json,https://raw.githubusercontent.com/jygameclub/testdataapi/main/mahjong2date/0525_0523,普通中奖,12.00,0.30,2,1,5,5,5,0,0,否,否,是,1,0,684805,684807,8851779683705640,9476576.0,9476548.0,2段连消/续转 / 金色符号/百搭转换
连消/掉落,472.json,472,75,金色/百搭,https://fish-games.s3.amazonaws.com/MahjongWays2/index.html?env=ceshislot.osshaiwai.com&hasFloat=0&token=436475c81b51e6893c740657870f86b7&language=en&debug=1&debugDataPath=https://raw.githubusercontent.com/jygameclub/testdataapi/main/mahjong2date/0525_0523&debugStart=472,https://raw.githubusercontent.com/jygameclub/testdataapi/main/mahjong2date/0525_0523/472.json,https://raw.githubusercontent.com/jygameclub/testdataapi/main/mahjong2date/0525_0523,普通中奖,12.00,0.30,2,1,6,6,6,0,0,否,否,是,1,1,686507,686515,2091779684025187,9478068.0,9478040.0,2段连消/续转 / 金色符号/百搭转换
连消/掉落,524.json,524,75,金色/百搭,https://fish-games.s3.amazonaws.com/MahjongWays2/index.html?env=ceshislot.osshaiwai.com&hasFloat=0&token=436475c81b51e6893c740657870f86b7&language=en&debug=1&debugDataPath=https://raw.githubusercontent.com/jygameclub/testdataapi/main/mahjong2date/0525_0523&debugStart=524,https://raw.githubusercontent.com/jygameclub/testdataapi/main/mahjong2date/0525_0523/524.json,https://raw.githubusercontent.com/jygameclub/testdataapi/main/mahjong2date/0525_0523,普通中奖,12.00,0.30,2,1,4,4,4,0,0,否,否,是,1,1,687535,687544,8851779684190803,9476298.0,9476270.0,2段连消/续转 / 金色符号/百搭转换
连消/掉落,571.json,571,75,金色/百搭,https://fish-games.s3.amazonaws.com/MahjongWays2/index.html?env=ceshislot.osshaiwai.com&hasFloat=0&token=436475c81b51e6893c740657870f86b7&language=en&debug=1&debugDataPath=https://raw.githubusercontent.com/jygameclub/testdataapi/main/mahjong2date/0525_0523&debugStart=571,https://raw.githubusercontent.com/jygameclub/testdataapi/main/mahjong2date/0525_0523/571.json,https://raw.githubusercontent.com/jygameclub/testdataapi/main/mahjong2date/0525_0523,普通中奖,12.00,0.30,2,1,6,6,6,0,0,否,否,是,1,1,690130,690139,4691779684664177,9476820.0,9476792.0,2段连消/续转 / 金色符号/百搭转换
连消/掉落,572.json,572,75,金色/百搭,https://fish-games.s3.amazonaws.com/MahjongWays2/index.html?env=ceshislot.osshaiwai.com&hasFloat=0&token=436475c81b51e6893c740657870f86b7&language=en&debug=1&debugDataPath=https://raw.githubusercontent.com/jygameclub/testdataapi/main/mahjong2date/0525_0523&debugStart=572,https://raw.githubusercontent.com/jygameclub/testdataapi/main/mahjong2date/0525_0523/572.json,https://raw.githubusercontent.com/jygameclub/testdataapi/main/mahjong2date/0525_0523,普通中奖,12.00,0.30,2,1,5,5,5,0,0,否,否,是,1,1,690153,690157,2611779684667943,9476792.0,9476764.0,2段连消/续转 / 金色符号/百搭转换
连消/掉落,599.json,599,75,金色/百搭,https://fish-games.s3.amazonaws.com/MahjongWays2/index.html?env=ceshislot.osshaiwai.com&hasFloat=0&token=436475c81b51e6893c740657870f86b7&language=en&debug=1&debugDataPath=https://raw.githubusercontent.com/jygameclub/testdataapi/main/mahjong2date/0525_0523&debugStart=599,https://raw.githubusercontent.com/jygameclub/testdataapi/main/mahjong2date/0525_0523/599.json,https://raw.githubusercontent.com/jygameclub/testdataapi/main/mahjong2date/0525_0523,普通中奖,12.00,0.30,2,1,4,4,4,0,0,否,否,是,1,0,690525,690528,9231779684727759,9476684.0,9476656.0,2段连消/续转 / 金色符号/百搭转换
连消/掉落,610.json,610,75,金色/百搭,https://fish-games.s3.amazonaws.com/MahjongWays2/index.html?env=ceshislot.osshaiwai.com&hasFloat=0&token=436475c81b51e6893c740657870f86b7&language=en&debug=1&debugDataPath=https://raw.githubusercontent.com/jygameclub/testdataapi/main/mahjong2date/0525_0523&debugStart=610,https://raw.githubusercontent.com/jygameclub/testdataapi/main/mahjong2date/0525_0523/610.json,https://raw.githubusercontent.com/jygameclub/testdataapi/main/mahjong2date/0525_0523,普通中奖,12.00,0.30,2,1,6,6,6,0,0,否,否,是,1,0,690623,690626,1141779684742475,9476262.0,9476234.0,2段连消/续转 / 金色符号/百搭转换
连消/掉落,612.json,612,75,金色/百搭,https://fish-games.s3.amazonaws.com/MahjongWays2/index.html?env=ceshislot.osshaiwai.com&hasFloat=0&token=436475c81b51e6893c740657870f86b7&language=en&debug=1&debugDataPath=https://raw.githubusercontent.com/jygameclub/testdataapi/main/mahjong2date/0525_0523&debugStart=612,https://raw.githubusercontent.com/jygameclub/testdataapi/main/mahjong2date/0525_0523/612.json,https://raw.githubusercontent.com/jygameclub/testdataapi/main/mahjong2date/0525_0523,普通中奖,12.00,0.30,2,1,4,6,6,2,2,否,否,是,1,1,690646,690654,3411779684746025,9476194.0,9476166.0,2段连消/续转 / 金色符号/百搭转换
连消/掉落,646.json,646,75,金色/百搭,https://fish-games.s3.amazonaws.com/MahjongWays2/index.html?env=ceshislot.osshaiwai.com&hasFloat=0&token=436475c81b51e6893c740657870f86b7&language=en&debug=1&debugDataPath=https://raw.githubusercontent.com/jygameclub/testdataapi/main/mahjong2date/0525_0523&debugStart=646,https://raw.githubusercontent.com/jygameclub/testdataapi/main/mahjong2date/0525_0523/646.json,https://raw.githubusercontent.com/jygameclub/testdataapi/main/mahjong2date/0525_0523,普通中奖,12.00,0.30,2,1,6,6,6,0,0,否,否,是,1,0,691771,691774,1671779684927391,9479786.0,9479758.0,2段连消/续转 / 金色符号/百搭转换
连消/掉落,722.json,722,75,金色/百搭,https://fish-games.s3.amazonaws.com/MahjongWays2/index.html?env=ceshislot.osshaiwai.com&hasFloat=0&token=436475c81b51e6893c740657870f86b7&language=en&debug=1&debugDataPath=https://raw.githubusercontent.com/jygameclub/testdataapi/main/mahjong2date/0525_0523&debugStart=722,https://raw.githubusercontent.com/jygameclub/testdataapi/main/mahjong2date/0525_0523/722.json,https://raw.githubusercontent.com/jygameclub/testdataapi/main/mahjong2date/0525_0523,普通中奖,12.00,0.30,2,1,6,6,6,0,0,否,否,是,1,0,693155,693158,4401779685148524,9479008.0,9478980.0,2段连消/续转 / 金色符号/百搭转换
连消/掉落,776.json,776,75,金色/百搭,https://fish-games.s3.amazonaws.com/MahjongWays2/index.html?env=ceshislot.osshaiwai.com&hasFloat=0&token=436475c81b51e6893c740657870f86b7&language=en&debug=1&debugDataPath=https://raw.githubusercontent.com/jygameclub/testdataapi/main/mahjong2date/0525_0523&debugStart=776,https://raw.githubusercontent.com/jygameclub/testdataapi/main/mahjong2date/0525_0523/776.json,https://raw.githubusercontent.com/jygameclub/testdataapi/main/mahjong2date/0525_0523,普通中奖,12.00,0.30,2,1,4,4,4,0,0,否,否,是,1,1,693800,693809,3351779685251273,9477768.0,9477740.0,2段连消/续转 / 金色符号/百搭转换
连消/掉落,875.json,875,75,金色/百搭,https://fish-games.s3.amazonaws.com/MahjongWays2/index.html?env=ceshislot.osshaiwai.com&hasFloat=0&token=436475c81b51e6893c740657870f86b7&language=en&debug=1&debugDataPath=https://raw.githubusercontent.com/jygameclub/testdataapi/main/mahjong2date/0525_0523&debugStart=875,https://raw.githubusercontent.com/jygameclub/testdataapi/main/mahjong2date/0525_0523/875.json,https://raw.githubusercontent.com/jygameclub/testdataapi/main/mahjong2date/0525_0523,普通中奖,12.00,0.30,2,1,5,5,5,0,0,否,否,是,1,0,695710,695714,3991779685546787,9476440.0,9476412.0,2段连消/续转 / 金色符号/百搭转换
连消/掉落,919.json,919,75,金色/百搭,https://fish-games.s3.amazonaws.com/MahjongWays2/index.html?env=ceshislot.osshaiwai.com&hasFloat=0&token=436475c81b51e6893c740657870f86b7&language=en&debug=1&debugDataPath=https://raw.githubusercontent.com/jygameclub/testdataapi/main/mahjong2date/0525_0523&debugStart=919,https://raw.githubusercontent.com/jygameclub/testdataapi/main/mahjong2date/0525_0523/919.json,https://raw.githubusercontent.com/jygameclub/testdataapi/main/mahjong2date/0525_0523,普通中奖,12.00,0.30,2,1,6,6,6,0,0,否,否,是,1,0,696303,696304,3991779685641454,9475632.0,9475604.0,2段连消/续转 / 金色符号/百搭转换
连消/掉落,960.json,960,75,金色/百搭,https://fish-games.s3.amazonaws.com/MahjongWays2/index.html?env=ceshislot.osshaiwai.com&hasFloat=0&token=436475c81b51e6893c740657870f86b7&language=en&debug=1&debugDataPath=https://raw.githubusercontent.com/jygameclub/testdataapi/main/mahjong2date/0525_0523&debugStart=960,https://raw.githubusercontent.com/jygameclub/testdataapi/main/mahjong2date/0525_0523/960.json,https://raw.githubusercontent.com/jygameclub/testdataapi/main/mahjong2date/0525_0523,普通中奖,12.00,0.30,2,1,6,6,6,0,0,否,否,是,1,2,696473,696475,6481779685849335,9478260.0,9478232.0,2段连消/续转 / 金色符号/百搭转换
连消/掉落,974.json,974,75,金色/百搭,https://fish-games.s3.amazonaws.com/MahjongWays2/index.html?env=ceshislot.osshaiwai.com&hasFloat=0&token=436475c81b51e6893c740657870f86b7&language=en&debug=1&debugDataPath=https://raw.githubusercontent.com/jygameclub/testdataapi/main/mahjong2date/0525_0523&debugStart=974,https://raw.githubusercontent.com/jygameclub/testdataapi/main/mahjong2date/0525_0523/974.json,https://raw.githubusercontent.com/jygameclub/testdataapi/main/mahjong2date/0525_0523,普通中奖,12.00,0.30,2,1,5,5,5,0,0,否,否,是,1,1,696541,696564,5121779685929379,9477784.0,9477756.0,2段连消/续转 / 金色符号/百搭转换
连消/掉落,008.json,8,75,金色/百搭,https://fish-games.s3.amazonaws.com/MahjongWays2/index.html?env=ceshislot.osshaiwai.com&hasFloat=0&token=436475c81b51e6893c740657870f86b7&language=en&debug=1&debugDataPath=https://raw.githubusercontent.com/jygameclub/testdataapi/main/mahjong2date/0525_0523&debugStart=8,https://raw.githubusercontent.com/jygameclub/testdataapi/main/mahjong2date/0525_0523/008.json,https://raw.githubusercontent.com/jygameclub/testdataapi/main/mahjong2date/0525_0523,普通中奖,10.00,0.25,3,2,6,6,6,0,0,否,否,是,1,0,683910,683913,7241779682543394,9484540.0,9484510.0,3段连消/续转 / 金色符号/百搭转换
连消/掉落,120.json,120,75,金色/百搭,https://fish-games.s3.amazonaws.com/MahjongWays2/index.html?env=ceshislot.osshaiwai.com&hasFloat=0&token=436475c81b51e6893c740657870f86b7&language=en&debug=1&debugDataPath=https://raw.githubusercontent.com/jygameclub/testdataapi/main/mahjong2date/0525_0523&debugStart=120,https://raw.githubusercontent.com/jygameclub/testdataapi/main/mahjong2date/0525_0523/120.json,https://raw.githubusercontent.com/jygameclub/testdataapi/main/mahjong2date/0525_0523,普通中奖,10.00,0.25,2,1,7,7,7,0,0,否,否,是,2,1,684161,684162,8451779682797943,9482828.0,9482798.0,2段连消/续转 / 金色符号/百搭转换
连消/掉落,315.json,315,75,金色/百搭,https://fish-games.s3.amazonaws.com/MahjongWays2/index.html?env=ceshislot.osshaiwai.com&hasFloat=0&token=436475c81b51e6893c740657870f86b7&language=en&debug=1&debugDataPath=https://raw.githubusercontent.com/jygameclub/testdataapi/main/mahjong2date/0525_0523&debugStart=315,https://raw.githubusercontent.com/jygameclub/testdataapi/main/mahjong2date/0525_0523/315.json,https://raw.githubusercontent.com/jygameclub/testdataapi/main/mahjong2date/0525_0523,普通中奖,10.00,0.25,2,1,3,3,3,0,0,否,否,是,1,0,684514,684515,3651779683149890,9478040.0,9478010.0,2段连消/续转 / 金色符号/百搭转换
连消/掉落,512.json,512,75,金色/百搭,https://fish-games.s3.amazonaws.com/MahjongWays2/index.html?env=ceshislot.osshaiwai.com&hasFloat=0&token=436475c81b51e6893c740657870f86b7&language=en&debug=1&debugDataPath=https://raw.githubusercontent.com/jygameclub/testdataapi/main/mahjong2date/0525_0523&debugStart=512,https://raw.githubusercontent.com/jygameclub/testdataapi/main/mahjong2date/0525_0523/512.json,https://raw.githubusercontent.com/jygameclub/testdataapi/main/mahjong2date/0525_0523,普通中奖,10.00,0.25,2,1,3,3,3,0,0,否,否,是,1,0,687419,687422,7761779684173271,9476744.0,9476714.0,2段连消/续转 / 金色符号/百搭转换
连消/掉落,938.json,938,75,金色/百搭,https://fish-games.s3.amazonaws.com/MahjongWays2/index.html?env=ceshislot.osshaiwai.com&hasFloat=0&token=436475c81b51e6893c740657870f86b7&language=en&debug=1&debugDataPath=https://raw.githubusercontent.com/jygameclub/testdataapi/main/mahjong2date/0525_0523&debugStart=938,https://raw.githubusercontent.com/jygameclub/testdataapi/main/mahjong2date/0525_0523/938.json,https://raw.githubusercontent.com/jygameclub/testdataapi/main/mahjong2date/0525_0523,普通中奖,10.00,0.25,2,1,8,8,8,0,0,否,否,是,2,0,696343,696344,5141779685671920,9474956.0,9474926.0,2段连消/续转 / 金色符号/百搭转换
连消/掉落,688.json,688,75,金色/百搭,https://fish-games.s3.amazonaws.com/MahjongWays2/index.html?env=ceshislot.osshaiwai.com&hasFloat=0&token=436475c81b51e6893c740657870f86b7&language=en&debug=1&debugDataPath=https://raw.githubusercontent.com/jygameclub/testdataapi/main/mahjong2date/0525_0523&debugStart=688,https://raw.githubusercontent.com/jygameclub/testdataapi/main/mahjong2date/0525_0523/688.json,https://raw.githubusercontent.com/jygameclub/testdataapi/main/mahjong2date/0525_0523,普通中奖,8.00,0.20,3,2,6,7,7,1,1,否,否,是,1,1,692750,692772,9911779685085675,9480006.0,9479974.0,3段连消/续转 / 金色符号/百搭转换
连消/掉落,973.json,973,75,金色/百搭,https://fish-games.s3.amazonaws.com/MahjongWays2/index.html?env=ceshislot.osshaiwai.com&hasFloat=0&token=436475c81b51e6893c740657870f86b7&language=en&debug=1&debugDataPath=https://raw.githubusercontent.com/jygameclub/testdataapi/main/mahjong2date/0525_0523&debugStart=973,https://raw.githubusercontent.com/jygameclub/testdataapi/main/mahjong2date/0525_0523/973.json,https://raw.githubusercontent.com/jygameclub/testdataapi/main/mahjong2date/0525_0523,普通中奖,8.00,0.20,3,2,7,7,7,0,0,否,否,是,1,1,696520,696533,5031779685893378,9477816.0,9477784.0,3段连消/续转 / 金色符号/百搭转换
连消/掉落,070.json,70,75,金色/百搭,https://fish-games.s3.amazonaws.com/MahjongWays2/index.html?env=ceshislot.osshaiwai.com&hasFloat=0&token=436475c81b51e6893c740657870f86b7&language=en&debug=1&debugDataPath=https://raw.githubusercontent.com/jygameclub/testdataapi/main/mahjong2date/0525_0523&debugStart=70,https://raw.githubusercontent.com/jygameclub/testdataapi/main/mahjong2date/0525_0523/070.json,https://raw.githubusercontent.com/jygameclub/testdataapi/main/mahjong2date/0525_0523,普通中奖,8.00,0.20,2,1,5,5,5,0,0,否,否,是,1,1,684056,684057,1731779682688359,9483968.0,9483936.0,2段连消/续转 / 金色符号/百搭转换
连消/掉落,072.json,72,75,金色/百搭,https://fish-games.s3.amazonaws.com/MahjongWays2/index.html?env=ceshislot.osshaiwai.com&hasFloat=0&token=436475c81b51e6893c740657870f86b7&language=en&debug=1&debugDataPath=https://raw.githubusercontent.com/jygameclub/testdataapi/main/mahjong2date/0525_0523&debugStart=72,https://raw.githubusercontent.com/jygameclub/testdataapi/main/mahjong2date/0525_0523/072.json,https://raw.githubusercontent.com/jygameclub/testdataapi/main/mahjong2date/0525_0523,普通中奖,8.00,0.20,2,1,5,5,5,0,0,否,否,是,1,1,684061,684063,3171779682693693,9483908.0,9483876.0,2段连消/续转 / 金色符号/百搭转换
连消/掉落,086.json,86,75,金色/百搭,https://fish-games.s3.amazonaws.com/MahjongWays2/index.html?env=ceshislot.osshaiwai.com&hasFloat=0&token=436475c81b51e6893c740657870f86b7&language=en&debug=1&debugDataPath=https://raw.githubusercontent.com/jygameclub/testdataapi/main/mahjong2date/0525_0523&debugStart=86,https://raw.githubusercontent.com/jygameclub/testdataapi/main/mahjong2date/0525_0523/086.json,https://raw.githubusercontent.com/jygameclub/testdataapi/main/mahjong2date/0525_0523,普通中奖,8.00,0.20,2,1,5,5,5,0,0,否,否,是,1,0,684100,684101,6211779682733943,9483926.0,9483894.0,2段连消/续转 / 金色符号/百搭转换
连消/掉落,095.json,95,75,金色/百搭,https://fish-games.s3.amazonaws.com/MahjongWays2/index.html?env=ceshislot.osshaiwai.com&hasFloat=0&token=436475c81b51e6893c740657870f86b7&language=en&debug=1&debugDataPath=https://raw.githubusercontent.com/jygameclub/testdataapi/main/mahjong2date/0525_0523&debugStart=95,https://raw.githubusercontent.com/jygameclub/testdataapi/main/mahjong2date/0525_0523/095.json,https://raw.githubusercontent.com/jygameclub/testdataapi/main/mahjong2date/0525_0523,普通中奖,8.00,0.20,2,1,5,5,5,0,0,否,否,是,1,0,684121,684122,4961779682754509,9483680.0,9483648.0,2段连消/续转 / 金色符号/百搭转换
连消/掉落,129.json,129,75,金色/百搭,https://fish-games.s3.amazonaws.com/MahjongWays2/index.html?env=ceshislot.osshaiwai.com&hasFloat=0&token=436475c81b51e6893c740657870f86b7&language=en&debug=1&debugDataPath=https://raw.githubusercontent.com/jygameclub/testdataapi/main/mahjong2date/0525_0523&debugStart=129,https://raw.githubusercontent.com/jygameclub/testdataapi/main/mahjong2date/0525_0523/129.json,https://raw.githubusercontent.com/jygameclub/testdataapi/main/mahjong2date/0525_0523,普通中奖,8.00,0.20,2,1,5,5,5,0,0,否,否,是,1,0,684176,684177,4061779682812125,9482550.0,9482518.0,2段连消/续转 / 金色符号/百搭转换
连消/掉落,145.json,145,75,金色/百搭,https://fish-games.s3.amazonaws.com/MahjongWays2/index.html?env=ceshislot.osshaiwai.com&hasFloat=0&token=436475c81b51e6893c740657870f86b7&language=en&debug=1&debugDataPath=https://raw.githubusercontent.com/jygameclub/testdataapi/main/mahjong2date/0525_0523&debugStart=145,https://raw.githubusercontent.com/jygameclub/testdataapi/main/mahjong2date/0525_0523/145.json,https://raw.githubusercontent.com/jygameclub/testdataapi/main/mahjong2date/0525_0523,普通中奖,8.00,0.20,2,1,4,4,4,0,0,否,否,是,1,0,684211,684212,8401779682852258,9482658.0,9482626.0,2段连消/续转 / 金色符号/百搭转换
连消/掉落,157.json,157,75,金色/百搭,https://fish-games.s3.amazonaws.com/MahjongWays2/index.html?env=ceshislot.osshaiwai.com&hasFloat=0&token=436475c81b51e6893c740657870f86b7&language=en&debug=1&debugDataPath=https://raw.githubusercontent.com/jygameclub/testdataapi/main/mahjong2date/0525_0523&debugStart=157,https://raw.githubusercontent.com/jygameclub/testdataapi/main/mahjong2date/0525_0523/157.json,https://raw.githubusercontent.com/jygameclub/testdataapi/main/mahjong2date/0525_0523,普通中奖,8.00,0.20,2,1,5,5,5,0,0,否,否,是,1,1,684228,684229,5021779682872325,9482204.0,9482172.0,2段连消/续转 / 金色符号/百搭转换
连消/掉落,180.json,180,75,金色/百搭,https://fish-games.s3.amazonaws.com/MahjongWays2/index.html?env=ceshislot.osshaiwai.com&hasFloat=0&token=436475c81b51e6893c740657870f86b7&language=en&debug=1&debugDataPath=https://raw.githubusercontent.com/jygameclub/testdataapi/main/mahjong2date/0525_0523&debugStart=180,https://raw.githubusercontent.com/jygameclub/testdataapi/main/mahjong2date/0525_0523/180.json,https://raw.githubusercontent.com/jygameclub/testdataapi/main/mahjong2date/0525_0523,普通中奖,8.00,0.20,2,1,5,5,5,0,0,否,否,是,1,0,684265,684266,7431779682908942,9481422.0,9481390.0,2段连消/续转 / 金色符号/百搭转换
连消/掉落,210.json,210,75,金色/百搭,https://fish-games.s3.amazonaws.com/MahjongWays2/index.html?env=ceshislot.osshaiwai.com&hasFloat=0&token=436475c81b51e6893c740657870f86b7&language=en&debug=1&debugDataPath=https://raw.githubusercontent.com/jygameclub/testdataapi/main/mahjong2date/0525_0523&debugStart=210,https://raw.githubusercontent.com/jygameclub/testdataapi/main/mahjong2date/0525_0523/210.json,https://raw.githubusercontent.com/jygameclub/testdataapi/main/mahjong2date/0525_0523,普通中奖,8.00,0.20,2,1,4,4,4,0,0,否,否,是,1,1,684317,684319,3621779682967358,9480820.0,9480788.0,2段连消/续转 / 金色符号/百搭转换
连消/掉落,298.json,298,75,金色/百搭,https://fish-games.s3.amazonaws.com/MahjongWays2/index.html?env=ceshislot.osshaiwai.com&hasFloat=0&token=436475c81b51e6893c740657870f86b7&language=en&debug=1&debugDataPath=https://raw.githubusercontent.com/jygameclub/testdataapi/main/mahjong2date/0525_0523&debugStart=298,https://raw.githubusercontent.com/jygameclub/testdataapi/main/mahjong2date/0525_0523/298.json,https://raw.githubusercontent.com/jygameclub/testdataapi/main/mahjong2date/0525_0523,普通中奖,8.00,0.20,2,1,6,6,6,0,0,否,否,是,1,0,684478,684480,5701779683111290,9477856.0,9477824.0,2段连消/续转 / 金色符号/百搭转换
连消/掉落,319.json,319,75,金色/百搭,https://fish-games.s3.amazonaws.com/MahjongWays2/index.html?env=ceshislot.osshaiwai.com&hasFloat=0&token=436475c81b51e6893c740657870f86b7&language=en&debug=1&debugDataPath=https://raw.githubusercontent.com/jygameclub/testdataapi/main/mahjong2date/0525_0523&debugStart=319,https://raw.githubusercontent.com/jygameclub/testdataapi/main/mahjong2date/0525_0523/319.json,https://raw.githubusercontent.com/jygameclub/testdataapi/main/mahjong2date/0525_0523,普通中奖,8.00,0.20,2,1,5,5,5,0,0,否,否,是,1,0,684520,684521,6051779683156840,9477890.0,9477858.0,2段连消/续转 / 金色符号/百搭转换
连消/掉落,384.json,384,75,金色/百搭,https://fish-games.s3.amazonaws.com/MahjongWays2/index.html?env=ceshislot.osshaiwai.com&hasFloat=0&token=436475c81b51e6893c740657870f86b7&language=en&debug=1&debugDataPath=https://raw.githubusercontent.com/jygameclub/testdataapi/main/mahjong2date/0525_0523&debugStart=384,https://raw.githubusercontent.com/jygameclub/testdataapi/main/mahjong2date/0525_0523/384.json,https://raw.githubusercontent.com/jygameclub/testdataapi/main/mahjong2date/0525_0523,普通中奖,8.00,0.20,2,1,5,5,5,0,0,否,否,是,1,1,684756,684758,4881779683654957,9477054.0,9477022.0,2段连消/续转 / 金色符号/百搭转换
连消/掉落,395.json,395,75,金色/百搭,https://fish-games.s3.amazonaws.com/MahjongWays2/index.html?env=ceshislot.osshaiwai.com&hasFloat=0&token=436475c81b51e6893c740657870f86b7&language=en&debug=1&debugDataPath=https://raw.githubusercontent.com/jygameclub/testdataapi/main/mahjong2date/0525_0523&debugStart=395,https://raw.githubusercontent.com/jygameclub/testdataapi/main/mahjong2date/0525_0523/395.json,https://raw.githubusercontent.com/jygameclub/testdataapi/main/mahjong2date/0525_0523,普通中奖,8.00,0.20,2,1,4,4,4,0,0,否,否,是,1,1,684775,684776,3861779683674473,9476750.0,9476718.0,2段连消/续转 / 金色符号/百搭转换
连消/掉落,424.json,424,75,金色/百搭,https://fish-games.s3.amazonaws.com/MahjongWays2/index.html?env=ceshislot.osshaiwai.com&hasFloat=0&token=436475c81b51e6893c740657870f86b7&language=en&debug=1&debugDataPath=https://raw.githubusercontent.com/jygameclub/testdataapi/main/mahjong2date/0525_0523&debugStart=424,https://raw.githubusercontent.com/jygameclub/testdataapi/main/mahjong2date/0525_0523/424.json,https://raw.githubusercontent.com/jygameclub/testdataapi/main/mahjong2date/0525_0523,普通中奖,8.00,0.20,2,1,5,5,5,0,0,否,否,是,1,2,684856,684864,9081779683733506,9476160.0,9476128.0,2段连消/续转 / 金色符号/百搭转换
连消/掉落,429.json,429,75,金色/百搭,https://fish-games.s3.amazonaws.com/MahjongWays2/index.html?env=ceshislot.osshaiwai.com&hasFloat=0&token=436475c81b51e6893c740657870f86b7&language=en&debug=1&debugDataPath=https://raw.githubusercontent.com/jygameclub/testdataapi/main/mahjong2date/0525_0523&debugStart=429,https://raw.githubusercontent.com/jygameclub/testdataapi/main/mahjong2date/0525_0523/429.json,https://raw.githubusercontent.com/jygameclub/testdataapi/main/mahjong2date/0525_0523,普通中奖,8.00,0.20,2,1,4,5,5,1,1,否,否,是,1,0,684918,684919,5751779683745574,9476016.0,9475984.0,2段连消/续转 / 金色符号/百搭转换
连消/掉落,441.json,441,75,金色/百搭,https://fish-games.s3.amazonaws.com/MahjongWays2/index.html?env=ceshislot.osshaiwai.com&hasFloat=0&token=436475c81b51e6893c740657870f86b7&language=en&debug=1&debugDataPath=https://raw.githubusercontent.com/jygameclub/testdataapi/main/mahjong2date/0525_0523&debugStart=441,https://raw.githubusercontent.com/jygameclub/testdataapi/main/mahjong2date/0525_0523/441.json,https://raw.githubusercontent.com/jygameclub/testdataapi/main/mahjong2date/0525_0523,普通中奖,8.00,0.20,2,1,3,4,4,1,1,否,否,是,1,1,685489,685498,8361779683860072,9476550.0,9476518.0,2段连消/续转 / 金色符号/百搭转换
连消/掉落,502.json,502,75,金色/百搭,https://fish-games.s3.amazonaws.com/MahjongWays2/index.html?env=ceshislot.osshaiwai.com&hasFloat=0&token=436475c81b51e6893c740657870f86b7&language=en&debug=1&debugDataPath=https://raw.githubusercontent.com/jygameclub/testdataapi/main/mahjong2date/0525_0523&debugStart=502,https://raw.githubusercontent.com/jygameclub/testdataapi/main/mahjong2date/0525_0523/502.json,https://raw.githubusercontent.com/jygameclub/testdataapi/main/mahjong2date/0525_0523,普通中奖,8.00,0.20,2,1,5,5,5,0,0,否,否,是,1,0,687302,687305,6531779684153837,9477122.0,9477090.0,2段连消/续转 / 金色符号/百搭转换
连消/掉落,504.json,504,75,金色/百搭,https://fish-games.s3.amazonaws.com/MahjongWays2/index.html?env=ceshislot.osshaiwai.com&hasFloat=0&token=436475c81b51e6893c740657870f86b7&language=en&debug=1&debugDataPath=https://raw.githubusercontent.com/jygameclub/testdataapi/main/mahjong2date/0525_0523&debugStart=504,https://raw.githubusercontent.com/jygameclub/testdataapi/main/mahjong2date/0525_0523/504.json,https://raw.githubusercontent.com/jygameclub/testdataapi/main/mahjong2date/0525_0523,普通中奖,8.00,0.20,2,1,5,5,5,0,0,否,否,是,1,1,687328,687337,2481779684157920,9477050.0,9477018.0,2段连消/续转 / 金色符号/百搭转换
连消/掉落,527.json,527,75,金色/百搭,https://fish-games.s3.amazonaws.com/MahjongWays2/index.html?env=ceshislot.osshaiwai.com&hasFloat=0&token=436475c81b51e6893c740657870f86b7&language=en&debug=1&debugDataPath=https://raw.githubusercontent.com/jygameclub/testdataapi/main/mahjong2date/0525_0523&debugStart=527,https://raw.githubusercontent.com/jygameclub/testdataapi/main/mahjong2date/0525_0523/527.json,https://raw.githubusercontent.com/jygameclub/testdataapi/main/mahjong2date/0525_0523,普通中奖,8.00,0.20,2,1,5,5,5,0,0,否,否,是,1,0,687588,687591,1931779684198737,9476196.0,9476164.0,2段连消/续转 / 金色符号/百搭转换
连消/掉落,537.json,537,75,金色/百搭,https://fish-games.s3.amazonaws.com/MahjongWays2/index.html?env=ceshislot.osshaiwai.com&hasFloat=0&token=436475c81b51e6893c740657870f86b7&language=en&debug=1&debugDataPath=https://raw.githubusercontent.com/jygameclub/testdataapi/main/mahjong2date/0525_0523&debugStart=537,https://raw.githubusercontent.com/jygameclub/testdataapi/main/mahjong2date/0525_0523/537.json,https://raw.githubusercontent.com/jygameclub/testdataapi/main/mahjong2date/0525_0523,普通中奖,8.00,0.20,2,1,5,5,5,0,0,否,否,是,1,2,689544,689551,4621779684566659,9476122.0,9476090.0,2段连消/续转 / 金色符号/百搭转换
连消/掉落,569.json,569,75,金色/百搭,https://fish-games.s3.amazonaws.com/MahjongWays2/index.html?env=ceshislot.osshaiwai.com&hasFloat=0&token=436475c81b51e6893c740657870f86b7&language=en&debug=1&debugDataPath=https://raw.githubusercontent.com/jygameclub/testdataapi/main/mahjong2date/0525_0523&debugStart=569,https://raw.githubusercontent.com/jygameclub/testdataapi/main/mahjong2date/0525_0523/569.json,https://raw.githubusercontent.com/jygameclub/testdataapi/main/mahjong2date/0525_0523,普通中奖,8.00,0.20,2,1,5,5,5,0,0,否,否,是,1,1,690102,690111,4511779684659592,9476892.0,9476860.0,2段连消/续转 / 金色符号/百搭转换
连消/掉落,596.json,596,75,金色/百搭,https://fish-games.s3.amazonaws.com/MahjongWays2/index.html?env=ceshislot.osshaiwai.com&hasFloat=0&token=436475c81b51e6893c740657870f86b7&language=en&debug=1&debugDataPath=https://raw.githubusercontent.com/jygameclub/testdataapi/main/mahjong2date/0525_0523&debugStart=596,https://raw.githubusercontent.com/jygameclub/testdataapi/main/mahjong2date/0525_0523/596.json,https://raw.githubusercontent.com/jygameclub/testdataapi/main/mahjong2date/0525_0523,普通中奖,8.00,0.20,2,1,5,5,5,0,0,否,否,是,1,0,690497,690501,2011779684722726,9476796.0,9476764.0,2段连消/续转 / 金色符号/百搭转换
连消/掉落,668.json,668,75,金色/百搭,https://fish-games.s3.amazonaws.com/MahjongWays2/index.html?env=ceshislot.osshaiwai.com&hasFloat=0&token=436475c81b51e6893c740657870f86b7&language=en&debug=1&debugDataPath=https://raw.githubusercontent.com/jygameclub/testdataapi/main/mahjong2date/0525_0523&debugStart=668,https://raw.githubusercontent.com/jygameclub/testdataapi/main/mahjong2date/0525_0523/668.json,https://raw.githubusercontent.com/jygameclub/testdataapi/main/mahjong2date/0525_0523,普通中奖,8.00,0.20,2,1,5,5,5,0,0,否,否,是,1,0,692453,692456,7421779685038840,9479816.0,9479784.0,2段连消/续转 / 金色符号/百搭转换
连消/掉落,694.json,694,75,金色/百搭,https://fish-games.s3.amazonaws.com/MahjongWays2/index.html?env=ceshislot.osshaiwai.com&hasFloat=0&token=436475c81b51e6893c740657870f86b7&language=en&debug=1&debugDataPath=https://raw.githubusercontent.com/jygameclub/testdataapi/main/mahjong2date/0525_0523&debugStart=694,https://raw.githubusercontent.com/jygameclub/testdataapi/main/mahjong2date/0525_0523/694.json,https://raw.githubusercontent.com/jygameclub/testdataapi/main/mahjong2date/0525_0523,普通中奖,8.00,0.20,2,1,4,4,4,0,0,否,否,是,1,1,692863,692871,7401779685103173,9479978.0,9479946.0,2段连消/续转 / 金色符号/百搭转换
连消/掉落,782.json,782,75,金色/百搭,https://fish-games.s3.amazonaws.com/MahjongWays2/index.html?env=ceshislot.osshaiwai.com&hasFloat=0&token=436475c81b51e6893c740657870f86b7&language=en&debug=1&debugDataPath=https://raw.githubusercontent.com/jygameclub/testdataapi/main/mahjong2date/0525_0523&debugStart=782,https://raw.githubusercontent.com/jygameclub/testdataapi/main/mahjong2date/0525_0523/782.json,https://raw.githubusercontent.com/jygameclub/testdataapi/main/mahjong2date/0525_0523,普通中奖,8.00,0.20,2,1,5,5,5,0,0,否,否,是,1,1,693851,693860,4721779685259040,9477540.0,9477508.0,2段连消/续转 / 金色符号/百搭转换
连消/掉落,900.json,900,75,金色/百搭,https://fish-games.s3.amazonaws.com/MahjongWays2/index.html?env=ceshislot.osshaiwai.com&hasFloat=0&token=436475c81b51e6893c740657870f86b7&language=en&debug=1&debugDataPath=https://raw.githubusercontent.com/jygameclub/testdataapi/main/mahjong2date/0525_0523&debugStart=900,https://raw.githubusercontent.com/jygameclub/testdataapi/main/mahjong2date/0525_0523/900.json,https://raw.githubusercontent.com/jygameclub/testdataapi/main/mahjong2date/0525_0523,普通中奖,8.00,0.20,2,1,4,4,4,0,0,否,否,是,1,1,696098,696101,6471779685603537,9476100.0,9476068.0,2段连消/续转 / 金色符号/百搭转换
连消/掉落,917.json,917,75,金色/百搭,https://fish-games.s3.amazonaws.com/MahjongWays2/index.html?env=ceshislot.osshaiwai.com&hasFloat=0&token=436475c81b51e6893c740657870f86b7&language=en&debug=1&debugDataPath=https://raw.githubusercontent.com/jygameclub/testdataapi/main/mahjong2date/0525_0523&debugStart=917,https://raw.githubusercontent.com/jygameclub/testdataapi/main/mahjong2date/0525_0523/917.json,https://raw.githubusercontent.com/jygameclub/testdataapi/main/mahjong2date/0525_0523,普通中奖,8.00,0.20,2,1,5,5,5,0,0,否,否,是,1,0,696298,696299,9181779685637371,9475704.0,9475672.0,2段连消/续转 / 金色符号/百搭转换
连消/掉落,965.json,965,75,金色/百搭,https://fish-games.s3.amazonaws.com/MahjongWays2/index.html?env=ceshislot.osshaiwai.com&hasFloat=0&token=436475c81b51e6893c740657870f86b7&language=en&debug=1&debugDataPath=https://raw.githubusercontent.com/jygameclub/testdataapi/main/mahjong2date/0525_0523&debugStart=965,https://raw.githubusercontent.com/jygameclub/testdataapi/main/mahjong2date/0525_0523/965.json,https://raw.githubusercontent.com/jygameclub/testdataapi/main/mahjong2date/0525_0523,普通中奖,8.00,0.20,2,1,4,4,4,0,0,否,否,是,1,1,696490,696493,9921779685863602,9478108.0,9478076.0,2段连消/续转 / 金色符号/百搭转换
连消/掉落,966.json,966,75,金色/百搭,https://fish-games.s3.amazonaws.com/MahjongWays2/index.html?env=ceshislot.osshaiwai.com&hasFloat=0&token=436475c81b51e6893c740657870f86b7&language=en&debug=1&debugDataPath=https://raw.githubusercontent.com/jygameclub/testdataapi/main/mahjong2date/0525_0523&debugStart=966,https://raw.githubusercontent.com/jygameclub/testdataapi/main/mahjong2date/0525_0523/966.json,https://raw.githubusercontent.com/jygameclub/testdataapi/main/mahjong2date/0525_0523,普通中奖,8.00,0.20,2,1,5,5,5,0,0,否,否,是,1,0,696495,696496,8171779685867352,9478076.0,9478044.0,2段连消/续转 / 金色符号/百搭转换
连消/掉落,1000.json,1000,75,金色/百搭,https://fish-games.s3.amazonaws.com/MahjongWays2/index.html?env=ceshislot.osshaiwai.com&hasFloat=0&token=436475c81b51e6893c740657870f86b7&language=en&debug=1&debugDataPath=https://raw.githubusercontent.com/jygameclub/testdataapi/main/mahjong2date/0525_0523&debugStart=1000,https://raw.githubusercontent.com/jygameclub/testdataapi/main/mahjong2date/0525_0523/1000.json,https://raw.githubusercontent.com/jygameclub/testdataapi/main/mahjong2date/0525_0523,普通中奖,8.00,0.20,2,1,5,5,5,0,0,否,否,是,1,0,696679,696680,7981779686145400,9477964.0,9477932.0,2段连消/续转 / 金色符号/百搭转换
连消/掉落,154.json,154,75,金色/百搭,https://fish-games.s3.amazonaws.com/MahjongWays2/index.html?env=ceshislot.osshaiwai.com&hasFloat=0&token=436475c81b51e6893c740657870f86b7&language=en&debug=1&debugDataPath=https://raw.githubusercontent.com/jygameclub/testdataapi/main/mahjong2date/0525_0523&debugStart=154,https://raw.githubusercontent.com/jygameclub/testdataapi/main/mahjong2date/0525_0523/154.json,https://raw.githubusercontent.com/jygameclub/testdataapi/main/mahjong2date/0525_0523,普通中奖,6.00,0.15,2,1,5,5,5,0,0,否,否,是,1,1,684224,684225,8461779682865725,9482318.0,9482284.0,2段连消/续转 / 金色符号/百搭转换
连消/掉落,197.json,197,75,金色/百搭,https://fish-games.s3.amazonaws.com/MahjongWays2/index.html?env=ceshislot.osshaiwai.com&hasFloat=0&token=436475c81b51e6893c740657870f86b7&language=en&debug=1&debugDataPath=https://raw.githubusercontent.com/jygameclub/testdataapi/main/mahjong2date/0525_0523&debugStart=197,https://raw.githubusercontent.com/jygameclub/testdataapi/main/mahjong2date/0525_0523/197.json,https://raw.githubusercontent.com/jygameclub/testdataapi/main/mahjong2date/0525_0523,普通中奖,6.00,0.15,2,1,5,5,5,0,0,否,否,是,1,2,684290,684291,4611779682936108,9480818.0,9480784.0,2段连消/续转 / 金色符号/百搭转换
连消/掉落,220.json,220,75,金色/百搭,https://fish-games.s3.amazonaws.com/MahjongWays2/index.html?env=ceshislot.osshaiwai.com&hasFloat=0&token=436475c81b51e6893c740657870f86b7&language=en&debug=1&debugDataPath=https://raw.githubusercontent.com/jygameclub/testdataapi/main/mahjong2date/0525_0523&debugStart=220,https://raw.githubusercontent.com/jygameclub/testdataapi/main/mahjong2date/0525_0523/220.json,https://raw.githubusercontent.com/jygameclub/testdataapi/main/mahjong2date/0525_0523,普通中奖,6.00,0.15,2,1,2,3,3,1,1,否,否,是,1,0,684340,684341,2161779682987574,9480578.0,9480544.0,2段连消/续转 / 金色符号/百搭转换
连消/掉落,249.json,249,75,金色/百搭,https://fish-games.s3.amazonaws.com/MahjongWays2/index.html?env=ceshislot.osshaiwai.com&hasFloat=0&token=436475c81b51e6893c740657870f86b7&language=en&debug=1&debugDataPath=https://raw.githubusercontent.com/jygameclub/testdataapi/main/mahjong2date/0525_0523&debugStart=249,https://raw.githubusercontent.com/jygameclub/testdataapi/main/mahjong2date/0525_0523/249.json,https://raw.githubusercontent.com/jygameclub/testdataapi/main/mahjong2date/0525_0523,普通中奖,6.00,0.15,2,1,3,3,3,0,0,否,否,是,1,2,684392,684394,9581779683032457,9479500.0,9479466.0,2段连消/续转 / 金色符号/百搭转换
连消/掉落,283.json,283,75,金色/百搭,https://fish-games.s3.amazonaws.com/MahjongWays2/index.html?env=ceshislot.osshaiwai.com&hasFloat=0&token=436475c81b51e6893c740657870f86b7&language=en&debug=1&debugDataPath=https://raw.githubusercontent.com/jygameclub/testdataapi/main/mahjong2date/0525_0523&debugStart=283,https://raw.githubusercontent.com/jygameclub/testdataapi/main/mahjong2date/0525_0523/283.json,https://raw.githubusercontent.com/jygameclub/testdataapi/main/mahjong2date/0525_0523,普通中奖,6.00,0.15,2,1,5,5,5,0,0,否,否,是,1,0,684453,684454,5151779683090025,9478412.0,9478378.0,2段连消/续转 / 金色符号/百搭转换
连消/掉落,525.json,525,75,金色/百搭,https://fish-games.s3.amazonaws.com/MahjongWays2/index.html?env=ceshislot.osshaiwai.com&hasFloat=0&token=436475c81b51e6893c740657870f86b7&language=en&debug=1&debugDataPath=https://raw.githubusercontent.com/jygameclub/testdataapi/main/mahjong2date/0525_0523&debugStart=525,https://raw.githubusercontent.com/jygameclub/testdataapi/main/mahjong2date/0525_0523/525.json,https://raw.githubusercontent.com/jygameclub/testdataapi/main/mahjong2date/0525_0523,普通中奖,6.00,0.15,2,1,4,4,4,0,0,否,否,是,1,0,687559,687562,4751779684194505,9476270.0,9476236.0,2段连消/续转 / 金色符号/百搭转换
连消/掉落,538.json,538,75,金色/百搭,https://fish-games.s3.amazonaws.com/MahjongWays2/index.html?env=ceshislot.osshaiwai.com&hasFloat=0&token=436475c81b51e6893c740657870f86b7&language=en&debug=1&debugDataPath=https://raw.githubusercontent.com/jygameclub/testdataapi/main/mahjong2date/0525_0523&debugStart=538,https://raw.githubusercontent.com/jygameclub/testdataapi/main/mahjong2date/0525_0523/538.json,https://raw.githubusercontent.com/jygameclub/testdataapi/main/mahjong2date/0525_0523,普通中奖,6.00,0.15,2,1,5,5,5,0,0,否,否,是,1,2,689562,689564,9401779684570592,9476090.0,9476056.0,2段连消/续转 / 金色符号/百搭转换
连消/掉落,551.json,551,75,金色/百搭,https://fish-games.s3.amazonaws.com/MahjongWays2/index.html?env=ceshislot.osshaiwai.com&hasFloat=0&token=436475c81b51e6893c740657870f86b7&language=en&debug=1&debugDataPath=https://raw.githubusercontent.com/jygameclub/testdataapi/main/mahjong2date/0525_0523&debugStart=551,https://raw.githubusercontent.com/jygameclub/testdataapi/main/mahjong2date/0525_0523/551.json,https://raw.githubusercontent.com/jygameclub/testdataapi/main/mahjong2date/0525_0523,普通中奖,6.00,0.15,2,1,3,3,3,0,0,否,否,是,1,1,689777,689786,2351779684606609,9476136.0,9476102.0,2段连消/续转 / 金色符号/百搭转换
连消/掉落,604.json,604,75,金色/百搭,https://fish-games.s3.amazonaws.com/MahjongWays2/index.html?env=ceshislot.osshaiwai.com&hasFloat=0&token=436475c81b51e6893c740657870f86b7&language=en&debug=1&debugDataPath=https://raw.githubusercontent.com/jygameclub/testdataapi/main/mahjong2date/0525_0523&debugStart=604,https://raw.githubusercontent.com/jygameclub/testdataapi/main/mahjong2date/0525_0523/604.json,https://raw.githubusercontent.com/jygameclub/testdataapi/main/mahjong2date/0525_0523,普通中奖,6.00,0.15,2,1,4,4,4,0,0,否,否,是,1,0,690570,690573,8941779684734377,9476496.0,9476462.0,2段连消/续转 / 金色符号/百搭转换
连消/掉落,681.json,681,75,金色/百搭,https://fish-games.s3.amazonaws.com/MahjongWays2/index.html?env=ceshislot.osshaiwai.com&hasFloat=0&token=436475c81b51e6893c740657870f86b7&language=en&debug=1&debugDataPath=https://raw.githubusercontent.com/jygameclub/testdataapi/main/mahjong2date/0525_0523&debugStart=681,https://raw.githubusercontent.com/jygameclub/testdataapi/main/mahjong2date/0525_0523/681.json,https://raw.githubusercontent.com/jygameclub/testdataapi/main/mahjong2date/0525_0523,普通中奖,6.00,0.15,2,1,5,5,5,0,0,否,否,是,1,2,692692,692701,6841779685076906,9480280.0,9480246.0,2段连消/续转 / 金色符号/百搭转换
连消/掉落,714.json,714,75,金色/百搭,https://fish-games.s3.amazonaws.com/MahjongWays2/index.html?env=ceshislot.osshaiwai.com&hasFloat=0&token=436475c81b51e6893c740657870f86b7&language=en&debug=1&debugDataPath=https://raw.githubusercontent.com/jygameclub/testdataapi/main/mahjong2date/0525_0523&debugStart=714,https://raw.githubusercontent.com/jygameclub/testdataapi/main/mahjong2date/0525_0523/714.json,https://raw.githubusercontent.com/jygameclub/testdataapi/main/mahjong2date/0525_0523,普通中奖,6.00,0.15,2,1,5,5,5,0,0,否,否,是,1,0,693080,693083,5091779685136806,9479318.0,9479284.0,2段连消/续转 / 金色符号/百搭转换
连消/掉落,725.json,725,75,金色/百搭,https://fish-games.s3.amazonaws.com/MahjongWays2/index.html?env=ceshislot.osshaiwai.com&hasFloat=0&token=436475c81b51e6893c740657870f86b7&language=en&debug=1&debugDataPath=https://raw.githubusercontent.com/jygameclub/testdataapi/main/mahjong2date/0525_0523&debugStart=725,https://raw.githubusercontent.com/jygameclub/testdataapi/main/mahjong2date/0525_0523/725.json,https://raw.githubusercontent.com/jygameclub/testdataapi/main/mahjong2date/0525_0523,普通中奖,6.00,0.15,2,1,4,4,4,0,0,否,否,是,1,0,693183,693186,8521779685152740,9478900.0,9478866.0,2段连消/续转 / 金色符号/百搭转换
连消/掉落,814.json,814,75,金色/百搭,https://fish-games.s3.amazonaws.com/MahjongWays2/index.html?env=ceshislot.osshaiwai.com&hasFloat=0&token=436475c81b51e6893c740657870f86b7&language=en&debug=1&debugDataPath=https://raw.githubusercontent.com/jygameclub/testdataapi/main/mahjong2date/0525_0523&debugStart=814,https://raw.githubusercontent.com/jygameclub/testdataapi/main/mahjong2date/0525_0523/814.json,https://raw.githubusercontent.com/jygameclub/testdataapi/main/mahjong2date/0525_0523,普通中奖,6.00,0.15,2,1,7,7,7,0,0,否,否,是,2,0,694960,694964,8451779685436687,9477508.0,9477474.0,2段连消/续转 / 金色符号/百搭转换
连消/掉落,816.json,816,75,金色/百搭,https://fish-games.s3.amazonaws.com/MahjongWays2/index.html?env=ceshislot.osshaiwai.com&hasFloat=0&token=436475c81b51e6893c740657870f86b7&language=en&debug=1&debugDataPath=https://raw.githubusercontent.com/jygameclub/testdataapi/main/mahjong2date/0525_0523&debugStart=816,https://raw.githubusercontent.com/jygameclub/testdataapi/main/mahjong2date/0525_0523/816.json,https://raw.githubusercontent.com/jygameclub/testdataapi/main/mahjong2date/0525_0523,普通中奖,6.00,0.15,2,1,3,3,3,0,0,否,否,是,1,0,694988,694991,2711779685440754,9477434.0,9477400.0,2段连消/续转 / 金色符号/百搭转换
连消/掉落,826.json,826,75,金色/百搭,https://fish-games.s3.amazonaws.com/MahjongWays2/index.html?env=ceshislot.osshaiwai.com&hasFloat=0&token=436475c81b51e6893c740657870f86b7&language=en&debug=1&debugDataPath=https://raw.githubusercontent.com/jygameclub/testdataapi/main/mahjong2date/0525_0523&debugStart=826,https://raw.githubusercontent.com/jygameclub/testdataapi/main/mahjong2date/0525_0523/826.json,https://raw.githubusercontent.com/jygameclub/testdataapi/main/mahjong2date/0525_0523,普通中奖,6.00,0.15,2,1,5,5,5,0,0,否,否,是,1,0,695103,695106,1781779685457438,9477086.0,9477052.0,2段连消/续转 / 金色符号/百搭转换
连消/掉落,862.json,862,75,金色/百搭,https://fish-games.s3.amazonaws.com/MahjongWays2/index.html?env=ceshislot.osshaiwai.com&hasFloat=0&token=436475c81b51e6893c740657870f86b7&language=en&debug=1&debugDataPath=https://raw.githubusercontent.com/jygameclub/testdataapi/main/mahjong2date/0525_0523&debugStart=862,https://raw.githubusercontent.com/jygameclub/testdataapi/main/mahjong2date/0525_0523/862.json,https://raw.githubusercontent.com/jygameclub/testdataapi/main/mahjong2date/0525_0523,普通中奖,6.00,0.15,2,1,5,5,5,0,0,否,否,是,1,0,695555,695559,3701779685524103,9476578.0,9476544.0,2段连消/续转 / 金色符号/百搭转换
连消/掉落,909.json,909,75,金色/百搭,https://fish-games.s3.amazonaws.com/MahjongWays2/index.html?env=ceshislot.osshaiwai.com&hasFloat=0&token=436475c81b51e6893c740657870f86b7&language=en&debug=1&debugDataPath=https://raw.githubusercontent.com/jygameclub/testdataapi/main/mahjong2date/0525_0523&debugStart=909,https://raw.githubusercontent.com/jygameclub/testdataapi/main/mahjong2date/0525_0523/909.json,https://raw.githubusercontent.com/jygameclub/testdataapi/main/mahjong2date/0525_0523,普通中奖,6.00,0.15,2,1,5,5,5,0,0,否,否,是,1,1,696216,696225,3791779685621320,9475930.0,9475896.0,2段连消/续转 / 金色符号/百搭转换
连消/掉落,920.json,920,75,金色/百搭,https://fish-games.s3.amazonaws.com/MahjongWays2/index.html?env=ceshislot.osshaiwai.com&hasFloat=0&token=436475c81b51e6893c740657870f86b7&language=en&debug=1&debugDataPath=https://raw.githubusercontent.com/jygameclub/testdataapi/main/mahjong2date/0525_0523&debugStart=920,https://raw.githubusercontent.com/jygameclub/testdataapi/main/mahjong2date/0525_0523/920.json,https://raw.githubusercontent.com/jygameclub/testdataapi/main/mahjong2date/0525_0523,普通中奖,6.00,0.15,2,1,5,5,5,0,0,否,否,是,1,0,696305,696306,1941779685644170,9475604.0,9475570.0,2段连消/续转 / 金色符号/百搭转换
连消/掉落,925.json,925,75,金色/百搭,https://fish-games.s3.amazonaws.com/MahjongWays2/index.html?env=ceshislot.osshaiwai.com&hasFloat=0&token=436475c81b51e6893c740657870f86b7&language=en&debug=1&debugDataPath=https://raw.githubusercontent.com/jygameclub/testdataapi/main/mahjong2date/0525_0523&debugStart=925,https://raw.githubusercontent.com/jygameclub/testdataapi/main/mahjong2date/0525_0523/925.json,https://raw.githubusercontent.com/jygameclub/testdataapi/main/mahjong2date/0525_0523,普通中奖,6.00,0.15,2,1,4,5,5,1,1,否,否,是,1,1,696318,696320,4871779685652720,9475442.0,9475408.0,2段连消/续转 / 金色符号/百搭转换
连消/掉落,993.json,993,75,金色/百搭,https://fish-games.s3.amazonaws.com/MahjongWays2/index.html?env=ceshislot.osshaiwai.com&hasFloat=0&token=436475c81b51e6893c740657870f86b7&language=en&debug=1&debugDataPath=https://raw.githubusercontent.com/jygameclub/testdataapi/main/mahjong2date/0525_0523&debugStart=993,https://raw.githubusercontent.com/jygameclub/testdataapi/main/mahjong2date/0525_0523/993.json,https://raw.githubusercontent.com/jygameclub/testdataapi/main/mahjong2date/0525_0523,普通中奖,6.00,0.15,2,1,3,3,3,0,0,否,否,是,1,1,696664,696665,2271779686132585,9478194.0,9478160.0,2段连消/续转 / 金色符号/百搭转换
连消/掉落,006.json,6,75,金色/百搭,https://fish-games.s3.amazonaws.com/MahjongWays2/index.html?env=ceshislot.osshaiwai.com&hasFloat=0&token=436475c81b51e6893c740657870f86b7&language=en&debug=1&debugDataPath=https://raw.githubusercontent.com/jygameclub/testdataapi/main/mahjong2date/0525_0523&debugStart=6,https://raw.githubusercontent.com/jygameclub/testdataapi/main/mahjong2date/0525_0523/006.json,https://raw.githubusercontent.com/jygameclub/testdataapi/main/mahjong2date/0525_0523,普通中奖,4.00,0.10,2,1,4,4,4,0,0,否,否,是,1,0,683907,683908,8251779682539872,9484616.0,9484580.0,2段连消/续转 / 金色符号/百搭转换
连消/掉落,030.json,30,75,金色/百搭,https://fish-games.s3.amazonaws.com/MahjongWays2/index.html?env=ceshislot.osshaiwai.com&hasFloat=0&token=436475c81b51e6893c740657870f86b7&language=en&debug=1&debugDataPath=https://raw.githubusercontent.com/jygameclub/testdataapi/main/mahjong2date/0525_0523&debugStart=30,https://raw.githubusercontent.com/jygameclub/testdataapi/main/mahjong2date/0525_0523/030.json,https://raw.githubusercontent.com/jygameclub/testdataapi/main/mahjong2date/0525_0523,普通中奖,4.00,0.10,2,1,4,4,4,0,0,否,否,是,1,0,683959,683960,1771779682591693,9484678.0,9484642.0,2段连消/续转 / 金色符号/百搭转换
连消/掉落,031.json,31,75,金色/百搭,https://fish-games.s3.amazonaws.com/MahjongWays2/index.html?env=ceshislot.osshaiwai.com&hasFloat=0&token=436475c81b51e6893c740657870f86b7&language=en&debug=1&debugDataPath=https://raw.githubusercontent.com/jygameclub/testdataapi/main/mahjong2date/0525_0523&debugStart=31,https://raw.githubusercontent.com/jygameclub/testdataapi/main/mahjong2date/0525_0523/031.json,https://raw.githubusercontent.com/jygameclub/testdataapi/main/mahjong2date/0525_0523,普通中奖,4.00,0.10,2,1,3,3,3,0,0,否,否,是,1,1,683962,683963,7211779682594343,9484642.0,9484606.0,2段连消/续转 / 金色符号/百搭转换
连消/掉落,038.json,38,75,金色/百搭,https://fish-games.s3.amazonaws.com/MahjongWays2/index.html?env=ceshislot.osshaiwai.com&hasFloat=0&token=436475c81b51e6893c740657870f86b7&language=en&debug=1&debugDataPath=https://raw.githubusercontent.com/jygameclub/testdataapi/main/mahjong2date/0525_0523&debugStart=38,https://raw.githubusercontent.com/jygameclub/testdataapi/main/mahjong2date/0525_0523/038.json,https://raw.githubusercontent.com/jygameclub/testdataapi/main/mahjong2date/0525_0523,普通中奖,4.00,0.10,2,1,4,4,4,0,0,否,否,是,1,0,683982,683984,5231779682614360,9484638.0,9484602.0,2段连消/续转 / 金色符号/百搭转换
连消/掉落,048.json,48,75,金色/百搭,https://fish-games.s3.amazonaws.com/MahjongWays2/index.html?env=ceshislot.osshaiwai.com&hasFloat=0&token=436475c81b51e6893c740657870f86b7&language=en&debug=1&debugDataPath=https://raw.githubusercontent.com/jygameclub/testdataapi/main/mahjong2date/0525_0523&debugStart=48,https://raw.githubusercontent.com/jygameclub/testdataapi/main/mahjong2date/0525_0523/048.json,https://raw.githubusercontent.com/jygameclub/testdataapi/main/mahjong2date/0525_0523,普通中奖,4.00,0.10,2,1,4,4,4,0,0,否,否,是,1,0,684000,684001,2451779682630761,9484286.0,9484250.0,2段连消/续转 / 金色符号/百搭转换
连消/掉落,057.json,57,75,金色/百搭,https://fish-games.s3.amazonaws.com/MahjongWays2/index.html?env=ceshislot.osshaiwai.com&hasFloat=0&token=436475c81b51e6893c740657870f86b7&language=en&debug=1&debugDataPath=https://raw.githubusercontent.com/jygameclub/testdataapi/main/mahjong2date/0525_0523&debugStart=57,https://raw.githubusercontent.com/jygameclub/testdataapi/main/mahjong2date/0525_0523/057.json,https://raw.githubusercontent.com/jygameclub/testdataapi/main/mahjong2date/0525_0523,普通中奖,4.00,0.10,2,1,4,4,4,0,0,否,否,是,1,0,684020,684021,7541779682652109,9484082.0,9484046.0,2段连消/续转 / 金色符号/百搭转换
连消/掉落,078.json,78,75,金色/百搭,https://fish-games.s3.amazonaws.com/MahjongWays2/index.html?env=ceshislot.osshaiwai.com&hasFloat=0&token=436475c81b51e6893c740657870f86b7&language=en&debug=1&debugDataPath=https://raw.githubusercontent.com/jygameclub/testdataapi/main/mahjong2date/0525_0523&debugStart=78,https://raw.githubusercontent.com/jygameclub/testdataapi/main/mahjong2date/0525_0523/078.json,https://raw.githubusercontent.com/jygameclub/testdataapi/main/mahjong2date/0525_0523,普通中奖,4.00,0.10,2,1,4,4,4,0,0,否,否,是,1,1,684078,684080,6811779682711843,9483848.0,9483812.0,2段连消/续转 / 金色符号/百搭转换
连消/掉落,139.json,139,75,金色/百搭,https://fish-games.s3.amazonaws.com/MahjongWays2/index.html?env=ceshislot.osshaiwai.com&hasFloat=0&token=436475c81b51e6893c740657870f86b7&language=en&debug=1&debugDataPath=https://raw.githubusercontent.com/jygameclub/testdataapi/main/mahjong2date/0525_0523&debugStart=139,https://raw.githubusercontent.com/jygameclub/testdataapi/main/mahjong2date/0525_0523/139.json,https://raw.githubusercontent.com/jygameclub/testdataapi/main/mahjong2date/0525_0523,普通中奖,4.00,0.10,2,1,4,4,4,0,0,否,否,是,1,1,684192,684193,8321779682830475,9482186.0,9482150.0,2段连消/续转 / 金色符号/百搭转换
连消/掉落,165.json,165,75,金色/百搭,https://fish-games.s3.amazonaws.com/MahjongWays2/index.html?env=ceshislot.osshaiwai.com&hasFloat=0&token=436475c81b51e6893c740657870f86b7&language=en&debug=1&debugDataPath=https://raw.githubusercontent.com/jygameclub/testdataapi/main/mahjong2date/0525_0523&debugStart=165,https://raw.githubusercontent.com/jygameclub/testdataapi/main/mahjong2date/0525_0523/165.json,https://raw.githubusercontent.com/jygameclub/testdataapi/main/mahjong2date/0525_0523,普通中奖,4.00,0.10,2,1,4,4,4,0,0,否,否,是,1,0,684239,684240,9361779682884960,9481964.0,9481928.0,2段连消/续转 / 金色符号/百搭转换
连消/掉落,181.json,181,75,金色/百搭,https://fish-games.s3.amazonaws.com/MahjongWays2/index.html?env=ceshislot.osshaiwai.com&hasFloat=0&token=436475c81b51e6893c740657870f86b7&language=en&debug=1&debugDataPath=https://raw.githubusercontent.com/jygameclub/testdataapi/main/mahjong2date/0525_0523&debugStart=181,https://raw.githubusercontent.com/jygameclub/testdataapi/main/mahjong2date/0525_0523/181.json,https://raw.githubusercontent.com/jygameclub/testdataapi/main/mahjong2date/0525_0523,普通中奖,4.00,0.10,2,1,4,4,4,0,0,否,否,是,1,2,684268,684269,8191779682911659,9481390.0,9481354.0,2段连消/续转 / 金色符号/百搭转换
连消/掉落,224.json,224,75,金色/百搭,https://fish-games.s3.amazonaws.com/MahjongWays2/index.html?env=ceshislot.osshaiwai.com&hasFloat=0&token=436475c81b51e6893c740657870f86b7&language=en&debug=1&debugDataPath=https://raw.githubusercontent.com/jygameclub/testdataapi/main/mahjong2date/0525_0523&debugStart=224,https://raw.githubusercontent.com/jygameclub/testdataapi/main/mahjong2date/0525_0523/224.json,https://raw.githubusercontent.com/jygameclub/testdataapi/main/mahjong2date/0525_0523,普通中奖,4.00,0.10,2,1,4,4,4,0,0,否,否,是,1,0,684347,684348,1901779682993874,9480424.0,9480388.0,2段连消/续转 / 金色符号/百搭转换
连消/掉落,245.json,245,75,金色/百搭,https://fish-games.s3.amazonaws.com/MahjongWays2/index.html?env=ceshislot.osshaiwai.com&hasFloat=0&token=436475c81b51e6893c740657870f86b7&language=en&debug=1&debugDataPath=https://raw.githubusercontent.com/jygameclub/testdataapi/main/mahjong2date/0525_0523&debugStart=245,https://raw.githubusercontent.com/jygameclub/testdataapi/main/mahjong2date/0525_0523/245.json,https://raw.githubusercontent.com/jygameclub/testdataapi/main/mahjong2date/0525_0523,普通中奖,4.00,0.10,2,1,4,4,4,0,0,否,否,是,1,0,684381,684382,1911779683021742,9479612.0,9479576.0,2段连消/续转 / 金色符号/百搭转换
连消/掉落,269.json,269,75,金色/百搭,https://fish-games.s3.amazonaws.com/MahjongWays2/index.html?env=ceshislot.osshaiwai.com&hasFloat=0&token=436475c81b51e6893c740657870f86b7&language=en&debug=1&debugDataPath=https://raw.githubusercontent.com/jygameclub/testdataapi/main/mahjong2date/0525_0523&debugStart=269,https://raw.githubusercontent.com/jygameclub/testdataapi/main/mahjong2date/0525_0523/269.json,https://raw.githubusercontent.com/jygameclub/testdataapi/main/mahjong2date/0525_0523,普通中奖,4.00,0.10,2,1,3,3,3,0,0,否,否,是,1,0,684428,684429,6881779683068575,9478928.0,9478892.0,2段连消/续转 / 金色符号/百搭转换
连消/掉落,277.json,277,75,金色/百搭,https://fish-games.s3.amazonaws.com/MahjongWays2/index.html?env=ceshislot.osshaiwai.com&hasFloat=0&token=436475c81b51e6893c740657870f86b7&language=en&debug=1&debugDataPath=https://raw.githubusercontent.com/jygameclub/testdataapi/main/mahjong2date/0525_0523&debugStart=277,https://raw.githubusercontent.com/jygameclub/testdataapi/main/mahjong2date/0525_0523/277.json,https://raw.githubusercontent.com/jygameclub/testdataapi/main/mahjong2date/0525_0523,普通中奖,4.00,0.10,2,1,3,3,3,0,0,否,否,是,1,1,684443,684444,4021779683081607,9478648.0,9478612.0,2段连消/续转 / 金色符号/百搭转换
连消/掉落,328.json,328,75,金色/百搭,https://fish-games.s3.amazonaws.com/MahjongWays2/index.html?env=ceshislot.osshaiwai.com&hasFloat=0&token=436475c81b51e6893c740657870f86b7&language=en&debug=1&debugDataPath=https://raw.githubusercontent.com/jygameclub/testdataapi/main/mahjong2date/0525_0523&debugStart=328,https://raw.githubusercontent.com/jygameclub/testdataapi/main/mahjong2date/0525_0523/328.json,https://raw.githubusercontent.com/jygameclub/testdataapi/main/mahjong2date/0525_0523,普通中奖,4.00,0.10,2,1,4,4,4,0,0,否,否,是,1,1,684533,684534,8671779683167790,9477538.0,9477502.0,2段连消/续转 / 金色符号/百搭转换
连消/掉落,377.json,377,75,金色/百搭,https://fish-games.s3.amazonaws.com/MahjongWays2/index.html?env=ceshislot.osshaiwai.com&hasFloat=0&token=436475c81b51e6893c740657870f86b7&language=en&debug=1&debugDataPath=https://raw.githubusercontent.com/jygameclub/testdataapi/main/mahjong2date/0525_0523&debugStart=377,https://raw.githubusercontent.com/jygameclub/testdataapi/main/mahjong2date/0525_0523/377.json,https://raw.githubusercontent.com/jygameclub/testdataapi/main/mahjong2date/0525_0523,普通中奖,4.00,0.10,2,1,4,4,4,0,0,否,否,是,1,0,684699,684700,2841779683559124,9476994.0,9476958.0,2段连消/续转 / 金色符号/百搭转换
连消/掉落,432.json,432,75,金色/百搭,https://fish-games.s3.amazonaws.com/MahjongWays2/index.html?env=ceshislot.osshaiwai.com&hasFloat=0&token=436475c81b51e6893c740657870f86b7&language=en&debug=1&debugDataPath=https://raw.githubusercontent.com/jygameclub/testdataapi/main/mahjong2date/0525_0523&debugStart=432,https://raw.githubusercontent.com/jygameclub/testdataapi/main/mahjong2date/0525_0523/432.json,https://raw.githubusercontent.com/jygameclub/testdataapi/main/mahjong2date/0525_0523,普通中奖,4.00,0.10,2,1,4,4,4,0,0,否,否,是,1,1,684927,684928,3861779683755974,9476164.0,9476128.0,2段连消/续转 / 金色符号/百搭转换
连消/掉落,449.json,449,75,金色/百搭,https://fish-games.s3.amazonaws.com/MahjongWays2/index.html?env=ceshislot.osshaiwai.com&hasFloat=0&token=436475c81b51e6893c740657870f86b7&language=en&debug=1&debugDataPath=https://raw.githubusercontent.com/jygameclub/testdataapi/main/mahjong2date/0525_0523&debugStart=449,https://raw.githubusercontent.com/jygameclub/testdataapi/main/mahjong2date/0525_0523/449.json,https://raw.githubusercontent.com/jygameclub/testdataapi/main/mahjong2date/0525_0523,普通中奖,4.00,0.10,2,1,4,4,4,0,0,否,否,是,1,0,686226,686230,1731779683982338,9478654.0,9478618.0,2段连消/续转 / 金色符号/百搭转换
连消/掉落,474.json,474,75,金色/百搭,https://fish-games.s3.amazonaws.com/MahjongWays2/index.html?env=ceshislot.osshaiwai.com&hasFloat=0&token=436475c81b51e6893c740657870f86b7&language=en&debug=1&debugDataPath=https://raw.githubusercontent.com/jygameclub/testdataapi/main/mahjong2date/0525_0523&debugStart=474,https://raw.githubusercontent.com/jygameclub/testdataapi/main/mahjong2date/0525_0523/474.json,https://raw.githubusercontent.com/jygameclub/testdataapi/main/mahjong2date/0525_0523,普通中奖,4.00,0.10,2,1,4,4,4,0,0,否,否,是,1,0,686536,686539,7391779684029754,9478000.0,9477964.0,2段连消/续转 / 金色符号/百搭转换
连消/掉落,505.json,505,75,金色/百搭,https://fish-games.s3.amazonaws.com/MahjongWays2/index.html?env=ceshislot.osshaiwai.com&hasFloat=0&token=436475c81b51e6893c740657870f86b7&language=en&debug=1&debugDataPath=https://raw.githubusercontent.com/jygameclub/testdataapi/main/mahjong2date/0525_0523&debugStart=505,https://raw.githubusercontent.com/jygameclub/testdataapi/main/mahjong2date/0525_0523/505.json,https://raw.githubusercontent.com/jygameclub/testdataapi/main/mahjong2date/0525_0523,普通中奖,4.00,0.10,2,1,4,4,4,0,0,否,否,是,1,1,687343,687352,2671779684161603,9477018.0,9476982.0,2段连消/续转 / 金色符号/百搭转换
连消/掉落,539.json,539,75,金色/百搭,https://fish-games.s3.amazonaws.com/MahjongWays2/index.html?env=ceshislot.osshaiwai.com&hasFloat=0&token=436475c81b51e6893c740657870f86b7&language=en&debug=1&debugDataPath=https://raw.githubusercontent.com/jygameclub/testdataapi/main/mahjong2date/0525_0523&debugStart=539,https://raw.githubusercontent.com/jygameclub/testdataapi/main/mahjong2date/0525_0523/539.json,https://raw.githubusercontent.com/jygameclub/testdataapi/main/mahjong2date/0525_0523,普通中奖,4.00,0.10,2,1,4,4,4,0,0,否,否,是,1,1,689576,689584,2421779684573359,9476056.0,9476020.0,2段连消/续转 / 金色符号/百搭转换
连消/掉落,635.json,635,75,金色/百搭,https://fish-games.s3.amazonaws.com/MahjongWays2/index.html?env=ceshislot.osshaiwai.com&hasFloat=0&token=436475c81b51e6893c740657870f86b7&language=en&debug=1&debugDataPath=https://raw.githubusercontent.com/jygameclub/testdataapi/main/mahjong2date/0525_0523&debugStart=635,https://raw.githubusercontent.com/jygameclub/testdataapi/main/mahjong2date/0525_0523/635.json,https://raw.githubusercontent.com/jygameclub/testdataapi/main/mahjong2date/0525_0523,普通中奖,4.00,0.10,2,1,4,4,4,0,0,否,否,是,1,0,691639,691642,7511779684907191,9479884.0,9479848.0,2段连消/续转 / 金色符号/百搭转换
连消/掉落,698.json,698,75,金色/百搭,https://fish-games.s3.amazonaws.com/MahjongWays2/index.html?env=ceshislot.osshaiwai.com&hasFloat=0&token=436475c81b51e6893c740657870f86b7&language=en&debug=1&debugDataPath=https://raw.githubusercontent.com/jygameclub/testdataapi/main/mahjong2date/0525_0523&debugStart=698,https://raw.githubusercontent.com/jygameclub/testdataapi/main/mahjong2date/0525_0523/698.json,https://raw.githubusercontent.com/jygameclub/testdataapi/main/mahjong2date/0525_0523,普通中奖,4.00,0.10,2,1,4,4,4,0,0,否,否,是,1,0,692964,692967,2891779685119606,9479936.0,9479900.0,2段连消/续转 / 金色符号/百搭转换
连消/掉落,715.json,715,75,金色/百搭,https://fish-games.s3.amazonaws.com/MahjongWays2/index.html?env=ceshislot.osshaiwai.com&hasFloat=0&token=436475c81b51e6893c740657870f86b7&language=en&debug=1&debugDataPath=https://raw.githubusercontent.com/jygameclub/testdataapi/main/mahjong2date/0525_0523&debugStart=715,https://raw.githubusercontent.com/jygameclub/testdataapi/main/mahjong2date/0525_0523/715.json,https://raw.githubusercontent.com/jygameclub/testdataapi/main/mahjong2date/0525_0523,普通中奖,4.00,0.10,2,1,4,4,4,0,0,否,否,是,1,1,693099,693107,8761779685139472,9479284.0,9479248.0,2段连消/续转 / 金色符号/百搭转换
连消/掉落,747.json,747,75,金色/百搭,https://fish-games.s3.amazonaws.com/MahjongWays2/index.html?env=ceshislot.osshaiwai.com&hasFloat=0&token=436475c81b51e6893c740657870f86b7&language=en&debug=1&debugDataPath=https://raw.githubusercontent.com/jygameclub/testdataapi/main/mahjong2date/0525_0523&debugStart=747,https://raw.githubusercontent.com/jygameclub/testdataapi/main/mahjong2date/0525_0523/747.json,https://raw.githubusercontent.com/jygameclub/testdataapi/main/mahjong2date/0525_0523,普通中奖,4.00,0.10,2,1,3,3,3,0,0,否,否,是,1,0,693450,693453,2631779685195223,9478662.0,9478626.0,2段连消/续转 / 金色符号/百搭转换
连消/掉落,790.json,790,75,金色/百搭,https://fish-games.s3.amazonaws.com/MahjongWays2/index.html?env=ceshislot.osshaiwai.com&hasFloat=0&token=436475c81b51e6893c740657870f86b7&language=en&debug=1&debugDataPath=https://raw.githubusercontent.com/jygameclub/testdataapi/main/mahjong2date/0525_0523&debugStart=790,https://raw.githubusercontent.com/jygameclub/testdataapi/main/mahjong2date/0525_0523/790.json,https://raw.githubusercontent.com/jygameclub/testdataapi/main/mahjong2date/0525_0523,普通中奖,4.00,0.10,2,1,4,4,4,0,0,否,否,是,1,1,694553,694562,2771779685375672,9478058.0,9478022.0,2段连消/续转 / 金色符号/百搭转换
连消/掉落,794.json,794,75,金色/百搭,https://fish-games.s3.amazonaws.com/MahjongWays2/index.html?env=ceshislot.osshaiwai.com&hasFloat=0&token=436475c81b51e6893c740657870f86b7&language=en&debug=1&debugDataPath=https://raw.githubusercontent.com/jygameclub/testdataapi/main/mahjong2date/0525_0523&debugStart=794,https://raw.githubusercontent.com/jygameclub/testdataapi/main/mahjong2date/0525_0523/794.json,https://raw.githubusercontent.com/jygameclub/testdataapi/main/mahjong2date/0525_0523,普通中奖,4.00,0.10,2,1,4,4,4,0,0,否,否,是,1,0,694648,694651,2071779685390238,9477954.0,9477918.0,2段连消/续转 / 金色符号/百搭转换
连消/掉落,796.json,796,75,金色/百搭,https://fish-games.s3.amazonaws.com/MahjongWays2/index.html?env=ceshislot.osshaiwai.com&hasFloat=0&token=436475c81b51e6893c740657870f86b7&language=en&debug=1&debugDataPath=https://raw.githubusercontent.com/jygameclub/testdataapi/main/mahjong2date/0525_0523&debugStart=796,https://raw.githubusercontent.com/jygameclub/testdataapi/main/mahjong2date/0525_0523/796.json,https://raw.githubusercontent.com/jygameclub/testdataapi/main/mahjong2date/0525_0523,普通中奖,4.00,0.10,2,1,4,4,4,0,0,否,否,是,1,1,694675,694685,4251779685394305,9477878.0,9477842.0,2段连消/续转 / 金色符号/百搭转换
连消/掉落,834.json,834,75,金色/百搭,https://fish-games.s3.amazonaws.com/MahjongWays2/index.html?env=ceshislot.osshaiwai.com&hasFloat=0&token=436475c81b51e6893c740657870f86b7&language=en&debug=1&debugDataPath=https://raw.githubusercontent.com/jygameclub/testdataapi/main/mahjong2date/0525_0523&debugStart=834,https://raw.githubusercontent.com/jygameclub/testdataapi/main/mahjong2date/0525_0523/834.json,https://raw.githubusercontent.com/jygameclub/testdataapi/main/mahjong2date/0525_0523,普通中奖,4.00,0.10,2,1,3,4,4,1,1,否,否,是,1,0,695236,695239,9631779685476637,9477370.0,9477334.0,2段连消/续转 / 金色符号/百搭转换
连消/掉落,851.json,851,75,金色/百搭,https://fish-games.s3.amazonaws.com/MahjongWays2/index.html?env=ceshislot.osshaiwai.com&hasFloat=0&token=436475c81b51e6893c740657870f86b7&language=en&debug=1&debugDataPath=https://raw.githubusercontent.com/jygameclub/testdataapi/main/mahjong2date/0525_0523&debugStart=851,https://raw.githubusercontent.com/jygameclub/testdataapi/main/mahjong2date/0525_0523/851.json,https://raw.githubusercontent.com/jygameclub/testdataapi/main/mahjong2date/0525_0523,普通中奖,4.00,0.10,2,1,4,4,4,0,0,否,否,是,1,1,695466,695475,6911779685511070,9477014.0,9476978.0,2段连消/续转 / 金色符号/百搭转换
连消/掉落,910.json,910,75,金色/百搭,https://fish-games.s3.amazonaws.com/MahjongWays2/index.html?env=ceshislot.osshaiwai.com&hasFloat=0&token=436475c81b51e6893c740657870f86b7&language=en&debug=1&debugDataPath=https://raw.githubusercontent.com/jygameclub/testdataapi/main/mahjong2date/0525_0523&debugStart=910,https://raw.githubusercontent.com/jygameclub/testdataapi/main/mahjong2date/0525_0523/910.json,https://raw.githubusercontent.com/jygameclub/testdataapi/main/mahjong2date/0525_0523,普通中奖,4.00,0.10,2,1,4,4,4,0,0,否,否,是,1,0,696241,696244,8061779685625020,9475896.0,9475860.0,2段连消/续转 / 金色符号/百搭转换
连消/掉落,915.json,915,75,金色/百搭,https://fish-games.s3.amazonaws.com/MahjongWays2/index.html?env=ceshislot.osshaiwai.com&hasFloat=0&token=436475c81b51e6893c740657870f86b7&language=en&debug=1&debugDataPath=https://raw.githubusercontent.com/jygameclub/testdataapi/main/mahjong2date/0525_0523&debugStart=915,https://raw.githubusercontent.com/jygameclub/testdataapi/main/mahjong2date/0525_0523/915.json,https://raw.githubusercontent.com/jygameclub/testdataapi/main/mahjong2date/0525_0523,普通中奖,4.00,0.10,2,1,4,4,4,0,0,否,否,是,1,1,696294,696295,9761779685633820,9475780.0,9475744.0,2段连消/续转 / 金色符号/百搭转换
连消/掉落,933.json,933,75,金色/百搭,https://fish-games.s3.amazonaws.com/MahjongWays2/index.html?env=ceshislot.osshaiwai.com&hasFloat=0&token=436475c81b51e6893c740657870f86b7&language=en&debug=1&debugDataPath=https://raw.githubusercontent.com/jygameclub/testdataapi/main/mahjong2date/0525_0523&debugStart=933,https://raw.githubusercontent.com/jygameclub/testdataapi/main/mahjong2date/0525_0523/933.json,https://raw.githubusercontent.com/jygameclub/testdataapi/main/mahjong2date/0525_0523,普通中奖,4.00,0.10,2,1,4,4,4,0,0,否,否,是,1,0,696334,696335,2531779685662803,9475128.0,9475092.0,2段连消/续转 / 金色符号/百搭转换
连消/掉落,961.json,961,75,金色/百搭,https://fish-games.s3.amazonaws.com/MahjongWays2/index.html?env=ceshislot.osshaiwai.com&hasFloat=0&token=436475c81b51e6893c740657870f86b7&language=en&debug=1&debugDataPath=https://raw.githubusercontent.com/jygameclub/testdataapi/main/mahjong2date/0525_0523&debugStart=961,https://raw.githubusercontent.com/jygameclub/testdataapi/main/mahjong2date/0525_0523/961.json,https://raw.githubusercontent.com/jygameclub/testdataapi/main/mahjong2date/0525_0523,普通中奖,4.00,0.10,2,1,4,4,4,0,0,否,否,是,1,1,696476,696478,3511779685853236,9478232.0,9478196.0,2段连消/续转 / 金色符号/百搭转换
连消/掉落,994.json,994,75,金色/百搭,https://fish-games.s3.amazonaws.com/MahjongWays2/index.html?env=ceshislot.osshaiwai.com&hasFloat=0&token=436475c81b51e6893c740657870f86b7&language=en&debug=1&debugDataPath=https://raw.githubusercontent.com/jygameclub/testdataapi/main/mahjong2date/0525_0523&debugStart=994,https://raw.githubusercontent.com/jygameclub/testdataapi/main/mahjong2date/0525_0523/994.json,https://raw.githubusercontent.com/jygameclub/testdataapi/main/mahjong2date/0525_0523,普通中奖,4.00,0.10,2,1,4,4,4,0,0,否,否,是,1,0,696666,696667,9841779686136268,9478160.0,9478124.0,2段连消/续转 / 金色符号/百搭转换
连消/掉落,064.json,64,75,金色/百搭,https://fish-games.s3.amazonaws.com/MahjongWays2/index.html?env=ceshislot.osshaiwai.com&hasFloat=0&token=436475c81b51e6893c740657870f86b7&language=en&debug=1&debugDataPath=https://raw.githubusercontent.com/jygameclub/testdataapi/main/mahjong2date/0525_0523&debugStart=64,https://raw.githubusercontent.com/jygameclub/testdataapi/main/mahjong2date/0525_0523/064.json,https://raw.githubusercontent.com/jygameclub/testdataapi/main/mahjong2date/0525_0523,普通中奖,2.00,0.05,2,1,3,3,3,0,0,否,否,是,1,0,684040,684042,6931779682672943,9484048.0,9484010.0,2段连消/续转 / 金色符号/百搭转换
连消/掉落,092.json,92,75,金色/百搭,https://fish-games.s3.amazonaws.com/MahjongWays2/index.html?env=ceshislot.osshaiwai.com&hasFloat=0&token=436475c81b51e6893c740657870f86b7&language=en&debug=1&debugDataPath=https://raw.githubusercontent.com/jygameclub/testdataapi/main/mahjong2date/0525_0523&debugStart=92,https://raw.githubusercontent.com/jygameclub/testdataapi/main/mahjong2date/0525_0523/092.json,https://raw.githubusercontent.com/jygameclub/testdataapi/main/mahjong2date/0525_0523,普通中奖,2.00,0.05,2,1,3,3,3,0,0,否,否,是,1,1,684116,684117,6781779682749192,9483798.0,9483760.0,2段连消/续转 / 金色符号/百搭转换
连消/掉落,099.json,99,75,金色/百搭,https://fish-games.s3.amazonaws.com/MahjongWays2/index.html?env=ceshislot.osshaiwai.com&hasFloat=0&token=436475c81b51e6893c740657870f86b7&language=en&debug=1&debugDataPath=https://raw.githubusercontent.com/jygameclub/testdataapi/main/mahjong2date/0525_0523&debugStart=99,https://raw.githubusercontent.com/jygameclub/testdataapi/main/mahjong2date/0525_0523/099.json,https://raw.githubusercontent.com/jygameclub/testdataapi/main/mahjong2date/0525_0523,普通中奖,2.00,0.05,2,1,3,3,3,0,0,否,否,是,1,0,684130,684131,8421779682764709,9483600.0,9483562.0,2段连消/续转 / 金色符号/百搭转换
连消/掉落,101.json,101,75,金色/百搭,https://fish-games.s3.amazonaws.com/MahjongWays2/index.html?env=ceshislot.osshaiwai.com&hasFloat=0&token=436475c81b51e6893c740657870f86b7&language=en&debug=1&debugDataPath=https://raw.githubusercontent.com/jygameclub/testdataapi/main/mahjong2date/0525_0523&debugStart=101,https://raw.githubusercontent.com/jygameclub/testdataapi/main/mahjong2date/0525_0523/101.json,https://raw.githubusercontent.com/jygameclub/testdataapi/main/mahjong2date/0525_0523,普通中奖,2.00,0.05,2,1,3,3,3,0,0,否,否,是,1,2,684133,684134,2211779682768892,9483522.0,9483484.0,2段连消/续转 / 金色符号/百搭转换
连消/掉落,214.json,214,75,金色/百搭,https://fish-games.s3.amazonaws.com/MahjongWays2/index.html?env=ceshislot.osshaiwai.com&hasFloat=0&token=436475c81b51e6893c740657870f86b7&language=en&debug=1&debugDataPath=https://raw.githubusercontent.com/jygameclub/testdataapi/main/mahjong2date/0525_0523&debugStart=214,https://raw.githubusercontent.com/jygameclub/testdataapi/main/mahjong2date/0525_0523/214.json,https://raw.githubusercontent.com/jygameclub/testdataapi/main/mahjong2date/0525_0523,普通中奖,2.00,0.05,2,1,3,3,3,0,0,否,否,是,1,0,684325,684326,1821779682974208,9480668.0,9480630.0,2段连消/续转 / 金色符号/百搭转换
连消/掉落,257.json,257,75,金色/百搭,https://fish-games.s3.amazonaws.com/MahjongWays2/index.html?env=ceshislot.osshaiwai.com&hasFloat=0&token=436475c81b51e6893c740657870f86b7&language=en&debug=1&debugDataPath=https://raw.githubusercontent.com/jygameclub/testdataapi/main/mahjong2date/0525_0523&debugStart=257,https://raw.githubusercontent.com/jygameclub/testdataapi/main/mahjong2date/0525_0523/257.json,https://raw.githubusercontent.com/jygameclub/testdataapi/main/mahjong2date/0525_0523,普通中奖,2.00,0.05,2,1,3,3,3,0,0,否,否,是,1,0,684405,684406,7671779683043791,9479186.0,9479148.0,2段连消/续转 / 金色符号/百搭转换
连消/掉落,296.json,296,75,金色/百搭,https://fish-games.s3.amazonaws.com/MahjongWays2/index.html?env=ceshislot.osshaiwai.com&hasFloat=0&token=436475c81b51e6893c740657870f86b7&language=en&debug=1&debugDataPath=https://raw.githubusercontent.com/jygameclub/testdataapi/main/mahjong2date/0525_0523&debugStart=296,https://raw.githubusercontent.com/jygameclub/testdataapi/main/mahjong2date/0525_0523/296.json,https://raw.githubusercontent.com/jygameclub/testdataapi/main/mahjong2date/0525_0523,普通中奖,2.00,0.05,2,1,3,3,3,0,0,否,否,是,1,1,684474,684475,8421779683106723,9477934.0,9477896.0,2段连消/续转 / 金色符号/百搭转换
连消/掉落,361.json,361,75,金色/百搭,https://fish-games.s3.amazonaws.com/MahjongWays2/index.html?env=ceshislot.osshaiwai.com&hasFloat=0&token=436475c81b51e6893c740657870f86b7&language=en&debug=1&debugDataPath=https://raw.githubusercontent.com/jygameclub/testdataapi/main/mahjong2date/0525_0523&debugStart=361,https://raw.githubusercontent.com/jygameclub/testdataapi/main/mahjong2date/0525_0523/361.json,https://raw.githubusercontent.com/jygameclub/testdataapi/main/mahjong2date/0525_0523,普通中奖,2.00,0.05,2,1,3,3,3,0,0,否,否,是,1,0,684673,684674,3181779683530024,9477358.0,9477320.0,2段连消/续转 / 金色符号/百搭转换
连消/掉落,460.json,460,75,金色/百搭,https://fish-games.s3.amazonaws.com/MahjongWays2/index.html?env=ceshislot.osshaiwai.com&hasFloat=0&token=436475c81b51e6893c740657870f86b7&language=en&debug=1&debugDataPath=https://raw.githubusercontent.com/jygameclub/testdataapi/main/mahjong2date/0525_0523&debugStart=460,https://raw.githubusercontent.com/jygameclub/testdataapi/main/mahjong2date/0525_0523/460.json,https://raw.githubusercontent.com/jygameclub/testdataapi/main/mahjong2date/0525_0523,普通中奖,2.00,0.05,2,1,3,3,3,0,0,否,否,是,1,0,686365,686368,9211779684003971,9478398.0,9478360.0,2段连消/续转 / 金色符号/百搭转换
连消/掉落,495.json,495,75,金色/百搭,https://fish-games.s3.amazonaws.com/MahjongWays2/index.html?env=ceshislot.osshaiwai.com&hasFloat=0&token=436475c81b51e6893c740657870f86b7&language=en&debug=1&debugDataPath=https://raw.githubusercontent.com/jygameclub/testdataapi/main/mahjong2date/0525_0523&debugStart=495,https://raw.githubusercontent.com/jygameclub/testdataapi/main/mahjong2date/0525_0523/495.json,https://raw.githubusercontent.com/jygameclub/testdataapi/main/mahjong2date/0525_0523,普通中奖,2.00,0.05,2,1,3,3,3,0,0,否,否,是,1,1,686762,686772,3121779684064720,9477312.0,9477274.0,2段连消/续转 / 金色符号/百搭转换
连消/掉落,506.json,506,75,金色/百搭,https://fish-games.s3.amazonaws.com/MahjongWays2/index.html?env=ceshislot.osshaiwai.com&hasFloat=0&token=436475c81b51e6893c740657870f86b7&language=en&debug=1&debugDataPath=https://raw.githubusercontent.com/jygameclub/testdataapi/main/mahjong2date/0525_0523&debugStart=506,https://raw.githubusercontent.com/jygameclub/testdataapi/main/mahjong2date/0525_0523/506.json,https://raw.githubusercontent.com/jygameclub/testdataapi/main/mahjong2date/0525_0523,普通中奖,2.00,0.05,2,1,3,3,3,0,0,否,否,是,1,0,687367,687370,9141779684165303,9476982.0,9476944.0,2段连消/续转 / 金色符号/百搭转换
连消/掉落,757.json,757,75,金色/百搭,https://fish-games.s3.amazonaws.com/MahjongWays2/index.html?env=ceshislot.osshaiwai.com&hasFloat=0&token=436475c81b51e6893c740657870f86b7&language=en&debug=1&debugDataPath=https://raw.githubusercontent.com/jygameclub/testdataapi/main/mahjong2date/0525_0523&debugStart=757,https://raw.githubusercontent.com/jygameclub/testdataapi/main/mahjong2date/0525_0523/757.json,https://raw.githubusercontent.com/jygameclub/testdataapi/main/mahjong2date/0525_0523,普通中奖,2.00,0.05,2,1,3,3,3,0,0,否,否,是,1,1,693590,693598,9681779685218006,9478410.0,9478372.0,2段连消/续转 / 金色符号/百搭转换
连消/掉落,835.json,835,75,金色/百搭,https://fish-games.s3.amazonaws.com/MahjongWays2/index.html?env=ceshislot.osshaiwai.com&hasFloat=0&token=436475c81b51e6893c740657870f86b7&language=en&debug=1&debugDataPath=https://raw.githubusercontent.com/jygameclub/testdataapi/main/mahjong2date/0525_0523&debugStart=835,https://raw.githubusercontent.com/jygameclub/testdataapi/main/mahjong2date/0525_0523/835.json,https://raw.githubusercontent.com/jygameclub/testdataapi/main/mahjong2date/0525_0523,普通中奖,2.00,0.05,2,1,3,3,3,0,0,否,否,是,1,0,695253,695257,9301779685479304,9477334.0,9477296.0,2段连消/续转 / 金色符号/百搭转换
连消/掉落,943.json,943,75,金色/百搭,https://fish-games.s3.amazonaws.com/MahjongWays2/index.html?env=ceshislot.osshaiwai.com&hasFloat=0&token=436475c81b51e6893c740657870f86b7&language=en&debug=1&debugDataPath=https://raw.githubusercontent.com/jygameclub/testdataapi/main/mahjong2date/0525_0523&debugStart=943,https://raw.githubusercontent.com/jygameclub/testdataapi/main/mahjong2date/0525_0523/943.json,https://raw.githubusercontent.com/jygameclub/testdataapi/main/mahjong2date/0525_0523,普通中奖,2.00,0.05,2,1,2,3,3,1,1,否,否,是,1,0,696356,696358,2591779685690703,9475662.0,9475624.0,2段连消/续转 / 金色符号/百搭转换
